ISO-10303-21;
HEADER;
/*Generated by software containing ST-Developer
 * from STEP Tools, Inc. (www.steptools.com) 
 */
/*OPTION: using custom renumber hook */
/*description */
/*implementation_level */
FILE_DESCRIPTION(('STEP AP242 Edition 2','STEP AP242 Edition 2''CAx-IF Rec.Pracs.---Representation and Presentation of Product Manufa
cturing Information (PMI)---4.0---2014-10-13','STEP AP242 Edition 2''CAx-IF Rec.Pracs.---Representation and Presentation of Product Manufa
cturing Information (PMI)---4.0---2014-10-13''CAx-IF Rec.Pracs.---3D Tessellated Geometry---0.4---2014-09-14','STEP AP242 Edition 2''CAx-IF Rec.Pracs.---Representation and Presentation of Product Manufa
cturing Information (PMI)---4.0---2014-10-13''CAx-IF Rec.Pracs.---3D Tessellated Geometry---0.4---2014-09-14''2;1','STEP AP242 Edition 2''CAx-IF Rec.Pracs.---Representation and Presentation of Product Manufa
cturing Information (PMI)---4.0---2014-10-13''CAx-IF Rec.Pracs.---3D Tessellated Geometry---0.4---2014-09-14''2;1''CAx-IF Rec.Pracs.---User Defined Attributes---1.5---2016-08-15'),'2;1');
/*name */
/*time_stamp */
/*author */
/*organization */
/*preprocessor_version */
/*originating_system */
/*authorisation */
FILE_NAME('/vol/tmp/translate-2517158757986854566/feet - hexagon_foot.step','2026-04-23T09:41:23',(''),(''),'ST-DEVELOPER v20','ONSHAPE BY PTC INC, 1.213','  ');
FILE_SCHEMA(('AP242_MANAGED_MODEL_BASED_3D_ENGINEERING_MIM_LF { 1 0 10303 442 3 1 4 }'));
ENDSEC;
DATA;
#10=SHAPE_REPRESENTATION_RELATIONSHIP('','',#546,#11);
#11=ADVANCED_BREP_SHAPE_REPRESENTATION('',(#544),#1051);
#12=(
B_SPLINE_SURFACE(3,2,((#948,#949,#950),(#951,#952,#953),(#954,#955,#956),(#957,#958,#959)),.UNSPECIFIED.,.F.,.F.,.F.)
B_SPLINE_SURFACE_WITH_KNOTS((4,4),(3,3),(0.00534799881400798,0.0105853139546099),(0.,1.),.PIECEWISE_BEZIER_KNOTS.)
BOUNDED_SURFACE()
GEOMETRIC_REPRESENTATION_ITEM()
RATIONAL_B_SPLINE_SURFACE(((1.,0.878126580377294,1.),(1.,0.874202224914221,
1.),(1.,0.868909296046365,1.),(1.,0.864517279491684,1.)))
REPRESENTATION_ITEM('')
SURFACE()
);
#13=(
B_SPLINE_SURFACE(3,2,((#966,#967,#968),(#969,#970,#971),(#972,#973,#974),(#975,#976,#977)),.UNSPECIFIED.,.F.,.F.,.F.)
B_SPLINE_SURFACE_WITH_KNOTS((4,4),(3,3),(0.00534799881400797,0.0105853139546099),(0.,1.),.PIECEWISE_BEZIER_KNOTS.)
BOUNDED_SURFACE()
GEOMETRIC_REPRESENTATION_ITEM()
RATIONAL_B_SPLINE_SURFACE(((1.,0.878126580377294,1.),(1.,0.87420222491267,
1.),(1.,0.868909296045784,1.),(1.,0.864517279491685,1.)))
REPRESENTATION_ITEM('')
SURFACE()
);
#14=(
B_SPLINE_SURFACE(3,2,((#984,#985,#986),(#987,#988,#989),(#990,#991,#992),(#993,#994,#995)),.UNSPECIFIED.,.F.,.F.,.F.)
B_SPLINE_SURFACE_WITH_KNOTS((4,4),(3,3),(0.00534799881400796,0.0105853139546099),(0.,1.),.PIECEWISE_BEZIER_KNOTS.)
BOUNDED_SURFACE()
GEOMETRIC_REPRESENTATION_ITEM()
RATIONAL_B_SPLINE_SURFACE(((1.,0.878126580377295,1.),(1.,0.874202224911411,
1.),(1.,0.868909296047238,1.),(1.,0.864517279491685,1.)))
REPRESENTATION_ITEM('')
SURFACE()
);
#15=(
B_SPLINE_SURFACE(3,2,((#996,#997,#998),(#999,#1000,#1001),(#1002,#1003,
#1004),(#1005,#1006,#1007)),.UNSPECIFIED.,.F.,.F.,.F.)
B_SPLINE_SURFACE_WITH_KNOTS((4,4),(3,3),(0.00534799881400798,0.0105853139546099),(0.,1.),.PIECEWISE_BEZIER_KNOTS.)
BOUNDED_SURFACE()
GEOMETRIC_REPRESENTATION_ITEM()
RATIONAL_B_SPLINE_SURFACE(((1.,0.878126580377294,1.),(1.,0.874202224912573,
1.),(1.,0.868909296046656,1.),(1.,0.864517279491685,1.)))
REPRESENTATION_ITEM('')
SURFACE()
);
#16=(
B_SPLINE_SURFACE(3,2,((#1020,#1021,#1022),(#1023,#1024,#1025),(#1026,#1027,
#1028),(#1029,#1030,#1031)),.UNSPECIFIED.,.F.,.F.,.F.)
B_SPLINE_SURFACE_WITH_KNOTS((4,4),(3,3),(0.00534799881400798,0.0105853139546099),(0.,1.),.PIECEWISE_BEZIER_KNOTS.)
BOUNDED_SURFACE()
GEOMETRIC_REPRESENTATION_ITEM()
RATIONAL_B_SPLINE_SURFACE(((1.,0.878126580377294,1.),(1.,0.874202224911798,
1.),(1.,0.868909296045687,1.),(1.,0.864517279491685,1.)))
REPRESENTATION_ITEM('')
SURFACE()
);
#17=(
B_SPLINE_SURFACE(3,2,((#1038,#1039,#1040),(#1041,#1042,#1043),(#1044,#1045,
#1046),(#1047,#1048,#1049)),.UNSPECIFIED.,.F.,.F.,.F.)
B_SPLINE_SURFACE_WITH_KNOTS((4,4),(3,3),(0.00534799881400797,0.0105853139546099),(0.,1.),.PIECEWISE_BEZIER_KNOTS.)
BOUNDED_SURFACE()
GEOMETRIC_REPRESENTATION_ITEM()
RATIONAL_B_SPLINE_SURFACE(((1.,0.878126580377295,1.),(1.,0.874202224911604,
1.),(1.,0.868909296046559,1.),(1.,0.864517279491685,1.)))
REPRESENTATION_ITEM('')
SURFACE()
);
#18=CONICAL_SURFACE('',#570,0.00385,0.785398163397448);
#19=CYLINDRICAL_SURFACE('',#564,0.0016);
#20=CYLINDRICAL_SURFACE('',#568,0.00325);
#21=CYLINDRICAL_SURFACE('',#571,0.001);
#22=CYLINDRICAL_SURFACE('',#572,0.001);
#23=CYLINDRICAL_SURFACE('',#573,0.001);
#24=CYLINDRICAL_SURFACE('',#574,0.001);
#25=CYLINDRICAL_SURFACE('',#575,0.001);
#26=CYLINDRICAL_SURFACE('',#576,0.001);
#27=B_SPLINE_SURFACE_WITH_KNOTS('',3,1,((#761,#762),(#763,#764),(#765,#766),(#767,#768)),.RULED_SURF.,.F.,.F.,.F.,(4,4),(2,2),(0.0752813323438565,0.913622032010423),(0.,1.),.PIECEWISE_BEZIER_KNOTS.);
#28=B_SPLINE_SURFACE_WITH_KNOTS('',3,1,((#785,#786),(#787,#788),(#789,#790),(#791,#792)),.RULED_SURF.,.F.,.F.,.F.,(4,4),(2,2),(0.0752813323438566,0.913622032010423),(0.,1.),.PIECEWISE_BEZIER_KNOTS.);
#29=B_SPLINE_SURFACE_WITH_KNOTS('',3,1,((#809,#810),(#811,#812),(#813,#814),(#815,#816)),.RULED_SURF.,.F.,.F.,.F.,(4,4),(2,2),(0.0752813323438579,0.913622032010424),(0.,1.),.PIECEWISE_BEZIER_KNOTS.);
#30=B_SPLINE_SURFACE_WITH_KNOTS('',3,1,((#833,#834),(#835,#836),(#837,#838),(#839,#840)),.RULED_SURF.,.F.,.F.,.F.,(4,4),(2,2),(0.075281332343858,0.913622032010424),(0.,1.),.PIECEWISE_BEZIER_KNOTS.);
#31=B_SPLINE_SURFACE_WITH_KNOTS('',3,1,((#857,#858),(#859,#860),(#861,#862),(#863,#864)),.RULED_SURF.,.F.,.F.,.F.,(4,4),(2,2),(0.0752813323438578,0.913622032010424),(0.,1.),.PIECEWISE_BEZIER_KNOTS.);
#32=B_SPLINE_SURFACE_WITH_KNOTS('',3,1,((#881,#882),(#883,#884),(#885,#886),(#887,#888)),.RULED_SURF.,.F.,.F.,.F.,(4,4),(2,2),(0.0752813323438575,0.913622032010424),(0.,1.),.PIECEWISE_BEZIER_KNOTS.);
#33=CIRCLE('',#555,0.0016);
#34=CIRCLE('',#556,0.001);
#35=CIRCLE('',#557,0.001);
#36=CIRCLE('',#558,0.001);
#37=CIRCLE('',#559,0.001);
#38=CIRCLE('',#560,0.001);
#39=CIRCLE('',#561,0.001);
#40=CIRCLE('',#563,0.00385);
#41=CIRCLE('',#565,0.0016);
#42=CIRCLE('',#567,0.00325);
#43=CIRCLE('',#569,0.00325);
#44=B_SPLINE_CURVE_WITH_KNOTS('',3,(#672,#673,#674,#675),.UNSPECIFIED.,.F.,.F.,(4,4),(9.95099786033156E-18,6.24339771248591E-05),.UNSPECIFIED.);
#45=B_SPLINE_CURVE_WITH_KNOTS('',3,(#686,#687,#688,#689),.UNSPECIFIED.,.F.,.F.,(4,4),(8.72110523380829E-18,6.24339771248597E-05),.UNSPECIFIED.);
#46=B_SPLINE_CURVE_WITH_KNOTS('',3,(#706,#707,#708,#709),.UNSPECIFIED.,.F.,.F.,(4,4),(1.02637621779158E-17,6.24339771248601E-05),.UNSPECIFIED.);
#47=B_SPLINE_CURVE_WITH_KNOTS('',3,(#720,#721,#722,#723),.UNSPECIFIED.,.F.,.F.,(4,4),(1.60079101754066E-17,6.24339771248509E-05),.UNSPECIFIED.);
#48=B_SPLINE_CURVE_WITH_KNOTS('',3,(#734,#735,#736,#737),.UNSPECIFIED.,.F.,.F.,(4,4),(9.59434279178936E-18,6.24339771248535E-05),.UNSPECIFIED.);
#49=B_SPLINE_CURVE_WITH_KNOTS('',3,(#748,#749,#750,#751),.UNSPECIFIED.,.F.,.F.,(4,4),(1.11225310274276E-17,6.24339771248598E-05),.UNSPECIFIED.);
#50=B_SPLINE_CURVE_WITH_KNOTS('',3,(#769,#770,#771,#772),.UNSPECIFIED.,.F.,.F.,(4,4),(0.,0.0048266016744967),.UNSPECIFIED.);
#51=B_SPLINE_CURVE_WITH_KNOTS('',3,(#776,#777,#778,#779),.UNSPECIFIED.,.F.,.F.,(4,4),(0.,0.0046710946194516),.UNSPECIFIED.);
#52=B_SPLINE_CURVE_WITH_KNOTS('',3,(#781,#782,#783,#784),.UNSPECIFIED.,.F.,.F.,(4,4),(2.16861429651085E-19,1.56342208238638E-05),.UNSPECIFIED.);
#53=B_SPLINE_CURVE_WITH_KNOTS('',3,(#793,#794,#795,#796),.UNSPECIFIED.,.F.,.F.,(4,4),(0.,0.0046710946194516),.UNSPECIFIED.);
#54=B_SPLINE_CURVE_WITH_KNOTS('',3,(#799,#800,#801,#802),.UNSPECIFIED.,.F.,.F.,(4,4),(9.69874317753139E-19,1.56342208238686E-05),.UNSPECIFIED.);
#55=B_SPLINE_CURVE_WITH_KNOTS('',3,(#803,#804,#805,#806),.UNSPECIFIED.,.F.,.F.,(4,4),(0.,0.0048266016744967),.UNSPECIFIED.);
#56=B_SPLINE_CURVE_WITH_KNOTS('',3,(#820,#821,#822,#823),.UNSPECIFIED.,.F.,.F.,(4,4),(0.,0.0046710946194516),.UNSPECIFIED.);
#57=B_SPLINE_CURVE_WITH_KNOTS('',3,(#825,#826,#827,#828),.UNSPECIFIED.,.F.,.F.,(4,4),(4.33715147167334E-19,1.5634220823854E-05),.UNSPECIFIED.);
#58=B_SPLINE_CURVE_WITH_KNOTS('',3,(#829,#830,#831,#832),.UNSPECIFIED.,.F.,.F.,(4,4),(0.,0.0048266016744967),.UNSPECIFIED.);
#59=B_SPLINE_CURVE_WITH_KNOTS('',3,(#844,#845,#846,#847),.UNSPECIFIED.,.F.,.F.,(4,4),(0.,0.00467109461945159),.UNSPECIFIED.);
#60=B_SPLINE_CURVE_WITH_KNOTS('',3,(#849,#850,#851,#852),.UNSPECIFIED.,.F.,.F.,(4,4),(5.42158471445374E-19,1.56342208238582E-05),.UNSPECIFIED.);
#61=B_SPLINE_CURVE_WITH_KNOTS('',3,(#853,#854,#855,#856),.UNSPECIFIED.,.F.,.F.,(4,4),(0.,0.0048266016744967),.UNSPECIFIED.);
#62=B_SPLINE_CURVE_WITH_KNOTS('',3,(#868,#869,#870,#871),.UNSPECIFIED.,.F.,.F.,(4,4),(0.,0.0046710946194516),.UNSPECIFIED.);
#63=B_SPLINE_CURVE_WITH_KNOTS('',3,(#873,#874,#875,#876),.UNSPECIFIED.,.F.,.F.,(4,4),(1.93965221435242E-18,1.56342208238566E-05),.UNSPECIFIED.);
#64=B_SPLINE_CURVE_WITH_KNOTS('',3,(#877,#878,#879,#880),.UNSPECIFIED.,.F.,.F.,(4,4),(0.,0.0048266016744967),.UNSPECIFIED.);
#65=B_SPLINE_CURVE_WITH_KNOTS('',3,(#889,#890,#891,#892),.UNSPECIFIED.,.F.,.F.,(4,4),(0.,0.0048266016744967),.UNSPECIFIED.);
#66=B_SPLINE_CURVE_WITH_KNOTS('',3,(#896,#897,#898,#899),.UNSPECIFIED.,.F.,.F.,(4,4),(0.,0.00467109461945159),.UNSPECIFIED.);
#67=B_SPLINE_CURVE_WITH_KNOTS('',3,(#901,#902,#903,#904),.UNSPECIFIED.,.F.,.F.,(4,4),(4.33709115807548E-19,1.56342208238579E-05),.UNSPECIFIED.);
#68=B_SPLINE_CURVE_WITH_KNOTS('',3,(#908,#909,#910,#911),.UNSPECIFIED.,.F.,.F.,(4,4),(2.16840434497101E-19,0.0011864525275101),.UNSPECIFIED.);
#69=B_SPLINE_CURVE_WITH_KNOTS('',3,(#912,#913,#914,#915),.UNSPECIFIED.,.F.,.F.,(4,4),(4.33680868994202E-19,0.00118645252751009),.UNSPECIFIED.);
#70=B_SPLINE_CURVE_WITH_KNOTS('',3,(#916,#917,#918,#919),.UNSPECIFIED.,.F.,.F.,(4,4),(0.,0.0011864525275101),.UNSPECIFIED.);
#71=B_SPLINE_CURVE_WITH_KNOTS('',3,(#920,#921,#922,#923),.UNSPECIFIED.,.F.,.F.,(4,4),(0.,0.0011864525275101),.UNSPECIFIED.);
#72=B_SPLINE_CURVE_WITH_KNOTS('',3,(#924,#925,#926,#927),.UNSPECIFIED.,.F.,.F.,(4,4),(0.,0.0011864525275101),.UNSPECIFIED.);
#73=B_SPLINE_CURVE_WITH_KNOTS('',3,(#928,#929,#930,#931),.UNSPECIFIED.,.F.,.F.,(4,4),(5.07610442859724E-18,0.0011864525275101),.UNSPECIFIED.);
#74=B_SPLINE_CURVE_WITH_KNOTS('',3,(#943,#944,#945,#946,#947),.UNSPECIFIED.,.F.,.F.,(4,1,4),(8.20563167652603E-22,0.000513241856679534,0.00102648371335907),.UNSPECIFIED.);
#75=B_SPLINE_CURVE_WITH_KNOTS('',3,(#961,#962,#963,#964,#965),.UNSPECIFIED.,.F.,.F.,(4,1,4),(5.42155431869862E-20,0.000513241856679431,0.00102648371335886),.UNSPECIFIED.);
#76=B_SPLINE_CURVE_WITH_KNOTS('',3,(#979,#980,#981,#982,#983),.UNSPECIFIED.,.F.,.F.,(4,1,4),(5.27620563569518E-18,0.000513241856679434,0.00102648371335886),.UNSPECIFIED.);
#77=B_SPLINE_CURVE_WITH_KNOTS('',3,(#1008,#1009,#1010,#1011,#1012),.UNSPECIFIED.,.F.,.F.,(4,1,4),(1.49929429738176E-17,0.000513088513062194,0.00102617702612437),.UNSPECIFIED.);
#78=B_SPLINE_CURVE_WITH_KNOTS('',3,(#1015,#1016,#1017,#1018,#1019),.UNSPECIFIED.,.F.,.F.,(4,1,4),(6.50555230474937E-19,0.000513241856679431,0.00102648371335886),.UNSPECIFIED.);
#79=B_SPLINE_CURVE_WITH_KNOTS('',3,(#1033,#1034,#1035,#1036,#1037),.UNSPECIFIED.,.F.,.F.,(4,1,4),(1.6940658945086E-21,0.000513241856679431,0.00102648371335886),.UNSPECIFIED.);
#80=ORIENTED_EDGE('',*,*,#234,.T.);
#81=ORIENTED_EDGE('',*,*,#235,.T.);
#82=ORIENTED_EDGE('',*,*,#236,.F.);
#83=ORIENTED_EDGE('',*,*,#237,.T.);
#84=ORIENTED_EDGE('',*,*,#238,.T.);
#85=ORIENTED_EDGE('',*,*,#239,.T.);
#86=ORIENTED_EDGE('',*,*,#240,.T.);
#87=ORIENTED_EDGE('',*,*,#241,.F.);
#88=ORIENTED_EDGE('',*,*,#242,.T.);
#89=ORIENTED_EDGE('',*,*,#243,.T.);
#90=ORIENTED_EDGE('',*,*,#244,.F.);
#91=ORIENTED_EDGE('',*,*,#245,.T.);
#92=ORIENTED_EDGE('',*,*,#246,.T.);
#93=ORIENTED_EDGE('',*,*,#247,.T.);
#94=ORIENTED_EDGE('',*,*,#248,.T.);
#95=ORIENTED_EDGE('',*,*,#249,.F.);
#96=ORIENTED_EDGE('',*,*,#250,.T.);
#97=ORIENTED_EDGE('',*,*,#251,.T.);
#98=ORIENTED_EDGE('',*,*,#252,.T.);
#99=ORIENTED_EDGE('',*,*,#253,.T.);
#100=ORIENTED_EDGE('',*,*,#254,.F.);
#101=ORIENTED_EDGE('',*,*,#255,.T.);
#102=ORIENTED_EDGE('',*,*,#256,.T.);
#103=ORIENTED_EDGE('',*,*,#257,.T.);
#104=ORIENTED_EDGE('',*,*,#258,.T.);
#105=ORIENTED_EDGE('',*,*,#259,.F.);
#106=ORIENTED_EDGE('',*,*,#260,.T.);
#107=ORIENTED_EDGE('',*,*,#261,.T.);
#108=ORIENTED_EDGE('',*,*,#262,.T.);
#109=ORIENTED_EDGE('',*,*,#263,.T.);
#110=ORIENTED_EDGE('',*,*,#264,.F.);
#111=ORIENTED_EDGE('',*,*,#246,.F.);
#112=ORIENTED_EDGE('',*,*,#265,.T.);
#113=ORIENTED_EDGE('',*,*,#243,.F.);
#114=ORIENTED_EDGE('',*,*,#266,.T.);
#115=ORIENTED_EDGE('',*,*,#238,.F.);
#116=ORIENTED_EDGE('',*,*,#267,.T.);
#117=ORIENTED_EDGE('',*,*,#261,.F.);
#118=ORIENTED_EDGE('',*,*,#268,.T.);
#119=ORIENTED_EDGE('',*,*,#256,.F.);
#120=ORIENTED_EDGE('',*,*,#269,.T.);
#121=ORIENTED_EDGE('',*,*,#251,.F.);
#122=ORIENTED_EDGE('',*,*,#270,.T.);
#123=ORIENTED_EDGE('',*,*,#236,.T.);
#124=ORIENTED_EDGE('',*,*,#271,.T.);
#125=ORIENTED_EDGE('',*,*,#272,.F.);
#126=ORIENTED_EDGE('',*,*,#273,.T.);
#127=ORIENTED_EDGE('',*,*,#274,.T.);
#128=ORIENTED_EDGE('',*,*,#275,.T.);
#129=ORIENTED_EDGE('',*,*,#276,.T.);
#130=ORIENTED_EDGE('',*,*,#259,.T.);
#131=ORIENTED_EDGE('',*,*,#277,.T.);
#132=ORIENTED_EDGE('',*,*,#278,.F.);
#133=ORIENTED_EDGE('',*,*,#279,.F.);
#134=ORIENTED_EDGE('',*,*,#280,.T.);
#135=ORIENTED_EDGE('',*,*,#281,.T.);
#136=ORIENTED_EDGE('',*,*,#254,.T.);
#137=ORIENTED_EDGE('',*,*,#282,.T.);
#138=ORIENTED_EDGE('',*,*,#283,.F.);
#139=ORIENTED_EDGE('',*,*,#284,.T.);
#140=ORIENTED_EDGE('',*,*,#285,.T.);
#141=ORIENTED_EDGE('',*,*,#249,.T.);
#142=ORIENTED_EDGE('',*,*,#286,.T.);
#143=ORIENTED_EDGE('',*,*,#287,.F.);
#144=ORIENTED_EDGE('',*,*,#288,.T.);
#145=ORIENTED_EDGE('',*,*,#289,.T.);
#146=ORIENTED_EDGE('',*,*,#244,.T.);
#147=ORIENTED_EDGE('',*,*,#290,.T.);
#148=ORIENTED_EDGE('',*,*,#241,.T.);
#149=ORIENTED_EDGE('',*,*,#291,.T.);
#150=ORIENTED_EDGE('',*,*,#292,.F.);
#151=ORIENTED_EDGE('',*,*,#293,.T.);
#152=ORIENTED_EDGE('',*,*,#294,.T.);
#153=ORIENTED_EDGE('',*,*,#295,.T.);
#154=ORIENTED_EDGE('',*,*,#292,.T.);
#155=ORIENTED_EDGE('',*,*,#296,.T.);
#156=ORIENTED_EDGE('',*,*,#287,.T.);
#157=ORIENTED_EDGE('',*,*,#297,.T.);
#158=ORIENTED_EDGE('',*,*,#283,.T.);
#159=ORIENTED_EDGE('',*,*,#298,.T.);
#160=ORIENTED_EDGE('',*,*,#279,.T.);
#161=ORIENTED_EDGE('',*,*,#299,.T.);
#162=ORIENTED_EDGE('',*,*,#278,.T.);
#163=ORIENTED_EDGE('',*,*,#300,.T.);
#164=ORIENTED_EDGE('',*,*,#272,.T.);
#165=ORIENTED_EDGE('',*,*,#301,.T.);
#166=ORIENTED_EDGE('',*,*,#302,.F.);
#167=ORIENTED_EDGE('',*,*,#264,.T.);
#168=ORIENTED_EDGE('',*,*,#302,.T.);
#169=ORIENTED_EDGE('',*,*,#303,.F.);
#170=ORIENTED_EDGE('',*,*,#304,.T.);
#171=ORIENTED_EDGE('',*,*,#303,.T.);
#172=ORIENTED_EDGE('',*,*,#304,.F.);
#173=ORIENTED_EDGE('',*,*,#295,.F.);
#174=ORIENTED_EDGE('',*,*,#245,.F.);
#175=ORIENTED_EDGE('',*,*,#289,.F.);
#176=ORIENTED_EDGE('',*,*,#305,.F.);
#177=ORIENTED_EDGE('',*,*,#239,.F.);
#178=ORIENTED_EDGE('',*,*,#265,.F.);
#179=ORIENTED_EDGE('',*,*,#305,.T.);
#180=ORIENTED_EDGE('',*,*,#288,.F.);
#181=ORIENTED_EDGE('',*,*,#296,.F.);
#182=ORIENTED_EDGE('',*,*,#291,.F.);
#183=ORIENTED_EDGE('',*,*,#240,.F.);
#184=ORIENTED_EDGE('',*,*,#250,.F.);
#185=ORIENTED_EDGE('',*,*,#285,.F.);
#186=ORIENTED_EDGE('',*,*,#306,.F.);
#187=ORIENTED_EDGE('',*,*,#247,.F.);
#188=ORIENTED_EDGE('',*,*,#270,.F.);
#189=ORIENTED_EDGE('',*,*,#306,.T.);
#190=ORIENTED_EDGE('',*,*,#284,.F.);
#191=ORIENTED_EDGE('',*,*,#297,.F.);
#192=ORIENTED_EDGE('',*,*,#290,.F.);
#193=ORIENTED_EDGE('',*,*,#248,.F.);
#194=ORIENTED_EDGE('',*,*,#255,.F.);
#195=ORIENTED_EDGE('',*,*,#281,.F.);
#196=ORIENTED_EDGE('',*,*,#307,.F.);
#197=ORIENTED_EDGE('',*,*,#252,.F.);
#198=ORIENTED_EDGE('',*,*,#269,.F.);
#199=ORIENTED_EDGE('',*,*,#307,.T.);
#200=ORIENTED_EDGE('',*,*,#280,.F.);
#201=ORIENTED_EDGE('',*,*,#298,.F.);
#202=ORIENTED_EDGE('',*,*,#286,.F.);
#203=ORIENTED_EDGE('',*,*,#253,.F.);
#204=ORIENTED_EDGE('',*,*,#282,.F.);
#205=ORIENTED_EDGE('',*,*,#258,.F.);
#206=ORIENTED_EDGE('',*,*,#308,.F.);
#207=ORIENTED_EDGE('',*,*,#275,.F.);
#208=ORIENTED_EDGE('',*,*,#299,.F.);
#209=ORIENTED_EDGE('',*,*,#268,.F.);
#210=ORIENTED_EDGE('',*,*,#260,.F.);
#211=ORIENTED_EDGE('',*,*,#276,.F.);
#212=ORIENTED_EDGE('',*,*,#308,.T.);
#213=ORIENTED_EDGE('',*,*,#257,.F.);
#214=ORIENTED_EDGE('',*,*,#237,.F.);
#215=ORIENTED_EDGE('',*,*,#274,.F.);
#216=ORIENTED_EDGE('',*,*,#309,.F.);
#217=ORIENTED_EDGE('',*,*,#262,.F.);
#218=ORIENTED_EDGE('',*,*,#267,.F.);
#219=ORIENTED_EDGE('',*,*,#309,.T.);
#220=ORIENTED_EDGE('',*,*,#273,.F.);
#221=ORIENTED_EDGE('',*,*,#300,.F.);
#222=ORIENTED_EDGE('',*,*,#277,.F.);
#223=ORIENTED_EDGE('',*,*,#263,.F.);
#224=ORIENTED_EDGE('',*,*,#242,.F.);
#225=ORIENTED_EDGE('',*,*,#294,.F.);
#226=ORIENTED_EDGE('',*,*,#310,.F.);
#227=ORIENTED_EDGE('',*,*,#234,.F.);
#228=ORIENTED_EDGE('',*,*,#266,.F.);
#229=ORIENTED_EDGE('',*,*,#310,.T.);
#230=ORIENTED_EDGE('',*,*,#293,.F.);
#231=ORIENTED_EDGE('',*,*,#301,.F.);
#232=ORIENTED_EDGE('',*,*,#271,.F.);
#233=ORIENTED_EDGE('',*,*,#235,.F.);
#234=EDGE_CURVE('',#311,#312,#364,.T.);
#235=EDGE_CURVE('',#312,#313,#44,.T.);
#236=EDGE_CURVE('',#314,#313,#365,.T.);
#237=EDGE_CURVE('',#314,#315,#366,.F.);
#238=EDGE_CURVE('',#315,#311,#367,.T.);
#239=EDGE_CURVE('',#316,#317,#368,.T.);
#240=EDGE_CURVE('',#317,#318,#45,.T.);
#241=EDGE_CURVE('',#319,#318,#369,.T.);
#242=EDGE_CURVE('',#319,#320,#370,.F.);
#243=EDGE_CURVE('',#320,#316,#371,.T.);
#244=EDGE_CURVE('',#321,#322,#372,.T.);
#245=EDGE_CURVE('',#321,#323,#373,.F.);
#246=EDGE_CURVE('',#323,#324,#374,.T.);
#247=EDGE_CURVE('',#324,#325,#375,.T.);
#248=EDGE_CURVE('',#325,#322,#46,.T.);
#249=EDGE_CURVE('',#326,#327,#376,.T.);
#250=EDGE_CURVE('',#326,#328,#377,.F.);
#251=EDGE_CURVE('',#328,#329,#378,.T.);
#252=EDGE_CURVE('',#329,#330,#379,.T.);
#253=EDGE_CURVE('',#330,#327,#47,.T.);
#254=EDGE_CURVE('',#331,#332,#380,.T.);
#255=EDGE_CURVE('',#331,#333,#381,.F.);
#256=EDGE_CURVE('',#333,#334,#382,.T.);
#257=EDGE_CURVE('',#334,#335,#383,.T.);
#258=EDGE_CURVE('',#335,#332,#48,.T.);
#259=EDGE_CURVE('',#336,#337,#384,.T.);
#260=EDGE_CURVE('',#336,#338,#385,.F.);
#261=EDGE_CURVE('',#338,#339,#386,.T.);
#262=EDGE_CURVE('',#339,#340,#387,.T.);
#263=EDGE_CURVE('',#340,#337,#49,.T.);
#264=EDGE_CURVE('',#341,#341,#33,.F.);
#265=EDGE_CURVE('',#323,#316,#34,.F.);
#266=EDGE_CURVE('',#320,#311,#35,.F.);
#267=EDGE_CURVE('',#315,#339,#36,.F.);
#268=EDGE_CURVE('',#338,#334,#37,.F.);
#269=EDGE_CURVE('',#333,#329,#38,.F.);
#270=EDGE_CURVE('',#328,#324,#39,.F.);
#271=EDGE_CURVE('',#313,#342,#50,.T.);
#272=EDGE_CURVE('',#343,#342,#388,.T.);
#273=EDGE_CURVE('',#343,#344,#51,.T.);
#274=EDGE_CURVE('',#344,#314,#52,.T.);
#275=EDGE_CURVE('',#345,#346,#53,.T.);
#276=EDGE_CURVE('',#346,#336,#54,.T.);
#277=EDGE_CURVE('',#337,#347,#55,.T.);
#278=EDGE_CURVE('',#345,#347,#389,.T.);
#279=EDGE_CURVE('',#348,#349,#390,.T.);
#280=EDGE_CURVE('',#348,#350,#56,.T.);
#281=EDGE_CURVE('',#350,#331,#57,.T.);
#282=EDGE_CURVE('',#332,#349,#58,.T.);
#283=EDGE_CURVE('',#351,#352,#391,.T.);
#284=EDGE_CURVE('',#351,#353,#59,.T.);
#285=EDGE_CURVE('',#353,#326,#60,.T.);
#286=EDGE_CURVE('',#327,#352,#61,.T.);
#287=EDGE_CURVE('',#354,#355,#392,.T.);
#288=EDGE_CURVE('',#354,#356,#62,.T.);
#289=EDGE_CURVE('',#356,#321,#63,.T.);
#290=EDGE_CURVE('',#322,#355,#64,.T.);
#291=EDGE_CURVE('',#318,#357,#65,.T.);
#292=EDGE_CURVE('',#358,#357,#393,.T.);
#293=EDGE_CURVE('',#358,#359,#66,.T.);
#294=EDGE_CURVE('',#359,#319,#67,.T.);
#295=EDGE_CURVE('',#360,#360,#40,.F.);
#296=EDGE_CURVE('',#357,#354,#68,.T.);
#297=EDGE_CURVE('',#355,#351,#69,.T.);
#298=EDGE_CURVE('',#352,#348,#70,.T.);
#299=EDGE_CURVE('',#349,#345,#71,.T.);
#300=EDGE_CURVE('',#347,#343,#72,.T.);
#301=EDGE_CURVE('',#342,#358,#73,.T.);
#302=EDGE_CURVE('',#361,#361,#41,.T.);
#303=EDGE_CURVE('',#362,#362,#42,.T.);
#304=EDGE_CURVE('',#363,#363,#43,.T.);
#305=EDGE_CURVE('',#317,#356,#74,.F.);
#306=EDGE_CURVE('',#325,#353,#75,.F.);
#307=EDGE_CURVE('',#330,#350,#76,.F.);
#308=EDGE_CURVE('',#346,#335,#77,.F.);
#309=EDGE_CURVE('',#340,#344,#78,.F.);
#310=EDGE_CURVE('',#312,#359,#79,.F.);
#311=VERTEX_POINT('',#670);
#312=VERTEX_POINT('',#671);
#313=VERTEX_POINT('',#676);
#314=VERTEX_POINT('',#678);
#315=VERTEX_POINT('',#680);
#316=VERTEX_POINT('',#684);
#317=VERTEX_POINT('',#685);
#318=VERTEX_POINT('',#690);
#319=VERTEX_POINT('',#692);
#320=VERTEX_POINT('',#694);
#321=VERTEX_POINT('',#698);
#322=VERTEX_POINT('',#699);
#323=VERTEX_POINT('',#701);
#324=VERTEX_POINT('',#703);
#325=VERTEX_POINT('',#705);
#326=VERTEX_POINT('',#712);
#327=VERTEX_POINT('',#713);
#328=VERTEX_POINT('',#715);
#329=VERTEX_POINT('',#717);
#330=VERTEX_POINT('',#719);
#331=VERTEX_POINT('',#726);
#332=VERTEX_POINT('',#727);
#333=VERTEX_POINT('',#729);
#334=VERTEX_POINT('',#731);
#335=VERTEX_POINT('',#733);
#336=VERTEX_POINT('',#740);
#337=VERTEX_POINT('',#741);
#338=VERTEX_POINT('',#743);
#339=VERTEX_POINT('',#745);
#340=VERTEX_POINT('',#747);
#341=VERTEX_POINT('',#754);
#342=VERTEX_POINT('',#773);
#343=VERTEX_POINT('',#775);
#344=VERTEX_POINT('',#780);
#345=VERTEX_POINT('',#797);
#346=VERTEX_POINT('',#798);
#347=VERTEX_POINT('',#807);
#348=VERTEX_POINT('',#818);
#349=VERTEX_POINT('',#819);
#350=VERTEX_POINT('',#824);
#351=VERTEX_POINT('',#842);
#352=VERTEX_POINT('',#843);
#353=VERTEX_POINT('',#848);
#354=VERTEX_POINT('',#866);
#355=VERTEX_POINT('',#867);
#356=VERTEX_POINT('',#872);
#357=VERTEX_POINT('',#893);
#358=VERTEX_POINT('',#895);
#359=VERTEX_POINT('',#900);
#360=VERTEX_POINT('',#907);
#361=VERTEX_POINT('',#934);
#362=VERTEX_POINT('',#937);
#363=VERTEX_POINT('',#940);
#364=LINE('',#669,#394);
#365=LINE('',#677,#395);
#366=LINE('',#679,#396);
#367=LINE('',#681,#397);
#368=LINE('',#683,#398);
#369=LINE('',#691,#399);
#370=LINE('',#693,#400);
#371=LINE('',#695,#401);
#372=LINE('',#697,#402);
#373=LINE('',#700,#403);
#374=LINE('',#702,#404);
#375=LINE('',#704,#405);
#376=LINE('',#711,#406);
#377=LINE('',#714,#407);
#378=LINE('',#716,#408);
#379=LINE('',#718,#409);
#380=LINE('',#725,#410);
#381=LINE('',#728,#411);
#382=LINE('',#730,#412);
#383=LINE('',#732,#413);
#384=LINE('',#739,#414);
#385=LINE('',#742,#415);
#386=LINE('',#744,#416);
#387=LINE('',#746,#417);
#388=LINE('',#774,#418);
#389=LINE('',#808,#419);
#390=LINE('',#817,#420);
#391=LINE('',#841,#421);
#392=LINE('',#865,#422);
#393=LINE('',#894,#423);
#394=VECTOR('',#581,1.);
#395=VECTOR('',#582,1.);
#396=VECTOR('',#583,1.);
#397=VECTOR('',#584,1.);
#398=VECTOR('',#587,1.);
#399=VECTOR('',#588,1.);
#400=VECTOR('',#589,1.);
#401=VECTOR('',#590,1.);
#402=VECTOR('',#593,1.);
#403=VECTOR('',#594,1.);
#404=VECTOR('',#595,1.);
#405=VECTOR('',#596,1.);
#406=VECTOR('',#599,1.);
#407=VECTOR('',#600,1.);
#408=VECTOR('',#601,1.);
#409=VECTOR('',#602,1.);
#410=VECTOR('',#605,1.);
#411=VECTOR('',#606,1.);
#412=VECTOR('',#607,1.);
#413=VECTOR('',#608,1.);
#414=VECTOR('',#611,1.);
#415=VECTOR('',#612,1.);
#416=VECTOR('',#613,1.);
#417=VECTOR('',#614,1.);
#418=VECTOR('',#631,1.);
#419=VECTOR('',#632,1.);
#420=VECTOR('',#633,1.);
#421=VECTOR('',#634,1.);
#422=VECTOR('',#635,1.);
#423=VECTOR('',#636,1.);
#424=EDGE_LOOP('',(#80,#81,#82,#83,#84));
#425=EDGE_LOOP('',(#85,#86,#87,#88,#89));
#426=EDGE_LOOP('',(#90,#91,#92,#93,#94));
#427=EDGE_LOOP('',(#95,#96,#97,#98,#99));
#428=EDGE_LOOP('',(#100,#101,#102,#103,#104));
#429=EDGE_LOOP('',(#105,#106,#107,#108,#109));
#430=EDGE_LOOP('',(#110));
#431=EDGE_LOOP('',(#111,#112,#113,#114,#115,#116,#117,#118,#119,#120,#121,#122));
#432=EDGE_LOOP('',(#123,#124,#125,#126,#127));
#433=EDGE_LOOP('',(#128,#129,#130,#131,#132));
#434=EDGE_LOOP('',(#133,#134,#135,#136,#137));
#435=EDGE_LOOP('',(#138,#139,#140,#141,#142));
#436=EDGE_LOOP('',(#143,#144,#145,#146,#147));
#437=EDGE_LOOP('',(#148,#149,#150,#151,#152));
#438=EDGE_LOOP('',(#153));
#439=EDGE_LOOP('',(#154,#155,#156,#157,#158,#159,#160,#161,#162,#163,#164,#165));
#440=EDGE_LOOP('',(#166));
#441=EDGE_LOOP('',(#167));
#442=EDGE_LOOP('',(#168));
#443=EDGE_LOOP('',(#169));
#444=EDGE_LOOP('',(#170));
#445=EDGE_LOOP('',(#171));
#446=EDGE_LOOP('',(#172));
#447=EDGE_LOOP('',(#173));
#448=EDGE_LOOP('',(#174,#175,#176,#177,#178));
#449=EDGE_LOOP('',(#179,#180,#181,#182,#183));
#450=EDGE_LOOP('',(#184,#185,#186,#187,#188));
#451=EDGE_LOOP('',(#189,#190,#191,#192,#193));
#452=EDGE_LOOP('',(#194,#195,#196,#197,#198));
#453=EDGE_LOOP('',(#199,#200,#201,#202,#203));
#454=EDGE_LOOP('',(#204,#205,#206,#207,#208));
#455=EDGE_LOOP('',(#209,#210,#211,#212,#213));
#456=EDGE_LOOP('',(#214,#215,#216,#217,#218));
#457=EDGE_LOOP('',(#219,#220,#221,#222,#223));
#458=EDGE_LOOP('',(#224,#225,#226,#227,#228));
#459=EDGE_LOOP('',(#229,#230,#231,#232,#233));
#460=FACE_BOUND('',#424,.T.);
#461=FACE_BOUND('',#425,.T.);
#462=FACE_BOUND('',#426,.T.);
#463=FACE_BOUND('',#427,.T.);
#464=FACE_BOUND('',#428,.T.);
#465=FACE_BOUND('',#429,.T.);
#466=FACE_BOUND('',#430,.T.);
#467=FACE_BOUND('',#431,.T.);
#468=FACE_BOUND('',#432,.T.);
#469=FACE_BOUND('',#433,.T.);
#470=FACE_BOUND('',#434,.T.);
#471=FACE_BOUND('',#435,.T.);
#472=FACE_BOUND('',#436,.T.);
#473=FACE_BOUND('',#437,.T.);
#474=FACE_BOUND('',#438,.T.);
#475=FACE_BOUND('',#439,.T.);
#476=FACE_BOUND('',#440,.T.);
#477=FACE_BOUND('',#441,.T.);
#478=FACE_BOUND('',#442,.T.);
#479=FACE_BOUND('',#443,.T.);
#480=FACE_BOUND('',#444,.T.);
#481=FACE_BOUND('',#445,.T.);
#482=FACE_BOUND('',#446,.T.);
#483=FACE_BOUND('',#447,.T.);
#484=FACE_BOUND('',#448,.T.);
#485=FACE_BOUND('',#449,.T.);
#486=FACE_BOUND('',#450,.T.);
#487=FACE_BOUND('',#451,.T.);
#488=FACE_BOUND('',#452,.T.);
#489=FACE_BOUND('',#453,.T.);
#490=FACE_BOUND('',#454,.T.);
#491=FACE_BOUND('',#455,.T.);
#492=FACE_BOUND('',#456,.T.);
#493=FACE_BOUND('',#457,.T.);
#494=FACE_BOUND('',#458,.T.);
#495=FACE_BOUND('',#459,.T.);
#496=PLANE('',#548);
#497=PLANE('',#549);
#498=PLANE('',#550);
#499=PLANE('',#551);
#500=PLANE('',#552);
#501=PLANE('',#553);
#502=PLANE('',#554);
#503=PLANE('',#562);
#504=PLANE('',#566);
#505=ADVANCED_FACE('',(#460),#496,.T.);
#506=ADVANCED_FACE('',(#461),#497,.T.);
#507=ADVANCED_FACE('',(#462),#498,.T.);
#508=ADVANCED_FACE('',(#463),#499,.T.);
#509=ADVANCED_FACE('',(#464),#500,.T.);
#510=ADVANCED_FACE('',(#465),#501,.T.);
#511=ADVANCED_FACE('',(#466,#467),#502,.F.);
#512=ADVANCED_FACE('',(#468),#27,.T.);
#513=ADVANCED_FACE('',(#469),#28,.T.);
#514=ADVANCED_FACE('',(#470),#29,.T.);
#515=ADVANCED_FACE('',(#471),#30,.T.);
#516=ADVANCED_FACE('',(#472),#31,.T.);
#517=ADVANCED_FACE('',(#473),#32,.T.);
#518=ADVANCED_FACE('',(#474,#475),#503,.T.);
#519=ADVANCED_FACE('',(#476,#477),#19,.F.);
#520=ADVANCED_FACE('',(#478,#479),#504,.T.);
#521=ADVANCED_FACE('',(#480,#481),#20,.F.);
#522=ADVANCED_FACE('',(#482,#483),#18,.F.);
#523=ADVANCED_FACE('',(#484),#21,.T.);
#524=ADVANCED_FACE('',(#485),#12,.T.);
#525=ADVANCED_FACE('',(#486),#22,.T.);
#526=ADVANCED_FACE('',(#487),#13,.T.);
#527=ADVANCED_FACE('',(#488),#23,.T.);
#528=ADVANCED_FACE('',(#489),#14,.T.);
#529=ADVANCED_FACE('',(#490),#15,.T.);
#530=ADVANCED_FACE('',(#491),#24,.T.);
#531=ADVANCED_FACE('',(#492),#25,.T.);
#532=ADVANCED_FACE('',(#493),#16,.T.);
#533=ADVANCED_FACE('',(#494),#26,.T.);
#534=ADVANCED_FACE('',(#495),#17,.T.);
#535=CLOSED_SHELL('',(#505,#506,#507,#508,#509,#510,#511,#512,#513,#514,#515,#516,#517,#518,#519,#520,#521,#522,#523,#524,#525,#526,#527,#528,#529,#530,#531,#532,#533,#534));
#536=STYLED_ITEM('',(#537),#544);
#537=PRESENTATION_STYLE_ASSIGNMENT((#538));
#538=SURFACE_STYLE_USAGE(.BOTH.,#539);
#539=SURFACE_SIDE_STYLE('',(#540));
#540=SURFACE_STYLE_FILL_AREA(#541);
#541=FILL_AREA_STYLE('',(#542));
#542=FILL_AREA_STYLE_COLOUR('',#543);
#543=COLOUR_RGB('',0.647058823529412,0.647058823529412,0.647058823529412);
#544=MANIFOLD_SOLID_BREP('hexagon_foot',#535);
#545=SHAPE_DEFINITION_REPRESENTATION(#1056,#546);
#546=SHAPE_REPRESENTATION('hexagon_foot',(#547),#1051);
#547=AXIS2_PLACEMENT_3D('',#667,#577,#578);
#548=AXIS2_PLACEMENT_3D('',#668,#579,#580);
#549=AXIS2_PLACEMENT_3D('',#682,#585,#586);
#550=AXIS2_PLACEMENT_3D('',#696,#591,#592);
#551=AXIS2_PLACEMENT_3D('',#710,#597,#598);
#552=AXIS2_PLACEMENT_3D('',#724,#603,#604);
#553=AXIS2_PLACEMENT_3D('',#738,#609,#610);
#554=AXIS2_PLACEMENT_3D('',#752,#615,#616);
#555=AXIS2_PLACEMENT_3D('',#753,#617,#618);
#556=AXIS2_PLACEMENT_3D('',#755,#619,#620);
#557=AXIS2_PLACEMENT_3D('',#756,#621,#622);
#558=AXIS2_PLACEMENT_3D('',#757,#623,#624);
#559=AXIS2_PLACEMENT_3D('',#758,#625,#626);
#560=AXIS2_PLACEMENT_3D('',#759,#627,#628);
#561=AXIS2_PLACEMENT_3D('',#760,#629,#630);
#562=AXIS2_PLACEMENT_3D('',#905,#637,#638);
#563=AXIS2_PLACEMENT_3D('',#906,#639,#640);
#564=AXIS2_PLACEMENT_3D('',#932,#641,#642);
#565=AXIS2_PLACEMENT_3D('',#933,#643,#644);
#566=AXIS2_PLACEMENT_3D('',#935,#645,#646);
#567=AXIS2_PLACEMENT_3D('',#936,#647,#648);
#568=AXIS2_PLACEMENT_3D('',#938,#649,#650);
#569=AXIS2_PLACEMENT_3D('',#939,#651,#652);
#570=AXIS2_PLACEMENT_3D('',#941,#653,#654);
#571=AXIS2_PLACEMENT_3D('',#942,#655,#656);
#572=AXIS2_PLACEMENT_3D('',#960,#657,#658);
#573=AXIS2_PLACEMENT_3D('',#978,#659,#660);
#574=AXIS2_PLACEMENT_3D('',#1013,#661,#662);
#575=AXIS2_PLACEMENT_3D('',#1014,#663,#664);
#576=AXIS2_PLACEMENT_3D('',#1032,#665,#666);
#577=DIRECTION('',(0.,0.,1.));
#578=DIRECTION('',(1.,0.,0.));
#579=DIRECTION('',(0.5,-0.866025403784439,0.));
#580=DIRECTION('',(0.866025403784439,0.5,0.));
#581=DIRECTION('',(0.,0.,1.));
#582=DIRECTION('',(0.866025403784439,0.5,0.));
#583=DIRECTION('',(0.,0.,1.));
#584=DIRECTION('',(0.866025403784439,0.5,0.));
#585=DIRECTION('',(1.,-2.47817639425259E-16,0.));
#586=DIRECTION('',(2.47817639425259E-16,1.,0.));
#587=DIRECTION('',(0.,0.,1.));
#588=DIRECTION('',(2.47817639425258E-16,1.,0.));
#589=DIRECTION('',(0.,0.,1.));
#590=DIRECTION('',(2.47817639425258E-16,1.,0.));
#591=DIRECTION('',(0.5,0.866025403784439,0.));
#592=DIRECTION('',(-0.866025403784439,0.5,0.));
#593=DIRECTION('',(-0.866025403784439,0.5,0.));
#594=DIRECTION('',(0.,0.,1.));
#595=DIRECTION('',(-0.866025403784439,0.5,0.));
#596=DIRECTION('',(0.,0.,1.));
#597=DIRECTION('',(-0.5,0.866025403784439,0.));
#598=DIRECTION('',(-0.866025403784439,-0.5,0.));
#599=DIRECTION('',(-0.866025403784439,-0.5,0.));
#600=DIRECTION('',(0.,0.,1.));
#601=DIRECTION('',(-0.866025403784439,-0.5,0.));
#602=DIRECTION('',(0.,0.,1.));
#603=DIRECTION('',(-1.,0.,0.));
#604=DIRECTION('',(0.,0.,1.));
#605=DIRECTION('',(0.,-1.,0.));
#606=DIRECTION('',(0.,0.,1.));
#607=DIRECTION('',(0.,-1.,0.));
#608=DIRECTION('',(0.,0.,1.));
#609=DIRECTION('',(-0.5,-0.866025403784438,0.));
#610=DIRECTION('',(0.866025403784438,-0.5,0.));
#611=DIRECTION('',(0.866025403784438,-0.5,0.));
#612=DIRECTION('',(0.,0.,1.));
#613=DIRECTION('',(0.866025403784438,-0.5,0.));
#614=DIRECTION('',(0.,0.,1.));
#615=DIRECTION('',(0.,0.,1.));
#616=DIRECTION('',(1.,0.,0.));
#617=DIRECTION('',(0.,0.,1.));
#618=DIRECTION('',(1.,0.,0.));
#619=DIRECTION('',(0.,0.,1.));
#620=DIRECTION('',(1.,0.,0.));
#621=DIRECTION('',(0.,0.,1.));
#622=DIRECTION('',(1.,0.,0.));
#623=DIRECTION('',(0.,0.,1.));
#624=DIRECTION('',(1.,0.,0.));
#625=DIRECTION('',(0.,0.,1.));
#626=DIRECTION('',(1.,0.,0.));
#627=DIRECTION('',(0.,0.,1.));
#628=DIRECTION('',(1.,0.,0.));
#629=DIRECTION('',(0.,0.,1.));
#630=DIRECTION('',(1.,0.,0.));
#631=DIRECTION('',(0.984807753012208,0.17364817766693,0.));
#632=DIRECTION('',(0.642787609686539,-0.766044443118978,0.));
#633=DIRECTION('',(-0.342020143325669,-0.939692620785908,0.));
#634=DIRECTION('',(-0.984807753012208,-0.17364817766693,0.));
#635=DIRECTION('',(-0.642787609686539,0.766044443118978,0.));
#636=DIRECTION('',(0.342020143325669,0.939692620785908,0.));
#637=DIRECTION('',(0.,0.,1.));
#638=DIRECTION('',(1.,0.,0.));
#639=DIRECTION('',(0.,0.,1.));
#640=DIRECTION('',(1.,0.,0.));
#641=DIRECTION('',(0.,0.,-1.));
#642=DIRECTION('',(-1.,0.,0.));
#643=DIRECTION('',(0.,0.,-1.));
#644=DIRECTION('',(-1.,0.,0.));
#645=DIRECTION('',(0.,0.,1.));
#646=DIRECTION('',(1.,0.,0.));
#647=DIRECTION('',(0.,0.,-1.));
#648=DIRECTION('',(-1.,0.,0.));
#649=DIRECTION('',(0.,0.,-1.));
#650=DIRECTION('',(-1.,0.,0.));
#651=DIRECTION('',(0.,0.,1.));
#652=DIRECTION('',(1.,0.,0.));
#653=DIRECTION('',(0.,0.,1.));
#654=DIRECTION('',(1.,0.,0.));
#655=DIRECTION('',(0.,0.,1.));
#656=DIRECTION('',(1.,0.,0.));
#657=DIRECTION('',(0.,0.,1.));
#658=DIRECTION('',(1.,0.,0.));
#659=DIRECTION('',(0.,0.,1.));
#660=DIRECTION('',(1.,0.,0.));
#661=DIRECTION('',(0.,0.,1.));
#662=DIRECTION('',(1.,0.,0.));
#663=DIRECTION('',(0.,0.,1.));
#664=DIRECTION('',(1.,0.,0.));
#665=DIRECTION('',(0.,0.,1.));
#666=DIRECTION('',(1.,0.,0.));
#667=CARTESIAN_POINT('',(0.,0.,0.));
#668=CARTESIAN_POINT('',(0.00303108891324554,-0.00525,-0.001));
#669=CARTESIAN_POINT('',(0.00556217782649107,-0.00378867513459481,-0.001));
#670=CARTESIAN_POINT('',(0.00556217782649107,-0.00378867513459481,-0.001));
#671=CARTESIAN_POINT('',(0.00556217782649107,-0.00378867513459481,-6.56080659556884E-06));
#672=CARTESIAN_POINT('',(0.00556217782649107,-0.00378867513459481,-6.5608065955689E-06));
#673=CARTESIAN_POINT('',(0.00554442945969627,-0.00379892215894147,-2.46174703729823E-06));
#674=CARTESIAN_POINT('',(0.00552653125914655,-0.00380925568984686,3.79142226158228E-17));
#675=CARTESIAN_POINT('',(0.00550840777918467,-0.0038197192858815,-1.63208681832952E-18));
#676=CARTESIAN_POINT('',(0.00550840777918467,-0.0038197192858815,0.));
#677=CARTESIAN_POINT('',(0.00303108891324554,-0.00525,0.));
#678=CARTESIAN_POINT('',(0.0005,-0.00671132486540519,0.));
#679=CARTESIAN_POINT('',(0.0005,-0.00671132486540519,-0.001));
#680=CARTESIAN_POINT('',(0.0005,-0.00671132486540519,-0.001));
#681=CARTESIAN_POINT('',(0.00303108891324554,-0.00525,-0.001));
#682=CARTESIAN_POINT('',(0.00606217782649107,-8.67361737988404E-19,-0.001));
#683=CARTESIAN_POINT('',(0.00606217782649107,0.00292264973081038,-0.001));
#684=CARTESIAN_POINT('',(0.00606217782649107,0.00292264973081038,-0.001));
#685=CARTESIAN_POINT('',(0.00606217782649107,0.00292264973081038,-6.56080659557274E-06));
#686=CARTESIAN_POINT('',(0.00606217782649107,0.00292264973081038,-6.56080659557283E-06));
#687=CARTESIAN_POINT('',(0.00606217782649107,0.00290215568211707,-2.46174703730154E-06));
#688=CARTESIAN_POINT('',(0.00606217782649107,0.0028814886203063,4.58572686271201E-17));
#689=CARTESIAN_POINT('',(0.00606217782649107,0.002860561428237,7.04225763574344E-18));
#690=CARTESIAN_POINT('',(0.00606217782649107,0.002860561428237,0.));
#691=CARTESIAN_POINT('',(0.00606217782649107,-8.67361737988404E-19,0.));
#692=CARTESIAN_POINT('',(0.00606217782649107,-0.00292264973081038,0.));
#693=CARTESIAN_POINT('',(0.00606217782649107,-0.00292264973081038,-0.001));
#694=CARTESIAN_POINT('',(0.00606217782649107,-0.00292264973081038,-0.001));
#695=CARTESIAN_POINT('',(0.00606217782649107,-8.67361737988404E-19,-0.001));
#696=CARTESIAN_POINT('',(0.00303108891324554,0.00525,-0.001));
#697=CARTESIAN_POINT('',(0.00303108891324554,0.00525,0.));
#698=CARTESIAN_POINT('',(0.00556217782649107,0.00378867513459481,0.));
#699=CARTESIAN_POINT('',(0.000553770047306398,0.0066802807141185,0.));
#700=CARTESIAN_POINT('',(0.00556217782649107,0.00378867513459481,-0.001));
#701=CARTESIAN_POINT('',(0.00556217782649107,0.00378867513459481,-0.001));
#702=CARTESIAN_POINT('',(0.00303108891324554,0.00525,-0.001));
#703=CARTESIAN_POINT('',(0.0005,0.00671132486540519,-0.001));
#704=CARTESIAN_POINT('',(0.0005,0.00671132486540519,-0.001));
#705=CARTESIAN_POINT('',(0.0005,0.00671132486540519,-6.56080659556298E-06));
#706=CARTESIAN_POINT('',(0.0005,0.00671132486540519,-6.56080659556308E-06));
#707=CARTESIAN_POINT('',(0.000517748366794798,0.00670107784105854,-2.46174703729137E-06));
#708=CARTESIAN_POINT('',(0.000535646567344517,0.00669074431015314,3.84333544611552E-17));
#709=CARTESIAN_POINT('',(0.000553770047306398,0.0066802807141185,-1.03754027112771E-18));
#710=CARTESIAN_POINT('',(-0.00303108891324554,0.00525,-0.001));
#711=CARTESIAN_POINT('',(-0.00303108891324554,0.00525,0.));
#712=CARTESIAN_POINT('',(-0.0005,0.00671132486540519,0.));
#713=CARTESIAN_POINT('',(-0.00550840777918468,0.0038197192858815,0.));
#714=CARTESIAN_POINT('',(-0.0005,0.00671132486540519,-0.001));
#715=CARTESIAN_POINT('',(-0.0005,0.00671132486540519,-0.001));
#716=CARTESIAN_POINT('',(-0.00303108891324554,0.00525,-0.001));
#717=CARTESIAN_POINT('',(-0.00556217782649107,0.00378867513459481,-0.001));
#718=CARTESIAN_POINT('',(-0.00556217782649107,0.00378867513459481,-0.001));
#719=CARTESIAN_POINT('',(-0.00556217782649107,0.00378867513459481,-6.56080659556515E-06));
#720=CARTESIAN_POINT('',(-0.00556217782649107,0.00378867513459481,-6.56080659556509E-06));
#721=CARTESIAN_POINT('',(-0.00554442945969628,0.00379892215894147,-2.46174703729507E-06));
#722=CARTESIAN_POINT('',(-0.00552653125914655,0.00380925568984686,4.00503229092639E-17));
#723=CARTESIAN_POINT('',(-0.00550840777918467,0.0038197192858815,4.86610082381487E-19));
#724=CARTESIAN_POINT('',(-0.00606217782649107,1.7347234759768E-18,-0.001));
#725=CARTESIAN_POINT('',(-0.00606217782649107,1.7347234759768E-18,0.));
#726=CARTESIAN_POINT('',(-0.00606217782649107,0.00292264973081038,0.));
#727=CARTESIAN_POINT('',(-0.00606217782649107,-0.002860561428237,0.));
#728=CARTESIAN_POINT('',(-0.00606217782649107,0.00292264973081038,-0.001));
#729=CARTESIAN_POINT('',(-0.00606217782649107,0.00292264973081038,-0.001));
#730=CARTESIAN_POINT('',(-0.00606217782649107,1.7347234759768E-18,-0.001));
#731=CARTESIAN_POINT('',(-0.00606217782649107,-0.00292264973081037,-0.001));
#732=CARTESIAN_POINT('',(-0.00606217782649107,-0.00292264973081037,-0.001));
#733=CARTESIAN_POINT('',(-0.00606217782649107,-0.00292264973081037,-6.56080659556515E-06));
#734=CARTESIAN_POINT('',(-0.00606217782649107,-0.00292264973081037,-6.56080659556515E-06));
#735=CARTESIAN_POINT('',(-0.00606217782649107,-0.00290215568211707,-2.4617470372841E-06));
#736=CARTESIAN_POINT('',(-0.00606217782649107,-0.00288148862030629,4.07806714137856E-17));
#737=CARTESIAN_POINT('',(-0.00606217782649107,-0.002860561428237,1.3964310745195E-18));
#738=CARTESIAN_POINT('',(-0.00303108891324554,-0.00525,-0.001));
#739=CARTESIAN_POINT('',(-0.00303108891324554,-0.00525,0.));
#740=CARTESIAN_POINT('',(-0.00556217782649107,-0.00378867513459481,0.));
#741=CARTESIAN_POINT('',(-0.0005537700473064,-0.0066802807141185,0.));
#742=CARTESIAN_POINT('',(-0.00556217782649107,-0.00378867513459481,-0.001));
#743=CARTESIAN_POINT('',(-0.00556217782649107,-0.00378867513459481,-0.001));
#744=CARTESIAN_POINT('',(-0.00303108891324554,-0.00525,-0.001));
#745=CARTESIAN_POINT('',(-0.0005,-0.00671132486540519,-0.001));
#746=CARTESIAN_POINT('',(-0.0005,-0.00671132486540519,-0.001));
#747=CARTESIAN_POINT('',(-0.0005,-0.00671132486540519,-6.56080659556212E-06));
#748=CARTESIAN_POINT('',(-0.0005,-0.00671132486540519,-6.56080659556216E-06));
#749=CARTESIAN_POINT('',(-0.000517748366794798,-0.00670107784105854,-2.46174703729034E-06));
#750=CARTESIAN_POINT('',(-0.00053564656734452,-0.00669074431015314,3.84551551078061E-17));
#751=CARTESIAN_POINT('',(-0.000553770047306401,-0.0066802807141185,-1.4972334902585E-18));
#752=CARTESIAN_POINT('',(0.,1.7347234759768E-18,-0.001));
#753=CARTESIAN_POINT('',(0.,0.,-0.001));
#754=CARTESIAN_POINT('',(0.0016,0.,-0.001));
#755=CARTESIAN_POINT('',(0.00506217782649107,0.00292264973081038,-0.001));
#756=CARTESIAN_POINT('',(0.00506217782649107,-0.00292264973081038,-0.001));
#757=CARTESIAN_POINT('',(-3.46944695195361E-18,-0.00584529946162075,-0.001));
#758=CARTESIAN_POINT('',(-0.00506217782649107,-0.00292264973081037,-0.001));
#759=CARTESIAN_POINT('',(-0.00506217782649107,0.00292264973081038,-0.001));
#760=CARTESIAN_POINT('',(2.60208521396521E-18,0.00584529946162075,-0.001));
#761=CARTESIAN_POINT('',(0.000456368823683632,-0.0067365153367965,0.));
#762=CARTESIAN_POINT('',(-0.00147335376966993,-0.00509641085036633,0.004));
#763=CARTESIAN_POINT('',(0.00215042562387152,-0.00575845118718551,0.));
#764=CARTESIAN_POINT('',(4.02543349418159E-05,-0.00482952090330428,0.004));
#765=CARTESIAN_POINT('',(0.00384448242405941,-0.00478038703757451,0.));
#766=CARTESIAN_POINT('',(0.00155386243955356,-0.00456263095624222,0.004));
#767=CARTESIAN_POINT('',(0.0055385392242473,-0.00380232288796352,0.));
#768=CARTESIAN_POINT('',(0.0030674705441653,-0.00429574100918017,0.004));
#769=CARTESIAN_POINT('',(0.00550840777918467,-0.0038197192858815,0.));
#770=CARTESIAN_POINT('',(0.00462483218182668,-0.00401592392637037,0.00133013231324762));
#771=CARTESIAN_POINT('',(0.00373352779381139,-0.00419062873449638,0.00265837756130036));
#772=CARTESIAN_POINT('',(0.00285699496813414,-0.00433285353201463,0.004));
#773=CARTESIAN_POINT('',(0.00285699496813414,-0.00433285353201462,0.004));
#774=CARTESIAN_POINT('',(0.000827110532492395,-0.00469077692573844,0.004));
#775=CARTESIAN_POINT('',(-0.00126439066931071,-0.00505956501780051,0.004));
#776=CARTESIAN_POINT('',(-0.00126439066931071,-0.00505956501780051,0.004));
#777=CARTESIAN_POINT('',(-0.000675679963038735,-0.0055882399266762,0.00265898841038336));
#778=CARTESIAN_POINT('',(-9.8264858061086E-05,-0.00614770523116395,0.00132538858001117));
#779=CARTESIAN_POINT('',(0.000486400856762359,-0.00671903523778013,2.05722655388239E-07));
#780=CARTESIAN_POINT('',(0.000486400856762354,-0.00671903523778014,2.05722655389712E-07));
#781=CARTESIAN_POINT('',(0.000486400856762353,-0.00671903523778014,2.05722655389035E-07));
#782=CARTESIAN_POINT('',(0.000490953207492298,-0.00671650098502805,6.8718455741101E-08));
#783=CARTESIAN_POINT('',(0.000495486260537822,-0.00671393087409873,-1.43596257050904E-20));
#784=CARTESIAN_POINT('',(0.000499999999999999,-0.00671132486540519,0.));
#785=CARTESIAN_POINT('',(-0.00560580900280744,-0.0037634846632035,0.));
#786=CARTESIAN_POINT('',(-0.00515029814937486,-0.00127224363188744,0.004));
#787=CARTESIAN_POINT('',(-0.00391175220261955,-0.00474154881281449,0.));
#788=CARTESIAN_POINT('',(-0.00416236062289857,-0.0024496217283242,0.004));
#789=CARTESIAN_POINT('',(-0.00221769540243166,-0.00571961296242548,0.));
#790=CARTESIAN_POINT('',(-0.00317442309642227,-0.00362699982476096,0.004));
#791=CARTESIAN_POINT('',(-0.00052363860224377,-0.00669767711203648,0.));
#792=CARTESIAN_POINT('',(-0.00218648556994598,-0.00480437792119771,0.004));
#793=CARTESIAN_POINT('',(-0.00501390717216966,-0.00143478806896917,0.004));
#794=CARTESIAN_POINT('',(-0.00517739772046344,-0.00220896395051842,0.00265898841038336));
#795=CARTESIAN_POINT('',(-0.00537320133419701,-0.0029887527522018,0.00132538858001117));
#796=CARTESIAN_POINT('',(-0.00557565477645923,-0.00378075311726878,2.05722655393713E-07));
#797=CARTESIAN_POINT('',(-0.00501390717216966,-0.00143478806896917,0.004));
#798=CARTESIAN_POINT('',(-0.00557565477645924,-0.00378075311726878,2.05722655391747E-07));
#799=CARTESIAN_POINT('',(-0.00557565477645924,-0.00378075311726878,2.05722655391563E-07));
#800=CARTESIAN_POINT('',(-0.00557118387383135,-0.00378342844227181,6.87184557435706E-08));
#801=CARTESIAN_POINT('',(-0.00556669156595325,-0.00378606912590127,-2.02098435849473E-20));
#802=CARTESIAN_POINT('',(-0.00556217782649107,-0.00378867513459481,0.));
#803=CARTESIAN_POINT('',(-0.000553770047306401,-0.0066802807141185,1.201587543379E-19));
#804=CARTESIAN_POINT('',(-0.00116547604898915,-0.00601318412088691,0.00133013231324762));
#805=CARTESIAN_POINT('',(-0.0017624270449972,-0.00532864428242412,0.00265837756130036));
#806=CARTESIAN_POINT('',(-0.00232386374553472,-0.00464065698689579,0.004));
#807=CARTESIAN_POINT('',(-0.00232386374553472,-0.00464065698689579,0.004));
#808=CARTESIAN_POINT('',(-0.00364877671492917,-0.00306168719574531,0.004));
#809=CARTESIAN_POINT('',(-0.00606217782649107,0.00297303067359299,0.));
#810=CARTESIAN_POINT('',(-0.00367694437970493,0.00382416721847888,0.004));
#811=CARTESIAN_POINT('',(-0.00606217782649107,0.00101690237437101,0.));
#812=CARTESIAN_POINT('',(-0.00420261495784038,0.00237989917498007,0.004));
#813=CARTESIAN_POINT('',(-0.00606217782649107,-0.000939225924850974,0.));
#814=CARTESIAN_POINT('',(-0.00472828553597584,0.000935631131481264,0.004));
#815=CARTESIAN_POINT('',(-0.00606217782649107,-0.00289535422407296,0.));
#816=CARTESIAN_POINT('',(-0.00525395611411129,-0.000508636912017542,0.004));
#817=CARTESIAN_POINT('',(-0.00447588724742156,0.00162908972999313,0.004));
#818=CARTESIAN_POINT('',(-0.00374951650285895,0.00362477694883134,0.004));
#819=CARTESIAN_POINT('',(-0.00518085871366887,-0.000307803454881165,0.004));
#820=CARTESIAN_POINT('',(-0.00374951650285894,0.00362477694883134,0.004));
#821=CARTESIAN_POINT('',(-0.0045017177574247,0.00337927597615778,0.00265898841038336));
#822=CARTESIAN_POINT('',(-0.00527493647613592,0.00315895247896215,0.00132538858001117));
#823=CARTESIAN_POINT('',(-0.00606205563322159,0.00293828212051135,2.05722655391828E-07));
#824=CARTESIAN_POINT('',(-0.00606205563322159,0.00293828212051134,2.05722655392118E-07));
#825=CARTESIAN_POINT('',(-0.00606205563322159,0.00293828212051135,2.05722655391735E-07));
#826=CARTESIAN_POINT('',(-0.00606213708132365,0.00293307254275624,6.87184557439679E-08));
#827=CARTESIAN_POINT('',(-0.00606217782649107,0.00292786174819745,1.66237496066874E-21));
#828=CARTESIAN_POINT('',(-0.00606217782649107,0.00292264973081038,0.));
#829=CARTESIAN_POINT('',(-0.00606217782649107,-0.002860561428237,1.8023813150685E-19));
#830=CARTESIAN_POINT('',(-0.00579030823081583,-0.00199726019451654,0.00133013231324762));
#831=CARTESIAN_POINT('',(-0.00549595483880859,-0.00113801554792775,0.00265837756130036));
#832=CARTESIAN_POINT('',(-0.00518085871366887,-0.000307803454881164,0.004));
#833=CARTESIAN_POINT('',(-0.000456368823683636,0.0067365153367965,0.));
#834=CARTESIAN_POINT('',(0.00147335376966992,0.00509641085036633,0.004));
#835=CARTESIAN_POINT('',(-0.00215042562387153,0.00575845118718551,0.));
#836=CARTESIAN_POINT('',(-4.02543349418239E-05,0.00482952090330428,0.004));
#837=CARTESIAN_POINT('',(-0.00384448242405942,0.00478038703757451,0.));
#838=CARTESIAN_POINT('',(-0.00155386243955357,0.00456263095624222,0.004));
#839=CARTESIAN_POINT('',(-0.00553853922424731,0.00380232288796352,0.));
#840=CARTESIAN_POINT('',(-0.00306747054416531,0.00429574100918017,0.004));
#841=CARTESIAN_POINT('',(-0.000827110532492394,0.00469077692573844,0.004));
#842=CARTESIAN_POINT('',(0.00126439066931071,0.00505956501780051,0.004));
#843=CARTESIAN_POINT('',(-0.00285699496813414,0.00433285353201462,0.004));
#844=CARTESIAN_POINT('',(0.00126439066931071,0.00505956501780051,0.004));
#845=CARTESIAN_POINT('',(0.000675679963038739,0.0055882399266762,0.00265898841038336));
#846=CARTESIAN_POINT('',(9.82648580610892E-05,0.00614770523116395,0.00132538858001117));
#847=CARTESIAN_POINT('',(-0.000486400856762354,0.00671903523778013,2.05722655395168E-07));
#848=CARTESIAN_POINT('',(-0.000486400856762354,0.00671903523778013,2.05722655393873E-07));
#849=CARTESIAN_POINT('',(-0.000486400856762356,0.00671903523778013,2.05722655394589E-07));
#850=CARTESIAN_POINT('',(-0.0004909532074923,0.00671650098502805,6.87184557467768E-08));
#851=CARTESIAN_POINT('',(-0.000495486260537822,0.00671393087409873,-2.49963854866297E-20));
#852=CARTESIAN_POINT('',(-0.000499999999999998,0.00671132486540519,0.));
#853=CARTESIAN_POINT('',(-0.00550840777918468,0.0038197192858815,2.403175086758E-19));
#854=CARTESIAN_POINT('',(-0.00462483218182669,0.00401592392637037,0.00133013231324762));
#855=CARTESIAN_POINT('',(-0.00373352779381139,0.00419062873449638,0.00265837756130036));
#856=CARTESIAN_POINT('',(-0.00285699496813414,0.00433285353201462,0.004));
#857=CARTESIAN_POINT('',(0.00560580900280743,0.0037634846632035,0.));
#858=CARTESIAN_POINT('',(0.00515029814937485,0.00127224363188744,0.004));
#859=CARTESIAN_POINT('',(0.00391175220261954,0.0047415488128145,0.));
#860=CARTESIAN_POINT('',(0.00416236062289856,0.0024496217283242,0.004));
#861=CARTESIAN_POINT('',(0.00221769540243166,0.00571961296242549,0.));
#862=CARTESIAN_POINT('',(0.00317442309642227,0.00362699982476096,0.004));
#863=CARTESIAN_POINT('',(0.000523638602243766,0.00669767711203648,0.));
#864=CARTESIAN_POINT('',(0.00218648556994598,0.00480437792119772,0.004));
#865=CARTESIAN_POINT('',(0.00364877671492917,0.00306168719574531,0.004));
#866=CARTESIAN_POINT('',(0.00501390717216966,0.00143478806896917,0.004));
#867=CARTESIAN_POINT('',(0.00232386374553472,0.00464065698689579,0.004));
#868=CARTESIAN_POINT('',(0.00501390717216966,0.00143478806896917,0.004));
#869=CARTESIAN_POINT('',(0.00517739772046344,0.00220896395051842,0.00265898841038336));
#870=CARTESIAN_POINT('',(0.00537320133419701,0.0029887527522018,0.00132538858001117));
#871=CARTESIAN_POINT('',(0.00557565477645923,0.00378075311726879,2.05722655392635E-07));
#872=CARTESIAN_POINT('',(0.00557565477645923,0.00378075311726878,2.05722655391664E-07));
#873=CARTESIAN_POINT('',(0.00557565477645923,0.00378075311726879,2.05722655391973E-07));
#874=CARTESIAN_POINT('',(0.00557118387383134,0.00378342844227181,6.87184557441772E-08));
#875=CARTESIAN_POINT('',(0.00556669156595325,0.00378606912590127,1.59551396723136E-21));
#876=CARTESIAN_POINT('',(0.00556217782649107,0.00378867513459481,0.));
#877=CARTESIAN_POINT('',(0.000553770047306398,0.0066802807141185,-1.201587543379E-19));
#878=CARTESIAN_POINT('',(0.00116547604898915,0.00601318412088691,0.00133013231324762));
#879=CARTESIAN_POINT('',(0.0017624270449972,0.00532864428242412,0.00265837756130036));
#880=CARTESIAN_POINT('',(0.00232386374553473,0.00464065698689579,0.004));
#881=CARTESIAN_POINT('',(0.00606217782649107,-0.002973030673593,0.));
#882=CARTESIAN_POINT('',(0.00367694437970493,-0.00382416721847888,0.004));
#883=CARTESIAN_POINT('',(0.00606217782649107,-0.00101690237437101,0.));
#884=CARTESIAN_POINT('',(0.00420261495784038,-0.00237989917498007,0.004));
#885=CARTESIAN_POINT('',(0.00606217782649107,0.000939225924850976,0.));
#886=CARTESIAN_POINT('',(0.00472828553597583,-0.000935631131481268,0.004));
#887=CARTESIAN_POINT('',(0.00606217782649107,0.00289535422407296,0.));
#888=CARTESIAN_POINT('',(0.00525395611411129,0.000508636912017541,0.004));
#889=CARTESIAN_POINT('',(0.00606217782649107,0.002860561428237,1.8023813150685E-19));
#890=CARTESIAN_POINT('',(0.00579030823081583,0.00199726019451654,0.00133013231324762));
#891=CARTESIAN_POINT('',(0.00549595483880859,0.00113801554792775,0.00265837756130036));
#892=CARTESIAN_POINT('',(0.00518085871366887,0.000307803454881165,0.004));
#893=CARTESIAN_POINT('',(0.00518085871366887,0.000307803454881167,0.004));
#894=CARTESIAN_POINT('',(0.00447588724742156,-0.00162908972999313,0.004));
#895=CARTESIAN_POINT('',(0.00374951650285895,-0.00362477694883134,0.004));
#896=CARTESIAN_POINT('',(0.00374951650285895,-0.00362477694883134,0.004));
#897=CARTESIAN_POINT('',(0.0045017177574247,-0.00337927597615777,0.00265898841038336));
#898=CARTESIAN_POINT('',(0.00527493647613592,-0.00315895247896215,0.00132538858001117));
#899=CARTESIAN_POINT('',(0.00606205563322159,-0.00293828212051135,2.05722655393499E-07));
#900=CARTESIAN_POINT('',(0.00606205563322159,-0.00293828212051135,2.05722655392816E-07));
#901=CARTESIAN_POINT('',(0.00606205563322159,-0.00293828212051135,2.05722655392718E-07));
#902=CARTESIAN_POINT('',(0.00606213708132364,-0.00293307254275624,6.87184557448753E-08));
#903=CARTESIAN_POINT('',(0.00606217782649107,-0.00292786174819745,-9.7742691564473E-21));
#904=CARTESIAN_POINT('',(0.00606217782649107,-0.00292264973081037,0.));
#905=CARTESIAN_POINT('',(0.,0.,0.004));
#906=CARTESIAN_POINT('',(0.,0.,0.004));
#907=CARTESIAN_POINT('',(0.00385,0.,0.004));
#908=CARTESIAN_POINT('',(0.00518085871366887,0.000307803454881167,0.004));
#909=CARTESIAN_POINT('',(0.00531801185591989,0.000684628616223101,0.004));
#910=CARTESIAN_POINT('',(0.00527245207353386,0.00112666625392147,0.004));
#911=CARTESIAN_POINT('',(0.00501390717216966,0.00143478806896917,0.004));
#912=CARTESIAN_POINT('',(0.00232386374553472,0.00464065698689579,0.004));
#913=CARTESIAN_POINT('',(0.00206610015415295,0.004947847672965,0.004));
#914=CARTESIAN_POINT('',(0.00166050443928429,0.005129410562877,0.004));
#915=CARTESIAN_POINT('',(0.00126439066931071,0.00505956501780051,0.004));
#916=CARTESIAN_POINT('',(-0.00285699496813414,0.00433285353201462,0.004));
#917=CARTESIAN_POINT('',(-0.00325191170176694,0.0042632190567419,0.004));
#918=CARTESIAN_POINT('',(-0.00361194763424957,0.00400274430895553,0.004));
#919=CARTESIAN_POINT('',(-0.00374951650285895,0.00362477694883134,0.004));
#920=CARTESIAN_POINT('',(-0.00518085871366887,-0.000307803454881165,0.004));
#921=CARTESIAN_POINT('',(-0.00531801185591989,-0.000684628616223099,0.004));
#922=CARTESIAN_POINT('',(-0.00527245207353386,-0.00112666625392146,0.004));
#923=CARTESIAN_POINT('',(-0.00501390717216966,-0.00143478806896917,0.004));
#924=CARTESIAN_POINT('',(-0.00232386374553472,-0.00464065698689579,0.004));
#925=CARTESIAN_POINT('',(-0.00206610015415295,-0.004947847672965,0.004));
#926=CARTESIAN_POINT('',(-0.00166050443928429,-0.005129410562877,0.004));
#927=CARTESIAN_POINT('',(-0.00126439066931071,-0.00505956501780051,0.004));
#928=CARTESIAN_POINT('',(0.00285699496813414,-0.00433285353201462,0.004));
#929=CARTESIAN_POINT('',(0.00325191170176694,-0.0042632190567419,0.004));
#930=CARTESIAN_POINT('',(0.00361194763424956,-0.00400274430895553,0.004));
#931=CARTESIAN_POINT('',(0.00374951650285894,-0.00362477694883134,0.004));
#932=CARTESIAN_POINT('',(0.,0.,0.004));
#933=CARTESIAN_POINT('',(0.,0.,0.0005));
#934=CARTESIAN_POINT('',(-0.0016,0.,0.0005));
#935=CARTESIAN_POINT('',(0.00325,0.,0.0005));
#936=CARTESIAN_POINT('',(0.,0.,0.0005));
#937=CARTESIAN_POINT('',(-0.00325,0.,0.0005));
#938=CARTESIAN_POINT('',(0.,0.,0.004));
#939=CARTESIAN_POINT('',(0.,0.,0.0034));
#940=CARTESIAN_POINT('',(0.00325,0.,0.0034));
#941=CARTESIAN_POINT('',(0.,0.,0.004));
#942=CARTESIAN_POINT('',(0.00506217782649107,0.00292264973081038,-0.001));
#943=CARTESIAN_POINT('',(0.00557565477645923,0.00378075311726878,2.0572265539181E-07));
#944=CARTESIAN_POINT('',(0.00572456596018109,0.00369164676756747,4.7688856769194E-06));
#945=CARTESIAN_POINT('',(0.00597041908861073,0.00343991180897824,-5.81000595546081E-06));
#946=CARTESIAN_POINT('',(0.00606217782649107,0.00309332684219417,-4.06983094026891E-05));
#947=CARTESIAN_POINT('',(0.00606217782649107,0.00292264973081037,-6.56080659561476E-06));
#948=CARTESIAN_POINT('',(0.00557967218825726,0.0037964662455271,-2.60825044341509E-05));
#949=CARTESIAN_POINT('',(0.00606268622389408,0.00354806153263885,-6.88682176544661E-05));
#950=CARTESIAN_POINT('',(0.00612842251964475,0.00307223755448741,-0.000325983675183081));
#951=CARTESIAN_POINT('',(0.00535373880509887,0.00291295265239282,0.00145186887649852));
#952=CARTESIAN_POINT('',(0.00582399869693593,0.00261783409432073,0.00139530413659363));
#953=CARTESIAN_POINT('',(0.00583590600733768,0.00213176497419638,0.00112172272294254));
#954=CARTESIAN_POINT('',(0.00513652151679716,0.00204829684997007,0.00293622393865336));
#955=CARTESIAN_POINT('',(0.00558559281210027,0.00169316124510113,0.00285256203257029));
#956=CARTESIAN_POINT('',(0.00551722255972948,0.00119306197346293,0.00256854507258009));
#957=CARTESIAN_POINT('',(0.00496350686174427,0.00119077513332843,0.00442290223522312));
#958=CARTESIAN_POINT('',(0.00535070545961915,0.000776706563537759,0.00429400779894408));
#959=CARTESIAN_POINT('',(0.00517476942675184,0.000291768352519645,0.00402592058510888));
#960=CARTESIAN_POINT('',(2.60208521396521E-18,0.00584529946162075,-0.001));
#961=CARTESIAN_POINT('',(-0.000486400856762355,0.00671903523778013,2.05722655393146E-07));
#962=CARTESIAN_POINT('',(-0.000334776902421616,0.00680344293094019,4.76888567691894E-06));
#963=CARTESIAN_POINT('',(6.15853095205403E-06,0.00689049050646555,-5.81000595545643E-06));
#964=CARTESIAN_POINT('',(0.000352189285697075,0.0067966634210971,-4.0698309402688E-05));
#965=CARTESIAN_POINT('',(0.000500000000000006,0.00671132486540519,-6.56080659560871E-06));
#966=CARTESIAN_POINT('',(-0.000498000119107964,0.00673037098258385,-2.60825044341534E-05));
#967=CARTESIAN_POINT('',(-4.13683095085511E-05,0.00702447105138565,-6.88682176544681E-05));
#968=CARTESIAN_POINT('',(0.000403575491175701,0.0068434883643807,-0.000325983675183082));
#969=CARTESIAN_POINT('',(0.000154178405546977,0.00609295013662945,0.0014518688765042));
#970=CARTESIAN_POINT('',(0.000644888519887361,0.00635264787031753,0.00139530413660378));
#971=CARTESIAN_POINT('',(0.00107179038111268,0.00611992534355187,0.00112172272294774));
#972=CARTESIAN_POINT('',(0.000794383651823087,0.00547250654561314,0.00293622393865865));
#973=CARTESIAN_POINT('',(0.00132647575508086,0.00568384589302065,0.00285256203257656));
#974=CARTESIAN_POINT('',(0.00172538930255631,0.00537458588179014,0.00256854507258545));
#975=CARTESIAN_POINT('',(0.00145051191521491,0.00489391060079313,0.00442290223522312));
#976=CARTESIAN_POINT('',(0.00200270511449976,0.00502220013796715,0.00429400779894408));
#977=CARTESIAN_POINT('',(0.00233470590807357,0.00462736595855395,0.00402592058510888));
#978=CARTESIAN_POINT('',(-0.00506217782649107,0.00292264973081038,-0.001));
#979=CARTESIAN_POINT('',(-0.00606205563322159,0.00293828212051135,2.05722655391874E-07));
#980=CARTESIAN_POINT('',(-0.00605934286260268,0.00311179616337271,4.76888567691724E-06));
#981=CARTESIAN_POINT('',(-0.00596426055765864,0.00345057869748726,-5.81000595545749E-06));
#982=CARTESIAN_POINT('',(-0.005709988540794,0.00370333657890291,-4.06983094026864E-05));
#983=CARTESIAN_POINT('',(-0.00556217782649107,0.00378867513459481,-6.56080659561039E-06));
#984=CARTESIAN_POINT('',(-0.00607767230736523,0.00293390473705675,-2.60825044341557E-05));
#985=CARTESIAN_POINT('',(-0.00610405453340263,0.0034764095187468,-6.88682176544707E-05));
#986=CARTESIAN_POINT('',(-0.00572484702846906,0.00377125080989329,-0.000325983675183084));
#987=CARTESIAN_POINT('',(-0.00519956039954069,0.00317999748422437,0.00145186887650213));
#988=CARTESIAN_POINT('',(-0.0051791101770458,0.00373481377598195,0.00139530413660425));
#989=CARTESIAN_POINT('',(-0.00476411562622462,0.00398816036935112,0.00112172272294658));
#990=CARTESIAN_POINT('',(-0.00434213786496588,0.00342420969564425,0.00293622393865217));
#991=CARTESIAN_POINT('',(-0.00425911705700926,0.0039906846479177,0.0028525620325696));
#992=CARTESIAN_POINT('',(-0.00379183325717441,0.00418152390832664,0.00256854507257483));
#993=CARTESIAN_POINT('',(-0.00351299494652936,0.00370313546746469,0.00442290223522312));
#994=CARTESIAN_POINT('',(-0.00334800034511938,0.00424549357442939,0.00429400779894408));
#995=CARTESIAN_POINT('',(-0.00284006351867827,0.0043355976060343,0.00402592058510888));
#996=CARTESIAN_POINT('',(-0.00557967218825726,-0.0037964662455271,-2.60825044341502E-05));
#997=CARTESIAN_POINT('',(-0.00606268622389408,-0.00354806153263885,-6.8868217654465E-05));
#998=CARTESIAN_POINT('',(-0.00612842251964475,-0.00307223755448741,-0.00032598367518308));
#999=CARTESIAN_POINT('',(-0.00535373880508868,-0.0029129526523962,0.00145186887650213));
#1000=CARTESIAN_POINT('',(-0.00582399869693305,-0.00261783409432263,0.00139530413660223));
#1001=CARTESIAN_POINT('',(-0.00583590600733656,-0.00213176497419844,0.00112172272294752));
#1002=CARTESIAN_POINT('',(-0.00513652151679763,-0.00204829684996913,0.00293622393865379));
#1003=CARTESIAN_POINT('',(-0.00558559281209753,-0.00169316124509664,0.00285256203257283));
#1004=CARTESIAN_POINT('',(-0.00551722255972724,-0.00119306197345696,0.0025685450725854));
#1005=CARTESIAN_POINT('',(-0.00496350686174427,-0.00119077513332843,0.00442290223522312));
#1006=CARTESIAN_POINT('',(-0.00535070545961915,-0.000776706563537759,0.00429400779894408));
#1007=CARTESIAN_POINT('',(-0.00517476942675184,-0.000291768352519646,0.00402592058510888));
#1008=CARTESIAN_POINT('',(-0.00606217782649107,-0.00292264973081037,-6.56080659556507E-06));
#1009=CARTESIAN_POINT('',(-0.00606217782649107,-0.00309405298439098,-4.0843546693653E-05));
#1010=CARTESIAN_POINT('',(-0.00597163681923814,-0.0034373981320176,-5.8712610309886E-06));
#1011=CARTESIAN_POINT('',(-0.00572456881538525,-0.00369164505905361,4.76897317042409E-06));
#1012=CARTESIAN_POINT('',(-0.00557565477645923,-0.00378075311726878,2.0572265539155E-07));
#1013=CARTESIAN_POINT('',(-0.00506217782649107,-0.00292264973081037,-0.001));
#1014=CARTESIAN_POINT('',(-3.46944695195361E-18,-0.00584529946162075,-0.001));
#1015=CARTESIAN_POINT('',(0.000486400856762354,-0.00671903523778014,2.05722655390291E-07));
#1016=CARTESIAN_POINT('',(0.000334776902421614,-0.0068034429309402,4.76888567691423E-06));
#1017=CARTESIAN_POINT('',(-6.15853095205799E-06,-0.00689049050646555,-5.81000595546453E-06));
#1018=CARTESIAN_POINT('',(-0.000352189285697081,-0.00679666342109709,-4.06983094026851E-05));
#1019=CARTESIAN_POINT('',(-0.000500000000000008,-0.00671132486540518,-6.56080659560633E-06));
#1020=CARTESIAN_POINT('',(0.000498000119107966,-0.00673037098258385,-2.60825044341551E-05));
#1021=CARTESIAN_POINT('',(4.13683095085518E-05,-0.00702447105138565,-6.88682176544694E-05));
#1022=CARTESIAN_POINT('',(-0.000403575491175702,-0.0068434883643807,-0.000325983675183084));
#1023=CARTESIAN_POINT('',(-0.000154178405542599,-0.00609295013662722,0.00145186887650376));
#1024=CARTESIAN_POINT('',(-0.000644888519881021,-0.00635264787031434,0.00139530413660526));
#1025=CARTESIAN_POINT('',(-0.00107179038110938,-0.00611992534355399,0.0011217227229465));
#1026=CARTESIAN_POINT('',(-0.000794383651826295,-0.00547250654561392,0.00293622393865782));
#1027=CARTESIAN_POINT('',(-0.00132647575508558,-0.00568384589301954,0.0028525620325747));
#1028=CARTESIAN_POINT('',(-0.00172538930255871,-0.00537458588178727,0.00256854507258467));
#1029=CARTESIAN_POINT('',(-0.00145051191521491,-0.00489391060079313,0.00442290223522312));
#1030=CARTESIAN_POINT('',(-0.00200270511449976,-0.00502220013796715,0.00429400779894408));
#1031=CARTESIAN_POINT('',(-0.00233470590807357,-0.00462736595855395,0.00402592058510888));
#1032=CARTESIAN_POINT('',(0.00506217782649107,-0.00292264973081038,-0.001));
#1033=CARTESIAN_POINT('',(0.00606205563322159,-0.00293828212051135,2.05722655393156E-07));
#1034=CARTESIAN_POINT('',(0.00605934286260268,-0.00311179616337272,4.76888567691855E-06));
#1035=CARTESIAN_POINT('',(0.00596426055765864,-0.00345057869748725,-5.81000595544681E-06));
#1036=CARTESIAN_POINT('',(0.005709988540794,-0.00370333657890291,-4.06983094026903E-05));
#1037=CARTESIAN_POINT('',(0.00556217782649107,-0.00378867513459481,-6.56080659561599E-06));
#1038=CARTESIAN_POINT('',(0.00607767230736523,-0.00293390473705675,-2.60825044341529E-05));
#1039=CARTESIAN_POINT('',(0.00610405453340263,-0.0034764095187468,-6.88682176544675E-05));
#1040=CARTESIAN_POINT('',(0.00572484702846905,-0.00377125080989329,-0.000325983675183081));
#1041=CARTESIAN_POINT('',(0.00519956039954135,-0.00317999748423345,0.00145186887650106));
#1042=CARTESIAN_POINT('',(0.00517911017704465,-0.00373481377598935,0.00139530413660095));
#1043=CARTESIAN_POINT('',(0.00476411562622265,-0.00398816036935307,0.00112172272294355));
#1044=CARTESIAN_POINT('',(0.00434213786496491,-0.0034242096956466,0.00293622393865216));
#1045=CARTESIAN_POINT('',(0.0042591170570017,-0.00399068464792213,0.00285256203256922));
#1046=CARTESIAN_POINT('',(0.00379183325716555,-0.00418152390832812,0.00256854507258087));
#1047=CARTESIAN_POINT('',(0.00351299494652936,-0.00370313546746469,0.00442290223522312));
#1048=CARTESIAN_POINT('',(0.00334800034511939,-0.00424549357442939,0.00429400779894408));
#1049=CARTESIAN_POINT('',(0.00284006351867827,-0.0043355976060343,0.00402592058510888));
#1050=MECHANICAL_DESIGN_GEOMETRIC_PRESENTATION_REPRESENTATION('',(#536),#1051);
#1051=(
GEOMETRIC_REPRESENTATION_CONTEXT(3)
GLOBAL_UNCERTAINTY_ASSIGNED_CONTEXT((#1052))
GLOBAL_UNIT_ASSIGNED_CONTEXT((#1055,#1054,#1053))
REPRESENTATION_CONTEXT('hexagon_foot','TOP_LEVEL_ASSEMBLY_PART')
);
#1052=UNCERTAINTY_MEASURE_WITH_UNIT(LENGTH_MEASURE(2.E-05),#1055,'DISTANCE_ACCURACY_VALUE','Maximum Tolerance applied to model');
#1053=(
NAMED_UNIT(*)
SI_UNIT($,.STERADIAN.)
SOLID_ANGLE_UNIT()
);
#1054=(
NAMED_UNIT(*)
PLANE_ANGLE_UNIT()
SI_UNIT($,.RADIAN.)
);
#1055=(
LENGTH_UNIT()
NAMED_UNIT(*)
SI_UNIT($,.METRE.)
);
#1056=PRODUCT_DEFINITION_SHAPE('','',#1057);
#1057=PRODUCT_DEFINITION('','',#1059,#1058);
#1058=PRODUCT_DEFINITION_CONTEXT('',#1065,'design');
#1059=PRODUCT_DEFINITION_FORMATION_WITH_SPECIFIED_SOURCE('','',#1061,.NOT_KNOWN.);
#1060=PRODUCT_RELATED_PRODUCT_CATEGORY('','',(#1061));
#1061=PRODUCT('hexagon_foot','hexagon_foot','hexagon_foot',(#1063));
#1062=PRODUCT_CATEGORY('','');
#1063=PRODUCT_CONTEXT('',#1065,'mechanical');
#1064=APPLICATION_PROTOCOL_DEFINITION('international standard','ap242_managed_model_based_3d_engineering',2020,#1065);
#1065=APPLICATION_CONTEXT('managed model based 3d engineering');
#1066=COMPOSITE_SHAPE_ASPECT('hole_callout.FRiQIdnVBLCFjNZ_2.JHD.0',$,#1056,$);
#1067=SHAPE_ASPECT('hole_callout.FRiQIdnVBLCFjNZ_2.JHD.0',$,#1056,.T.);
#1068=GEOMETRIC_ITEM_SPECIFIC_USAGE('','',#1067,#11,#521);
#1069=SHAPE_ASPECT_RELATIONSHIP('','',#1066,#1067);
#1070=SHAPE_ASPECT('hole_callout.FRiQIdnVBLCFjNZ_2.JHD.0',$,#1056,.T.);
#1071=GEOMETRIC_ITEM_SPECIFIC_USAGE('','',#1070,#11,#519);
#1072=SHAPE_ASPECT_RELATIONSHIP('','',#1066,#1070);
#1073=SHAPE_ASPECT('hole_callout.FRiQIdnVBLCFjNZ_2.JHD.0',$,#1056,.T.);
#1074=GEOMETRIC_ITEM_SPECIFIC_USAGE('','',#1073,#11,#520);
#1075=SHAPE_ASPECT_RELATIONSHIP('','',#1066,#1073);
#1076=DIMENSIONAL_SIZE(#1066,'diameter');
#1077=(
LENGTH_UNIT()
NAMED_UNIT(*)
SI_UNIT(.MILLI.,.METRE.)
);
#1079=PRECISION_QUALIFIER(3);
#1078=(
LENGTH_MEASURE_WITH_UNIT()
MEASURE_REPRESENTATION_ITEM()
MEASURE_WITH_UNIT(POSITIVE_LENGTH_MEASURE(3.2),#1077)
QUALIFIED_REPRESENTATION_ITEM((#1079))
REPRESENTATION_ITEM('nominal value')
);
#1080=COMPOUND_REPRESENTATION_ITEM('modifiers',SET_REPRESENTATION_ITEM((#1081)));
#1081=DESCRIPTIVE_REPRESENTATION_ITEM('dimensional note','diameter');
#1082=SHAPE_DIMENSION_REPRESENTATION('',(#1078,#1080),#1051);
#1083=DIMENSIONAL_CHARACTERISTIC_REPRESENTATION(#1076,#1082);
#1084=DIMENSIONAL_SIZE(#1066,'depth');
#1085=(
LENGTH_UNIT()
NAMED_UNIT(*)
SI_UNIT(.MILLI.,.METRE.)
);
#1087=PRECISION_QUALIFIER(3);
#1086=(
LENGTH_MEASURE_WITH_UNIT()
MEASURE_REPRESENTATION_ITEM()
MEASURE_WITH_UNIT(POSITIVE_LENGTH_MEASURE(3.5),#1085)
QUALIFIED_REPRESENTATION_ITEM((#1087))
REPRESENTATION_ITEM('nominal value')
);
#1088=COMPOUND_REPRESENTATION_ITEM('modifiers',SET_REPRESENTATION_ITEM((#1089)));
#1089=DESCRIPTIVE_REPRESENTATION_ITEM('dimensional note','depth');
#1090=SHAPE_DIMENSION_REPRESENTATION('',(#1086,#1088),#1051);
#1091=DIMENSIONAL_CHARACTERISTIC_REPRESENTATION(#1084,#1090);
#1092=DIMENSIONAL_SIZE(#1066,'diameter');
#1093=(
LENGTH_UNIT()
NAMED_UNIT(*)
SI_UNIT(.MILLI.,.METRE.)
);
#1095=PRECISION_QUALIFIER(3);
#1094=(
LENGTH_MEASURE_WITH_UNIT()
MEASURE_REPRESENTATION_ITEM()
MEASURE_WITH_UNIT(POSITIVE_LENGTH_MEASURE(6.5),#1093)
QUALIFIED_REPRESENTATION_ITEM((#1095))
REPRESENTATION_ITEM('nominal value')
);
#1096=COMPOUND_REPRESENTATION_ITEM('modifiers',SET_REPRESENTATION_ITEM((#1097,#1098)));
#1097=DESCRIPTIVE_REPRESENTATION_ITEM('dimensional note','counterbore');
#1098=DESCRIPTIVE_REPRESENTATION_ITEM('dimensional note','diameter');
#1099=SHAPE_DIMENSION_REPRESENTATION('',(#1094,#1096),#1051);
#1100=DIMENSIONAL_CHARACTERISTIC_REPRESENTATION(#1092,#1099);
#1101=PRESENTATION_STYLE_ASSIGNMENT((NULL_STYLE(.NULL.)));
#1102=CARTESIAN_POINT('',(0.,0.,0.0034));
#1103=DIRECTION('',(0.,0.,1.));
#1104=DIRECTION('',(1.,0.,0.));
#1105=AXIS2_PLACEMENT_3D('',#1102,#1103,#1104);
#1106=PLANE('',#1105);
#1107=ANNOTATION_PLANE('',(#1101),#1106,(#1134));
#1108=CARTESIAN_POINT('',(0.,0.,0.));
#1109=DIRECTION('',(0.,0.,1.));
#1110=DIRECTION('',(1.,0.,0.));
#1111=AXIS2_PLACEMENT_3D('',#1108,#1109,#1110);
#1112=CARTESIAN_POINT('',(0.,0.,0.));
#1113=DIRECTION('',(0.,0.,1.));
#1114=DIRECTION('',(1.,0.,0.));
#1115=AXIS2_PLACEMENT_3D('',#1112,#1113,#1114);
#1116=SHAPE_REPRESENTATION('',(#1115,#544),#1051);
#1117=REPRESENTATION_MAP(#1111,#1116);
#1118=MAPPED_ITEM('',#1117,#1111);
#1119=PRESENTATION_STYLE_ASSIGNMENT((NULL_STYLE(.NULL.)));
#1120=STYLED_ITEM('',(#1119),#1118);
#1121=DRAUGHTING_MODEL('',(#1107,#1111,#1118,#1120),#1051);
#1122=DRAUGHTING_PRE_DEFINED_CURVE_FONT('continuous');
#1123=COLOUR_RGB('',0.,0.,0.);
#1124=CURVE_STYLE('',#1122,POSITIVE_LENGTH_MEASURE(0.02),#1123);
#1125=PRESENTATION_STYLE_ASSIGNMENT((#1124));
#1126=COORDINATES_LIST('coordinates',4692,((0.0022981,0.0022981,0.0034000),(0.0037123,0.0051265,0.0034000),(0.0051265,0.0037123,0.0034000),(0.0174810,0.0149858,0.0034000),(0.0174810,0.0183990,0.0034000),(0.0174648,0.0184807,0.0034000),(0.0174810,0.0149858,0.0034000),(0.0174648,0.0184807,0.0034000),(0.0174164,0.0185503,0.0034000),(0.0174810,0.0149858,0.0034000),(0.0174164,0.0185503,0.0034000),(0.0173465,0.0185979,0.0034000),(0.0174810,0.0149858,0.0034000),(0.0173465,0.0185979,0.0034000),(0.0172640,0.0186138,0.0034000),(0.0174810,0.0149858,0.0034000),(0.0172640,0.0186138,0.0034000),(0.0171814,0.0185979,0.0034000),(0.0174810,0.0149858,0.0034000),(0.0171814,0.0185979,0.0034000),(0.0171116,0.0185503,0.0034000),(0.0174810,0.0149858,0.0034000),(0.0171116,0.0185503,0.0034000),(0.0170640,0.0184807,0.0034000),(0.0174810,0.0149858,0.0034000),(0.0170640,0.0184807,0.0034000),(0.0170481,0.0183990,0.0034000),(0.0174810,0.0149858,0.0034000),(0.0170481,0.0183990,0.0034000),(0.0170481,0.0147710,0.0034000),(0.0243030,0.0149858,0.0034000),(0.0174810,0.0149858,0.0034000),(0.0170481,0.0147710,0.0034000),(0.0243030,0.0149858,0.0034000),(0.0170481,0.0147710,0.0034000),(0.0170637,0.0146861,0.0034000),(0.0243030,0.0149858,0.0034000),(0.0170637,0.0146861,0.0034000),(0.0171105,0.0146175,0.0034000),(0.0243030,0.0149858,0.0034000),(0.0171105,0.0146175,0.0034000),(0.0171804,0.0145715,0.0034000),(0.0243030,0.0149858,0.0034000),(0.0171804,0.0145715,0.0034000),(0.0172651,0.0145561,0.0034000),(0.0243030,0.0149858,0.0034000),(0.0172651,0.0145561,0.0034000),(0.0245189,0.0145561,0.0034000),(0.0243030,0.0149858,0.0034000),(0.0245189,0.0145561,0.0034000),(0.0246033,0.0145715,0.0034000),(0.0243030,0.0149858,0.0034000),(0.0246033,0.0145715,0.0034000),(0.0246723,0.0146175,0.0034000),(0.0243030,0.0149858,0.0034000),(0.0246723,0.0146175,0.0034000),(0.0247184,0.0146861,0.0034000),(0.0243030,0.0149858,0.0034000),(0.0247184,0.0146861,0.0034000),(0.0247337,0.0147710,0.0034000),(0.0243030,0.0149858,0.0034000),(0.0247337,0.0147710,0.0034000),(0.0247337,0.0183990,0.0034000),(0.0243030,0.0149858,0.0034000),(0.0247337,0.0183990,0.0034000),(0.0247178,0.0184807,0.0034000),(0.0243030,0.0149858,0.0034000),(0.0247178,0.0184807,0.0034000),(0.0246702,0.0185503,0.0034000),(0.0243030,0.0149858,0.0034000),(0.0246702,0.0185503,0.0034000),(0.0246006,0.0185979,0.0034000),(0.0243030,0.0149858,0.0034000),(0.0246006,0.0185979,0.0034000),(0.0245189,0.0186138,0.0034000),(0.0243030,0.0149858,0.0034000),(0.0245189,0.0186138,0.0034000),(0.0244369,0.0185979,0.0034000),(0.0243030,0.0149858,0.0034000),(0.0244369,0.0185979,0.0034000),(0.0243665,0.0185503,0.0034000),(0.0243030,0.0149858,0.0034000),(0.0243665,0.0185503,0.0034000),(0.0243188,0.0184807,0.0034000),(0.0243030,0.0149858,0.0034000),(0.0243188,0.0184807,0.0034000),(0.0243030,0.0183990,0.0034000),(0.0265897,0.0147318,0.0034000),(0.0266868,0.0146912,0.0034000),(0.0267848,0.0146559,0.0034000),(0.0265897,0.0147318,0.0034000),(0.0267848,0.0146559,0.0034000),(0.0268838,0.0146261,0.0034000),(0.0265897,0.0147318,0.0034000),(0.0268838,0.0146261,0.0034000),(0.0269837,0.0146017,0.0034000),(0.0265897,0.0147318,0.0034000),(0.0269837,0.0146017,0.0034000),(0.0270846,0.0145827,0.0034000),(0.0265897,0.0147318,0.0034000),(0.0270846,0.0145827,0.0034000),(0.0271864,0.0145691,0.0034000),(0.0265897,0.0147318,0.0034000),(0.0271864,0.0145691,0.0034000),(0.0272892,0.0145610,0.0034000),(0.0265897,0.0147318,0.0034000),(0.0272892,0.0145610,0.0034000),(0.0273930,0.0145583,0.0034000),(0.0265897,0.0147318,0.0034000),(0.0273930,0.0145583,0.0034000),(0.0275288,0.0145626,0.0034000),(0.0265897,0.0147318,0.0034000),(0.0275288,0.0145626,0.0034000),(0.0276620,0.0145755,0.0034000),(0.0265897,0.0147318,0.0034000),(0.0276620,0.0145755,0.0034000),(0.0277927,0.0145971,0.0034000),(0.0265897,0.0147318,0.0034000),(0.0277927,0.0145971,0.0034000),(0.0279209,0.0146273,0.0034000),(0.0265897,0.0147318,0.0034000),(0.0279209,0.0146273,0.0034000),(0.0280465,0.0146662,0.0034000),(0.0265897,0.0147318,0.0034000),(0.0280465,0.0146662,0.0034000),(0.0281695,0.0147136,0.0034000),(0.0265897,0.0147318,0.0034000),(0.0281695,0.0147136,0.0034000),(0.0282900,0.0147697,0.0034000),(0.0265897,0.0147318,0.0034000),(0.0282900,0.0147697,0.0034000),(0.0284080,0.0148345,0.0034000),(0.0265897,0.0147318,0.0034000),(0.0284080,0.0148345,0.0034000),(0.0285215,0.0149069,0.0034000),(0.0265897,0.0147318,0.0034000),(0.0285215,0.0149069,0.0034000),(0.0286289,0.0149854,0.0034000),(0.0265897,0.0147318,0.0034000),(0.0286289,0.0149854,0.0034000),(0.0287300,0.0150701,0.0034000),(0.0265897,0.0147318,0.0034000),(0.0287300,0.0150701,0.0034000),(0.0288249,0.0151610,0.0034000),(0.0265897,0.0147318,0.0034000),(0.0288249,0.0151610,0.0034000),(0.0289136,0.0152580,0.0034000),(0.0289136,0.0152580,0.0034000),(0.0289961,0.0153611,0.0034000),(0.0290724,0.0154704,0.0034000),(0.0289136,0.0152580,0.0034000),(0.0290724,0.0154704,0.0034000),(0.0291424,0.0155859,0.0034000),(0.0289136,0.0152580,0.0034000),(0.0291424,0.0155859,0.0034000),(0.0292054,0.0157057,0.0034000),(0.0289136,0.0152580,0.0034000),(0.0292054,0.0157057,0.0034000),(0.0292600,0.0158279,0.0034000),(0.0289136,0.0152580,0.0034000),(0.0292600,0.0158279,0.0034000),(0.0293062,0.0159527,0.0034000),(0.0289136,0.0152580,0.0034000),(0.0293062,0.0159527,0.0034000),(0.0293441,0.0160799,0.0034000),(0.0289136,0.0152580,0.0034000),(0.0293441,0.0160799,0.0034000),(0.0293735,0.0162096,0.0034000),(0.0289136,0.0152580,0.0034000),(0.0293735,0.0162096,0.0034000),(0.0293945,0.0163418,0.0034000),(0.0289136,0.0152580,0.0034000),(0.0293945,0.0163418,0.0034000),(0.0294071,0.0164764,0.0034000),(0.0289136,0.0152580,0.0034000),(0.0294071,0.0164764,0.0034000),(0.0294113,0.0166135,0.0034000),(0.0289136,0.0152580,0.0034000),(0.0294113,0.0166135,0.0034000),(0.0294071,0.0167452,0.0034000),(0.0289136,0.0152580,0.0034000),(0.0294071,0.0167452,0.0034000),(0.0293945,0.0168760,0.0034000),(0.0289136,0.0152580,0.0034000),(0.0293945,0.0168760,0.0034000),(0.0293735,0.0170061,0.0034000),(0.0289136,0.0152580,0.0034000),(0.0293735,0.0170061,0.0034000),(0.0293441,0.0171353,0.0034000),(0.0289136,0.0152580,0.0034000),(0.0293441,0.0171353,0.0034000),(0.0293062,0.0172638,0.0034000),(0.0289136,0.0152580,0.0034000),(0.0293062,0.0172638,0.0034000),(0.0292600,0.0173914,0.0034000),(0.0292600,0.0173914,0.0034000),(0.0288683,0.0172499,0.0034000),(0.0289048,0.0171521,0.0034000),(0.0292600,0.0173914,0.0034000),(0.0289048,0.0171521,0.0034000),(0.0289347,0.0170509,0.0034000),(0.0292600,0.0173914,0.0034000),(0.0289347,0.0170509,0.0034000),(0.0289580,0.0169465,0.0034000),(0.0292600,0.0173914,0.0034000),(0.0289580,0.0169465,0.0034000),(0.0289746,0.0168388,0.0034000),(0.0292600,0.0173914,0.0034000),(0.0289746,0.0168388,0.0034000),(0.0289846,0.0167278,0.0034000),(0.0292600,0.0173914,0.0034000),(0.0289846,0.0167278,0.0034000),(0.0289879,0.0166135,0.0034000),(0.0292600,0.0173914,0.0034000),(0.0289879,0.0166135,0.0034000),(0.0289846,0.0165035,0.0034000),(0.0289136,0.0152580,0.0034000),(0.0292600,0.0173914,0.0034000),(0.0289846,0.0165035,0.0034000),(0.0289136,0.0152580,0.0034000),(0.0289846,0.0165035,0.0034000),(0.0289745,0.0163957,0.0034000),(0.0289136,0.0152580,0.0034000),(0.0289745,0.0163957,0.0034000),(0.0289577,0.0162900,0.0034000),(0.0289136,0.0152580,0.0034000),(0.0289577,0.0162900,0.0034000),(0.0289342,0.0161865,0.0034000),(0.0289136,0.0152580,0.0034000),(0.0289342,0.0161865,0.0034000),(0.0289040,0.0160852,0.0034000),(0.0289136,0.0152580,0.0034000),(0.0289040,0.0160852,0.0034000),(0.0288671,0.0159861,0.0034000),(0.0289136,0.0152580,0.0034000),(0.0288671,0.0159861,0.0034000),(0.0288234,0.0158892,0.0034000),(0.0289136,0.0152580,0.0034000),(0.0288234,0.0158892,0.0034000),(0.0287731,0.0157944,0.0034000),(0.0289136,0.0152580,0.0034000),(0.0287731,0.0157944,0.0034000),(0.0287172,0.0157032,0.0034000),(0.0289136,0.0152580,0.0034000),(0.0287172,0.0157032,0.0034000),(0.0286566,0.0156169,0.0034000),(0.0289136,0.0152580,0.0034000),(0.0286566,0.0156169,0.0034000),(0.0285912,0.0155354,0.0034000),(0.0289136,0.0152580,0.0034000),(0.0285912,0.0155354,0.0034000),(0.0285209,0.0154589,0.0034000),(0.0289136,0.0152580,0.0034000),(0.0285209,0.0154589,0.0034000),(0.0284459,0.0153873,0.0034000),(0.0289136,0.0152580,0.0034000),(0.0284459,0.0153873,0.0034000),(0.0283661,0.0153205,0.0034000),(0.0289136,0.0152580,0.0034000),(0.0283661,0.0153205,0.0034000),(0.0282815,0.0152587,0.0034000),(0.0289136,0.0152580,0.0034000),(0.0282815,0.0152587,0.0034000),(0.0281921,0.0152017,0.0034000),(0.0289136,0.0152580,0.0034000),(0.0281921,0.0152017,0.0034000),(0.0280995,0.0151506,0.0034000),(0.0289136,0.0152580,0.0034000),(0.0280995,0.0151506,0.0034000),(0.0280048,0.0151063,0.0034000),(0.0289136,0.0152580,0.0034000),(0.0280048,0.0151063,0.0034000),(0.0279080,0.0150689,0.0034000),(0.0289136,0.0152580,0.0034000),(0.0279080,0.0150689,0.0034000),(0.0278092,0.0150382,0.0034000),(0.0265897,0.0147318,0.0034000),(0.0289136,0.0152580,0.0034000),(0.0278092,0.0150382,0.0034000),(0.0265897,0.0147318,0.0034000),(0.0278092,0.0150382,0.0034000),(0.0277083,0.0150144,0.0034000),(0.0265897,0.0147318,0.0034000),(0.0277083,0.0150144,0.0034000),(0.0276053,0.0149973,0.0034000),(0.0265897,0.0147318,0.0034000),(0.0276053,0.0149973,0.0034000),(0.0275002,0.0149871,0.0034000),(0.0265897,0.0147318,0.0034000),(0.0275002,0.0149871,0.0034000),(0.0273930,0.0149837,0.0034000),(0.0265897,0.0147318,0.0034000),(0.0273930,0.0149837,0.0034000),(0.0272394,0.0149908,0.0034000),(0.0265897,0.0147318,0.0034000),(0.0272394,0.0149908,0.0034000),(0.0270898,0.0150120,0.0034000),(0.0265897,0.0147318,0.0034000),(0.0270898,0.0150120,0.0034000),(0.0269441,0.0150474,0.0034000),(0.0265897,0.0147318,0.0034000),(0.0269441,0.0150474,0.0034000),(0.0268025,0.0150970,0.0034000),(0.0265897,0.0147318,0.0034000),(0.0268025,0.0150970,0.0034000),(0.0283995,0.0178804,0.0034000),(0.0260288,0.0137571,0.0034000),(0.0265897,0.0147318,0.0034000),(0.0283995,0.0178804,0.0034000),(0.0288251,0.0173445,0.0034000),(0.0288683,0.0172499,0.0034000),(0.0292600,0.0173914,0.0034000),(0.0287752,0.0174359,0.0034000),(0.0288251,0.0173445,0.0034000),(0.0292600,0.0173914,0.0034000),(0.0287073,0.0175399,0.0034000),(0.0287752,0.0174359,0.0034000),(0.0292600,0.0173914,0.0034000),(0.0286220,0.0176486,0.0034000),(0.0287073,0.0175399,0.0034000),(0.0292600,0.0173914,0.0034000),(0.0285729,0.0177048,0.0034000),(0.0286220,0.0176486,0.0034000),(0.0292600,0.0173914,0.0034000),(0.0285194,0.0177621,0.0034000),(0.0285729,0.0177048,0.0034000),(0.0292600,0.0173914,0.0034000),(0.0284616,0.0178206,0.0034000),(0.0285194,0.0177621,0.0034000),(0.0292600,0.0173914,0.0034000),(0.0283995,0.0178804,0.0034000),(0.0284616,0.0178206,0.0034000),(0.0292600,0.0173914,0.0034000),(0.0283995,0.0178804,0.0034000),(0.0292600,0.0173914,0.0034000),(0.0292054,0.0175183,0.0034000),(0.0283995,0.0178804,0.0034000),(0.0292054,0.0175183,0.0034000),(0.0291424,0.0176444,0.0034000),(0.0283995,0.0178804,0.0034000),(0.0291424,0.0176444,0.0034000),(0.0290923,0.0177311,0.0034000),(0.0283995,0.0178804,0.0034000),(0.0290923,0.0177311,0.0034000),(0.0290375,0.0178145,0.0034000),(0.0283995,0.0178804,0.0034000),(0.0290375,0.0178145,0.0034000),(0.0289781,0.0178946,0.0034000),(0.0283995,0.0178804,0.0034000),(0.0289781,0.0178946,0.0034000),(0.0289141,0.0179714,0.0034000),(0.0283995,0.0178804,0.0034000),(0.0289141,0.0179714,0.0034000),(0.0288455,0.0180449,0.0034000),(0.0283995,0.0178804,0.0034000),(0.0288455,0.0180449,0.0034000),(0.0287724,0.0181151,0.0034000),(0.0283995,0.0178804,0.0034000),(0.0287724,0.0181151,0.0034000),(0.0286946,0.0181819,0.0034000),(0.0283995,0.0178804,0.0034000),(0.0286946,0.0181819,0.0034000),(0.0286122,0.0182455,0.0034000),(0.0283995,0.0178804,0.0034000),(0.0286122,0.0182455,0.0034000),(0.0291541,0.0191980,0.0034000),(0.0260288,0.0137571,0.0034000),(0.0283995,0.0178804,0.0034000),(0.0291541,0.0191980,0.0034000),(0.0260288,0.0137571,0.0034000),(0.0291541,0.0191980,0.0034000),(0.0291827,0.0193017,0.0034000),(0.0260288,0.0137571,0.0034000),(0.0291827,0.0193017,0.0034000),(0.0291752,0.0193620,0.0034000),(0.0260288,0.0137571,0.0034000),(0.0291752,0.0193620,0.0034000),(0.0291366,0.0194372,0.0034000),(0.0260288,0.0137571,0.0034000),(0.0291366,0.0194372,0.0034000),(0.0290715,0.0194912,0.0034000),(0.0260288,0.0137571,0.0034000),(0.0290715,0.0194912,0.0034000),(0.0289689,0.0195218,0.0034000),(0.0260288,0.0137571,0.0034000),(0.0289689,0.0195218,0.0034000),(0.0289085,0.0195144,0.0034000),(0.0260288,0.0137571,0.0034000),(0.0289085,0.0195144,0.0034000),(0.0288329,0.0194758,0.0034000),(0.0260288,0.0137571,0.0034000),(0.0288329,0.0194758,0.0034000),(0.0287773,0.0194107,0.0034000),(0.0260288,0.0137571,0.0034000),(0.0287773,0.0194107,0.0034000),(0.0282418,0.0184826,0.0034000),(0.0282418,0.0184826,0.0034000),(0.0281412,0.0185270,0.0034000),(0.0280373,0.0185654,0.0034000),(0.0282418,0.0184826,0.0034000),(0.0280373,0.0185654,0.0034000),(0.0279301,0.0185980,0.0034000),(0.0282418,0.0184826,0.0034000),(0.0279301,0.0185980,0.0034000),(0.0278195,0.0186246,0.0034000),(0.0282418,0.0184826,0.0034000),(0.0278195,0.0186246,0.0034000),(0.0277057,0.0186454,0.0034000),(0.0282418,0.0184826,0.0034000),(0.0277057,0.0186454,0.0034000),(0.0275885,0.0186602,0.0034000),(0.0282418,0.0184826,0.0034000),(0.0275885,0.0186602,0.0034000),(0.0274681,0.0186690,0.0034000),(0.0282418,0.0184826,0.0034000),(0.0274681,0.0186690,0.0034000),(0.0273443,0.0186720,0.0034000),(0.0282418,0.0184826,0.0034000),(0.0273443,0.0186720,0.0034000),(0.0272197,0.0186677,0.0034000),(0.0282418,0.0184826,0.0034000),(0.0272197,0.0186677,0.0034000),(0.0270962,0.0186547,0.0034000),(0.0282418,0.0184826,0.0034000),(0.0270962,0.0186547,0.0034000),(0.0269738,0.0186330,0.0034000),(0.0282418,0.0184826,0.0034000),(0.0269738,0.0186330,0.0034000),(0.0268525,0.0186027,0.0034000),(0.0282418,0.0184826,0.0034000),(0.0268525,0.0186027,0.0034000),(0.0267322,0.0185637,0.0034000),(0.0282418,0.0184826,0.0034000),(0.0267322,0.0185637,0.0034000),(0.0266131,0.0185160,0.0034000),(0.0282418,0.0184826,0.0034000),(0.0266131,0.0185160,0.0034000),(0.0264950,0.0184597,0.0034000),(0.0282418,0.0184826,0.0034000),(0.0264950,0.0184597,0.0034000),(0.0263781,0.0183947,0.0034000),(0.0282418,0.0184826,0.0034000),(0.0263781,0.0183947,0.0034000),(0.0262650,0.0183226,0.0034000),(0.0282418,0.0184826,0.0034000),(0.0262650,0.0183226,0.0034000),(0.0261579,0.0182442,0.0034000),(0.0282418,0.0184826,0.0034000),(0.0261579,0.0182442,0.0034000),(0.0260570,0.0181596,0.0034000),(0.0282418,0.0184826,0.0034000),(0.0260570,0.0181596,0.0034000),(0.0259621,0.0180688,0.0034000),(0.0282418,0.0184826,0.0034000),(0.0259621,0.0180688,0.0034000),(0.0258734,0.0179717,0.0034000),(0.0258734,0.0179717,0.0034000),(0.0257907,0.0178685,0.0034000),(0.0257141,0.0177590,0.0034000),(0.0258734,0.0179717,0.0034000),(0.0257141,0.0177590,0.0034000),(0.0256436,0.0176433,0.0034000),(0.0258734,0.0179717,0.0034000),(0.0256436,0.0176433,0.0034000),(0.0255803,0.0175235,0.0034000),(0.0258734,0.0179717,0.0034000),(0.0255803,0.0175235,0.0034000),(0.0255255,0.0174011,0.0034000),(0.0258734,0.0179717,0.0034000),(0.0255255,0.0174011,0.0034000),(0.0254791,0.0172762,0.0034000),(0.0258734,0.0179717,0.0034000),(0.0254791,0.0172762,0.0034000),(0.0254412,0.0171488,0.0034000),(0.0258734,0.0179717,0.0034000),(0.0254412,0.0171488,0.0034000),(0.0254117,0.0170188,0.0034000),(0.0258734,0.0179717,0.0034000),(0.0254117,0.0170188,0.0034000),(0.0253906,0.0168863,0.0034000),(0.0258734,0.0179717,0.0034000),(0.0253906,0.0168863,0.0034000),(0.0253779,0.0167512,0.0034000),(0.0258734,0.0179717,0.0034000),(0.0253779,0.0167512,0.0034000),(0.0253737,0.0166135,0.0034000),(0.0258734,0.0179717,0.0034000),(0.0253737,0.0166135,0.0034000),(0.0253779,0.0164755,0.0034000),(0.0258734,0.0179717,0.0034000),(0.0253779,0.0164755,0.0034000),(0.0253905,0.0163402,0.0034000),(0.0258734,0.0179717,0.0034000),(0.0253905,0.0163402,0.0034000),(0.0254115,0.0162076,0.0034000),(0.0258734,0.0179717,0.0034000),(0.0254115,0.0162076,0.0034000),(0.0254409,0.0160778,0.0034000),(0.0258734,0.0179717,0.0034000),(0.0254409,0.0160778,0.0034000),(0.0254787,0.0159507,0.0034000),(0.0258734,0.0179717,0.0034000),(0.0254787,0.0159507,0.0034000),(0.0255249,0.0158263,0.0034000),(0.0258734,0.0179717,0.0034000),(0.0255249,0.0158263,0.0034000),(0.0255795,0.0157048,0.0034000),(0.0258734,0.0179717,0.0034000),(0.0255795,0.0157048,0.0034000),(0.0256425,0.0155859,0.0034000),(0.0256425,0.0155859,0.0034000),(0.0260108,0.0157944,0.0034000),(0.0259615,0.0158891,0.0034000),(0.0256425,0.0155859,0.0034000),(0.0259615,0.0158891,0.0034000),(0.0259187,0.0159860,0.0034000),(0.0256425,0.0155859,0.0034000),(0.0259187,0.0159860,0.0034000),(0.0258825,0.0160851,0.0034000),(0.0256425,0.0155859,0.0034000),(0.0258825,0.0160851,0.0034000),(0.0258529,0.0161862,0.0034000),(0.0256425,0.0155859,0.0034000),(0.0258529,0.0161862,0.0034000),(0.0258298,0.0162896,0.0034000),(0.0256425,0.0155859,0.0034000),(0.0258298,0.0162896,0.0034000),(0.0258134,0.0163951,0.0034000),(0.0256425,0.0155859,0.0034000),(0.0258134,0.0163951,0.0034000),(0.0258035,0.0165027,0.0034000),(0.0256425,0.0155859,0.0034000),(0.0258035,0.0165027,0.0034000),(0.0258002,0.0166125,0.0034000),(0.0256425,0.0155859,0.0034000),(0.0258002,0.0166125,0.0034000),(0.0258036,0.0167223,0.0034000),(0.0258734,0.0179717,0.0034000),(0.0256425,0.0155859,0.0034000),(0.0258036,0.0167223,0.0034000),(0.0258734,0.0179717,0.0034000),(0.0258036,0.0167223,0.0034000),(0.0258136,0.0168300,0.0034000),(0.0258734,0.0179717,0.0034000),(0.0258136,0.0168300,0.0034000),(0.0258303,0.0169357,0.0034000),(0.0258734,0.0179717,0.0034000),(0.0258303,0.0169357,0.0034000),(0.0258537,0.0170393,0.0034000),(0.0258734,0.0179717,0.0034000),(0.0258537,0.0170393,0.0034000),(0.0258837,0.0171407,0.0034000),(0.0258734,0.0179717,0.0034000),(0.0258837,0.0171407,0.0034000),(0.0259205,0.0172401,0.0034000),(0.0258734,0.0179717,0.0034000),(0.0259205,0.0172401,0.0034000),(0.0259639,0.0173375,0.0034000),(0.0258734,0.0179717,0.0034000),(0.0259639,0.0173375,0.0034000),(0.0260140,0.0174327,0.0034000),(0.0258734,0.0179717,0.0034000),(0.0260140,0.0174327,0.0034000),(0.0260698,0.0175246,0.0034000),(0.0258734,0.0179717,0.0034000),(0.0260698,0.0175246,0.0034000),(0.0261305,0.0176116,0.0034000),(0.0258734,0.0179717,0.0034000),(0.0261305,0.0176116,0.0034000),(0.0261959,0.0176934,0.0034000),(0.0258734,0.0179717,0.0034000),(0.0261959,0.0176934,0.0034000),(0.0262662,0.0177703,0.0034000),(0.0258734,0.0179717,0.0034000),(0.0262662,0.0177703,0.0034000),(0.0263412,0.0178421,0.0034000),(0.0258734,0.0179717,0.0034000),(0.0263412,0.0178421,0.0034000),(0.0264210,0.0179089,0.0034000),(0.0258734,0.0179717,0.0034000),(0.0264210,0.0179089,0.0034000),(0.0265056,0.0179707,0.0034000),(0.0258734,0.0179717,0.0034000),(0.0265056,0.0179707,0.0034000),(0.0265950,0.0180275,0.0034000),(0.0258734,0.0179717,0.0034000),(0.0265950,0.0180275,0.0034000),(0.0266871,0.0180786,0.0034000),(0.0258734,0.0179717,0.0034000),(0.0266871,0.0180786,0.0034000),(0.0267797,0.0181229,0.0034000),(0.0258734,0.0179717,0.0034000),(0.0267797,0.0181229,0.0034000),(0.0268728,0.0181603,0.0034000),(0.0258734,0.0179717,0.0034000),(0.0268728,0.0181603,0.0034000),(0.0269665,0.0181910,0.0034000),(0.0258734,0.0179717,0.0034000),(0.0269665,0.0181910,0.0034000),(0.0270607,0.0182148,0.0034000),(0.0282418,0.0184826,0.0034000),(0.0258734,0.0179717,0.0034000),(0.0270607,0.0182148,0.0034000),(0.0282418,0.0184826,0.0034000),(0.0270607,0.0182148,0.0034000),(0.0271554,0.0182319,0.0034000),(0.0282418,0.0184826,0.0034000),(0.0271554,0.0182319,0.0034000),(0.0272507,0.0182421,0.0034000),(0.0282418,0.0184826,0.0034000),(0.0272507,0.0182421,0.0034000),(0.0273464,0.0182455,0.0034000),(0.0282418,0.0184826,0.0034000),(0.0273464,0.0182455,0.0034000),(0.0273528,0.0182455,0.0034000),(0.0282418,0.0184826,0.0034000),(0.0273528,0.0182455,0.0034000),(0.0274465,0.0182434,0.0034000),(0.0282418,0.0184826,0.0034000),(0.0274465,0.0182434,0.0034000),(0.0275377,0.0182372,0.0034000),(0.0282418,0.0184826,0.0034000),(0.0275377,0.0182372,0.0034000),(0.0276263,0.0182267,0.0034000),(0.0282418,0.0184826,0.0034000),(0.0276263,0.0182267,0.0034000),(0.0277124,0.0182122,0.0034000),(0.0282418,0.0184826,0.0034000),(0.0277124,0.0182122,0.0034000),(0.0277959,0.0181934,0.0034000),(0.0282418,0.0184826,0.0034000),(0.0277959,0.0181934,0.0034000),(0.0278769,0.0181705,0.0034000),(0.0282418,0.0184826,0.0034000),(0.0278769,0.0181705,0.0034000),(0.0279553,0.0181434,0.0034000),(0.0282418,0.0184826,0.0034000),(0.0279553,0.0181434,0.0034000),(0.0280312,0.0181121,0.0034000),(0.0260288,0.0137571,0.0034000),(0.0282418,0.0184826,0.0034000),(0.0280312,0.0181121,0.0034000),(0.0260288,0.0137571,0.0034000),(0.0280312,0.0181121,0.0034000),(0.0264268,0.0153171,0.0034000),(0.0260288,0.0137571,0.0034000),(0.0264268,0.0153171,0.0034000),(0.0263063,0.0154199,0.0034000),(0.0260532,0.0157251,0.0034000),(0.0260108,0.0157944,0.0034000),(0.0256425,0.0155859,0.0034000),(0.0260983,0.0156586,0.0034000),(0.0260532,0.0157251,0.0034000),(0.0256425,0.0155859,0.0034000),(0.0261968,0.0155338,0.0034000),(0.0260983,0.0156586,0.0034000),(0.0256425,0.0155859,0.0034000),(0.0263063,0.0154199,0.0034000),(0.0261968,0.0155338,0.0034000),(0.0256425,0.0155859,0.0034000),(0.0263063,0.0154199,0.0034000),(0.0256425,0.0155859,0.0034000),(0.0257005,0.0154909,0.0034000),(0.0263063,0.0154199,0.0034000),(0.0257005,0.0154909,0.0034000),(0.0257621,0.0153999,0.0034000),(0.0263063,0.0154199,0.0034000),(0.0257621,0.0153999,0.0034000),(0.0258275,0.0153131,0.0034000),(0.0263063,0.0154199,0.0034000),(0.0258275,0.0153131,0.0034000),(0.0258965,0.0152303,0.0034000),(0.0263063,0.0154199,0.0034000),(0.0258965,0.0152303,0.0034000),(0.0259693,0.0151517,0.0034000),(0.0263063,0.0154199,0.0034000),(0.0259693,0.0151517,0.0034000),(0.0260458,0.0150771,0.0034000),(0.0263063,0.0154199,0.0034000),(0.0260458,0.0150771,0.0034000),(0.0261259,0.0150067,0.0034000),(0.0263063,0.0154199,0.0034000),(0.0261259,0.0150067,0.0034000),(0.0262098,0.0149403,0.0034000),(0.0260288,0.0137571,0.0034000),(0.0263063,0.0154199,0.0034000),(0.0262098,0.0149403,0.0034000),(0.0260288,0.0137571,0.0034000),(0.0262098,0.0149403,0.0034000),(0.0256542,0.0139698,0.0034000),(0.0260288,0.0137571,0.0034000),(0.0256542,0.0139698,0.0034000),(0.0256267,0.0138682,0.0034000),(0.0260288,0.0137571,0.0034000),(0.0256267,0.0138682,0.0034000),(0.0256330,0.0138079,0.0034000),(0.0260288,0.0137571,0.0034000),(0.0256330,0.0138079,0.0034000),(0.0256722,0.0137309,0.0034000),(0.0260288,0.0137571,0.0034000),(0.0256722,0.0137309,0.0034000),(0.0257346,0.0136756,0.0034000),(0.0260288,0.0137571,0.0034000),(0.0257346,0.0136756,0.0034000),(0.0258394,0.0136481,0.0034000),(0.0260288,0.0137571,0.0034000),(0.0258394,0.0136481,0.0034000),(0.0258997,0.0136555,0.0034000),(0.0260288,0.0137571,0.0034000),(0.0258997,0.0136555,0.0034000),(0.0259722,0.0136910,0.0034000),(0.0319914,0.0156736,0.0034000),(0.0319968,0.0158082,0.0034000),(0.0319955,0.0159114,0.0034000),(0.0319914,0.0156736,0.0034000),(0.0319955,0.0159114,0.0034000),(0.0319916,0.0160107,0.0034000),(0.0319914,0.0156736,0.0034000),(0.0319916,0.0160107,0.0034000),(0.0319852,0.0161059,0.0034000),(0.0319914,0.0156736,0.0034000),(0.0319852,0.0161059,0.0034000),(0.0319761,0.0161970,0.0034000),(0.0319914,0.0156736,0.0034000),(0.0319761,0.0161970,0.0034000),(0.0319645,0.0162841,0.0034000),(0.0319914,0.0156736,0.0034000),(0.0319645,0.0162841,0.0034000),(0.0319503,0.0163672,0.0034000),(0.0319914,0.0156736,0.0034000),(0.0319503,0.0163672,0.0034000),(0.0319336,0.0164462,0.0034000),(0.0319914,0.0156736,0.0034000),(0.0319336,0.0164462,0.0034000),(0.0319142,0.0165212,0.0034000),(0.0319914,0.0156736,0.0034000),(0.0319142,0.0165212,0.0034000),(0.0318678,0.0166590,0.0034000),(0.0319914,0.0156736,0.0034000),(0.0318678,0.0166590,0.0034000),(0.0318110,0.0167807,0.0034000),(0.0319914,0.0156736,0.0034000),(0.0318110,0.0167807,0.0034000),(0.0317440,0.0168862,0.0034000),(0.0319914,0.0156736,0.0034000),(0.0317440,0.0168862,0.0034000),(0.0316666,0.0169755,0.0034000),(0.0319914,0.0156736,0.0034000),(0.0316666,0.0169755,0.0034000),(0.0315871,0.0170450,0.0034000),(0.0319914,0.0156736,0.0034000),(0.0315871,0.0170450,0.0034000),(0.0315052,0.0171051,0.0034000),(0.0319914,0.0156736,0.0034000),(0.0315052,0.0171051,0.0034000),(0.0314210,0.0171561,0.0034000),(0.0319914,0.0156736,0.0034000),(0.0314210,0.0171561,0.0034000),(0.0313345,0.0171977,0.0034000),(0.0319914,0.0156736,0.0034000),(0.0313345,0.0171977,0.0034000),(0.0312456,0.0172302,0.0034000),(0.0319914,0.0156736,0.0034000),(0.0312456,0.0172302,0.0034000),(0.0311544,0.0172533,0.0034000),(0.0319914,0.0156736,0.0034000),(0.0311544,0.0172533,0.0034000),(0.0310608,0.0172672,0.0034000),(0.0310608,0.0172672,0.0034000),(0.0309649,0.0172718,0.0034000),(0.0308763,0.0172683,0.0034000),(0.0310608,0.0172672,0.0034000),(0.0308763,0.0172683,0.0034000),(0.0307908,0.0172576,0.0034000),(0.0310608,0.0172672,0.0034000),(0.0307908,0.0172576,0.0034000),(0.0307085,0.0172398,0.0034000),(0.0310608,0.0172672,0.0034000),(0.0307085,0.0172398,0.0034000),(0.0306294,0.0172149,0.0034000),(0.0310608,0.0172672,0.0034000),(0.0306294,0.0172149,0.0034000),(0.0305535,0.0171829,0.0034000),(0.0310608,0.0172672,0.0034000),(0.0305535,0.0171829,0.0034000),(0.0304807,0.0171438,0.0034000),(0.0310608,0.0172672,0.0034000),(0.0304807,0.0171438,0.0034000),(0.0304111,0.0170976,0.0034000),(0.0310608,0.0172672,0.0034000),(0.0304111,0.0170976,0.0034000),(0.0303447,0.0170443,0.0034000),(0.0314557,0.0179452,0.0034000),(0.0315226,0.0178063,0.0034000),(0.0316057,0.0177110,0.0034000),(0.0314557,0.0179452,0.0034000),(0.0316057,0.0177110,0.0034000),(0.0317216,0.0176581,0.0034000),(0.0313607,0.0180656,0.0034000),(0.0314557,0.0179452,0.0034000),(0.0317216,0.0176581,0.0034000),(0.0313607,0.0180656,0.0034000),(0.0317216,0.0176581,0.0034000),(0.0317976,0.0176897,0.0034000),(0.0313607,0.0180656,0.0034000),(0.0317976,0.0176897,0.0034000),(0.0318584,0.0177356,0.0034000),(0.0312676,0.0181443,0.0034000),(0.0313607,0.0180656,0.0034000),(0.0318584,0.0177356,0.0034000),(0.0312676,0.0181443,0.0034000),(0.0318584,0.0177356,0.0034000),(0.0319343,0.0178708,0.0034000),(0.0311694,0.0182005,0.0034000),(0.0312676,0.0181443,0.0034000),(0.0319343,0.0178708,0.0034000),(0.0311694,0.0182005,0.0034000),(0.0319343,0.0178708,0.0034000),(0.0319280,0.0179449,0.0034000),(0.0311694,0.0182005,0.0034000),(0.0319280,0.0179449,0.0034000),(0.0318789,0.0180617,0.0034000),(0.0310660,0.0182343,0.0034000),(0.0311694,0.0182005,0.0034000),(0.0318789,0.0180617,0.0034000),(0.0310660,0.0182343,0.0034000),(0.0318789,0.0180617,0.0034000),(0.0318174,0.0181709,0.0034000),(0.0309575,0.0182455,0.0034000),(0.0310660,0.0182343,0.0034000),(0.0318174,0.0181709,0.0034000),(0.0309575,0.0182455,0.0034000),(0.0318174,0.0181709,0.0034000),(0.0317434,0.0182724,0.0034000),(0.0309575,0.0182455,0.0034000),(0.0317434,0.0182724,0.0034000),(0.0316570,0.0183661,0.0034000),(0.0308622,0.0182335,0.0034000),(0.0309575,0.0182455,0.0034000),(0.0316570,0.0183661,0.0034000),(0.0308622,0.0182335,0.0034000),(0.0316570,0.0183661,0.0034000),(0.0315804,0.0184378,0.0034000),(0.0308622,0.0182335,0.0034000),(0.0315804,0.0184378,0.0034000),(0.0315006,0.0185000,0.0034000),(0.0307614,0.0181976,0.0034000),(0.0308622,0.0182335,0.0034000),(0.0315006,0.0185000,0.0034000),(0.0307614,0.0181976,0.0034000),(0.0315006,0.0185000,0.0034000),(0.0314178,0.0185525,0.0034000),(0.0307614,0.0181976,0.0034000),(0.0314178,0.0185525,0.0034000),(0.0313319,0.0185955,0.0034000),(0.0306553,0.0181377,0.0034000),(0.0307614,0.0181976,0.0034000),(0.0313319,0.0185955,0.0034000),(0.0306553,0.0181377,0.0034000),(0.0313319,0.0185955,0.0034000),(0.0312429,0.0186290,0.0034000),(0.0305437,0.0180539,0.0034000),(0.0306553,0.0181377,0.0034000),(0.0312429,0.0186290,0.0034000),(0.0305437,0.0180539,0.0034000),(0.0312429,0.0186290,0.0034000),(0.0311508,0.0186529,0.0034000),(0.0305437,0.0180539,0.0034000),(0.0311508,0.0186529,0.0034000),(0.0310557,0.0186672,0.0034000),(0.0304566,0.0179576,0.0034000),(0.0305437,0.0180539,0.0034000),(0.0310557,0.0186672,0.0034000),(0.0304566,0.0179576,0.0034000),(0.0310557,0.0186672,0.0034000),(0.0309575,0.0186720,0.0034000),(0.0304566,0.0179576,0.0034000),(0.0309575,0.0186720,0.0034000),(0.0308724,0.0186674,0.0034000),(0.0304566,0.0179576,0.0034000),(0.0308724,0.0186674,0.0034000),(0.0307868,0.0186536,0.0034000),(0.0303944,0.0178306,0.0034000),(0.0304566,0.0179576,0.0034000),(0.0307868,0.0186536,0.0034000),(0.0303944,0.0178306,0.0034000),(0.0307868,0.0186536,0.0034000),(0.0307009,0.0186306,0.0034000),(0.0303944,0.0178306,0.0034000),(0.0307009,0.0186306,0.0034000),(0.0306146,0.0185985,0.0034000),(0.0303727,0.0177556,0.0034000),(0.0303944,0.0178306,0.0034000),(0.0306146,0.0185985,0.0034000),(0.0303727,0.0177556,0.0034000),(0.0306146,0.0185985,0.0034000),(0.0305279,0.0185571,0.0034000),(0.0303727,0.0177556,0.0034000),(0.0305279,0.0185571,0.0034000),(0.0304407,0.0185065,0.0034000),(0.0303571,0.0176729,0.0034000),(0.0303727,0.0177556,0.0034000),(0.0304407,0.0185065,0.0034000),(0.0303478,0.0175826,0.0034000),(0.0303571,0.0176729,0.0034000),(0.0304407,0.0185065,0.0034000),(0.0303478,0.0175826,0.0034000),(0.0304407,0.0185065,0.0034000),(0.0303532,0.0184467,0.0034000),(0.0303447,0.0174846,0.0034000),(0.0303478,0.0175826,0.0034000),(0.0303532,0.0184467,0.0034000),(0.0303447,0.0174846,0.0034000),(0.0303532,0.0184467,0.0034000),(0.0302653,0.0183778,0.0034000),(0.0303447,0.0170443,0.0034000),(0.0303447,0.0174846,0.0034000),(0.0302653,0.0183778,0.0034000),(0.0303447,0.0170443,0.0034000),(0.0302653,0.0183778,0.0034000),(0.0301835,0.0183013,0.0034000),(0.0303447,0.0170443,0.0034000),(0.0301835,0.0183013,0.0034000),(0.0301125,0.0182151,0.0034000),(0.0303447,0.0170443,0.0034000),(0.0301125,0.0182151,0.0034000),(0.0300525,0.0181194,0.0034000),(0.0303447,0.0170443,0.0034000),(0.0300525,0.0181194,0.0034000),(0.0300034,0.0180140,0.0034000),(0.0303447,0.0170443,0.0034000),(0.0300034,0.0180140,0.0034000),(0.0299652,0.0178990,0.0034000),(0.0303447,0.0170443,0.0034000),(0.0299652,0.0178990,0.0034000),(0.0299379,0.0177743,0.0034000),(0.0303447,0.0170443,0.0034000),(0.0299379,0.0177743,0.0034000),(0.0299215,0.0176401,0.0034000),(0.0303447,0.0170443,0.0034000),(0.0299215,0.0176401,0.0034000),(0.0299161,0.0174962,0.0034000),(0.0303447,0.0170443,0.0034000),(0.0299161,0.0174962,0.0034000),(0.0299161,0.0161765,0.0034000),(0.0310608,0.0172672,0.0034000),(0.0303447,0.0170443,0.0034000),(0.0299161,0.0161765,0.0034000),(0.0299161,0.0161765,0.0034000),(0.0303119,0.0161828,0.0034000),(0.0303274,0.0163081,0.0034000),(0.0299161,0.0161765,0.0034000),(0.0303274,0.0163081,0.0034000),(0.0303738,0.0164310,0.0034000),(0.0299161,0.0161765,0.0034000),(0.0303738,0.0164310,0.0034000),(0.0304512,0.0165515,0.0034000),(0.0310608,0.0172672,0.0034000),(0.0299161,0.0161765,0.0034000),(0.0304512,0.0165515,0.0034000),(0.0310608,0.0172672,0.0034000),(0.0304512,0.0165515,0.0034000),(0.0305595,0.0166696,0.0034000),(0.0310608,0.0172672,0.0034000),(0.0305595,0.0166696,0.0034000),(0.0306551,0.0167474,0.0034000),(0.0310608,0.0172672,0.0034000),(0.0306551,0.0167474,0.0034000),(0.0307545,0.0168030,0.0034000),(0.0310608,0.0172672,0.0034000),(0.0307545,0.0168030,0.0034000),(0.0308578,0.0168363,0.0034000),(0.0310608,0.0172672,0.0034000),(0.0308578,0.0168363,0.0034000),(0.0309649,0.0168474,0.0034000),(0.0310608,0.0172672,0.0034000),(0.0309649,0.0168474,0.0034000),(0.0310706,0.0168363,0.0034000),(0.0310608,0.0172672,0.0034000),(0.0310706,0.0168363,0.0034000),(0.0311729,0.0168030,0.0034000),(0.0310608,0.0172672,0.0034000),(0.0311729,0.0168030,0.0034000),(0.0312717,0.0167474,0.0034000),(0.0310608,0.0172672,0.0034000),(0.0312717,0.0167474,0.0034000),(0.0313671,0.0166696,0.0034000),(0.0310608,0.0172672,0.0034000),(0.0313671,0.0166696,0.0034000),(0.0314555,0.0165411,0.0034000),(0.0319914,0.0156736,0.0034000),(0.0310608,0.0172672,0.0034000),(0.0314555,0.0165411,0.0034000),(0.0319914,0.0156736,0.0034000),(0.0314555,0.0165411,0.0034000),(0.0314902,0.0164549,0.0034000),(0.0319914,0.0156736,0.0034000),(0.0314902,0.0164549,0.0034000),(0.0315187,0.0163543,0.0034000),(0.0319914,0.0156736,0.0034000),(0.0315187,0.0163543,0.0034000),(0.0315408,0.0162390,0.0034000),(0.0319914,0.0156736,0.0034000),(0.0315408,0.0162390,0.0034000),(0.0315566,0.0161093,0.0034000),(0.0319914,0.0156736,0.0034000),(0.0315566,0.0161093,0.0034000),(0.0315660,0.0159649,0.0034000),(0.0319914,0.0156736,0.0034000),(0.0315660,0.0159649,0.0034000),(0.0315692,0.0158060,0.0034000),(0.0319914,0.0156736,0.0034000),(0.0315692,0.0158060,0.0034000),(0.0315658,0.0157146,0.0034000),(0.0319914,0.0156736,0.0034000),(0.0315658,0.0157146,0.0034000),(0.0315557,0.0156281,0.0034000),(0.0319914,0.0156736,0.0034000),(0.0315557,0.0156281,0.0034000),(0.0315388,0.0155466,0.0034000),(0.0319914,0.0156736,0.0034000),(0.0315388,0.0155466,0.0034000),(0.0315152,0.0154700,0.0034000),(0.0319914,0.0156736,0.0034000),(0.0315152,0.0154700,0.0034000),(0.0314478,0.0153318,0.0034000),(0.0319914,0.0156736,0.0034000),(0.0314478,0.0153318,0.0034000),(0.0313533,0.0152134,0.0034000),(0.0319914,0.0156736,0.0034000),(0.0313533,0.0152134,0.0034000),(0.0312620,0.0151374,0.0034000),(0.0303128,0.0160926,0.0034000),(0.0303119,0.0161828,0.0034000),(0.0299161,0.0161765,0.0034000),(0.0303156,0.0160064,0.0034000),(0.0303128,0.0160926,0.0034000),(0.0299161,0.0161765,0.0034000),(0.0303268,0.0158460,0.0034000),(0.0303156,0.0160064,0.0034000),(0.0299161,0.0161765,0.0034000),(0.0303454,0.0157016,0.0034000),(0.0303268,0.0158460,0.0034000),(0.0299161,0.0161765,0.0034000),(0.0303714,0.0155732,0.0034000),(0.0303454,0.0157016,0.0034000),(0.0299161,0.0161765,0.0034000),(0.0304049,0.0154608,0.0034000),(0.0303714,0.0155732,0.0034000),(0.0299161,0.0161765,0.0034000),(0.0304458,0.0153644,0.0034000),(0.0304049,0.0154608,0.0034000),(0.0299161,0.0161765,0.0034000),(0.0304942,0.0152841,0.0034000),(0.0304458,0.0153644,0.0034000),(0.0299161,0.0161765,0.0034000),(0.0304942,0.0152841,0.0034000),(0.0299161,0.0161765,0.0034000),(0.0299174,0.0160608,0.0034000),(0.0304942,0.0152841,0.0034000),(0.0299174,0.0160608,0.0034000),(0.0299214,0.0159500,0.0034000),(0.0304942,0.0152841,0.0034000),(0.0299214,0.0159500,0.0034000),(0.0299281,0.0158440,0.0034000),(0.0305500,0.0152197,0.0034000),(0.0304942,0.0152841,0.0034000),(0.0299281,0.0158440,0.0034000),(0.0305500,0.0152197,0.0034000),(0.0299281,0.0158440,0.0034000),(0.0299375,0.0157430,0.0034000),(0.0305500,0.0152197,0.0034000),(0.0299375,0.0157430,0.0034000),(0.0299496,0.0156469,0.0034000),(0.0306471,0.0151410,0.0034000),(0.0305500,0.0152197,0.0034000),(0.0299496,0.0156469,0.0034000),(0.0306471,0.0151410,0.0034000),(0.0299496,0.0156469,0.0034000),(0.0299643,0.0155556,0.0034000),(0.0306471,0.0151410,0.0034000),(0.0299643,0.0155556,0.0034000),(0.0299817,0.0154692,0.0034000),(0.0307477,0.0150848,0.0034000),(0.0306471,0.0151410,0.0034000),(0.0299817,0.0154692,0.0034000),(0.0307477,0.0150848,0.0034000),(0.0299817,0.0154692,0.0034000),(0.0300018,0.0153877,0.0034000),(0.0307477,0.0150848,0.0034000),(0.0300018,0.0153877,0.0034000),(0.0300246,0.0153111,0.0034000),(0.0308518,0.0150511,0.0034000),(0.0307477,0.0150848,0.0034000),(0.0300246,0.0153111,0.0034000),(0.0308518,0.0150511,0.0034000),(0.0300246,0.0153111,0.0034000),(0.0300500,0.0152394,0.0034000),(0.0308518,0.0150511,0.0034000),(0.0300500,0.0152394,0.0034000),(0.0301090,0.0151106,0.0034000),(0.0309596,0.0150398,0.0034000),(0.0308518,0.0150511,0.0034000),(0.0301090,0.0151106,0.0034000),(0.0309596,0.0150398,0.0034000),(0.0301090,0.0151106,0.0034000),(0.0301786,0.0150014,0.0034000),(0.0309596,0.0150398,0.0034000),(0.0301786,0.0150014,0.0034000),(0.0302590,0.0149117,0.0034000),(0.0310652,0.0150507,0.0034000),(0.0309596,0.0150398,0.0034000),(0.0302590,0.0149117,0.0034000),(0.0310652,0.0150507,0.0034000),(0.0302590,0.0149117,0.0034000),(0.0303383,0.0148423,0.0034000),(0.0310652,0.0150507,0.0034000),(0.0303383,0.0148423,0.0034000),(0.0304203,0.0147821,0.0034000),(0.0311660,0.0150832,0.0034000),(0.0310652,0.0150507,0.0034000),(0.0304203,0.0147821,0.0034000),(0.0311660,0.0150832,0.0034000),(0.0304203,0.0147821,0.0034000),(0.0305049,0.0147312,0.0034000),(0.0311660,0.0150832,0.0034000),(0.0305049,0.0147312,0.0034000),(0.0305921,0.0146895,0.0034000),(0.0312620,0.0151374,0.0034000),(0.0311660,0.0150832,0.0034000),(0.0305921,0.0146895,0.0034000),(0.0312620,0.0151374,0.0034000),(0.0305921,0.0146895,0.0034000),(0.0306819,0.0146571,0.0034000),(0.0319914,0.0156736,0.0034000),(0.0312620,0.0151374,0.0034000),(0.0306819,0.0146571,0.0034000),(0.0319914,0.0156736,0.0034000),(0.0306819,0.0146571,0.0034000),(0.0307743,0.0146339,0.0034000),(0.0319914,0.0156736,0.0034000),(0.0307743,0.0146339,0.0034000),(0.0308694,0.0146200,0.0034000),(0.0319914,0.0156736,0.0034000),(0.0308694,0.0146200,0.0034000),(0.0309670,0.0146154,0.0034000),(0.0319914,0.0156736,0.0034000),(0.0309670,0.0146154,0.0034000),(0.0310623,0.0146201,0.0034000),(0.0319914,0.0156736,0.0034000),(0.0310623,0.0146201,0.0034000),(0.0311549,0.0146343,0.0034000),(0.0319914,0.0156736,0.0034000),(0.0311549,0.0146343,0.0034000),(0.0312448,0.0146578,0.0034000),(0.0319914,0.0156736,0.0034000),(0.0312448,0.0146578,0.0034000),(0.0313321,0.0146908,0.0034000),(0.0319914,0.0156736,0.0034000),(0.0313321,0.0146908,0.0034000),(0.0314168,0.0147332,0.0034000),(0.0319914,0.0156736,0.0034000),(0.0314168,0.0147332,0.0034000),(0.0314988,0.0147851,0.0034000),(0.0319914,0.0156736,0.0034000),(0.0314988,0.0147851,0.0034000),(0.0315782,0.0148463,0.0034000),(0.0319914,0.0156736,0.0034000),(0.0315782,0.0148463,0.0034000),(0.0316549,0.0149170,0.0034000),(0.0319914,0.0156736,0.0034000),(0.0316549,0.0149170,0.0034000),(0.0317350,0.0150053,0.0034000),(0.0319914,0.0156736,0.0034000),(0.0317350,0.0150053,0.0034000),(0.0318045,0.0151001,0.0034000),(0.0319914,0.0156736,0.0034000),(0.0318045,0.0151001,0.0034000),(0.0318632,0.0152016,0.0034000),(0.0319914,0.0156736,0.0034000),(0.0318632,0.0152016,0.0034000),(0.0319113,0.0153097,0.0034000),(0.0319914,0.0156736,0.0034000),(0.0319113,0.0153097,0.0034000),(0.0319487,0.0154244,0.0034000),(0.0319914,0.0156736,0.0034000),(0.0319487,0.0154244,0.0034000),(0.0319754,0.0155457,0.0034000),(0.0335451,0.0155351,0.0034000),(0.0335472,0.0154864,0.0034000),(0.0335712,0.0153943,0.0034000),(0.0335451,0.0155351,0.0034000),(0.0335712,0.0153943,0.0034000),(0.0335990,0.0153080,0.0034000),(0.0335451,0.0155351,0.0034000),(0.0335990,0.0153080,0.0034000),(0.0336308,0.0152275,0.0034000),(0.0335451,0.0155351,0.0034000),(0.0336308,0.0152275,0.0034000),(0.0336665,0.0151528,0.0034000),(0.0335451,0.0155351,0.0034000),(0.0336665,0.0151528,0.0034000),(0.0337062,0.0150838,0.0034000),(0.0335451,0.0155351,0.0034000),(0.0337062,0.0150838,0.0034000),(0.0337498,0.0150207,0.0034000),(0.0335451,0.0155351,0.0034000),(0.0337498,0.0150207,0.0034000),(0.0338488,0.0149117,0.0034000),(0.0335451,0.0155351,0.0034000),(0.0338488,0.0149117,0.0034000),(0.0339298,0.0148423,0.0034000),(0.0335451,0.0155351,0.0034000),(0.0339298,0.0148423,0.0034000),(0.0340130,0.0147821,0.0034000),(0.0335451,0.0155351,0.0034000),(0.0340130,0.0147821,0.0034000),(0.0340982,0.0147312,0.0034000),(0.0335451,0.0155351,0.0034000),(0.0340982,0.0147312,0.0034000),(0.0341857,0.0146895,0.0034000),(0.0335451,0.0155351,0.0034000),(0.0341857,0.0146895,0.0034000),(0.0342752,0.0146571,0.0034000),(0.0335451,0.0155351,0.0034000),(0.0342752,0.0146571,0.0034000),(0.0343670,0.0146339,0.0034000),(0.0335451,0.0155351,0.0034000),(0.0343670,0.0146339,0.0034000),(0.0344608,0.0146200,0.0034000),(0.0335451,0.0155351,0.0034000),(0.0344608,0.0146200,0.0034000),(0.0345569,0.0146154,0.0034000),(0.0335451,0.0155351,0.0034000),(0.0345569,0.0146154,0.0034000),(0.0346521,0.0146201,0.0034000),(0.0335451,0.0155351,0.0034000),(0.0346521,0.0146201,0.0034000),(0.0347447,0.0146343,0.0034000),(0.0335451,0.0155351,0.0034000),(0.0347447,0.0146343,0.0034000),(0.0348347,0.0146578,0.0034000),(0.0335451,0.0155351,0.0034000),(0.0348347,0.0146578,0.0034000),(0.0349220,0.0146908,0.0034000),(0.0349220,0.0146908,0.0034000),(0.0350067,0.0147332,0.0034000),(0.0350887,0.0147851,0.0034000),(0.0349220,0.0146908,0.0034000),(0.0350887,0.0147851,0.0034000),(0.0351681,0.0148463,0.0034000),(0.0349220,0.0146908,0.0034000),(0.0351681,0.0148463,0.0034000),(0.0352448,0.0149170,0.0034000),(0.0349220,0.0146908,0.0034000),(0.0352448,0.0149170,0.0034000),(0.0353249,0.0150053,0.0034000),(0.0349220,0.0146908,0.0034000),(0.0353249,0.0150053,0.0034000),(0.0353943,0.0151001,0.0034000),(0.0349220,0.0146908,0.0034000),(0.0353943,0.0151001,0.0034000),(0.0354531,0.0152016,0.0034000),(0.0349220,0.0146908,0.0034000),(0.0354531,0.0152016,0.0034000),(0.0355012,0.0153097,0.0034000),(0.0349220,0.0146908,0.0034000),(0.0355012,0.0153097,0.0034000),(0.0355386,0.0154244,0.0034000),(0.0349220,0.0146908,0.0034000),(0.0355386,0.0154244,0.0034000),(0.0355653,0.0155457,0.0034000),(0.0349220,0.0146908,0.0034000),(0.0355653,0.0155457,0.0034000),(0.0355813,0.0156736,0.0034000),(0.0349220,0.0146908,0.0034000),(0.0355813,0.0156736,0.0034000),(0.0355866,0.0158082,0.0034000),(0.0349220,0.0146908,0.0034000),(0.0355866,0.0158082,0.0034000),(0.0355853,0.0159114,0.0034000),(0.0349220,0.0146908,0.0034000),(0.0355853,0.0159114,0.0034000),(0.0355815,0.0160107,0.0034000),(0.0349220,0.0146908,0.0034000),(0.0355815,0.0160107,0.0034000),(0.0355750,0.0161059,0.0034000),(0.0349220,0.0146908,0.0034000),(0.0355750,0.0161059,0.0034000),(0.0355660,0.0161970,0.0034000),(0.0349220,0.0146908,0.0034000),(0.0355660,0.0161970,0.0034000),(0.0355544,0.0162841,0.0034000),(0.0349220,0.0146908,0.0034000),(0.0355544,0.0162841,0.0034000),(0.0355402,0.0163672,0.0034000),(0.0349220,0.0146908,0.0034000),(0.0355402,0.0163672,0.0034000),(0.0355234,0.0164462,0.0034000),(0.0349220,0.0146908,0.0034000),(0.0355234,0.0164462,0.0034000),(0.0355041,0.0165212,0.0034000),(0.0349220,0.0146908,0.0034000),(0.0355041,0.0165212,0.0034000),(0.0354576,0.0166590,0.0034000),(0.0354576,0.0166590,0.0034000),(0.0354009,0.0167807,0.0034000),(0.0353338,0.0168862,0.0034000),(0.0354576,0.0166590,0.0034000),(0.0353338,0.0168862,0.0034000),(0.0352564,0.0169755,0.0034000),(0.0354576,0.0166590,0.0034000),(0.0352564,0.0169755,0.0034000),(0.0351769,0.0170450,0.0034000),(0.0354576,0.0166590,0.0034000),(0.0351769,0.0170450,0.0034000),(0.0350951,0.0171051,0.0034000),(0.0354576,0.0166590,0.0034000),(0.0350951,0.0171051,0.0034000),(0.0350109,0.0171561,0.0034000),(0.0354576,0.0166590,0.0034000),(0.0350109,0.0171561,0.0034000),(0.0349244,0.0171977,0.0034000),(0.0354576,0.0166590,0.0034000),(0.0349244,0.0171977,0.0034000),(0.0348355,0.0172302,0.0034000),(0.0354576,0.0166590,0.0034000),(0.0348355,0.0172302,0.0034000),(0.0347443,0.0172533,0.0034000),(0.0354576,0.0166590,0.0034000),(0.0347443,0.0172533,0.0034000),(0.0346507,0.0172672,0.0034000),(0.0354576,0.0166590,0.0034000),(0.0346507,0.0172672,0.0034000),(0.0345548,0.0172718,0.0034000),(0.0354576,0.0166590,0.0034000),(0.0345548,0.0172718,0.0034000),(0.0344694,0.0172686,0.0034000),(0.0354576,0.0166590,0.0034000),(0.0344694,0.0172686,0.0034000),(0.0343871,0.0172588,0.0034000),(0.0354576,0.0166590,0.0034000),(0.0343871,0.0172588,0.0034000),(0.0343077,0.0172425,0.0034000),(0.0354576,0.0166590,0.0034000),(0.0343077,0.0172425,0.0034000),(0.0342312,0.0172197,0.0034000),(0.0354576,0.0166590,0.0034000),(0.0342312,0.0172197,0.0034000),(0.0340870,0.0171546,0.0034000),(0.0354576,0.0166590,0.0034000),(0.0340870,0.0171546,0.0034000),(0.0339547,0.0170633,0.0034000),(0.0339970,0.0182413,0.0034000),(0.0352723,0.0182413,0.0034000),(0.0353538,0.0182571,0.0034000),(0.0339970,0.0182413,0.0034000),(0.0353538,0.0182571,0.0034000),(0.0354226,0.0183048,0.0034000),(0.0339970,0.0182413,0.0034000),(0.0354226,0.0183048,0.0034000),(0.0354694,0.0183741,0.0034000),(0.0339970,0.0182413,0.0034000),(0.0354694,0.0183741,0.0034000),(0.0354850,0.0184550,0.0034000),(0.0339970,0.0182413,0.0034000),(0.0354850,0.0184550,0.0034000),(0.0354694,0.0185357,0.0034000),(0.0339970,0.0182413,0.0034000),(0.0354694,0.0185357,0.0034000),(0.0354226,0.0186043,0.0034000),(0.0339970,0.0182413,0.0034000),(0.0354226,0.0186043,0.0034000),(0.0353538,0.0186519,0.0034000),(0.0339970,0.0182413,0.0034000),(0.0353538,0.0186519,0.0034000),(0.0352723,0.0186678,0.0034000),(0.0339970,0.0182413,0.0034000),(0.0352723,0.0186678,0.0034000),(0.0338002,0.0186678,0.0034000),(0.0339547,0.0170633,0.0034000),(0.0339970,0.0182413,0.0034000),(0.0338002,0.0186678,0.0034000),(0.0339547,0.0170633,0.0034000),(0.0338002,0.0186678,0.0034000),(0.0337197,0.0186537,0.0034000),(0.0339547,0.0170633,0.0034000),(0.0337197,0.0186537,0.0034000),(0.0336499,0.0186117,0.0034000),(0.0339547,0.0170633,0.0034000),(0.0336499,0.0186117,0.0034000),(0.0336023,0.0185466,0.0034000),(0.0339547,0.0170633,0.0034000),(0.0336023,0.0185466,0.0034000),(0.0335864,0.0184677,0.0034000),(0.0339547,0.0170633,0.0034000),(0.0335864,0.0184677,0.0034000),(0.0335059,0.0164029,0.0034000),(0.0339547,0.0170633,0.0034000),(0.0335059,0.0164029,0.0034000),(0.0335192,0.0163236,0.0034000),(0.0339547,0.0170633,0.0034000),(0.0335192,0.0163236,0.0034000),(0.0335589,0.0162527,0.0034000),(0.0339547,0.0170633,0.0034000),(0.0335589,0.0162527,0.0034000),(0.0336240,0.0161987,0.0034000),(0.0339547,0.0170633,0.0034000),(0.0336240,0.0161987,0.0034000),(0.0337070,0.0161807,0.0034000),(0.0339547,0.0170633,0.0034000),(0.0337070,0.0161807,0.0034000),(0.0337883,0.0161942,0.0034000),(0.0339547,0.0170633,0.0034000),(0.0337883,0.0161942,0.0034000),(0.0338605,0.0162347,0.0034000),(0.0339547,0.0170633,0.0034000),(0.0338605,0.0162347,0.0034000),(0.0339229,0.0163363,0.0034000),(0.0339547,0.0170633,0.0034000),(0.0339229,0.0163363,0.0034000),(0.0339569,0.0164214,0.0034000),(0.0339547,0.0170633,0.0034000),(0.0339569,0.0164214,0.0034000),(0.0340060,0.0165053,0.0034000),(0.0339547,0.0170633,0.0034000),(0.0340060,0.0165053,0.0034000),(0.0340702,0.0165881,0.0034000),(0.0339547,0.0170633,0.0034000),(0.0340702,0.0165881,0.0034000),(0.0341494,0.0166696,0.0034000),(0.0339547,0.0170633,0.0034000),(0.0341494,0.0166696,0.0034000),(0.0342450,0.0167474,0.0034000),(0.0339547,0.0170633,0.0034000),(0.0342450,0.0167474,0.0034000),(0.0343444,0.0168030,0.0034000),(0.0339547,0.0170633,0.0034000),(0.0343444,0.0168030,0.0034000),(0.0344477,0.0168363,0.0034000),(0.0339547,0.0170633,0.0034000),(0.0344477,0.0168363,0.0034000),(0.0345548,0.0168474,0.0034000),(0.0339547,0.0170633,0.0034000),(0.0345548,0.0168474,0.0034000),(0.0346613,0.0168363,0.0034000),(0.0354576,0.0166590,0.0034000),(0.0339547,0.0170633,0.0034000),(0.0346613,0.0168363,0.0034000),(0.0354576,0.0166590,0.0034000),(0.0346613,0.0168363,0.0034000),(0.0347638,0.0168030,0.0034000),(0.0354576,0.0166590,0.0034000),(0.0347638,0.0168030,0.0034000),(0.0348623,0.0167474,0.0034000),(0.0354576,0.0166590,0.0034000),(0.0348623,0.0167474,0.0034000),(0.0349569,0.0166696,0.0034000),(0.0354576,0.0166590,0.0034000),(0.0349569,0.0166696,0.0034000),(0.0350472,0.0165411,0.0034000),(0.0354576,0.0166590,0.0034000),(0.0350472,0.0165411,0.0034000),(0.0350827,0.0164549,0.0034000),(0.0354576,0.0166590,0.0034000),(0.0350827,0.0164549,0.0034000),(0.0351117,0.0163543,0.0034000),(0.0354576,0.0166590,0.0034000),(0.0351117,0.0163543,0.0034000),(0.0351343,0.0162390,0.0034000),(0.0354576,0.0166590,0.0034000),(0.0351343,0.0162390,0.0034000),(0.0351504,0.0161093,0.0034000),(0.0354576,0.0166590,0.0034000),(0.0351504,0.0161093,0.0034000),(0.0351601,0.0159649,0.0034000),(0.0354576,0.0166590,0.0034000),(0.0351601,0.0159649,0.0034000),(0.0351633,0.0158060,0.0034000),(0.0354576,0.0166590,0.0034000),(0.0351633,0.0158060,0.0034000),(0.0351599,0.0157146,0.0034000),(0.0354576,0.0166590,0.0034000),(0.0351599,0.0157146,0.0034000),(0.0351495,0.0156281,0.0034000),(0.0354576,0.0166590,0.0034000),(0.0351495,0.0156281,0.0034000),(0.0351323,0.0155466,0.0034000),(0.0349220,0.0146908,0.0034000),(0.0354576,0.0166590,0.0034000),(0.0351323,0.0155466,0.0034000),(0.0349220,0.0146908,0.0034000),(0.0351323,0.0155466,0.0034000),(0.0351083,0.0154700,0.0034000),(0.0349220,0.0146908,0.0034000),(0.0351083,0.0154700,0.0034000),(0.0350395,0.0153318,0.0034000),(0.0349220,0.0146908,0.0034000),(0.0350395,0.0153318,0.0034000),(0.0349432,0.0152134,0.0034000),(0.0349220,0.0146908,0.0034000),(0.0349432,0.0152134,0.0034000),(0.0348519,0.0151374,0.0034000),(0.0349220,0.0146908,0.0034000),(0.0348519,0.0151374,0.0034000),(0.0347558,0.0150832,0.0034000),(0.0349220,0.0146908,0.0034000),(0.0347558,0.0150832,0.0034000),(0.0346550,0.0150507,0.0034000),(0.0349220,0.0146908,0.0034000),(0.0346550,0.0150507,0.0034000),(0.0345495,0.0150398,0.0034000),(0.0349220,0.0146908,0.0034000),(0.0345495,0.0150398,0.0034000),(0.0344469,0.0150511,0.0034000),(0.0349220,0.0146908,0.0034000),(0.0344469,0.0150511,0.0034000),(0.0343444,0.0150848,0.0034000),(0.0349220,0.0146908,0.0034000),(0.0343444,0.0150848,0.0034000),(0.0342421,0.0151410,0.0034000),(0.0335451,0.0155351,0.0034000),(0.0349220,0.0146908,0.0034000),(0.0342421,0.0151410,0.0034000),(0.0335451,0.0155351,0.0034000),(0.0342421,0.0151410,0.0034000),(0.0341399,0.0152197,0.0034000),(0.0335451,0.0155351,0.0034000),(0.0341399,0.0152197,0.0034000),(0.0340378,0.0153626,0.0034000),(0.0335451,0.0155351,0.0034000),(0.0340378,0.0153626,0.0034000),(0.0339982,0.0154626,0.0034000),(0.0335451,0.0155351,0.0034000),(0.0339982,0.0154626,0.0034000),(0.0339663,0.0155817,0.0034000),(0.0335451,0.0155351,0.0034000),(0.0339663,0.0155817,0.0034000),(0.0339223,0.0156544,0.0034000),(0.0335451,0.0155351,0.0034000),(0.0339223,0.0156544,0.0034000),(0.0338737,0.0157063,0.0034000),(0.0335451,0.0155351,0.0034000),(0.0338737,0.0157063,0.0034000),(0.0337631,0.0157478,0.0034000),(0.0335451,0.0155351,0.0034000),(0.0337631,0.0157478,0.0034000),(0.0337557,0.0157478,0.0034000),(0.0335451,0.0155351,0.0034000),(0.0337557,0.0157478,0.0034000),(0.0336818,0.0157322,0.0034000),(0.0335451,0.0155351,0.0034000),(0.0336818,0.0157322,0.0034000),(0.0336221,0.0156915,0.0034000),(0.0324550,0.0146458,0.0034000),(0.0325280,0.0145392,0.0034000),(0.0326347,0.0144662,0.0034000),(0.0324550,0.0146458,0.0034000),(0.0326347,0.0144662,0.0034000),(0.0327598,0.0144418,0.0034000),(0.0324550,0.0146458,0.0034000),(0.0327598,0.0144418,0.0034000),(0.0328847,0.0144662,0.0034000),(0.0324550,0.0146458,0.0034000),(0.0328847,0.0144662,0.0034000),(0.0329905,0.0145392,0.0034000),(0.0324550,0.0146458,0.0034000),(0.0329905,0.0145392,0.0034000),(0.0330636,0.0146458,0.0034000),(0.0324550,0.0146458,0.0034000),(0.0330636,0.0146458,0.0034000),(0.0330879,0.0147710,0.0034000),(0.0324550,0.0146458,0.0034000),(0.0330879,0.0147710,0.0034000),(0.0330636,0.0148961,0.0034000),(0.0324550,0.0146458,0.0034000),(0.0330636,0.0148961,0.0034000),(0.0329905,0.0150028,0.0034000),(0.0324550,0.0146458,0.0034000),(0.0329905,0.0150028,0.0034000),(0.0328847,0.0150758,0.0034000),(0.0324550,0.0146458,0.0034000),(0.0328847,0.0150758,0.0034000),(0.0327598,0.0151001,0.0034000),(0.0324550,0.0146458,0.0034000),(0.0327598,0.0151001,0.0034000),(0.0326347,0.0150758,0.0034000),(0.0324550,0.0146458,0.0034000),(0.0326347,0.0150758,0.0034000),(0.0325280,0.0150028,0.0034000),(0.0324550,0.0146458,0.0034000),(0.0325280,0.0150028,0.0034000),(0.0324550,0.0148961,0.0034000),(0.0324550,0.0146458,0.0034000),(0.0324550,0.0148961,0.0034000),(0.0324307,0.0147710,0.0034000),(0.0393196,0.0147228,0.0034000),(0.0394190,0.0146138,0.0034000),(0.0395323,0.0145863,0.0034000),(0.0393196,0.0147228,0.0034000),(0.0395323,0.0145863,0.0034000),(0.0396334,0.0146117,0.0034000),(0.0393196,0.0147228,0.0034000),(0.0396334,0.0146117,0.0034000),(0.0397101,0.0146879,0.0034000),(0.0393196,0.0147228,0.0034000),(0.0397101,0.0146879,0.0034000),(0.0397175,0.0146943,0.0034000),(0.0393196,0.0147228,0.0034000),(0.0397175,0.0146943,0.0034000),(0.0409631,0.0168617,0.0034000),(0.0393196,0.0147228,0.0034000),(0.0409631,0.0168617,0.0034000),(0.0409907,0.0169686,0.0034000),(0.0393196,0.0147228,0.0034000),(0.0409907,0.0169686,0.0034000),(0.0409629,0.0170779,0.0034000),(0.0393196,0.0147228,0.0034000),(0.0409629,0.0170779,0.0034000),(0.0408795,0.0171559,0.0034000),(0.0393196,0.0147228,0.0034000),(0.0408795,0.0171559,0.0034000),(0.0407726,0.0171856,0.0034000),(0.0393196,0.0147228,0.0034000),(0.0407726,0.0171856,0.0034000),(0.0406639,0.0171578,0.0034000),(0.0393196,0.0147228,0.0034000),(0.0406639,0.0171578,0.0034000),(0.0405874,0.0170745,0.0034000),(0.0393196,0.0147228,0.0034000),(0.0405874,0.0170745,0.0034000),(0.0397450,0.0156087,0.0034000),(0.0393196,0.0147228,0.0034000),(0.0397450,0.0156087,0.0034000),(0.0397450,0.0182164,0.0034000),(0.0397450,0.0182164,0.0034000),(0.0413314,0.0182164,0.0034000),(0.0414164,0.0182323,0.0034000),(0.0397450,0.0182164,0.0034000),(0.0414164,0.0182323,0.0034000),(0.0414870,0.0182799,0.0034000),(0.0397450,0.0182164,0.0034000),(0.0414870,0.0182799,0.0034000),(0.0415346,0.0183495,0.0034000),(0.0397450,0.0182164,0.0034000),(0.0415346,0.0183495,0.0034000),(0.0415505,0.0184312,0.0034000),(0.0397450,0.0182164,0.0034000),(0.0415505,0.0184312,0.0034000),(0.0415346,0.0185133,0.0034000),(0.0397450,0.0182164,0.0034000),(0.0415346,0.0185133,0.0034000),(0.0414870,0.0185836,0.0034000),(0.0397450,0.0182164,0.0034000),(0.0414870,0.0185836,0.0034000),(0.0414164,0.0186328,0.0034000),(0.0397450,0.0182164,0.0034000),(0.0414164,0.0186328,0.0034000),(0.0413314,0.0186493,0.0034000),(0.0397450,0.0182164,0.0034000),(0.0413314,0.0186493,0.0034000),(0.0395249,0.0186493,0.0034000),(0.0393196,0.0147228,0.0034000),(0.0397450,0.0182164,0.0034000),(0.0395249,0.0186493,0.0034000),(0.0395249,0.0186493,0.0034000),(0.0377194,0.0186493,0.0034000),(0.0376365,0.0186328,0.0034000),(0.0395249,0.0186493,0.0034000),(0.0376365,0.0186328,0.0034000),(0.0375680,0.0185836,0.0034000),(0.0395249,0.0186493,0.0034000),(0.0375680,0.0185836,0.0034000),(0.0375220,0.0185133,0.0034000),(0.0395249,0.0186493,0.0034000),(0.0375220,0.0185133,0.0034000),(0.0375066,0.0184312,0.0034000),(0.0395249,0.0186493,0.0034000),(0.0375066,0.0184312,0.0034000),(0.0375220,0.0183495,0.0034000),(0.0395249,0.0186493,0.0034000),(0.0375220,0.0183495,0.0034000),(0.0375680,0.0182799,0.0034000),(0.0395249,0.0186493,0.0034000),(0.0375680,0.0182799,0.0034000),(0.0376365,0.0182323,0.0034000),(0.0395249,0.0186493,0.0034000),(0.0376365,0.0182323,0.0034000),(0.0377194,0.0182164,0.0034000),(0.0395249,0.0186493,0.0034000),(0.0377194,0.0182164,0.0034000),(0.0393121,0.0182164,0.0034000),(0.0393196,0.0147228,0.0034000),(0.0395249,0.0186493,0.0034000),(0.0393121,0.0182164,0.0034000),(0.0393196,0.0147228,0.0034000),(0.0393121,0.0182164,0.0034000),(0.0393121,0.0156044,0.0034000),(0.0393196,0.0147228,0.0034000),(0.0393121,0.0156044,0.0034000),(0.0384560,0.0170935,0.0034000),(0.0393196,0.0147228,0.0034000),(0.0384560,0.0170935,0.0034000),(0.0383763,0.0171729,0.0034000),(0.0393196,0.0147228,0.0034000),(0.0383763,0.0171729,0.0034000),(0.0382686,0.0171993,0.0034000),(0.0393196,0.0147228,0.0034000),(0.0382686,0.0171993,0.0034000),(0.0381575,0.0171718,0.0034000),(0.0393196,0.0147228,0.0034000),(0.0381575,0.0171718,0.0034000),(0.0380757,0.0170922,0.0034000),(0.0393196,0.0147228,0.0034000),(0.0380757,0.0170922,0.0034000),(0.0380485,0.0169824,0.0034000),(0.0393196,0.0147228,0.0034000),(0.0380485,0.0169824,0.0034000),(0.0380802,0.0168734,0.0034000),(0.0461723,0.0155653,0.0034000),(0.0461744,0.0155166,0.0034000),(0.0461983,0.0154245,0.0034000),(0.0461723,0.0155653,0.0034000),(0.0461983,0.0154245,0.0034000),(0.0462262,0.0153382,0.0034000),(0.0461723,0.0155653,0.0034000),(0.0462262,0.0153382,0.0034000),(0.0462580,0.0152577,0.0034000),(0.0461723,0.0155653,0.0034000),(0.0462580,0.0152577,0.0034000),(0.0462937,0.0151829,0.0034000),(0.0461723,0.0155653,0.0034000),(0.0462937,0.0151829,0.0034000),(0.0463334,0.0151140,0.0034000),(0.0461723,0.0155653,0.0034000),(0.0463334,0.0151140,0.0034000),(0.0463770,0.0150509,0.0034000),(0.0461723,0.0155653,0.0034000),(0.0463770,0.0150509,0.0034000),(0.0464760,0.0149419,0.0034000),(0.0461723,0.0155653,0.0034000),(0.0464760,0.0149419,0.0034000),(0.0465570,0.0148725,0.0034000),(0.0461723,0.0155653,0.0034000),(0.0465570,0.0148725,0.0034000),(0.0466401,0.0148123,0.0034000),(0.0461723,0.0155653,0.0034000),(0.0466401,0.0148123,0.0034000),(0.0467254,0.0147613,0.0034000),(0.0461723,0.0155653,0.0034000),(0.0467254,0.0147613,0.0034000),(0.0468128,0.0147197,0.0034000),(0.0461723,0.0155653,0.0034000),(0.0468128,0.0147197,0.0034000),(0.0469024,0.0146872,0.0034000),(0.0461723,0.0155653,0.0034000),(0.0469024,0.0146872,0.0034000),(0.0469941,0.0146641,0.0034000),(0.0461723,0.0155653,0.0034000),(0.0469941,0.0146641,0.0034000),(0.0470880,0.0146502,0.0034000),(0.0461723,0.0155653,0.0034000),(0.0470880,0.0146502,0.0034000),(0.0471840,0.0146456,0.0034000),(0.0461723,0.0155653,0.0034000),(0.0471840,0.0146456,0.0034000),(0.0472793,0.0146503,0.0034000),(0.0461723,0.0155653,0.0034000),(0.0472793,0.0146503,0.0034000),(0.0473719,0.0146644,0.0034000),(0.0461723,0.0155653,0.0034000),(0.0473719,0.0146644,0.0034000),(0.0474618,0.0146880,0.0034000),(0.0461723,0.0155653,0.0034000),(0.0474618,0.0146880,0.0034000),(0.0475492,0.0147210,0.0034000),(0.0475492,0.0147210,0.0034000),(0.0476338,0.0147634,0.0034000),(0.0477158,0.0148152,0.0034000),(0.0475492,0.0147210,0.0034000),(0.0477158,0.0148152,0.0034000),(0.0477952,0.0148765,0.0034000),(0.0475492,0.0147210,0.0034000),(0.0477952,0.0148765,0.0034000),(0.0478719,0.0149472,0.0034000),(0.0475492,0.0147210,0.0034000),(0.0478719,0.0149472,0.0034000),(0.0479521,0.0150354,0.0034000),(0.0475492,0.0147210,0.0034000),(0.0479521,0.0150354,0.0034000),(0.0480215,0.0151303,0.0034000),(0.0475492,0.0147210,0.0034000),(0.0480215,0.0151303,0.0034000),(0.0480803,0.0152318,0.0034000),(0.0475492,0.0147210,0.0034000),(0.0480803,0.0152318,0.0034000),(0.0481283,0.0153398,0.0034000),(0.0475492,0.0147210,0.0034000),(0.0481283,0.0153398,0.0034000),(0.0481657,0.0154545,0.0034000),(0.0475492,0.0147210,0.0034000),(0.0481657,0.0154545,0.0034000),(0.0481924,0.0155759,0.0034000),(0.0475492,0.0147210,0.0034000),(0.0481924,0.0155759,0.0034000),(0.0482084,0.0157038,0.0034000),(0.0475492,0.0147210,0.0034000),(0.0482084,0.0157038,0.0034000),(0.0482138,0.0158383,0.0034000),(0.0475492,0.0147210,0.0034000),(0.0482138,0.0158383,0.0034000),(0.0482125,0.0159416,0.0034000),(0.0475492,0.0147210,0.0034000),(0.0482125,0.0159416,0.0034000),(0.0482086,0.0160408,0.0034000),(0.0475492,0.0147210,0.0034000),(0.0482086,0.0160408,0.0034000),(0.0482022,0.0161360,0.0034000),(0.0475492,0.0147210,0.0034000),(0.0482022,0.0161360,0.0034000),(0.0481932,0.0162272,0.0034000),(0.0475492,0.0147210,0.0034000),(0.0481932,0.0162272,0.0034000),(0.0481815,0.0163143,0.0034000),(0.0475492,0.0147210,0.0034000),(0.0481815,0.0163143,0.0034000),(0.0481674,0.0163974,0.0034000),(0.0475492,0.0147210,0.0034000),(0.0481674,0.0163974,0.0034000),(0.0481506,0.0164764,0.0034000),(0.0475492,0.0147210,0.0034000),(0.0481506,0.0164764,0.0034000),(0.0481312,0.0165514,0.0034000),(0.0475492,0.0147210,0.0034000),(0.0481312,0.0165514,0.0034000),(0.0480848,0.0166892,0.0034000),(0.0480848,0.0166892,0.0034000),(0.0480281,0.0168109,0.0034000),(0.0479610,0.0169163,0.0034000),(0.0480848,0.0166892,0.0034000),(0.0479610,0.0169163,0.0034000),(0.0478836,0.0170057,0.0034000),(0.0480848,0.0166892,0.0034000),(0.0478836,0.0170057,0.0034000),(0.0478041,0.0170751,0.0034000),(0.0480848,0.0166892,0.0034000),(0.0478041,0.0170751,0.0034000),(0.0477223,0.0171353,0.0034000),(0.0480848,0.0166892,0.0034000),(0.0477223,0.0171353,0.0034000),(0.0476381,0.0171862,0.0034000),(0.0480848,0.0166892,0.0034000),(0.0476381,0.0171862,0.0034000),(0.0475515,0.0172279,0.0034000),(0.0480848,0.0166892,0.0034000),(0.0475515,0.0172279,0.0034000),(0.0474627,0.0172603,0.0034000),(0.0480848,0.0166892,0.0034000),(0.0474627,0.0172603,0.0034000),(0.0473714,0.0172835,0.0034000),(0.0480848,0.0166892,0.0034000),(0.0473714,0.0172835,0.0034000),(0.0472778,0.0172974,0.0034000),(0.0480848,0.0166892,0.0034000),(0.0472778,0.0172974,0.0034000),(0.0471819,0.0173020,0.0034000),(0.0480848,0.0166892,0.0034000),(0.0471819,0.0173020,0.0034000),(0.0470966,0.0172987,0.0034000),(0.0480848,0.0166892,0.0034000),(0.0470966,0.0172987,0.0034000),(0.0470142,0.0172890,0.0034000),(0.0480848,0.0166892,0.0034000),(0.0470142,0.0172890,0.0034000),(0.0469348,0.0172727,0.0034000),(0.0480848,0.0166892,0.0034000),(0.0469348,0.0172727,0.0034000),(0.0468583,0.0172499,0.0034000),(0.0480848,0.0166892,0.0034000),(0.0468583,0.0172499,0.0034000),(0.0467142,0.0171847,0.0034000),(0.0480848,0.0166892,0.0034000),(0.0467142,0.0171847,0.0034000),(0.0465818,0.0170935,0.0034000),(0.0466242,0.0182714,0.0034000),(0.0478995,0.0182714,0.0034000),(0.0479810,0.0182873,0.0034000),(0.0466242,0.0182714,0.0034000),(0.0479810,0.0182873,0.0034000),(0.0480497,0.0183349,0.0034000),(0.0466242,0.0182714,0.0034000),(0.0480497,0.0183349,0.0034000),(0.0480966,0.0184042,0.0034000),(0.0466242,0.0182714,0.0034000),(0.0480966,0.0184042,0.0034000),(0.0481122,0.0184852,0.0034000),(0.0466242,0.0182714,0.0034000),(0.0481122,0.0184852,0.0034000),(0.0480966,0.0185659,0.0034000),(0.0466242,0.0182714,0.0034000),(0.0480966,0.0185659,0.0034000),(0.0480497,0.0186344,0.0034000),(0.0466242,0.0182714,0.0034000),(0.0480497,0.0186344,0.0034000),(0.0479810,0.0186821,0.0034000),(0.0466242,0.0182714,0.0034000),(0.0479810,0.0186821,0.0034000),(0.0478995,0.0186979,0.0034000),(0.0466242,0.0182714,0.0034000),(0.0478995,0.0186979,0.0034000),(0.0464273,0.0186979,0.0034000),(0.0465818,0.0170935,0.0034000),(0.0466242,0.0182714,0.0034000),(0.0464273,0.0186979,0.0034000),(0.0465818,0.0170935,0.0034000),(0.0464273,0.0186979,0.0034000),(0.0463469,0.0186839,0.0034000),(0.0465818,0.0170935,0.0034000),(0.0463469,0.0186839,0.0034000),(0.0462770,0.0186418,0.0034000),(0.0465818,0.0170935,0.0034000),(0.0462770,0.0186418,0.0034000),(0.0462294,0.0185768,0.0034000),(0.0465818,0.0170935,0.0034000),(0.0462294,0.0185768,0.0034000),(0.0462135,0.0184979,0.0034000),(0.0465818,0.0170935,0.0034000),(0.0462135,0.0184979,0.0034000),(0.0461331,0.0164331,0.0034000),(0.0465818,0.0170935,0.0034000),(0.0461331,0.0164331,0.0034000),(0.0461463,0.0163537,0.0034000),(0.0465818,0.0170935,0.0034000),(0.0461463,0.0163537,0.0034000),(0.0461860,0.0162828,0.0034000),(0.0465818,0.0170935,0.0034000),(0.0461860,0.0162828,0.0034000),(0.0462511,0.0162288,0.0034000),(0.0465818,0.0170935,0.0034000),(0.0462511,0.0162288,0.0034000),(0.0463342,0.0162109,0.0034000),(0.0465818,0.0170935,0.0034000),(0.0463342,0.0162109,0.0034000),(0.0464154,0.0162243,0.0034000),(0.0465818,0.0170935,0.0034000),(0.0464154,0.0162243,0.0034000),(0.0464876,0.0162648,0.0034000),(0.0465818,0.0170935,0.0034000),(0.0464876,0.0162648,0.0034000),(0.0465501,0.0163664,0.0034000),(0.0465818,0.0170935,0.0034000),(0.0465501,0.0163664,0.0034000),(0.0465841,0.0164516,0.0034000),(0.0465818,0.0170935,0.0034000),(0.0465841,0.0164516,0.0034000),(0.0466332,0.0165355,0.0034000),(0.0465818,0.0170935,0.0034000),(0.0466332,0.0165355,0.0034000),(0.0466973,0.0166182,0.0034000),(0.0465818,0.0170935,0.0034000),(0.0466973,0.0166182,0.0034000),(0.0467766,0.0166998,0.0034000),(0.0465818,0.0170935,0.0034000),(0.0467766,0.0166998,0.0034000),(0.0468722,0.0167776,0.0034000),(0.0465818,0.0170935,0.0034000),(0.0468722,0.0167776,0.0034000),(0.0469716,0.0168332,0.0034000),(0.0465818,0.0170935,0.0034000),(0.0469716,0.0168332,0.0034000),(0.0470748,0.0168665,0.0034000),(0.0465818,0.0170935,0.0034000),(0.0470748,0.0168665,0.0034000),(0.0471819,0.0168776,0.0034000),(0.0465818,0.0170935,0.0034000),(0.0471819,0.0168776,0.0034000),(0.0472884,0.0168665,0.0034000),(0.0480848,0.0166892,0.0034000),(0.0465818,0.0170935,0.0034000),(0.0472884,0.0168665,0.0034000),(0.0480848,0.0166892,0.0034000),(0.0472884,0.0168665,0.0034000),(0.0473909,0.0168332,0.0034000),(0.0480848,0.0166892,0.0034000),(0.0473909,0.0168332,0.0034000),(0.0474895,0.0167776,0.0034000),(0.0480848,0.0166892,0.0034000),(0.0474895,0.0167776,0.0034000),(0.0475841,0.0166998,0.0034000),(0.0480848,0.0166892,0.0034000),(0.0475841,0.0166998,0.0034000),(0.0476744,0.0165712,0.0034000),(0.0480848,0.0166892,0.0034000),(0.0476744,0.0165712,0.0034000),(0.0477098,0.0164851,0.0034000),(0.0480848,0.0166892,0.0034000),(0.0477098,0.0164851,0.0034000),(0.0477389,0.0163844,0.0034000),(0.0480848,0.0166892,0.0034000),(0.0477389,0.0163844,0.0034000),(0.0477614,0.0162692,0.0034000),(0.0480848,0.0166892,0.0034000),(0.0477614,0.0162692,0.0034000),(0.0477776,0.0161394,0.0034000),(0.0480848,0.0166892,0.0034000),(0.0477776,0.0161394,0.0034000),(0.0477872,0.0159951,0.0034000),(0.0480848,0.0166892,0.0034000),(0.0477872,0.0159951,0.0034000),(0.0477905,0.0158362,0.0034000),(0.0480848,0.0166892,0.0034000),(0.0477905,0.0158362,0.0034000),(0.0477870,0.0157448,0.0034000),(0.0480848,0.0166892,0.0034000),(0.0477870,0.0157448,0.0034000),(0.0477767,0.0156583,0.0034000),(0.0480848,0.0166892,0.0034000),(0.0477767,0.0156583,0.0034000),(0.0477595,0.0155767,0.0034000),(0.0475492,0.0147210,0.0034000),(0.0480848,0.0166892,0.0034000),(0.0477595,0.0155767,0.0034000),(0.0475492,0.0147210,0.0034000),(0.0477595,0.0155767,0.0034000),(0.0477354,0.0155002,0.0034000),(0.0475492,0.0147210,0.0034000),(0.0477354,0.0155002,0.0034000),(0.0476666,0.0153619,0.0034000),(0.0475492,0.0147210,0.0034000),(0.0476666,0.0153619,0.0034000),(0.0475703,0.0152435,0.0034000),(0.0475492,0.0147210,0.0034000),(0.0475703,0.0152435,0.0034000),(0.0474790,0.0151676,0.0034000),(0.0475492,0.0147210,0.0034000),(0.0474790,0.0151676,0.0034000),(0.0473830,0.0151134,0.0034000),(0.0475492,0.0147210,0.0034000),(0.0473830,0.0151134,0.0034000),(0.0472822,0.0150808,0.0034000),(0.0475492,0.0147210,0.0034000),(0.0472822,0.0150808,0.0034000),(0.0471766,0.0150700,0.0034000),(0.0475492,0.0147210,0.0034000),(0.0471766,0.0150700,0.0034000),(0.0470740,0.0150812,0.0034000),(0.0475492,0.0147210,0.0034000),(0.0470740,0.0150812,0.0034000),(0.0469716,0.0151149,0.0034000),(0.0475492,0.0147210,0.0034000),(0.0469716,0.0151149,0.0034000),(0.0468692,0.0151712,0.0034000),(0.0461723,0.0155653,0.0034000),(0.0475492,0.0147210,0.0034000),(0.0468692,0.0151712,0.0034000),(0.0461723,0.0155653,0.0034000),(0.0468692,0.0151712,0.0034000),(0.0467670,0.0152499,0.0034000),(0.0461723,0.0155653,0.0034000),(0.0467670,0.0152499,0.0034000),(0.0466649,0.0153928,0.0034000),(0.0461723,0.0155653,0.0034000),(0.0466649,0.0153928,0.0034000),(0.0466254,0.0154928,0.0034000),(0.0461723,0.0155653,0.0034000),(0.0466254,0.0154928,0.0034000),(0.0465935,0.0156118,0.0034000),(0.0461723,0.0155653,0.0034000),(0.0465935,0.0156118,0.0034000),(0.0465494,0.0156845,0.0034000),(0.0461723,0.0155653,0.0034000),(0.0465494,0.0156845,0.0034000),(0.0465009,0.0157365,0.0034000),(0.0461723,0.0155653,0.0034000),(0.0465009,0.0157365,0.0034000),(0.0463903,0.0157780,0.0034000),(0.0461723,0.0155653,0.0034000),(0.0463903,0.0157780,0.0034000),(0.0463829,0.0157780,0.0034000),(0.0461723,0.0155653,0.0034000),(0.0463829,0.0157780,0.0034000),(0.0463090,0.0157623,0.0034000),(0.0461723,0.0155653,0.0034000),(0.0463090,0.0157623,0.0034000),(0.0462493,0.0157216,0.0034000),(0.0441688,0.0169337,0.0034000),(0.0442165,0.0169824,0.0034000),(0.0442725,0.0170599,0.0034000),(0.0441688,0.0169337,0.0034000),(0.0442725,0.0170599,0.0034000),(0.0443211,0.0171413,0.0034000),(0.0441688,0.0169337,0.0034000),(0.0443211,0.0171413,0.0034000),(0.0443622,0.0172265,0.0034000),(0.0441688,0.0169337,0.0034000),(0.0443622,0.0172265,0.0034000),(0.0443959,0.0173155,0.0034000),(0.0441688,0.0169337,0.0034000),(0.0443959,0.0173155,0.0034000),(0.0444220,0.0174083,0.0034000),(0.0441688,0.0169337,0.0034000),(0.0444220,0.0174083,0.0034000),(0.0444407,0.0175049,0.0034000),(0.0441688,0.0169337,0.0034000),(0.0444407,0.0175049,0.0034000),(0.0444519,0.0176053,0.0034000),(0.0441688,0.0169337,0.0034000),(0.0444519,0.0176053,0.0034000),(0.0444556,0.0177095,0.0034000),(0.0441688,0.0169337,0.0034000),(0.0444556,0.0177095,0.0034000),(0.0444519,0.0178136,0.0034000),(0.0441688,0.0169337,0.0034000),(0.0444519,0.0178136,0.0034000),(0.0444408,0.0179132,0.0034000),(0.0441688,0.0169337,0.0034000),(0.0444408,0.0179132,0.0034000),(0.0444222,0.0180083,0.0034000),(0.0441688,0.0169337,0.0034000),(0.0444222,0.0180083,0.0034000),(0.0443961,0.0180989,0.0034000),(0.0441688,0.0169337,0.0034000),(0.0443961,0.0180989,0.0034000),(0.0443626,0.0181850,0.0034000),(0.0441688,0.0169337,0.0034000),(0.0443626,0.0181850,0.0034000),(0.0443217,0.0182667,0.0034000),(0.0441688,0.0169337,0.0034000),(0.0443217,0.0182667,0.0034000),(0.0442733,0.0183438,0.0034000),(0.0441688,0.0169337,0.0034000),(0.0442733,0.0183438,0.0034000),(0.0442175,0.0184164,0.0034000),(0.0441688,0.0169337,0.0034000),(0.0442175,0.0184164,0.0034000),(0.0441558,0.0184824,0.0034000),(0.0441688,0.0169337,0.0034000),(0.0441558,0.0184824,0.0034000),(0.0440891,0.0185396,0.0034000),(0.0441688,0.0169337,0.0034000),(0.0440891,0.0185396,0.0034000),(0.0440174,0.0185880,0.0034000),(0.0441688,0.0169337,0.0034000),(0.0440174,0.0185880,0.0034000),(0.0439408,0.0186276,0.0034000),(0.0439408,0.0186276,0.0034000),(0.0438592,0.0186583,0.0034000),(0.0437726,0.0186803,0.0034000),(0.0439408,0.0186276,0.0034000),(0.0437726,0.0186803,0.0034000),(0.0436811,0.0186935,0.0034000),(0.0439408,0.0186276,0.0034000),(0.0436811,0.0186935,0.0034000),(0.0435846,0.0186979,0.0034000),(0.0439408,0.0186276,0.0034000),(0.0435846,0.0186979,0.0034000),(0.0434891,0.0186936,0.0034000),(0.0439408,0.0186276,0.0034000),(0.0434891,0.0186936,0.0034000),(0.0433978,0.0186804,0.0034000),(0.0439408,0.0186276,0.0034000),(0.0433978,0.0186804,0.0034000),(0.0433108,0.0186585,0.0034000),(0.0439408,0.0186276,0.0034000),(0.0433108,0.0186585,0.0034000),(0.0432280,0.0186278,0.0034000),(0.0439408,0.0186276,0.0034000),(0.0432280,0.0186278,0.0034000),(0.0431494,0.0185884,0.0034000),(0.0439408,0.0186276,0.0034000),(0.0431494,0.0185884,0.0034000),(0.0430751,0.0185402,0.0034000),(0.0439408,0.0186276,0.0034000),(0.0430751,0.0185402,0.0034000),(0.0430049,0.0184832,0.0034000),(0.0439408,0.0186276,0.0034000),(0.0430049,0.0184832,0.0034000),(0.0429391,0.0184175,0.0034000),(0.0439408,0.0186276,0.0034000),(0.0429391,0.0184175,0.0034000),(0.0428793,0.0183451,0.0034000),(0.0439408,0.0186276,0.0034000),(0.0428793,0.0183451,0.0034000),(0.0428275,0.0182681,0.0034000),(0.0439408,0.0186276,0.0034000),(0.0428275,0.0182681,0.0034000),(0.0427836,0.0181864,0.0034000),(0.0439408,0.0186276,0.0034000),(0.0427836,0.0181864,0.0034000),(0.0427478,0.0181002,0.0034000),(0.0439408,0.0186276,0.0034000),(0.0427478,0.0181002,0.0034000),(0.0427199,0.0180094,0.0034000),(0.0439408,0.0186276,0.0034000),(0.0427199,0.0180094,0.0034000),(0.0426999,0.0179140,0.0034000),(0.0439408,0.0186276,0.0034000),(0.0426999,0.0179140,0.0034000),(0.0426880,0.0178140,0.0034000),(0.0426880,0.0178140,0.0034000),(0.0426840,0.0177095,0.0034000),(0.0426993,0.0176272,0.0034000),(0.0426880,0.0178140,0.0034000),(0.0426993,0.0176272,0.0034000),(0.0427454,0.0175581,0.0034000),(0.0426880,0.0178140,0.0034000),(0.0427454,0.0175581,0.0034000),(0.0428136,0.0175113,0.0034000),(0.0426880,0.0178140,0.0034000),(0.0428136,0.0175113,0.0034000),(0.0428957,0.0174957,0.0034000),(0.0426880,0.0178140,0.0034000),(0.0428957,0.0174957,0.0034000),(0.0429785,0.0175113,0.0034000),(0.0426880,0.0178140,0.0034000),(0.0429785,0.0175113,0.0034000),(0.0430470,0.0175581,0.0034000),(0.0426880,0.0178140,0.0034000),(0.0430470,0.0175581,0.0034000),(0.0430930,0.0176272,0.0034000),(0.0426880,0.0178140,0.0034000),(0.0430930,0.0176272,0.0034000),(0.0431084,0.0177095,0.0034000),(0.0426880,0.0178140,0.0034000),(0.0431084,0.0177095,0.0034000),(0.0431171,0.0178357,0.0034000),(0.0426880,0.0178140,0.0034000),(0.0431171,0.0178357,0.0034000),(0.0431430,0.0179468,0.0034000),(0.0426880,0.0178140,0.0034000),(0.0431430,0.0179468,0.0034000),(0.0431864,0.0180426,0.0034000),(0.0426880,0.0178140,0.0034000),(0.0431864,0.0180426,0.0034000),(0.0432470,0.0181233,0.0034000),(0.0426880,0.0178140,0.0034000),(0.0432470,0.0181233,0.0034000),(0.0433185,0.0181881,0.0034000),(0.0439408,0.0186276,0.0034000),(0.0426880,0.0178140,0.0034000),(0.0433185,0.0181881,0.0034000),(0.0439408,0.0186276,0.0034000),(0.0433185,0.0181881,0.0034000),(0.0433986,0.0182344,0.0034000),(0.0439408,0.0186276,0.0034000),(0.0433986,0.0182344,0.0034000),(0.0434873,0.0182622,0.0034000),(0.0439408,0.0186276,0.0034000),(0.0434873,0.0182622,0.0034000),(0.0435846,0.0182714,0.0034000),(0.0439408,0.0186276,0.0034000),(0.0435846,0.0182714,0.0034000),(0.0436785,0.0182622,0.0034000),(0.0439408,0.0186276,0.0034000),(0.0436785,0.0182622,0.0034000),(0.0437632,0.0182346,0.0034000),(0.0439408,0.0186276,0.0034000),(0.0437632,0.0182346,0.0034000),(0.0438388,0.0181887,0.0034000),(0.0439408,0.0186276,0.0034000),(0.0438388,0.0181887,0.0034000),(0.0439053,0.0181243,0.0034000),(0.0439408,0.0186276,0.0034000),(0.0439053,0.0181243,0.0034000),(0.0439595,0.0180432,0.0034000),(0.0439408,0.0186276,0.0034000),(0.0439595,0.0180432,0.0034000),(0.0439982,0.0179470,0.0034000),(0.0439408,0.0186276,0.0034000),(0.0439982,0.0179470,0.0034000),(0.0440214,0.0178358,0.0034000),(0.0441688,0.0169337,0.0034000),(0.0439408,0.0186276,0.0034000),(0.0440214,0.0178358,0.0034000),(0.0441688,0.0169337,0.0034000),(0.0440214,0.0178358,0.0034000),(0.0440291,0.0177095,0.0034000),(0.0441688,0.0169337,0.0034000),(0.0440291,0.0177095,0.0034000),(0.0440215,0.0175814,0.0034000),(0.0441688,0.0169337,0.0034000),(0.0440215,0.0175814,0.0034000),(0.0439984,0.0174660,0.0034000),(0.0441688,0.0169337,0.0034000),(0.0439984,0.0174660,0.0034000),(0.0439601,0.0173634,0.0034000),(0.0441688,0.0169337,0.0034000),(0.0439601,0.0173634,0.0034000),(0.0439064,0.0172734,0.0034000),(0.0441688,0.0169337,0.0034000),(0.0439064,0.0172734,0.0034000),(0.0438441,0.0172086,0.0034000),(0.0442532,0.0168575,0.0034000),(0.0441688,0.0169337,0.0034000),(0.0438441,0.0172086,0.0034000),(0.0442532,0.0168575,0.0034000),(0.0438441,0.0172086,0.0034000),(0.0437749,0.0171623,0.0034000),(0.0442532,0.0168575,0.0034000),(0.0437749,0.0171623,0.0034000),(0.0436986,0.0171345,0.0034000),(0.0442532,0.0168575,0.0034000),(0.0436986,0.0171345,0.0034000),(0.0436153,0.0171253,0.0034000),(0.0442532,0.0168575,0.0034000),(0.0436153,0.0171253,0.0034000),(0.0435730,0.0171253,0.0034000),(0.0442532,0.0168575,0.0034000),(0.0435730,0.0171253,0.0034000),(0.0435063,0.0171253,0.0034000),(0.0442532,0.0168575,0.0034000),(0.0435063,0.0171253,0.0034000),(0.0434248,0.0171096,0.0034000),(0.0442532,0.0168575,0.0034000),(0.0434248,0.0171096,0.0034000),(0.0433560,0.0170628,0.0034000),(0.0442532,0.0168575,0.0034000),(0.0433560,0.0170628,0.0034000),(0.0433092,0.0169943,0.0034000),(0.0442532,0.0168575,0.0034000),(0.0433092,0.0169943,0.0034000),(0.0432936,0.0169136,0.0034000),(0.0442532,0.0168575,0.0034000),(0.0432936,0.0169136,0.0034000),(0.0433092,0.0168326,0.0034000),(0.0442532,0.0168575,0.0034000),(0.0433092,0.0168326,0.0034000),(0.0433560,0.0167633,0.0034000),(0.0442532,0.0168575,0.0034000),(0.0433560,0.0167633,0.0034000),(0.0434248,0.0167157,0.0034000),(0.0442532,0.0168575,0.0034000),(0.0434248,0.0167157,0.0034000),(0.0435063,0.0166998,0.0034000),(0.0442532,0.0168575,0.0034000),(0.0435063,0.0166998,0.0034000),(0.0435730,0.0166998,0.0034000),(0.0442532,0.0168575,0.0034000),(0.0435730,0.0166998,0.0034000),(0.0437034,0.0166858,0.0034000),(0.0442532,0.0168575,0.0034000),(0.0437034,0.0166858,0.0034000),(0.0438214,0.0166440,0.0034000),(0.0442532,0.0168575,0.0034000),(0.0438214,0.0166440,0.0034000),(0.0439272,0.0165742,0.0034000),(0.0442532,0.0168575,0.0034000),(0.0439272,0.0165742,0.0034000),(0.0440207,0.0164765,0.0034000),(0.0442532,0.0168575,0.0034000),(0.0440207,0.0164765,0.0034000),(0.0440975,0.0163553,0.0034000),(0.0442532,0.0168575,0.0034000),(0.0440975,0.0163553,0.0034000),(0.0441524,0.0162151,0.0034000),(0.0442532,0.0168575,0.0034000),(0.0441524,0.0162151,0.0034000),(0.0441854,0.0160558,0.0034000),(0.0442532,0.0168575,0.0034000),(0.0441854,0.0160558,0.0034000),(0.0441936,0.0159690,0.0034000),(0.0442532,0.0168575,0.0034000),(0.0441936,0.0159690,0.0034000),(0.0441964,0.0158775,0.0034000),(0.0442532,0.0168575,0.0034000),(0.0441964,0.0158775,0.0034000),(0.0441936,0.0157868,0.0034000),(0.0429746,0.0158420,0.0034000),(0.0429719,0.0159420,0.0034000),(0.0429560,0.0160241,0.0034000),(0.0429827,0.0157476,0.0034000),(0.0429746,0.0158420,0.0034000),(0.0429560,0.0160241,0.0034000),(0.0429827,0.0157476,0.0034000),(0.0429560,0.0160241,0.0034000),(0.0429084,0.0160923,0.0034000),(0.0429963,0.0156590,0.0034000),(0.0429827,0.0157476,0.0034000),(0.0429084,0.0160923,0.0034000),(0.0429963,0.0156590,0.0034000),(0.0429084,0.0160923,0.0034000),(0.0428390,0.0161384,0.0034000),(0.0430153,0.0155761,0.0034000),(0.0429963,0.0156590,0.0034000),(0.0428390,0.0161384,0.0034000),(0.0430153,0.0155761,0.0034000),(0.0428390,0.0161384,0.0034000),(0.0427560,0.0161537,0.0034000),(0.0430695,0.0154275,0.0034000),(0.0430153,0.0155761,0.0034000),(0.0427560,0.0161537,0.0034000),(0.0430695,0.0154275,0.0034000),(0.0427560,0.0161537,0.0034000),(0.0426731,0.0161384,0.0034000),(0.0430695,0.0154275,0.0034000),(0.0426731,0.0161384,0.0034000),(0.0426046,0.0160923,0.0034000),(0.0431454,0.0153017,0.0034000),(0.0430695,0.0154275,0.0034000),(0.0426046,0.0160923,0.0034000),(0.0431454,0.0153017,0.0034000),(0.0426046,0.0160923,0.0034000),(0.0425586,0.0160241,0.0034000),(0.0431454,0.0153017,0.0034000),(0.0425586,0.0160241,0.0034000),(0.0425432,0.0159420,0.0034000),(0.0432360,0.0152022,0.0034000),(0.0431454,0.0153017,0.0034000),(0.0425432,0.0159420,0.0034000),(0.0432360,0.0152022,0.0034000),(0.0425432,0.0159420,0.0034000),(0.0425477,0.0158051,0.0034000),(0.0432360,0.0152022,0.0034000),(0.0425477,0.0158051,0.0034000),(0.0425609,0.0156741,0.0034000),(0.0432360,0.0152022,0.0034000),(0.0425609,0.0156741,0.0034000),(0.0425830,0.0155491,0.0034000),(0.0433394,0.0151311,0.0034000),(0.0432360,0.0152022,0.0034000),(0.0425830,0.0155491,0.0034000),(0.0433394,0.0151311,0.0034000),(0.0425830,0.0155491,0.0034000),(0.0426139,0.0154301,0.0034000),(0.0433394,0.0151311,0.0034000),(0.0426139,0.0154301,0.0034000),(0.0426536,0.0153170,0.0034000),(0.0434556,0.0150884,0.0034000),(0.0433394,0.0151311,0.0034000),(0.0426536,0.0153170,0.0034000),(0.0434556,0.0150884,0.0034000),(0.0426536,0.0153170,0.0034000),(0.0427022,0.0152100,0.0034000),(0.0434556,0.0150884,0.0034000),(0.0427022,0.0152100,0.0034000),(0.0427596,0.0151089,0.0034000),(0.0435846,0.0150742,0.0034000),(0.0434556,0.0150884,0.0034000),(0.0427596,0.0151089,0.0034000),(0.0435846,0.0150742,0.0034000),(0.0427596,0.0151089,0.0034000),(0.0428258,0.0150139,0.0034000),(0.0435846,0.0150742,0.0034000),(0.0428258,0.0150139,0.0034000),(0.0428979,0.0149283,0.0034000),(0.0437082,0.0150876,0.0034000),(0.0435846,0.0150742,0.0034000),(0.0428979,0.0149283,0.0034000),(0.0437082,0.0150876,0.0034000),(0.0428979,0.0149283,0.0034000),(0.0429764,0.0148541,0.0034000),(0.0437082,0.0150876,0.0034000),(0.0429764,0.0148541,0.0034000),(0.0430615,0.0147914,0.0034000),(0.0438217,0.0151279,0.0034000),(0.0437082,0.0150876,0.0034000),(0.0430615,0.0147914,0.0034000),(0.0438217,0.0151279,0.0034000),(0.0430615,0.0147914,0.0034000),(0.0431531,0.0147400,0.0034000),(0.0438217,0.0151279,0.0034000),(0.0431531,0.0147400,0.0034000),(0.0432512,0.0147001,0.0034000),(0.0439252,0.0151950,0.0034000),(0.0438217,0.0151279,0.0034000),(0.0432512,0.0147001,0.0034000),(0.0439252,0.0151950,0.0034000),(0.0432512,0.0147001,0.0034000),(0.0433558,0.0146716,0.0034000),(0.0439252,0.0151950,0.0034000),(0.0433558,0.0146716,0.0034000),(0.0434670,0.0146545,0.0034000),(0.0440186,0.0152890,0.0034000),(0.0439252,0.0151950,0.0034000),(0.0434670,0.0146545,0.0034000),(0.0440186,0.0152890,0.0034000),(0.0434670,0.0146545,0.0034000),(0.0435846,0.0146488,0.0034000),(0.0440186,0.0152890,0.0034000),(0.0435846,0.0146488,0.0034000),(0.0436978,0.0146542,0.0034000),(0.0440963,0.0154068,0.0034000),(0.0440186,0.0152890,0.0034000),(0.0436978,0.0146542,0.0034000),(0.0440963,0.0154068,0.0034000),(0.0436978,0.0146542,0.0034000),(0.0438054,0.0146707,0.0034000),(0.0441519,0.0155441,0.0034000),(0.0440963,0.0154068,0.0034000),(0.0438054,0.0146707,0.0034000),(0.0441519,0.0155441,0.0034000),(0.0438054,0.0146707,0.0034000),(0.0439074,0.0146982,0.0034000),(0.0441519,0.0155441,0.0034000),(0.0439074,0.0146982,0.0034000),(0.0440040,0.0147366,0.0034000),(0.0441714,0.0156201,0.0034000),(0.0441519,0.0155441,0.0034000),(0.0440040,0.0147366,0.0034000),(0.0441714,0.0156201,0.0034000),(0.0440040,0.0147366,0.0034000),(0.0440950,0.0147860,0.0034000),(0.0441852,0.0157010,0.0034000),(0.0441714,0.0156201,0.0034000),(0.0440950,0.0147860,0.0034000),(0.0441852,0.0157010,0.0034000),(0.0440950,0.0147860,0.0034000),(0.0441805,0.0148464,0.0034000),(0.0441936,0.0157868,0.0034000),(0.0441852,0.0157010,0.0034000),(0.0441805,0.0148464,0.0034000),(0.0442532,0.0168575,0.0034000),(0.0441936,0.0157868,0.0034000),(0.0441805,0.0148464,0.0034000),(0.0442532,0.0168575,0.0034000),(0.0441805,0.0148464,0.0034000),(0.0442605,0.0149178,0.0034000),(0.0442532,0.0168575,0.0034000),(0.0442605,0.0149178,0.0034000),(0.0443350,0.0150001,0.0034000),(0.0442532,0.0168575,0.0034000),(0.0443350,0.0150001,0.0034000),(0.0444027,0.0150914,0.0034000),(0.0442532,0.0168575,0.0034000),(0.0444027,0.0150914,0.0034000),(0.0444614,0.0151879,0.0034000),(0.0442532,0.0168575,0.0034000),(0.0444614,0.0151879,0.0034000),(0.0445111,0.0152897,0.0034000),(0.0442532,0.0168575,0.0034000),(0.0445111,0.0152897,0.0034000),(0.0445517,0.0153967,0.0034000),(0.0442532,0.0168575,0.0034000),(0.0445517,0.0153967,0.0034000),(0.0445833,0.0155090,0.0034000),(0.0442532,0.0168575,0.0034000),(0.0445833,0.0155090,0.0034000),(0.0446059,0.0156266,0.0034000),(0.0442532,0.0168575,0.0034000),(0.0446059,0.0156266,0.0034000),(0.0446194,0.0157494,0.0034000),(0.0442532,0.0168575,0.0034000),(0.0446194,0.0157494,0.0034000),(0.0446239,0.0158775,0.0034000),(0.0442532,0.0168575,0.0034000),(0.0446239,0.0158775,0.0034000),(0.0446194,0.0160069,0.0034000),(0.0442532,0.0168575,0.0034000),(0.0446194,0.0160069,0.0034000),(0.0446060,0.0161309,0.0034000),(0.0442532,0.0168575,0.0034000),(0.0446060,0.0161309,0.0034000),(0.0445836,0.0162497,0.0034000),(0.0442532,0.0168575,0.0034000),(0.0445836,0.0162497,0.0034000),(0.0445522,0.0163633,0.0034000),(0.0442532,0.0168575,0.0034000),(0.0445522,0.0163633,0.0034000),(0.0445119,0.0164715,0.0034000),(0.0442532,0.0168575,0.0034000),(0.0445119,0.0164715,0.0034000),(0.0444626,0.0165744,0.0034000),(0.0442532,0.0168575,0.0034000),(0.0444626,0.0165744,0.0034000),(0.0444043,0.0166720,0.0034000),(0.0442532,0.0168575,0.0034000),(0.0444043,0.0166720,0.0034000),(0.0443371,0.0167644,0.0034000),(0.0450822,0.0146760,0.0034000),(0.0451552,0.0145694,0.0034000),(0.0452618,0.0144964,0.0034000),(0.0450822,0.0146760,0.0034000),(0.0452618,0.0144964,0.0034000),(0.0453870,0.0144720,0.0034000),(0.0450822,0.0146760,0.0034000),(0.0453870,0.0144720,0.0034000),(0.0455119,0.0144964,0.0034000),(0.0450822,0.0146760,0.0034000),(0.0455119,0.0144964,0.0034000),(0.0456177,0.0145694,0.0034000),(0.0450822,0.0146760,0.0034000),(0.0456177,0.0145694,0.0034000),(0.0456907,0.0146760,0.0034000),(0.0450822,0.0146760,0.0034000),(0.0456907,0.0146760,0.0034000),(0.0457151,0.0148012,0.0034000),(0.0450822,0.0146760,0.0034000),(0.0457151,0.0148012,0.0034000),(0.0456907,0.0149263,0.0034000),(0.0450822,0.0146760,0.0034000),(0.0456907,0.0149263,0.0034000),(0.0456177,0.0150329,0.0034000),(0.0450822,0.0146760,0.0034000),(0.0456177,0.0150329,0.0034000),(0.0455119,0.0151060,0.0034000),(0.0450822,0.0146760,0.0034000),(0.0455119,0.0151060,0.0034000),(0.0453870,0.0151303,0.0034000),(0.0450822,0.0146760,0.0034000),(0.0453870,0.0151303,0.0034000),(0.0452618,0.0151060,0.0034000),(0.0450822,0.0146760,0.0034000),(0.0452618,0.0151060,0.0034000),(0.0451552,0.0150329,0.0034000),(0.0450822,0.0146760,0.0034000),(0.0451552,0.0150329,0.0034000),(0.0450822,0.0149263,0.0034000),(0.0450822,0.0146760,0.0034000),(0.0450822,0.0149263,0.0034000),(0.0450578,0.0148012,0.0034000),(0.0211922,0.0214056,0.0034000),(0.0212893,0.0213649,0.0034000),(0.0213873,0.0213296,0.0034000),(0.0211922,0.0214056,0.0034000),(0.0213873,0.0213296,0.0034000),(0.0214863,0.0212998,0.0034000),(0.0211922,0.0214056,0.0034000),(0.0214863,0.0212998,0.0034000),(0.0215862,0.0212754,0.0034000),(0.0211922,0.0214056,0.0034000),(0.0215862,0.0212754,0.0034000),(0.0216871,0.0212564,0.0034000),(0.0211922,0.0214056,0.0034000),(0.0216871,0.0212564,0.0034000),(0.0217889,0.0212429,0.0034000),(0.0211922,0.0214056,0.0034000),(0.0217889,0.0212429,0.0034000),(0.0218917,0.0212347,0.0034000),(0.0211922,0.0214056,0.0034000),(0.0218917,0.0212347,0.0034000),(0.0219955,0.0212320,0.0034000),(0.0211922,0.0214056,0.0034000),(0.0219955,0.0212320,0.0034000),(0.0221313,0.0212363,0.0034000),(0.0211922,0.0214056,0.0034000),(0.0221313,0.0212363,0.0034000),(0.0222645,0.0212493,0.0034000),(0.0211922,0.0214056,0.0034000),(0.0222645,0.0212493,0.0034000),(0.0223952,0.0212709,0.0034000),(0.0211922,0.0214056,0.0034000),(0.0223952,0.0212709,0.0034000),(0.0225234,0.0213011,0.0034000),(0.0211922,0.0214056,0.0034000),(0.0225234,0.0213011,0.0034000),(0.0226490,0.0213399,0.0034000),(0.0211922,0.0214056,0.0034000),(0.0226490,0.0213399,0.0034000),(0.0227720,0.0213874,0.0034000),(0.0211922,0.0214056,0.0034000),(0.0227720,0.0213874,0.0034000),(0.0228925,0.0214435,0.0034000),(0.0211922,0.0214056,0.0034000),(0.0228925,0.0214435,0.0034000),(0.0230105,0.0215082,0.0034000),(0.0211922,0.0214056,0.0034000),(0.0230105,0.0215082,0.0034000),(0.0231240,0.0215806,0.0034000),(0.0211922,0.0214056,0.0034000),(0.0231240,0.0215806,0.0034000),(0.0232314,0.0216592,0.0034000),(0.0211922,0.0214056,0.0034000),(0.0232314,0.0216592,0.0034000),(0.0233325,0.0217439,0.0034000),(0.0211922,0.0214056,0.0034000),(0.0233325,0.0217439,0.0034000),(0.0234274,0.0218347,0.0034000),(0.0211922,0.0214056,0.0034000),(0.0234274,0.0218347,0.0034000),(0.0235161,0.0219317,0.0034000),(0.0235161,0.0219317,0.0034000),(0.0235986,0.0220349,0.0034000),(0.0236749,0.0221442,0.0034000),(0.0235161,0.0219317,0.0034000),(0.0236749,0.0221442,0.0034000),(0.0237449,0.0222597,0.0034000),(0.0235161,0.0219317,0.0034000),(0.0237449,0.0222597,0.0034000),(0.0238079,0.0223794,0.0034000),(0.0235161,0.0219317,0.0034000),(0.0238079,0.0223794,0.0034000),(0.0238625,0.0225017,0.0034000),(0.0235161,0.0219317,0.0034000),(0.0238625,0.0225017,0.0034000),(0.0239087,0.0226264,0.0034000),(0.0235161,0.0219317,0.0034000),(0.0239087,0.0226264,0.0034000),(0.0239466,0.0227536,0.0034000),(0.0235161,0.0219317,0.0034000),(0.0239466,0.0227536,0.0034000),(0.0239760,0.0228833,0.0034000),(0.0235161,0.0219317,0.0034000),(0.0239760,0.0228833,0.0034000),(0.0239970,0.0230155,0.0034000),(0.0235161,0.0219317,0.0034000),(0.0239970,0.0230155,0.0034000),(0.0240096,0.0231502,0.0034000),(0.0235161,0.0219317,0.0034000),(0.0240096,0.0231502,0.0034000),(0.0240138,0.0232873,0.0034000),(0.0235161,0.0219317,0.0034000),(0.0240138,0.0232873,0.0034000),(0.0240096,0.0234189,0.0034000),(0.0235161,0.0219317,0.0034000),(0.0240096,0.0234189,0.0034000),(0.0239970,0.0235498,0.0034000),(0.0235161,0.0219317,0.0034000),(0.0239970,0.0235498,0.0034000),(0.0239760,0.0236798,0.0034000),(0.0235161,0.0219317,0.0034000),(0.0239760,0.0236798,0.0034000),(0.0239466,0.0238091,0.0034000),(0.0235161,0.0219317,0.0034000),(0.0239466,0.0238091,0.0034000),(0.0239087,0.0239375,0.0034000),(0.0235161,0.0219317,0.0034000),(0.0239087,0.0239375,0.0034000),(0.0238625,0.0240652,0.0034000),(0.0238625,0.0240652,0.0034000),(0.0234708,0.0239237,0.0034000),(0.0235073,0.0238258,0.0034000),(0.0238625,0.0240652,0.0034000),(0.0235073,0.0238258,0.0034000),(0.0235372,0.0237247,0.0034000),(0.0238625,0.0240652,0.0034000),(0.0235372,0.0237247,0.0034000),(0.0235605,0.0236202,0.0034000),(0.0238625,0.0240652,0.0034000),(0.0235605,0.0236202,0.0034000),(0.0235771,0.0235125,0.0034000),(0.0238625,0.0240652,0.0034000),(0.0235771,0.0235125,0.0034000),(0.0235871,0.0234015,0.0034000),(0.0238625,0.0240652,0.0034000),(0.0235871,0.0234015,0.0034000),(0.0235904,0.0232873,0.0034000),(0.0238625,0.0240652,0.0034000),(0.0235904,0.0232873,0.0034000),(0.0235871,0.0231773,0.0034000),(0.0235161,0.0219317,0.0034000),(0.0238625,0.0240652,0.0034000),(0.0235871,0.0231773,0.0034000),(0.0235161,0.0219317,0.0034000),(0.0235871,0.0231773,0.0034000),(0.0235770,0.0230694,0.0034000),(0.0235161,0.0219317,0.0034000),(0.0235770,0.0230694,0.0034000),(0.0235602,0.0229637,0.0034000),(0.0235161,0.0219317,0.0034000),(0.0235602,0.0229637,0.0034000),(0.0235367,0.0228603,0.0034000),(0.0235161,0.0219317,0.0034000),(0.0235367,0.0228603,0.0034000),(0.0235065,0.0227590,0.0034000),(0.0235161,0.0219317,0.0034000),(0.0235065,0.0227590,0.0034000),(0.0234696,0.0226598,0.0034000),(0.0235161,0.0219317,0.0034000),(0.0234696,0.0226598,0.0034000),(0.0234259,0.0225629,0.0034000),(0.0235161,0.0219317,0.0034000),(0.0234259,0.0225629,0.0034000),(0.0233756,0.0224681,0.0034000),(0.0235161,0.0219317,0.0034000),(0.0233756,0.0224681,0.0034000),(0.0233197,0.0223769,0.0034000),(0.0235161,0.0219317,0.0034000),(0.0233197,0.0223769,0.0034000),(0.0232591,0.0222906,0.0034000),(0.0235161,0.0219317,0.0034000),(0.0232591,0.0222906,0.0034000),(0.0231937,0.0222092,0.0034000),(0.0235161,0.0219317,0.0034000),(0.0231937,0.0222092,0.0034000),(0.0231234,0.0221327,0.0034000),(0.0235161,0.0219317,0.0034000),(0.0231234,0.0221327,0.0034000),(0.0230484,0.0220610,0.0034000),(0.0235161,0.0219317,0.0034000),(0.0230484,0.0220610,0.0034000),(0.0229686,0.0219943,0.0034000),(0.0235161,0.0219317,0.0034000),(0.0229686,0.0219943,0.0034000),(0.0228840,0.0219324,0.0034000),(0.0235161,0.0219317,0.0034000),(0.0228840,0.0219324,0.0034000),(0.0227946,0.0218755,0.0034000),(0.0235161,0.0219317,0.0034000),(0.0227946,0.0218755,0.0034000),(0.0227020,0.0218244,0.0034000),(0.0235161,0.0219317,0.0034000),(0.0227020,0.0218244,0.0034000),(0.0226073,0.0217801,0.0034000),(0.0235161,0.0219317,0.0034000),(0.0226073,0.0217801,0.0034000),(0.0225105,0.0217426,0.0034000),(0.0235161,0.0219317,0.0034000),(0.0225105,0.0217426,0.0034000),(0.0224117,0.0217120,0.0034000),(0.0211922,0.0214056,0.0034000),(0.0235161,0.0219317,0.0034000),(0.0224117,0.0217120,0.0034000),(0.0211922,0.0214056,0.0034000),(0.0224117,0.0217120,0.0034000),(0.0223108,0.0216881,0.0034000),(0.0211922,0.0214056,0.0034000),(0.0223108,0.0216881,0.0034000),(0.0222078,0.0216711,0.0034000),(0.0211922,0.0214056,0.0034000),(0.0222078,0.0216711,0.0034000),(0.0221027,0.0216609,0.0034000),(0.0211922,0.0214056,0.0034000),(0.0221027,0.0216609,0.0034000),(0.0219955,0.0216575,0.0034000),(0.0211922,0.0214056,0.0034000),(0.0219955,0.0216575,0.0034000),(0.0218419,0.0216645,0.0034000),(0.0211922,0.0214056,0.0034000),(0.0218419,0.0216645,0.0034000),(0.0216923,0.0216858,0.0034000),(0.0211922,0.0214056,0.0034000),(0.0216923,0.0216858,0.0034000),(0.0215466,0.0217212,0.0034000),(0.0211922,0.0214056,0.0034000),(0.0215466,0.0217212,0.0034000),(0.0214050,0.0217707,0.0034000),(0.0211922,0.0214056,0.0034000),(0.0214050,0.0217707,0.0034000),(0.0230020,0.0245541,0.0034000),(0.0206313,0.0204309,0.0034000),(0.0211922,0.0214056,0.0034000),(0.0230020,0.0245541,0.0034000),(0.0234276,0.0240183,0.0034000),(0.0234708,0.0239237,0.0034000),(0.0238625,0.0240652,0.0034000),(0.0233777,0.0241096,0.0034000),(0.0234276,0.0240183,0.0034000),(0.0238625,0.0240652,0.0034000),(0.0233098,0.0242136,0.0034000),(0.0233777,0.0241096,0.0034000),(0.0238625,0.0240652,0.0034000),(0.0232245,0.0243223,0.0034000),(0.0233098,0.0242136,0.0034000),(0.0238625,0.0240652,0.0034000),(0.0231754,0.0243785,0.0034000),(0.0232245,0.0243223,0.0034000),(0.0238625,0.0240652,0.0034000),(0.0231219,0.0244359,0.0034000),(0.0231754,0.0243785,0.0034000),(0.0238625,0.0240652,0.0034000),(0.0230641,0.0244944,0.0034000),(0.0231219,0.0244359,0.0034000),(0.0238625,0.0240652,0.0034000),(0.0230020,0.0245541,0.0034000),(0.0230641,0.0244944,0.0034000),(0.0238625,0.0240652,0.0034000),(0.0230020,0.0245541,0.0034000),(0.0238625,0.0240652,0.0034000),(0.0238079,0.0241920,0.0034000),(0.0230020,0.0245541,0.0034000),(0.0238079,0.0241920,0.0034000),(0.0237449,0.0243181,0.0034000),(0.0230020,0.0245541,0.0034000),(0.0237449,0.0243181,0.0034000),(0.0236948,0.0244048,0.0034000),(0.0230020,0.0245541,0.0034000),(0.0236948,0.0244048,0.0034000),(0.0236400,0.0244882,0.0034000),(0.0230020,0.0245541,0.0034000),(0.0236400,0.0244882,0.0034000),(0.0235806,0.0245683,0.0034000),(0.0230020,0.0245541,0.0034000),(0.0235806,0.0245683,0.0034000),(0.0235166,0.0246451,0.0034000),(0.0230020,0.0245541,0.0034000),(0.0235166,0.0246451,0.0034000),(0.0234480,0.0247186,0.0034000),(0.0230020,0.0245541,0.0034000),(0.0234480,0.0247186,0.0034000),(0.0233749,0.0247888,0.0034000),(0.0230020,0.0245541,0.0034000),(0.0233749,0.0247888,0.0034000),(0.0232971,0.0248557,0.0034000),(0.0230020,0.0245541,0.0034000),(0.0232971,0.0248557,0.0034000),(0.0232147,0.0249192,0.0034000),(0.0230020,0.0245541,0.0034000),(0.0232147,0.0249192,0.0034000),(0.0237566,0.0258717,0.0034000),(0.0206313,0.0204309,0.0034000),(0.0230020,0.0245541,0.0034000),(0.0237566,0.0258717,0.0034000),(0.0206313,0.0204309,0.0034000),(0.0237566,0.0258717,0.0034000),(0.0237852,0.0259755,0.0034000),(0.0206313,0.0204309,0.0034000),(0.0237852,0.0259755,0.0034000),(0.0237777,0.0260358,0.0034000),(0.0206313,0.0204309,0.0034000),(0.0237777,0.0260358,0.0034000),(0.0237391,0.0261109,0.0034000),(0.0206313,0.0204309,0.0034000),(0.0237391,0.0261109,0.0034000),(0.0236740,0.0261649,0.0034000),(0.0206313,0.0204309,0.0034000),(0.0236740,0.0261649,0.0034000),(0.0235714,0.0261956,0.0034000),(0.0206313,0.0204309,0.0034000),(0.0235714,0.0261956,0.0034000),(0.0235110,0.0261882,0.0034000),(0.0206313,0.0204309,0.0034000),(0.0235110,0.0261882,0.0034000),(0.0234354,0.0261496,0.0034000),(0.0206313,0.0204309,0.0034000),(0.0234354,0.0261496,0.0034000),(0.0233798,0.0260845,0.0034000),(0.0206313,0.0204309,0.0034000),(0.0233798,0.0260845,0.0034000),(0.0228443,0.0251563,0.0034000),(0.0228443,0.0251563,0.0034000),(0.0227437,0.0252007,0.0034000),(0.0226398,0.0252392,0.0034000),(0.0228443,0.0251563,0.0034000),(0.0226398,0.0252392,0.0034000),(0.0225326,0.0252718,0.0034000),(0.0228443,0.0251563,0.0034000),(0.0225326,0.0252718,0.0034000),(0.0224220,0.0252984,0.0034000),(0.0228443,0.0251563,0.0034000),(0.0224220,0.0252984,0.0034000),(0.0223082,0.0253191,0.0034000),(0.0228443,0.0251563,0.0034000),(0.0223082,0.0253191,0.0034000),(0.0221910,0.0253339,0.0034000),(0.0228443,0.0251563,0.0034000),(0.0221910,0.0253339,0.0034000),(0.0220706,0.0253428,0.0034000),(0.0228443,0.0251563,0.0034000),(0.0220706,0.0253428,0.0034000),(0.0219468,0.0253458,0.0034000),(0.0228443,0.0251563,0.0034000),(0.0219468,0.0253458,0.0034000),(0.0218222,0.0253414,0.0034000),(0.0228443,0.0251563,0.0034000),(0.0218222,0.0253414,0.0034000),(0.0216987,0.0253284,0.0034000),(0.0228443,0.0251563,0.0034000),(0.0216987,0.0253284,0.0034000),(0.0215763,0.0253068,0.0034000),(0.0228443,0.0251563,0.0034000),(0.0215763,0.0253068,0.0034000),(0.0214550,0.0252764,0.0034000),(0.0228443,0.0251563,0.0034000),(0.0214550,0.0252764,0.0034000),(0.0213347,0.0252374,0.0034000),(0.0228443,0.0251563,0.0034000),(0.0213347,0.0252374,0.0034000),(0.0212156,0.0251898,0.0034000),(0.0228443,0.0251563,0.0034000),(0.0212156,0.0251898,0.0034000),(0.0210975,0.0251335,0.0034000),(0.0228443,0.0251563,0.0034000),(0.0210975,0.0251335,0.0034000),(0.0209806,0.0250685,0.0034000),(0.0228443,0.0251563,0.0034000),(0.0209806,0.0250685,0.0034000),(0.0208675,0.0249963,0.0034000),(0.0228443,0.0251563,0.0034000),(0.0208675,0.0249963,0.0034000),(0.0207604,0.0249179,0.0034000),(0.0228443,0.0251563,0.0034000),(0.0207604,0.0249179,0.0034000),(0.0206595,0.0248333,0.0034000),(0.0228443,0.0251563,0.0034000),(0.0206595,0.0248333,0.0034000),(0.0205646,0.0247425,0.0034000),(0.0228443,0.0251563,0.0034000),(0.0205646,0.0247425,0.0034000),(0.0204759,0.0246455,0.0034000),(0.0204759,0.0246455,0.0034000),(0.0203932,0.0245422,0.0034000),(0.0203166,0.0244327,0.0034000),(0.0204759,0.0246455,0.0034000),(0.0203166,0.0244327,0.0034000),(0.0202461,0.0243171,0.0034000),(0.0204759,0.0246455,0.0034000),(0.0202461,0.0243171,0.0034000),(0.0201828,0.0241972,0.0034000),(0.0204759,0.0246455,0.0034000),(0.0201828,0.0241972,0.0034000),(0.0201280,0.0240749,0.0034000),(0.0204759,0.0246455,0.0034000),(0.0201280,0.0240749,0.0034000),(0.0200816,0.0239500,0.0034000),(0.0204759,0.0246455,0.0034000),(0.0200816,0.0239500,0.0034000),(0.0200437,0.0238225,0.0034000),(0.0204759,0.0246455,0.0034000),(0.0200437,0.0238225,0.0034000),(0.0200142,0.0236926,0.0034000),(0.0204759,0.0246455,0.0034000),(0.0200142,0.0236926,0.0034000),(0.0199931,0.0235600,0.0034000),(0.0204759,0.0246455,0.0034000),(0.0199931,0.0235600,0.0034000),(0.0199804,0.0234249,0.0034000),(0.0204759,0.0246455,0.0034000),(0.0199804,0.0234249,0.0034000),(0.0199762,0.0232873,0.0034000),(0.0204759,0.0246455,0.0034000),(0.0199762,0.0232873,0.0034000),(0.0199804,0.0231492,0.0034000),(0.0204759,0.0246455,0.0034000),(0.0199804,0.0231492,0.0034000),(0.0199930,0.0230139,0.0034000),(0.0204759,0.0246455,0.0034000),(0.0199930,0.0230139,0.0034000),(0.0200140,0.0228813,0.0034000),(0.0204759,0.0246455,0.0034000),(0.0200140,0.0228813,0.0034000),(0.0200434,0.0227515,0.0034000),(0.0204759,0.0246455,0.0034000),(0.0200434,0.0227515,0.0034000),(0.0200812,0.0226244,0.0034000),(0.0204759,0.0246455,0.0034000),(0.0200812,0.0226244,0.0034000),(0.0201274,0.0225001,0.0034000),(0.0204759,0.0246455,0.0034000),(0.0201274,0.0225001,0.0034000),(0.0201820,0.0223785,0.0034000),(0.0204759,0.0246455,0.0034000),(0.0201820,0.0223785,0.0034000),(0.0202450,0.0222597,0.0034000),(0.0202450,0.0222597,0.0034000),(0.0206133,0.0224681,0.0034000),(0.0205640,0.0225629,0.0034000),(0.0202450,0.0222597,0.0034000),(0.0205640,0.0225629,0.0034000),(0.0205212,0.0226598,0.0034000),(0.0202450,0.0222597,0.0034000),(0.0205212,0.0226598,0.0034000),(0.0204850,0.0227588,0.0034000),(0.0202450,0.0222597,0.0034000),(0.0204850,0.0227588,0.0034000),(0.0204554,0.0228600,0.0034000),(0.0202450,0.0222597,0.0034000),(0.0204554,0.0228600,0.0034000),(0.0204323,0.0229633,0.0034000),(0.0202450,0.0222597,0.0034000),(0.0204323,0.0229633,0.0034000),(0.0204159,0.0230688,0.0034000),(0.0202450,0.0222597,0.0034000),(0.0204159,0.0230688,0.0034000),(0.0204060,0.0231765,0.0034000),(0.0202450,0.0222597,0.0034000),(0.0204060,0.0231765,0.0034000),(0.0204027,0.0232862,0.0034000),(0.0202450,0.0222597,0.0034000),(0.0204027,0.0232862,0.0034000),(0.0204061,0.0233961,0.0034000),(0.0204759,0.0246455,0.0034000),(0.0202450,0.0222597,0.0034000),(0.0204061,0.0233961,0.0034000),(0.0204759,0.0246455,0.0034000),(0.0204061,0.0233961,0.0034000),(0.0204161,0.0235038,0.0034000),(0.0204759,0.0246455,0.0034000),(0.0204161,0.0235038,0.0034000),(0.0204328,0.0236094,0.0034000),(0.0204759,0.0246455,0.0034000),(0.0204328,0.0236094,0.0034000),(0.0204562,0.0237130,0.0034000),(0.0204759,0.0246455,0.0034000),(0.0204562,0.0237130,0.0034000),(0.0204862,0.0238145,0.0034000),(0.0204759,0.0246455,0.0034000),(0.0204862,0.0238145,0.0034000),(0.0205230,0.0239139,0.0034000),(0.0204759,0.0246455,0.0034000),(0.0205230,0.0239139,0.0034000),(0.0205664,0.0240112,0.0034000),(0.0204759,0.0246455,0.0034000),(0.0205664,0.0240112,0.0034000),(0.0206165,0.0241064,0.0034000),(0.0204759,0.0246455,0.0034000),(0.0206165,0.0241064,0.0034000),(0.0206723,0.0241984,0.0034000),(0.0204759,0.0246455,0.0034000),(0.0206723,0.0241984,0.0034000),(0.0207330,0.0242853,0.0034000),(0.0204759,0.0246455,0.0034000),(0.0207330,0.0242853,0.0034000),(0.0207984,0.0243672,0.0034000),(0.0204759,0.0246455,0.0034000),(0.0207984,0.0243672,0.0034000),(0.0208687,0.0244441,0.0034000),(0.0204759,0.0246455,0.0034000),(0.0208687,0.0244441,0.0034000),(0.0209437,0.0245159,0.0034000),(0.0204759,0.0246455,0.0034000),(0.0209437,0.0245159,0.0034000),(0.0210235,0.0245827,0.0034000),(0.0204759,0.0246455,0.0034000),(0.0210235,0.0245827,0.0034000),(0.0211081,0.0246445,0.0034000),(0.0204759,0.0246455,0.0034000),(0.0211081,0.0246445,0.0034000),(0.0211975,0.0247012,0.0034000),(0.0204759,0.0246455,0.0034000),(0.0211975,0.0247012,0.0034000),(0.0212896,0.0247523,0.0034000),(0.0204759,0.0246455,0.0034000),(0.0212896,0.0247523,0.0034000),(0.0213822,0.0247966,0.0034000),(0.0204759,0.0246455,0.0034000),(0.0213822,0.0247966,0.0034000),(0.0214753,0.0248341,0.0034000),(0.0204759,0.0246455,0.0034000),(0.0214753,0.0248341,0.0034000),(0.0215690,0.0248647,0.0034000),(0.0204759,0.0246455,0.0034000),(0.0215690,0.0248647,0.0034000),(0.0216632,0.0248886,0.0034000),(0.0228443,0.0251563,0.0034000),(0.0204759,0.0246455,0.0034000),(0.0216632,0.0248886,0.0034000),(0.0228443,0.0251563,0.0034000),(0.0216632,0.0248886,0.0034000),(0.0217579,0.0249056,0.0034000),(0.0228443,0.0251563,0.0034000),(0.0217579,0.0249056,0.0034000),(0.0218532,0.0249158,0.0034000),(0.0228443,0.0251563,0.0034000),(0.0218532,0.0249158,0.0034000),(0.0219489,0.0249192,0.0034000),(0.0228443,0.0251563,0.0034000),(0.0219489,0.0249192,0.0034000),(0.0219553,0.0249192,0.0034000),(0.0228443,0.0251563,0.0034000),(0.0219553,0.0249192,0.0034000),(0.0220490,0.0249172,0.0034000),(0.0228443,0.0251563,0.0034000),(0.0220490,0.0249172,0.0034000),(0.0221402,0.0249109,0.0034000),(0.0228443,0.0251563,0.0034000),(0.0221402,0.0249109,0.0034000),(0.0222288,0.0249005,0.0034000),(0.0228443,0.0251563,0.0034000),(0.0222288,0.0249005,0.0034000),(0.0223149,0.0248859,0.0034000),(0.0228443,0.0251563,0.0034000),(0.0223149,0.0248859,0.0034000),(0.0223984,0.0248672,0.0034000),(0.0228443,0.0251563,0.0034000),(0.0223984,0.0248672,0.0034000),(0.0224794,0.0248442,0.0034000),(0.0228443,0.0251563,0.0034000),(0.0224794,0.0248442,0.0034000),(0.0225578,0.0248172,0.0034000),(0.0228443,0.0251563,0.0034000),(0.0225578,0.0248172,0.0034000),(0.0226337,0.0247859,0.0034000),(0.0206313,0.0204309,0.0034000),(0.0228443,0.0251563,0.0034000),(0.0226337,0.0247859,0.0034000),(0.0206313,0.0204309,0.0034000),(0.0226337,0.0247859,0.0034000),(0.0210293,0.0219908,0.0034000),(0.0206313,0.0204309,0.0034000),(0.0210293,0.0219908,0.0034000),(0.0209088,0.0220937,0.0034000),(0.0206557,0.0223989,0.0034000),(0.0206133,0.0224681,0.0034000),(0.0202450,0.0222597,0.0034000),(0.0207008,0.0223323,0.0034000),(0.0206557,0.0223989,0.0034000),(0.0202450,0.0222597,0.0034000),(0.0207993,0.0222075,0.0034000),(0.0207008,0.0223323,0.0034000),(0.0202450,0.0222597,0.0034000),(0.0209088,0.0220937,0.0034000),(0.0207993,0.0222075,0.0034000),(0.0202450,0.0222597,0.0034000),(0.0209088,0.0220937,0.0034000),(0.0202450,0.0222597,0.0034000),(0.0203030,0.0221646,0.0034000),(0.0209088,0.0220937,0.0034000),(0.0203030,0.0221646,0.0034000),(0.0203646,0.0220737,0.0034000),(0.0209088,0.0220937,0.0034000),(0.0203646,0.0220737,0.0034000),(0.0204300,0.0219868,0.0034000),(0.0209088,0.0220937,0.0034000),(0.0204300,0.0219868,0.0034000),(0.0204990,0.0219041,0.0034000),(0.0209088,0.0220937,0.0034000),(0.0204990,0.0219041,0.0034000),(0.0205718,0.0218254,0.0034000),(0.0209088,0.0220937,0.0034000),(0.0205718,0.0218254,0.0034000),(0.0206483,0.0217509,0.0034000),(0.0209088,0.0220937,0.0034000),(0.0206483,0.0217509,0.0034000),(0.0207284,0.0216804,0.0034000),(0.0209088,0.0220937,0.0034000),(0.0207284,0.0216804,0.0034000),(0.0208123,0.0216141,0.0034000),(0.0206313,0.0204309,0.0034000),(0.0209088,0.0220937,0.0034000),(0.0208123,0.0216141,0.0034000),(0.0206313,0.0204309,0.0034000),(0.0208123,0.0216141,0.0034000),(0.0202567,0.0206436,0.0034000),(0.0206313,0.0204309,0.0034000),(0.0202567,0.0206436,0.0034000),(0.0202292,0.0205420,0.0034000),(0.0206313,0.0204309,0.0034000),(0.0202292,0.0205420,0.0034000),(0.0202355,0.0204817,0.0034000),(0.0206313,0.0204309,0.0034000),(0.0202355,0.0204817,0.0034000),(0.0202747,0.0204047,0.0034000),(0.0206313,0.0204309,0.0034000),(0.0202747,0.0204047,0.0034000),(0.0203371,0.0203494,0.0034000),(0.0206313,0.0204309,0.0034000),(0.0203371,0.0203494,0.0034000),(0.0204419,0.0203218,0.0034000),(0.0206313,0.0204309,0.0034000),(0.0204419,0.0203218,0.0034000),(0.0205022,0.0203293,0.0034000),(0.0206313,0.0204309,0.0034000),(0.0205022,0.0203293,0.0034000),(0.0205747,0.0203647,0.0034000),(0.0261442,0.0235773,0.0034000),(0.0261918,0.0236260,0.0034000),(0.0262479,0.0237035,0.0034000),(0.0261442,0.0235773,0.0034000),(0.0262479,0.0237035,0.0034000),(0.0262964,0.0237849,0.0034000),(0.0261442,0.0235773,0.0034000),(0.0262964,0.0237849,0.0034000),(0.0263376,0.0238701,0.0034000),(0.0261442,0.0235773,0.0034000),(0.0263376,0.0238701,0.0034000),(0.0263712,0.0239591,0.0034000),(0.0261442,0.0235773,0.0034000),(0.0263712,0.0239591,0.0034000),(0.0263974,0.0240519,0.0034000),(0.0261442,0.0235773,0.0034000),(0.0263974,0.0240519,0.0034000),(0.0264160,0.0241484,0.0034000),(0.0261442,0.0235773,0.0034000),(0.0264160,0.0241484,0.0034000),(0.0264273,0.0242488,0.0034000),(0.0261442,0.0235773,0.0034000),(0.0264273,0.0242488,0.0034000),(0.0264310,0.0243530,0.0034000),(0.0261442,0.0235773,0.0034000),(0.0264310,0.0243530,0.0034000),(0.0264273,0.0244572,0.0034000),(0.0261442,0.0235773,0.0034000),(0.0264273,0.0244572,0.0034000),(0.0264161,0.0245568,0.0034000),(0.0261442,0.0235773,0.0034000),(0.0264161,0.0245568,0.0034000),(0.0263975,0.0246519,0.0034000),(0.0261442,0.0235773,0.0034000),(0.0263975,0.0246519,0.0034000),(0.0263715,0.0247425,0.0034000),(0.0261442,0.0235773,0.0034000),(0.0263715,0.0247425,0.0034000),(0.0263380,0.0248286,0.0034000),(0.0261442,0.0235773,0.0034000),(0.0263380,0.0248286,0.0034000),(0.0262970,0.0249103,0.0034000),(0.0261442,0.0235773,0.0034000),(0.0262970,0.0249103,0.0034000),(0.0262487,0.0249874,0.0034000),(0.0261442,0.0235773,0.0034000),(0.0262487,0.0249874,0.0034000),(0.0261929,0.0250600,0.0034000),(0.0261442,0.0235773,0.0034000),(0.0261929,0.0250600,0.0034000),(0.0261311,0.0251260,0.0034000),(0.0261442,0.0235773,0.0034000),(0.0261311,0.0251260,0.0034000),(0.0260644,0.0251832,0.0034000),(0.0261442,0.0235773,0.0034000),(0.0260644,0.0251832,0.0034000),(0.0259927,0.0252316,0.0034000),(0.0261442,0.0235773,0.0034000),(0.0259927,0.0252316,0.0034000),(0.0259161,0.0252711,0.0034000),(0.0259161,0.0252711,0.0034000),(0.0258345,0.0253019,0.0034000),(0.0257480,0.0253239,0.0034000),(0.0259161,0.0252711,0.0034000),(0.0257480,0.0253239,0.0034000),(0.0256565,0.0253371,0.0034000),(0.0259161,0.0252711,0.0034000),(0.0256565,0.0253371,0.0034000),(0.0255600,0.0253415,0.0034000),(0.0259161,0.0252711,0.0034000),(0.0255600,0.0253415,0.0034000),(0.0254645,0.0253371,0.0034000),(0.0259161,0.0252711,0.0034000),(0.0254645,0.0253371,0.0034000),(0.0253732,0.0253240,0.0034000),(0.0259161,0.0252711,0.0034000),(0.0253732,0.0253240,0.0034000),(0.0252861,0.0253021,0.0034000),(0.0259161,0.0252711,0.0034000),(0.0252861,0.0253021,0.0034000),(0.0252033,0.0252714,0.0034000),(0.0259161,0.0252711,0.0034000),(0.0252033,0.0252714,0.0034000),(0.0251247,0.0252320,0.0034000),(0.0259161,0.0252711,0.0034000),(0.0251247,0.0252320,0.0034000),(0.0250504,0.0251838,0.0034000),(0.0259161,0.0252711,0.0034000),(0.0250504,0.0251838,0.0034000),(0.0249803,0.0251268,0.0034000),(0.0259161,0.0252711,0.0034000),(0.0249803,0.0251268,0.0034000),(0.0249144,0.0250611,0.0034000),(0.0259161,0.0252711,0.0034000),(0.0249144,0.0250611,0.0034000),(0.0248546,0.0249887,0.0034000),(0.0259161,0.0252711,0.0034000),(0.0248546,0.0249887,0.0034000),(0.0248028,0.0249116,0.0034000),(0.0259161,0.0252711,0.0034000),(0.0248028,0.0249116,0.0034000),(0.0247590,0.0248300,0.0034000),(0.0259161,0.0252711,0.0034000),(0.0247590,0.0248300,0.0034000),(0.0247231,0.0247438,0.0034000),(0.0259161,0.0252711,0.0034000),(0.0247231,0.0247438,0.0034000),(0.0246952,0.0246530,0.0034000),(0.0259161,0.0252711,0.0034000),(0.0246952,0.0246530,0.0034000),(0.0246753,0.0245576,0.0034000),(0.0259161,0.0252711,0.0034000),(0.0246753,0.0245576,0.0034000),(0.0246633,0.0244576,0.0034000),(0.0246633,0.0244576,0.0034000),(0.0246593,0.0243530,0.0034000),(0.0246747,0.0242708,0.0034000),(0.0246633,0.0244576,0.0034000),(0.0246747,0.0242708,0.0034000),(0.0247207,0.0242017,0.0034000),(0.0246633,0.0244576,0.0034000),(0.0247207,0.0242017,0.0034000),(0.0247890,0.0241549,0.0034000),(0.0246633,0.0244576,0.0034000),(0.0247890,0.0241549,0.0034000),(0.0248710,0.0241393,0.0034000),(0.0246633,0.0244576,0.0034000),(0.0248710,0.0241393,0.0034000),(0.0249538,0.0241549,0.0034000),(0.0246633,0.0244576,0.0034000),(0.0249538,0.0241549,0.0034000),(0.0250223,0.0242017,0.0034000),(0.0246633,0.0244576,0.0034000),(0.0250223,0.0242017,0.0034000),(0.0250684,0.0242708,0.0034000),(0.0246633,0.0244576,0.0034000),(0.0250684,0.0242708,0.0034000),(0.0250837,0.0243530,0.0034000),(0.0246633,0.0244576,0.0034000),(0.0250837,0.0243530,0.0034000),(0.0250924,0.0244793,0.0034000),(0.0246633,0.0244576,0.0034000),(0.0250924,0.0244793,0.0034000),(0.0251184,0.0245904,0.0034000),(0.0246633,0.0244576,0.0034000),(0.0251184,0.0245904,0.0034000),(0.0251617,0.0246862,0.0034000),(0.0246633,0.0244576,0.0034000),(0.0251617,0.0246862,0.0034000),(0.0252224,0.0247668,0.0034000),(0.0246633,0.0244576,0.0034000),(0.0252224,0.0247668,0.0034000),(0.0252939,0.0248317,0.0034000),(0.0259161,0.0252711,0.0034000),(0.0246633,0.0244576,0.0034000),(0.0252939,0.0248317,0.0034000),(0.0259161,0.0252711,0.0034000),(0.0252939,0.0248317,0.0034000),(0.0253740,0.0248780,0.0034000),(0.0259161,0.0252711,0.0034000),(0.0253740,0.0248780,0.0034000),(0.0254627,0.0249058,0.0034000),(0.0259161,0.0252711,0.0034000),(0.0254627,0.0249058,0.0034000),(0.0255600,0.0249150,0.0034000),(0.0259161,0.0252711,0.0034000),(0.0255600,0.0249150,0.0034000),(0.0256538,0.0249058,0.0034000),(0.0259161,0.0252711,0.0034000),(0.0256538,0.0249058,0.0034000),(0.0257386,0.0248782,0.0034000),(0.0259161,0.0252711,0.0034000),(0.0257386,0.0248782,0.0034000),(0.0258142,0.0248323,0.0034000),(0.0259161,0.0252711,0.0034000),(0.0258142,0.0248323,0.0034000),(0.0258807,0.0247679,0.0034000),(0.0259161,0.0252711,0.0034000),(0.0258807,0.0247679,0.0034000),(0.0259348,0.0246868,0.0034000),(0.0259161,0.0252711,0.0034000),(0.0259348,0.0246868,0.0034000),(0.0259735,0.0245906,0.0034000),(0.0259161,0.0252711,0.0034000),(0.0259735,0.0245906,0.0034000),(0.0259967,0.0244794,0.0034000),(0.0261442,0.0235773,0.0034000),(0.0259161,0.0252711,0.0034000),(0.0259967,0.0244794,0.0034000),(0.0261442,0.0235773,0.0034000),(0.0259967,0.0244794,0.0034000),(0.0260045,0.0243530,0.0034000),(0.0261442,0.0235773,0.0034000),(0.0260045,0.0243530,0.0034000),(0.0259968,0.0242250,0.0034000),(0.0261442,0.0235773,0.0034000),(0.0259968,0.0242250,0.0034000),(0.0259738,0.0241096,0.0034000),(0.0261442,0.0235773,0.0034000),(0.0259738,0.0241096,0.0034000),(0.0259354,0.0240070,0.0034000),(0.0261442,0.0235773,0.0034000),(0.0259354,0.0240070,0.0034000),(0.0258817,0.0239170,0.0034000),(0.0261442,0.0235773,0.0034000),(0.0258817,0.0239170,0.0034000),(0.0258195,0.0238522,0.0034000),(0.0262286,0.0235011,0.0034000),(0.0261442,0.0235773,0.0034000),(0.0258195,0.0238522,0.0034000),(0.0262286,0.0235011,0.0034000),(0.0258195,0.0238522,0.0034000),(0.0257502,0.0238059,0.0034000),(0.0262286,0.0235011,0.0034000),(0.0257502,0.0238059,0.0034000),(0.0256739,0.0237781,0.0034000),(0.0262286,0.0235011,0.0034000),(0.0256739,0.0237781,0.0034000),(0.0255907,0.0237688,0.0034000),(0.0262286,0.0235011,0.0034000),(0.0255907,0.0237688,0.0034000),(0.0255483,0.0237688,0.0034000),(0.0262286,0.0235011,0.0034000),(0.0255483,0.0237688,0.0034000),(0.0254817,0.0237688,0.0034000),(0.0262286,0.0235011,0.0034000),(0.0254817,0.0237688,0.0034000),(0.0254002,0.0237532,0.0034000),(0.0262286,0.0235011,0.0034000),(0.0254002,0.0237532,0.0034000),(0.0253314,0.0237064,0.0034000),(0.0262286,0.0235011,0.0034000),(0.0253314,0.0237064,0.0034000),(0.0252845,0.0236379,0.0034000),(0.0262286,0.0235011,0.0034000),(0.0252845,0.0236379,0.0034000),(0.0252689,0.0235572,0.0034000),(0.0262286,0.0235011,0.0034000),(0.0252689,0.0235572,0.0034000),(0.0252845,0.0234762,0.0034000),(0.0262286,0.0235011,0.0034000),(0.0252845,0.0234762,0.0034000),(0.0253314,0.0234069,0.0034000),(0.0262286,0.0235011,0.0034000),(0.0253314,0.0234069,0.0034000),(0.0254002,0.0233593,0.0034000),(0.0262286,0.0235011,0.0034000),(0.0254002,0.0233593,0.0034000),(0.0254817,0.0233434,0.0034000),(0.0262286,0.0235011,0.0034000),(0.0254817,0.0233434,0.0034000),(0.0255483,0.0233434,0.0034000),(0.0262286,0.0235011,0.0034000),(0.0255483,0.0233434,0.0034000),(0.0256787,0.0233294,0.0034000),(0.0262286,0.0235011,0.0034000),(0.0256787,0.0233294,0.0034000),(0.0257968,0.0232876,0.0034000),(0.0262286,0.0235011,0.0034000),(0.0257968,0.0232876,0.0034000),(0.0259025,0.0232178,0.0034000),(0.0262286,0.0235011,0.0034000),(0.0259025,0.0232178,0.0034000),(0.0259960,0.0231201,0.0034000),(0.0262286,0.0235011,0.0034000),(0.0259960,0.0231201,0.0034000),(0.0260729,0.0229989,0.0034000),(0.0262286,0.0235011,0.0034000),(0.0260729,0.0229989,0.0034000),(0.0261278,0.0228587,0.0034000),(0.0262286,0.0235011,0.0034000),(0.0261278,0.0228587,0.0034000),(0.0261607,0.0226994,0.0034000),(0.0262286,0.0235011,0.0034000),(0.0261607,0.0226994,0.0034000),(0.0261690,0.0226126,0.0034000),(0.0262286,0.0235011,0.0034000),(0.0261690,0.0226126,0.0034000),(0.0261717,0.0225211,0.0034000),(0.0262286,0.0235011,0.0034000),(0.0261717,0.0225211,0.0034000),(0.0261689,0.0224304,0.0034000),(0.0249499,0.0224856,0.0034000),(0.0249472,0.0225856,0.0034000),(0.0249313,0.0226676,0.0034000),(0.0249581,0.0223912,0.0034000),(0.0249499,0.0224856,0.0034000),(0.0249313,0.0226676,0.0034000),(0.0249581,0.0223912,0.0034000),(0.0249313,0.0226676,0.0034000),(0.0248837,0.0227359,0.0034000),(0.0249716,0.0223026,0.0034000),(0.0249581,0.0223912,0.0034000),(0.0248837,0.0227359,0.0034000),(0.0249716,0.0223026,0.0034000),(0.0248837,0.0227359,0.0034000),(0.0248144,0.0227819,0.0034000),(0.0249906,0.0222197,0.0034000),(0.0249716,0.0223026,0.0034000),(0.0248144,0.0227819,0.0034000),(0.0249906,0.0222197,0.0034000),(0.0248144,0.0227819,0.0034000),(0.0247313,0.0227973,0.0034000),(0.0250448,0.0220711,0.0034000),(0.0249906,0.0222197,0.0034000),(0.0247313,0.0227973,0.0034000),(0.0250448,0.0220711,0.0034000),(0.0247313,0.0227973,0.0034000),(0.0246485,0.0227819,0.0034000),(0.0250448,0.0220711,0.0034000),(0.0246485,0.0227819,0.0034000),(0.0245800,0.0227359,0.0034000),(0.0251208,0.0219453,0.0034000),(0.0250448,0.0220711,0.0034000),(0.0245800,0.0227359,0.0034000),(0.0251208,0.0219453,0.0034000),(0.0245800,0.0227359,0.0034000),(0.0245339,0.0226676,0.0034000),(0.0251208,0.0219453,0.0034000),(0.0245339,0.0226676,0.0034000),(0.0245186,0.0225856,0.0034000),(0.0252113,0.0218458,0.0034000),(0.0251208,0.0219453,0.0034000),(0.0245186,0.0225856,0.0034000),(0.0252113,0.0218458,0.0034000),(0.0245186,0.0225856,0.0034000),(0.0245230,0.0224487,0.0034000),(0.0252113,0.0218458,0.0034000),(0.0245230,0.0224487,0.0034000),(0.0245362,0.0223177,0.0034000),(0.0252113,0.0218458,0.0034000),(0.0245362,0.0223177,0.0034000),(0.0245583,0.0221927,0.0034000),(0.0253147,0.0217747,0.0034000),(0.0252113,0.0218458,0.0034000),(0.0245583,0.0221927,0.0034000),(0.0253147,0.0217747,0.0034000),(0.0245583,0.0221927,0.0034000),(0.0245892,0.0220737,0.0034000),(0.0253147,0.0217747,0.0034000),(0.0245892,0.0220737,0.0034000),(0.0246290,0.0219606,0.0034000),(0.0254309,0.0217320,0.0034000),(0.0253147,0.0217747,0.0034000),(0.0246290,0.0219606,0.0034000),(0.0254309,0.0217320,0.0034000),(0.0246290,0.0219606,0.0034000),(0.0246775,0.0218536,0.0034000),(0.0254309,0.0217320,0.0034000),(0.0246775,0.0218536,0.0034000),(0.0247349,0.0217525,0.0034000),(0.0255600,0.0217178,0.0034000),(0.0254309,0.0217320,0.0034000),(0.0247349,0.0217525,0.0034000),(0.0255600,0.0217178,0.0034000),(0.0247349,0.0217525,0.0034000),(0.0248012,0.0216575,0.0034000),(0.0255600,0.0217178,0.0034000),(0.0248012,0.0216575,0.0034000),(0.0248732,0.0215719,0.0034000),(0.0256835,0.0217312,0.0034000),(0.0255600,0.0217178,0.0034000),(0.0248732,0.0215719,0.0034000),(0.0256835,0.0217312,0.0034000),(0.0248732,0.0215719,0.0034000),(0.0249518,0.0214977,0.0034000),(0.0256835,0.0217312,0.0034000),(0.0249518,0.0214977,0.0034000),(0.0250368,0.0214350,0.0034000),(0.0257970,0.0217715,0.0034000),(0.0256835,0.0217312,0.0034000),(0.0250368,0.0214350,0.0034000),(0.0257970,0.0217715,0.0034000),(0.0250368,0.0214350,0.0034000),(0.0251284,0.0213836,0.0034000),(0.0257970,0.0217715,0.0034000),(0.0251284,0.0213836,0.0034000),(0.0252266,0.0213437,0.0034000),(0.0259005,0.0218386,0.0034000),(0.0257970,0.0217715,0.0034000),(0.0252266,0.0213437,0.0034000),(0.0259005,0.0218386,0.0034000),(0.0252266,0.0213437,0.0034000),(0.0253312,0.0213152,0.0034000),(0.0259005,0.0218386,0.0034000),(0.0253312,0.0213152,0.0034000),(0.0254423,0.0212980,0.0034000),(0.0259939,0.0219326,0.0034000),(0.0259005,0.0218386,0.0034000),(0.0254423,0.0212980,0.0034000),(0.0259939,0.0219326,0.0034000),(0.0254423,0.0212980,0.0034000),(0.0255600,0.0212923,0.0034000),(0.0259939,0.0219326,0.0034000),(0.0255600,0.0212923,0.0034000),(0.0256731,0.0212978,0.0034000),(0.0260717,0.0220504,0.0034000),(0.0259939,0.0219326,0.0034000),(0.0256731,0.0212978,0.0034000),(0.0260717,0.0220504,0.0034000),(0.0256731,0.0212978,0.0034000),(0.0257807,0.0213143,0.0034000),(0.0261272,0.0221877,0.0034000),(0.0260717,0.0220504,0.0034000),(0.0257807,0.0213143,0.0034000),(0.0261272,0.0221877,0.0034000),(0.0257807,0.0213143,0.0034000),(0.0258828,0.0213417,0.0034000),(0.0261272,0.0221877,0.0034000),(0.0258828,0.0213417,0.0034000),(0.0259793,0.0213802,0.0034000),(0.0261467,0.0222637,0.0034000),(0.0261272,0.0221877,0.0034000),(0.0259793,0.0213802,0.0034000),(0.0261467,0.0222637,0.0034000),(0.0259793,0.0213802,0.0034000),(0.0260704,0.0214296,0.0034000),(0.0261606,0.0223446,0.0034000),(0.0261467,0.0222637,0.0034000),(0.0260704,0.0214296,0.0034000),(0.0261606,0.0223446,0.0034000),(0.0260704,0.0214296,0.0034000),(0.0261559,0.0214900,0.0034000),(0.0261689,0.0224304,0.0034000),(0.0261606,0.0223446,0.0034000),(0.0261559,0.0214900,0.0034000),(0.0262286,0.0235011,0.0034000),(0.0261689,0.0224304,0.0034000),(0.0261559,0.0214900,0.0034000),(0.0262286,0.0235011,0.0034000),(0.0261559,0.0214900,0.0034000),(0.0262359,0.0215614,0.0034000),(0.0262286,0.0235011,0.0034000),(0.0262359,0.0215614,0.0034000),(0.0263103,0.0216437,0.0034000),(0.0262286,0.0235011,0.0034000),(0.0263103,0.0216437,0.0034000),(0.0263781,0.0217350,0.0034000),(0.0262286,0.0235011,0.0034000),(0.0263781,0.0217350,0.0034000),(0.0264367,0.0218315,0.0034000),(0.0262286,0.0235011,0.0034000),(0.0264367,0.0218315,0.0034000),(0.0264864,0.0219333,0.0034000),(0.0262286,0.0235011,0.0034000),(0.0264864,0.0219333,0.0034000),(0.0265270,0.0220403,0.0034000),(0.0262286,0.0235011,0.0034000),(0.0265270,0.0220403,0.0034000),(0.0265586,0.0221526,0.0034000),(0.0262286,0.0235011,0.0034000),(0.0265586,0.0221526,0.0034000),(0.0265812,0.0222702,0.0034000),(0.0262286,0.0235011,0.0034000),(0.0265812,0.0222702,0.0034000),(0.0265947,0.0223930,0.0034000),(0.0262286,0.0235011,0.0034000),(0.0265947,0.0223930,0.0034000),(0.0265993,0.0225211,0.0034000),(0.0262286,0.0235011,0.0034000),(0.0265993,0.0225211,0.0034000),(0.0265948,0.0226504,0.0034000),(0.0262286,0.0235011,0.0034000),(0.0265948,0.0226504,0.0034000),(0.0265813,0.0227745,0.0034000),(0.0262286,0.0235011,0.0034000),(0.0265813,0.0227745,0.0034000),(0.0265589,0.0228933,0.0034000),(0.0262286,0.0235011,0.0034000),(0.0265589,0.0228933,0.0034000),(0.0265276,0.0230068,0.0034000),(0.0262286,0.0235011,0.0034000),(0.0265276,0.0230068,0.0034000),(0.0264872,0.0231151,0.0034000),(0.0262286,0.0235011,0.0034000),(0.0264872,0.0231151,0.0034000),(0.0264379,0.0232180,0.0034000),(0.0262286,0.0235011,0.0034000),(0.0264379,0.0232180,0.0034000),(0.0263797,0.0233156,0.0034000),(0.0262286,0.0235011,0.0034000),(0.0263797,0.0233156,0.0034000),(0.0263125,0.0234079,0.0034000),(0.0287424,0.0217136,0.0034000),(0.0299140,0.0233042,0.0034000),(0.0299785,0.0233980,0.0034000),(0.0287424,0.0217136,0.0034000),(0.0299785,0.0233980,0.0034000),(0.0300343,0.0234956,0.0034000),(0.0287424,0.0217136,0.0034000),(0.0300343,0.0234956,0.0034000),(0.0300816,0.0235971,0.0034000),(0.0287424,0.0217136,0.0034000),(0.0300816,0.0235971,0.0034000),(0.0301203,0.0237024,0.0034000),(0.0287424,0.0217136,0.0034000),(0.0301203,0.0237024,0.0034000),(0.0301504,0.0238117,0.0034000),(0.0287424,0.0217136,0.0034000),(0.0301504,0.0238117,0.0034000),(0.0301719,0.0239247,0.0034000),(0.0287424,0.0217136,0.0034000),(0.0301719,0.0239247,0.0034000),(0.0301848,0.0240417,0.0034000),(0.0287424,0.0217136,0.0034000),(0.0301848,0.0240417,0.0034000),(0.0301891,0.0241625,0.0034000),(0.0287424,0.0217136,0.0034000),(0.0301891,0.0241625,0.0034000),(0.0301840,0.0242875,0.0034000),(0.0287424,0.0217136,0.0034000),(0.0301840,0.0242875,0.0034000),(0.0301686,0.0244079,0.0034000),(0.0287424,0.0217136,0.0034000),(0.0301686,0.0244079,0.0034000),(0.0301430,0.0245236,0.0034000),(0.0287424,0.0217136,0.0034000),(0.0301430,0.0245236,0.0034000),(0.0301071,0.0246348,0.0034000),(0.0301071,0.0246348,0.0034000),(0.0300610,0.0247414,0.0034000),(0.0300046,0.0248434,0.0034000),(0.0301071,0.0246348,0.0034000),(0.0300046,0.0248434,0.0034000),(0.0299379,0.0249408,0.0034000),(0.0301071,0.0246348,0.0034000),(0.0299379,0.0249408,0.0034000),(0.0298610,0.0250335,0.0034000),(0.0301071,0.0246348,0.0034000),(0.0298610,0.0250335,0.0034000),(0.0297882,0.0251067,0.0034000),(0.0301071,0.0246348,0.0034000),(0.0297882,0.0251067,0.0034000),(0.0297108,0.0251701,0.0034000),(0.0301071,0.0246348,0.0034000),(0.0297108,0.0251701,0.0034000),(0.0296289,0.0252238,0.0034000),(0.0301071,0.0246348,0.0034000),(0.0296289,0.0252238,0.0034000),(0.0295425,0.0252677,0.0034000),(0.0301071,0.0246348,0.0034000),(0.0295425,0.0252677,0.0034000),(0.0294516,0.0253019,0.0034000),(0.0301071,0.0246348,0.0034000),(0.0294516,0.0253019,0.0034000),(0.0293562,0.0253262,0.0034000),(0.0301071,0.0246348,0.0034000),(0.0293562,0.0253262,0.0034000),(0.0292563,0.0253409,0.0034000),(0.0301071,0.0246348,0.0034000),(0.0292563,0.0253409,0.0034000),(0.0291520,0.0253458,0.0034000),(0.0301071,0.0246348,0.0034000),(0.0291520,0.0253458,0.0034000),(0.0290535,0.0253410,0.0034000),(0.0301071,0.0246348,0.0034000),(0.0290535,0.0253410,0.0034000),(0.0289580,0.0253266,0.0034000),(0.0301071,0.0246348,0.0034000),(0.0289580,0.0253266,0.0034000),(0.0288655,0.0253027,0.0034000),(0.0301071,0.0246348,0.0034000),(0.0288655,0.0253027,0.0034000),(0.0287760,0.0252693,0.0034000),(0.0301071,0.0246348,0.0034000),(0.0287760,0.0252693,0.0034000),(0.0286895,0.0252263,0.0034000),(0.0301071,0.0246348,0.0034000),(0.0286895,0.0252263,0.0034000),(0.0286061,0.0251737,0.0034000),(0.0286061,0.0251737,0.0034000),(0.0285256,0.0251116,0.0034000),(0.0284482,0.0250399,0.0034000),(0.0286061,0.0251737,0.0034000),(0.0284482,0.0250399,0.0034000),(0.0283690,0.0249534,0.0034000),(0.0286061,0.0251737,0.0034000),(0.0283690,0.0249534,0.0034000),(0.0283005,0.0248605,0.0034000),(0.0286061,0.0251737,0.0034000),(0.0283005,0.0248605,0.0034000),(0.0282424,0.0247613,0.0034000),(0.0286061,0.0251737,0.0034000),(0.0282424,0.0247613,0.0034000),(0.0281950,0.0246557,0.0034000),(0.0286061,0.0251737,0.0034000),(0.0281950,0.0246557,0.0034000),(0.0281580,0.0245438,0.0034000),(0.0286061,0.0251737,0.0034000),(0.0281580,0.0245438,0.0034000),(0.0281317,0.0244255,0.0034000),(0.0286061,0.0251737,0.0034000),(0.0281317,0.0244255,0.0034000),(0.0281158,0.0243009,0.0034000),(0.0286061,0.0251737,0.0034000),(0.0281158,0.0243009,0.0034000),(0.0281106,0.0241699,0.0034000),(0.0286061,0.0251737,0.0034000),(0.0281106,0.0241699,0.0034000),(0.0281106,0.0241647,0.0034000),(0.0286061,0.0251737,0.0034000),(0.0281106,0.0241647,0.0034000),(0.0281262,0.0240832,0.0034000),(0.0286061,0.0251737,0.0034000),(0.0281262,0.0240832,0.0034000),(0.0281730,0.0240144,0.0034000),(0.0286061,0.0251737,0.0034000),(0.0281730,0.0240144,0.0034000),(0.0282418,0.0239675,0.0034000),(0.0286061,0.0251737,0.0034000),(0.0282418,0.0239675,0.0034000),(0.0283233,0.0239519,0.0034000),(0.0286061,0.0251737,0.0034000),(0.0283233,0.0239519,0.0034000),(0.0284048,0.0239675,0.0034000),(0.0286061,0.0251737,0.0034000),(0.0284048,0.0239675,0.0034000),(0.0284736,0.0240144,0.0034000),(0.0286061,0.0251737,0.0034000),(0.0284736,0.0240144,0.0034000),(0.0285212,0.0240832,0.0034000),(0.0285212,0.0240832,0.0034000),(0.0285371,0.0241647,0.0034000),(0.0285371,0.0241699,0.0034000),(0.0285212,0.0240832,0.0034000),(0.0285371,0.0241699,0.0034000),(0.0285404,0.0242569,0.0034000),(0.0286061,0.0251737,0.0034000),(0.0285212,0.0240832,0.0034000),(0.0285404,0.0242569,0.0034000),(0.0286061,0.0251737,0.0034000),(0.0285404,0.0242569,0.0034000),(0.0285504,0.0243393,0.0034000),(0.0286061,0.0251737,0.0034000),(0.0285504,0.0243393,0.0034000),(0.0285670,0.0244172,0.0034000),(0.0286061,0.0251737,0.0034000),(0.0285670,0.0244172,0.0034000),(0.0285903,0.0244906,0.0034000),(0.0286061,0.0251737,0.0034000),(0.0285903,0.0244906,0.0034000),(0.0286567,0.0246240,0.0034000),(0.0286061,0.0251737,0.0034000),(0.0286567,0.0246240,0.0034000),(0.0287498,0.0247393,0.0034000),(0.0286061,0.0251737,0.0034000),(0.0287498,0.0247393,0.0034000),(0.0288407,0.0248180,0.0034000),(0.0286061,0.0251737,0.0034000),(0.0288407,0.0248180,0.0034000),(0.0289377,0.0248743,0.0034000),(0.0286061,0.0251737,0.0034000),(0.0289377,0.0248743,0.0034000),(0.0290407,0.0249080,0.0034000),(0.0286061,0.0251737,0.0034000),(0.0290407,0.0249080,0.0034000),(0.0291498,0.0249192,0.0034000),(0.0286061,0.0251737,0.0034000),(0.0291498,0.0249192,0.0034000),(0.0292631,0.0249084,0.0034000),(0.0286061,0.0251737,0.0034000),(0.0292631,0.0249084,0.0034000),(0.0293668,0.0248759,0.0034000),(0.0301071,0.0246348,0.0034000),(0.0286061,0.0251737,0.0034000),(0.0293668,0.0248759,0.0034000),(0.0301071,0.0246348,0.0034000),(0.0293668,0.0248759,0.0034000),(0.0294610,0.0248216,0.0034000),(0.0301071,0.0246348,0.0034000),(0.0294610,0.0248216,0.0034000),(0.0295457,0.0247457,0.0034000),(0.0301071,0.0246348,0.0034000),(0.0295457,0.0247457,0.0034000),(0.0295973,0.0246845,0.0034000),(0.0301071,0.0246348,0.0034000),(0.0295973,0.0246845,0.0034000),(0.0296420,0.0246201,0.0034000),(0.0301071,0.0246348,0.0034000),(0.0296420,0.0246201,0.0034000),(0.0297108,0.0244814,0.0034000),(0.0301071,0.0246348,0.0034000),(0.0297108,0.0244814,0.0034000),(0.0297520,0.0243296,0.0034000),(0.0301071,0.0246348,0.0034000),(0.0297520,0.0243296,0.0034000),(0.0297624,0.0242487,0.0034000),(0.0301071,0.0246348,0.0034000),(0.0297624,0.0242487,0.0034000),(0.0297658,0.0241647,0.0034000),(0.0301071,0.0246348,0.0034000),(0.0297658,0.0241647,0.0034000),(0.0297629,0.0240779,0.0034000),(0.0301071,0.0246348,0.0034000),(0.0297629,0.0240779,0.0034000),(0.0297541,0.0239945,0.0034000),(0.0301071,0.0246348,0.0034000),(0.0297541,0.0239945,0.0034000),(0.0297395,0.0239144,0.0034000),(0.0301071,0.0246348,0.0034000),(0.0297395,0.0239144,0.0034000),(0.0297190,0.0238376,0.0034000),(0.0301071,0.0246348,0.0034000),(0.0297190,0.0238376,0.0034000),(0.0296604,0.0236940,0.0034000),(0.0287424,0.0217136,0.0034000),(0.0301071,0.0246348,0.0034000),(0.0296604,0.0236940,0.0034000),(0.0287424,0.0217136,0.0034000),(0.0296604,0.0236940,0.0034000),(0.0295785,0.0235635,0.0034000),(0.0287424,0.0217136,0.0034000),(0.0295785,0.0235635,0.0034000),(0.0281550,0.0216299,0.0034000),(0.0299785,0.0217136,0.0034000),(0.0287424,0.0217136,0.0034000),(0.0281550,0.0216299,0.0034000),(0.0299785,0.0217136,0.0034000),(0.0281550,0.0216299,0.0034000),(0.0281084,0.0215051,0.0034000),(0.0299785,0.0217136,0.0034000),(0.0281084,0.0215051,0.0034000),(0.0281106,0.0214701,0.0034000),(0.0299785,0.0217136,0.0034000),(0.0281106,0.0214701,0.0034000),(0.0281370,0.0213916,0.0034000),(0.0299785,0.0217136,0.0034000),(0.0281370,0.0213916,0.0034000),(0.0281889,0.0213357,0.0034000),(0.0299785,0.0217136,0.0034000),(0.0281889,0.0213357,0.0034000),(0.0282574,0.0213008,0.0034000),(0.0299785,0.0217136,0.0034000),(0.0282574,0.0213008,0.0034000),(0.0283233,0.0212892,0.0034000),(0.0299785,0.0217136,0.0034000),(0.0283233,0.0212892,0.0034000),(0.0299785,0.0212892,0.0034000),(0.0299785,0.0217136,0.0034000),(0.0299785,0.0212892,0.0034000),(0.0300619,0.0213042,0.0034000),(0.0299785,0.0217136,0.0034000),(0.0300619,0.0213042,0.0034000),(0.0301299,0.0213495,0.0034000),(0.0299785,0.0217136,0.0034000),(0.0301299,0.0213495,0.0034000),(0.0301743,0.0214175,0.0034000),(0.0299785,0.0217136,0.0034000),(0.0301743,0.0214175,0.0034000),(0.0301891,0.0215008,0.0034000),(0.0299785,0.0217136,0.0034000),(0.0301891,0.0215008,0.0034000),(0.0301743,0.0215850,0.0034000),(0.0299785,0.0217136,0.0034000),(0.0301743,0.0215850,0.0034000),(0.0301299,0.0216532,0.0034000),(0.0299785,0.0217136,0.0034000),(0.0301299,0.0216532,0.0034000),(0.0300640,0.0216985,0.0034000),(0.0270575,0.0213196,0.0034000),(0.0271305,0.0212130,0.0034000),(0.0272372,0.0211399,0.0034000),(0.0270575,0.0213196,0.0034000),(0.0272372,0.0211399,0.0034000),(0.0273623,0.0211156,0.0034000),(0.0270575,0.0213196,0.0034000),(0.0273623,0.0211156,0.0034000),(0.0274872,0.0211399,0.0034000),(0.0270575,0.0213196,0.0034000),(0.0274872,0.0211399,0.0034000),(0.0275930,0.0212130,0.0034000),(0.0270575,0.0213196,0.0034000),(0.0275930,0.0212130,0.0034000),(0.0276661,0.0213196,0.0034000),(0.0270575,0.0213196,0.0034000),(0.0276661,0.0213196,0.0034000),(0.0276904,0.0214447,0.0034000),(0.0270575,0.0213196,0.0034000),(0.0276904,0.0214447,0.0034000),(0.0276661,0.0215699,0.0034000),(0.0270575,0.0213196,0.0034000),(0.0276661,0.0215699,0.0034000),(0.0275930,0.0216765,0.0034000),(0.0270575,0.0213196,0.0034000),(0.0275930,0.0216765,0.0034000),(0.0274872,0.0217495,0.0034000),(0.0270575,0.0213196,0.0034000),(0.0274872,0.0217495,0.0034000),(0.0273623,0.0217739,0.0034000),(0.0270575,0.0213196,0.0034000),(0.0273623,0.0217739,0.0034000),(0.0272372,0.0217495,0.0034000),(0.0270575,0.0213196,0.0034000),(0.0272372,0.0217495,0.0034000),(0.0271305,0.0216765,0.0034000),(0.0270575,0.0213196,0.0034000),(0.0271305,0.0216765,0.0034000),(0.0270575,0.0215699,0.0034000),(0.0270575,0.0213196,0.0034000),(0.0270575,0.0215699,0.0034000),(0.0270332,0.0214447,0.0034000),(0.0405769,0.0230719,0.0034000),(0.0419590,0.0212823,0.0034000),(0.0420313,0.0212204,0.0034000),(0.0405769,0.0230719,0.0034000),(0.0420313,0.0212204,0.0034000),(0.0421231,0.0211997,0.0034000),(0.0405769,0.0230719,0.0034000),(0.0421231,0.0211997,0.0034000),(0.0422554,0.0212452,0.0034000),(0.0405769,0.0230719,0.0034000),(0.0422554,0.0212452,0.0034000),(0.0423197,0.0213188,0.0034000),(0.0405769,0.0230719,0.0034000),(0.0423197,0.0213188,0.0034000),(0.0423411,0.0214146,0.0034000),(0.0405769,0.0230719,0.0034000),(0.0423411,0.0214146,0.0034000),(0.0422966,0.0215469,0.0034000),(0.0405769,0.0230719,0.0034000),(0.0422966,0.0215469,0.0034000),(0.0411208,0.0230719,0.0034000),(0.0411208,0.0230719,0.0034000),(0.0412066,0.0230719,0.0034000),(0.0413258,0.0230770,0.0034000),(0.0405769,0.0230719,0.0034000),(0.0411208,0.0230719,0.0034000),(0.0413258,0.0230770,0.0034000),(0.0397133,0.0230719,0.0034000),(0.0405769,0.0230719,0.0034000),(0.0413258,0.0230770,0.0034000),(0.0397133,0.0230719,0.0034000),(0.0413258,0.0230770,0.0034000),(0.0414396,0.0230924,0.0034000),(0.0397133,0.0230719,0.0034000),(0.0414396,0.0230924,0.0034000),(0.0415479,0.0231179,0.0034000),(0.0397133,0.0230719,0.0034000),(0.0415479,0.0231179,0.0034000),(0.0416508,0.0231537,0.0034000),(0.0397133,0.0230719,0.0034000),(0.0416508,0.0231537,0.0034000),(0.0417482,0.0231997,0.0034000),(0.0397133,0.0230719,0.0034000),(0.0417482,0.0231997,0.0034000),(0.0418402,0.0232559,0.0034000),(0.0397133,0.0230719,0.0034000),(0.0418402,0.0232559,0.0034000),(0.0419267,0.0233223,0.0034000),(0.0397133,0.0230719,0.0034000),(0.0419267,0.0233223,0.0034000),(0.0420077,0.0233990,0.0034000),(0.0397133,0.0230719,0.0034000),(0.0420077,0.0233990,0.0034000),(0.0420841,0.0234887,0.0034000),(0.0397133,0.0230719,0.0034000),(0.0420841,0.0234887,0.0034000),(0.0421503,0.0235811,0.0034000),(0.0397133,0.0230719,0.0034000),(0.0421503,0.0235811,0.0034000),(0.0422064,0.0236763,0.0034000),(0.0422064,0.0236763,0.0034000),(0.0422522,0.0237741,0.0034000),(0.0418566,0.0239234,0.0034000),(0.0422064,0.0236763,0.0034000),(0.0418566,0.0239234,0.0034000),(0.0417922,0.0238057,0.0034000),(0.0422064,0.0236763,0.0034000),(0.0417922,0.0238057,0.0034000),(0.0417019,0.0236995,0.0034000),(0.0422064,0.0236763,0.0034000),(0.0417019,0.0236995,0.0034000),(0.0415919,0.0236115,0.0034000),(0.0422064,0.0236763,0.0034000),(0.0415919,0.0236115,0.0034000),(0.0414727,0.0235487,0.0034000),(0.0422064,0.0236763,0.0034000),(0.0414727,0.0235487,0.0034000),(0.0413443,0.0235110,0.0034000),(0.0397133,0.0230719,0.0034000),(0.0422064,0.0236763,0.0034000),(0.0413443,0.0235110,0.0034000),(0.0397133,0.0230719,0.0034000),(0.0413443,0.0235110,0.0034000),(0.0412066,0.0234984,0.0034000),(0.0397133,0.0230719,0.0034000),(0.0412066,0.0234984,0.0034000),(0.0397133,0.0234984,0.0034000),(0.0418953,0.0240523,0.0034000),(0.0418566,0.0239234,0.0034000),(0.0422522,0.0237741,0.0034000),(0.0419082,0.0241927,0.0034000),(0.0418953,0.0240523,0.0034000),(0.0422522,0.0237741,0.0034000),(0.0418953,0.0243317,0.0034000),(0.0419082,0.0241927,0.0034000),(0.0422522,0.0237741,0.0034000),(0.0418566,0.0244599,0.0034000),(0.0418953,0.0243317,0.0034000),(0.0422522,0.0237741,0.0034000),(0.0417922,0.0245773,0.0034000),(0.0418566,0.0244599,0.0034000),(0.0422522,0.0237741,0.0034000),(0.0417922,0.0245773,0.0034000),(0.0422522,0.0237741,0.0034000),(0.0422878,0.0238747,0.0034000),(0.0417922,0.0245773,0.0034000),(0.0422878,0.0238747,0.0034000),(0.0423133,0.0239780,0.0034000),(0.0417019,0.0246838,0.0034000),(0.0417922,0.0245773,0.0034000),(0.0423133,0.0239780,0.0034000),(0.0417019,0.0246838,0.0034000),(0.0423133,0.0239780,0.0034000),(0.0423286,0.0240840,0.0034000),(0.0417019,0.0246838,0.0034000),(0.0423286,0.0240840,0.0034000),(0.0423337,0.0241927,0.0034000),(0.0415947,0.0247717,0.0034000),(0.0417019,0.0246838,0.0034000),(0.0423337,0.0241927,0.0034000),(0.0415947,0.0247717,0.0034000),(0.0423337,0.0241927,0.0034000),(0.0423286,0.0243053,0.0034000),(0.0415947,0.0247717,0.0034000),(0.0423286,0.0243053,0.0034000),(0.0423133,0.0244140,0.0034000),(0.0414775,0.0248346,0.0034000),(0.0415947,0.0247717,0.0034000),(0.0423133,0.0244140,0.0034000),(0.0414775,0.0248346,0.0034000),(0.0423133,0.0244140,0.0034000),(0.0422878,0.0245188,0.0034000),(0.0414775,0.0248346,0.0034000),(0.0422878,0.0245188,0.0034000),(0.0422522,0.0246197,0.0034000),(0.0413502,0.0248723,0.0034000),(0.0414775,0.0248346,0.0034000),(0.0422522,0.0246197,0.0034000),(0.0413502,0.0248723,0.0034000),(0.0422522,0.0246197,0.0034000),(0.0422064,0.0247167,0.0034000),(0.0413502,0.0248723,0.0034000),(0.0422064,0.0247167,0.0034000),(0.0421503,0.0248098,0.0034000),(0.0412129,0.0248849,0.0034000),(0.0413502,0.0248723,0.0034000),(0.0421503,0.0248098,0.0034000),(0.0412129,0.0248849,0.0034000),(0.0421503,0.0248098,0.0034000),(0.0420841,0.0248990,0.0034000),(0.0397133,0.0248849,0.0034000),(0.0412129,0.0248849,0.0034000),(0.0420841,0.0248990,0.0034000),(0.0397133,0.0248849,0.0034000),(0.0420841,0.0248990,0.0034000),(0.0420077,0.0249843,0.0034000),(0.0397133,0.0248849,0.0034000),(0.0420077,0.0249843,0.0034000),(0.0419207,0.0250625,0.0034000),(0.0397133,0.0248849,0.0034000),(0.0419207,0.0250625,0.0034000),(0.0418299,0.0251302,0.0034000),(0.0397133,0.0248849,0.0034000),(0.0418299,0.0251302,0.0034000),(0.0417353,0.0251875,0.0034000),(0.0397133,0.0248849,0.0034000),(0.0417353,0.0251875,0.0034000),(0.0416370,0.0252344,0.0034000),(0.0397133,0.0248849,0.0034000),(0.0416370,0.0252344,0.0034000),(0.0415350,0.0252708,0.0034000),(0.0397133,0.0248849,0.0034000),(0.0415350,0.0252708,0.0034000),(0.0414293,0.0252969,0.0034000),(0.0397133,0.0248849,0.0034000),(0.0414293,0.0252969,0.0034000),(0.0413198,0.0253125,0.0034000),(0.0397133,0.0248849,0.0034000),(0.0413198,0.0253125,0.0034000),(0.0412066,0.0253177,0.0034000),(0.0397133,0.0248849,0.0034000),(0.0412066,0.0253177,0.0034000),(0.0395005,0.0253177,0.0034000),(0.0397133,0.0234984,0.0034000),(0.0397133,0.0248849,0.0034000),(0.0395005,0.0253177,0.0034000),(0.0397133,0.0230719,0.0034000),(0.0397133,0.0234984,0.0034000),(0.0395005,0.0253177,0.0034000),(0.0397133,0.0230719,0.0034000),(0.0395005,0.0253177,0.0034000),(0.0394145,0.0253010,0.0034000),(0.0397133,0.0230719,0.0034000),(0.0394145,0.0253010,0.0034000),(0.0393428,0.0252510,0.0034000),(0.0397133,0.0230719,0.0034000),(0.0393428,0.0252510,0.0034000),(0.0393008,0.0251767,0.0034000),(0.0397133,0.0230719,0.0034000),(0.0393008,0.0251767,0.0034000),(0.0392867,0.0250976,0.0034000),(0.0397133,0.0230719,0.0034000),(0.0392867,0.0250976,0.0034000),(0.0392867,0.0214707,0.0034000),(0.0397133,0.0230719,0.0034000),(0.0392867,0.0214707,0.0034000),(0.0393096,0.0213873,0.0034000),(0.0397133,0.0230719,0.0034000),(0.0393096,0.0213873,0.0034000),(0.0393529,0.0213278,0.0034000),(0.0397133,0.0230719,0.0034000),(0.0393529,0.0213278,0.0034000),(0.0395005,0.0212802,0.0034000),(0.0397133,0.0230719,0.0034000),(0.0395005,0.0212802,0.0034000),(0.0395745,0.0212921,0.0034000),(0.0397133,0.0230719,0.0034000),(0.0395745,0.0212921,0.0034000),(0.0396347,0.0213278,0.0034000),(0.0397133,0.0230719,0.0034000),(0.0396347,0.0213278,0.0034000),(0.0397133,0.0214707,0.0034000),(0.0383247,0.0230772,0.0034000),(0.0383226,0.0214707,0.0034000),(0.0383387,0.0213886,0.0034000),(0.0383247,0.0230772,0.0034000),(0.0383387,0.0213886,0.0034000),(0.0383872,0.0213204,0.0034000),(0.0383247,0.0230772,0.0034000),(0.0383872,0.0213204,0.0034000),(0.0384560,0.0212743,0.0034000),(0.0383247,0.0230772,0.0034000),(0.0384560,0.0212743,0.0034000),(0.0385332,0.0212590,0.0034000),(0.0383247,0.0230772,0.0034000),(0.0385332,0.0212590,0.0034000),(0.0386160,0.0212743,0.0034000),(0.0383247,0.0230772,0.0034000),(0.0386160,0.0212743,0.0034000),(0.0386846,0.0213204,0.0034000),(0.0383247,0.0230772,0.0034000),(0.0386846,0.0213204,0.0034000),(0.0387306,0.0213886,0.0034000),(0.0383247,0.0230772,0.0034000),(0.0387306,0.0213886,0.0034000),(0.0387459,0.0214707,0.0034000),(0.0383247,0.0230772,0.0034000),(0.0387459,0.0214707,0.0034000),(0.0387459,0.0250976,0.0034000),(0.0383247,0.0230772,0.0034000),(0.0387459,0.0250976,0.0034000),(0.0387306,0.0251791,0.0034000),(0.0383247,0.0230772,0.0034000),(0.0387306,0.0251791,0.0034000),(0.0386846,0.0252479,0.0034000),(0.0383247,0.0230772,0.0034000),(0.0386846,0.0252479,0.0034000),(0.0386171,0.0252955,0.0034000),(0.0383247,0.0230772,0.0034000),(0.0386171,0.0252955,0.0034000),(0.0385374,0.0253114,0.0034000),(0.0383247,0.0230772,0.0034000),(0.0385374,0.0253114,0.0034000),(0.0384554,0.0252950,0.0034000),(0.0383247,0.0230772,0.0034000),(0.0384554,0.0252950,0.0034000),(0.0383850,0.0252457,0.0034000),(0.0383247,0.0230772,0.0034000),(0.0383850,0.0252457,0.0034000),(0.0383382,0.0251812,0.0034000),(0.0383247,0.0230772,0.0034000),(0.0383382,0.0251812,0.0034000),(0.0383226,0.0250976,0.0034000),(0.0383247,0.0230772,0.0034000),(0.0383226,0.0250976,0.0034000),(0.0383226,0.0234984,0.0034000),(0.0361234,0.0230772,0.0034000),(0.0383247,0.0230772,0.0034000),(0.0383226,0.0234984,0.0034000),(0.0361234,0.0230772,0.0034000),(0.0383226,0.0234984,0.0034000),(0.0361297,0.0234984,0.0034000),(0.0361234,0.0230772,0.0034000),(0.0361297,0.0234984,0.0034000),(0.0361297,0.0250976,0.0034000),(0.0361234,0.0230772,0.0034000),(0.0361297,0.0250976,0.0034000),(0.0361133,0.0251791,0.0034000),(0.0361234,0.0230772,0.0034000),(0.0361133,0.0251791,0.0034000),(0.0360641,0.0252479,0.0034000),(0.0361234,0.0230772,0.0034000),(0.0360641,0.0252479,0.0034000),(0.0359945,0.0252955,0.0034000),(0.0361234,0.0230772,0.0034000),(0.0359945,0.0252955,0.0034000),(0.0359170,0.0253114,0.0034000),(0.0361234,0.0230772,0.0034000),(0.0359170,0.0253114,0.0034000),(0.0358347,0.0252955,0.0034000),(0.0361234,0.0230772,0.0034000),(0.0358347,0.0252955,0.0034000),(0.0357636,0.0252479,0.0034000),(0.0361234,0.0230772,0.0034000),(0.0357636,0.0252479,0.0034000),(0.0357151,0.0251791,0.0034000),(0.0361234,0.0230772,0.0034000),(0.0357151,0.0251791,0.0034000),(0.0356990,0.0250976,0.0034000),(0.0361234,0.0230772,0.0034000),(0.0356990,0.0250976,0.0034000),(0.0356990,0.0214707,0.0034000),(0.0361234,0.0230772,0.0034000),(0.0356990,0.0214707,0.0034000),(0.0357146,0.0213886,0.0034000),(0.0361234,0.0230772,0.0034000),(0.0357146,0.0213886,0.0034000),(0.0357614,0.0213204,0.0034000),(0.0361234,0.0230772,0.0034000),(0.0357614,0.0213204,0.0034000),(0.0358310,0.0212743,0.0034000),(0.0361234,0.0230772,0.0034000),(0.0358310,0.0212743,0.0034000),(0.0359128,0.0212590,0.0034000),(0.0361234,0.0230772,0.0034000),(0.0359128,0.0212590,0.0034000),(0.0359906,0.0212741,0.0034000),(0.0361234,0.0230772,0.0034000),(0.0359906,0.0212741,0.0034000),(0.0360631,0.0213193,0.0034000),(0.0361234,0.0230772,0.0034000),(0.0360631,0.0213193,0.0034000),(0.0361083,0.0213841,0.0034000),(0.0361234,0.0230772,0.0034000),(0.0361083,0.0213841,0.0034000),(0.0361234,0.0214707,0.0034000),(0.0433052,0.0227894,0.0034000),(0.0433052,0.0250976,0.0034000),(0.0432899,0.0251791,0.0034000),(0.0433052,0.0227894,0.0034000),(0.0432899,0.0251791,0.0034000),(0.0432439,0.0252479,0.0034000),(0.0433052,0.0227894,0.0034000),(0.0432439,0.0252479,0.0034000),(0.0431764,0.0252955,0.0034000),(0.0433102,0.0226769,0.0034000),(0.0433052,0.0227894,0.0034000),(0.0431764,0.0252955,0.0034000),(0.0433102,0.0226769,0.0034000),(0.0431764,0.0252955,0.0034000),(0.0430967,0.0253114,0.0034000),(0.0433102,0.0226769,0.0034000),(0.0430967,0.0253114,0.0034000),(0.0430134,0.0252950,0.0034000),(0.0433102,0.0226769,0.0034000),(0.0430134,0.0252950,0.0034000),(0.0429391,0.0252457,0.0034000),(0.0433102,0.0226769,0.0034000),(0.0429391,0.0252457,0.0034000),(0.0428938,0.0251812,0.0034000),(0.0433102,0.0226769,0.0034000),(0.0428938,0.0251812,0.0034000),(0.0428787,0.0250976,0.0034000),(0.0433102,0.0226769,0.0034000),(0.0428787,0.0250976,0.0034000),(0.0428787,0.0227894,0.0034000),(0.0433102,0.0226769,0.0034000),(0.0428787,0.0227894,0.0034000),(0.0428857,0.0226343,0.0034000),(0.0433102,0.0226769,0.0034000),(0.0428857,0.0226343,0.0034000),(0.0429065,0.0224849,0.0034000),(0.0433102,0.0226769,0.0034000),(0.0429065,0.0224849,0.0034000),(0.0429412,0.0223412,0.0034000),(0.0433102,0.0226769,0.0034000),(0.0429412,0.0223412,0.0034000),(0.0429899,0.0222033,0.0034000),(0.0433102,0.0226769,0.0034000),(0.0429899,0.0222033,0.0034000),(0.0430524,0.0220711,0.0034000),(0.0433102,0.0226769,0.0034000),(0.0430524,0.0220711,0.0034000),(0.0431288,0.0219446,0.0034000),(0.0433102,0.0226769,0.0034000),(0.0431288,0.0219446,0.0034000),(0.0432191,0.0218238,0.0034000),(0.0433102,0.0226769,0.0034000),(0.0432191,0.0218238,0.0034000),(0.0433232,0.0217088,0.0034000),(0.0433102,0.0226769,0.0034000),(0.0433232,0.0217088,0.0034000),(0.0434358,0.0216034,0.0034000),(0.0434358,0.0216034,0.0034000),(0.0435545,0.0215120,0.0034000),(0.0436792,0.0214347,0.0034000),(0.0434358,0.0216034,0.0034000),(0.0436792,0.0214347,0.0034000),(0.0438101,0.0213714,0.0034000),(0.0434358,0.0216034,0.0034000),(0.0438101,0.0213714,0.0034000),(0.0439470,0.0213223,0.0034000),(0.0434358,0.0216034,0.0034000),(0.0439470,0.0213223,0.0034000),(0.0440900,0.0212871,0.0034000),(0.0434358,0.0216034,0.0034000),(0.0440900,0.0212871,0.0034000),(0.0442391,0.0212660,0.0034000),(0.0434358,0.0216034,0.0034000),(0.0442391,0.0212660,0.0034000),(0.0443943,0.0212590,0.0034000),(0.0434358,0.0216034,0.0034000),(0.0443943,0.0212590,0.0034000),(0.0445497,0.0212660,0.0034000),(0.0434358,0.0216034,0.0034000),(0.0445497,0.0212660,0.0034000),(0.0446994,0.0212871,0.0034000),(0.0434358,0.0216034,0.0034000),(0.0446994,0.0212871,0.0034000),(0.0448435,0.0213223,0.0034000),(0.0434358,0.0216034,0.0034000),(0.0448435,0.0213223,0.0034000),(0.0449819,0.0213714,0.0034000),(0.0434358,0.0216034,0.0034000),(0.0449819,0.0213714,0.0034000),(0.0451147,0.0214347,0.0034000),(0.0434358,0.0216034,0.0034000),(0.0451147,0.0214347,0.0034000),(0.0452418,0.0215120,0.0034000),(0.0434358,0.0216034,0.0034000),(0.0452418,0.0215120,0.0034000),(0.0453633,0.0216034,0.0034000),(0.0434358,0.0216034,0.0034000),(0.0453633,0.0216034,0.0034000),(0.0454791,0.0217088,0.0034000),(0.0454791,0.0217088,0.0034000),(0.0455837,0.0218225,0.0034000),(0.0456745,0.0219424,0.0034000),(0.0454791,0.0217088,0.0034000),(0.0456745,0.0219424,0.0034000),(0.0457512,0.0220686,0.0034000),(0.0454791,0.0217088,0.0034000),(0.0457512,0.0220686,0.0034000),(0.0458140,0.0222009,0.0034000),(0.0454791,0.0217088,0.0034000),(0.0458140,0.0222009,0.0034000),(0.0458629,0.0223395,0.0034000),(0.0454791,0.0217088,0.0034000),(0.0458629,0.0223395,0.0034000),(0.0458978,0.0224843,0.0034000),(0.0454791,0.0217088,0.0034000),(0.0458978,0.0224843,0.0034000),(0.0459187,0.0226353,0.0034000),(0.0454791,0.0217088,0.0034000),(0.0459187,0.0226353,0.0034000),(0.0459257,0.0227925,0.0034000),(0.0454791,0.0217088,0.0034000),(0.0459257,0.0227925,0.0034000),(0.0459257,0.0250976,0.0034000),(0.0454791,0.0217088,0.0034000),(0.0459257,0.0250976,0.0034000),(0.0459103,0.0251791,0.0034000),(0.0454791,0.0217088,0.0034000),(0.0459103,0.0251791,0.0034000),(0.0458643,0.0252479,0.0034000),(0.0454791,0.0217088,0.0034000),(0.0458643,0.0252479,0.0034000),(0.0457960,0.0252955,0.0034000),(0.0454791,0.0217088,0.0034000),(0.0457960,0.0252955,0.0034000),(0.0457140,0.0253114,0.0034000),(0.0454791,0.0217088,0.0034000),(0.0457140,0.0253114,0.0034000),(0.0456320,0.0252955,0.0034000),(0.0454791,0.0217088,0.0034000),(0.0456320,0.0252955,0.0034000),(0.0455637,0.0252479,0.0034000),(0.0455637,0.0252479,0.0034000),(0.0455177,0.0251791,0.0034000),(0.0455023,0.0250976,0.0034000),(0.0455637,0.0252479,0.0034000),(0.0455023,0.0250976,0.0034000),(0.0455023,0.0227925,0.0034000),(0.0454791,0.0217088,0.0034000),(0.0455637,0.0252479,0.0034000),(0.0455023,0.0227925,0.0034000),(0.0454791,0.0217088,0.0034000),(0.0455023,0.0227925,0.0034000),(0.0454972,0.0226805,0.0034000),(0.0454791,0.0217088,0.0034000),(0.0454972,0.0226805,0.0034000),(0.0454819,0.0225725,0.0034000),(0.0454791,0.0217088,0.0034000),(0.0454819,0.0225725,0.0034000),(0.0454564,0.0224686,0.0034000),(0.0454791,0.0217088,0.0034000),(0.0454564,0.0224686,0.0034000),(0.0454206,0.0223687,0.0034000),(0.0454791,0.0217088,0.0034000),(0.0454206,0.0223687,0.0034000),(0.0453746,0.0222728,0.0034000),(0.0454791,0.0217088,0.0034000),(0.0453746,0.0222728,0.0034000),(0.0453184,0.0221809,0.0034000),(0.0454791,0.0217088,0.0034000),(0.0453184,0.0221809,0.0034000),(0.0452520,0.0220931,0.0034000),(0.0454791,0.0217088,0.0034000),(0.0452520,0.0220931,0.0034000),(0.0451753,0.0220094,0.0034000),(0.0454791,0.0217088,0.0034000),(0.0451753,0.0220094,0.0034000),(0.0450934,0.0219330,0.0034000),(0.0454791,0.0217088,0.0034000),(0.0450934,0.0219330,0.0034000),(0.0450071,0.0218667,0.0034000),(0.0454791,0.0217088,0.0034000),(0.0450071,0.0218667,0.0034000),(0.0449163,0.0218107,0.0034000),(0.0454791,0.0217088,0.0034000),(0.0449163,0.0218107,0.0034000),(0.0448210,0.0217649,0.0034000),(0.0454791,0.0217088,0.0034000),(0.0448210,0.0217649,0.0034000),(0.0447213,0.0217292,0.0034000),(0.0454791,0.0217088,0.0034000),(0.0447213,0.0217292,0.0034000),(0.0446171,0.0217038,0.0034000),(0.0454791,0.0217088,0.0034000),(0.0446171,0.0217038,0.0034000),(0.0445084,0.0216885,0.0034000),(0.0434358,0.0216034,0.0034000),(0.0454791,0.0217088,0.0034000),(0.0445084,0.0216885,0.0034000),(0.0434358,0.0216034,0.0034000),(0.0445084,0.0216885,0.0034000),(0.0443953,0.0216834,0.0034000),(0.0434358,0.0216034,0.0034000),(0.0443953,0.0216834,0.0034000),(0.0442842,0.0216885,0.0034000),(0.0434358,0.0216034,0.0034000),(0.0442842,0.0216885,0.0034000),(0.0441772,0.0217036,0.0034000),(0.0434358,0.0216034,0.0034000),(0.0441772,0.0217036,0.0034000),(0.0440745,0.0217289,0.0034000),(0.0434358,0.0216034,0.0034000),(0.0440745,0.0217289,0.0034000),(0.0439760,0.0217644,0.0034000),(0.0434358,0.0216034,0.0034000),(0.0439760,0.0217644,0.0034000),(0.0438816,0.0218099,0.0034000),(0.0434358,0.0216034,0.0034000),(0.0438816,0.0218099,0.0034000),(0.0437915,0.0218656,0.0034000),(0.0434358,0.0216034,0.0034000),(0.0437915,0.0218656,0.0034000),(0.0437055,0.0219313,0.0034000),(0.0434358,0.0216034,0.0034000),(0.0437055,0.0219313,0.0034000),(0.0436238,0.0220072,0.0034000),(0.0434358,0.0216034,0.0034000),(0.0436238,0.0220072,0.0034000),(0.0435491,0.0220903,0.0034000),(0.0434358,0.0216034,0.0034000),(0.0435491,0.0220903,0.0034000),(0.0434844,0.0221776,0.0034000),(0.0434358,0.0216034,0.0034000),(0.0434844,0.0221776,0.0034000),(0.0434297,0.0222690,0.0034000),(0.0434358,0.0216034,0.0034000),(0.0434297,0.0222690,0.0034000),(0.0433849,0.0223647,0.0034000),(0.0434358,0.0216034,0.0034000),(0.0433849,0.0223647,0.0034000),(0.0433500,0.0224646,0.0034000),(0.0434358,0.0216034,0.0034000),(0.0433500,0.0224646,0.0034000),(0.0433251,0.0225686,0.0034000),(0.0433102,0.0226769,0.0034000),(0.0434358,0.0216034,0.0034000),(0.0433251,0.0225686,0.0034000),(0.0351029,0.0249380,0.0034000),(0.0351561,0.0250976,0.0034000),(0.0351410,0.0251775,0.0034000),(0.0351029,0.0249380,0.0034000),(0.0351410,0.0251775,0.0034000),(0.0350957,0.0252457,0.0034000),(0.0351029,0.0249380,0.0034000),(0.0350957,0.0252457,0.0034000),(0.0350275,0.0252950,0.0034000),(0.0351029,0.0249380,0.0034000),(0.0350275,0.0252950,0.0034000),(0.0349433,0.0253114,0.0034000),(0.0351029,0.0249380,0.0034000),(0.0349433,0.0253114,0.0034000),(0.0323229,0.0253114,0.0034000),(0.0351029,0.0249380,0.0034000),(0.0323229,0.0253114,0.0034000),(0.0322298,0.0252910,0.0034000),(0.0351029,0.0249380,0.0034000),(0.0322298,0.0252910,0.0034000),(0.0321557,0.0252299,0.0034000),(0.0351029,0.0249380,0.0034000),(0.0321557,0.0252299,0.0034000),(0.0321091,0.0250976,0.0034000),(0.0351029,0.0249380,0.0034000),(0.0321091,0.0250976,0.0034000),(0.0321091,0.0250817,0.0034000),(0.0351029,0.0249380,0.0034000),(0.0321091,0.0250817,0.0034000),(0.0321695,0.0249526,0.0034000),(0.0351029,0.0249380,0.0034000),(0.0321695,0.0249526,0.0034000),(0.0322406,0.0249018,0.0034000),(0.0351029,0.0249380,0.0034000),(0.0322406,0.0249018,0.0034000),(0.0323229,0.0248849,0.0034000),(0.0351029,0.0249380,0.0034000),(0.0323229,0.0248849,0.0034000),(0.0334225,0.0248849,0.0034000),(0.0334225,0.0248849,0.0034000),(0.0334225,0.0214707,0.0034000),(0.0334379,0.0213886,0.0034000),(0.0334225,0.0248849,0.0034000),(0.0334379,0.0213886,0.0034000),(0.0334839,0.0213204,0.0034000),(0.0334225,0.0248849,0.0034000),(0.0334839,0.0213204,0.0034000),(0.0335522,0.0212743,0.0034000),(0.0334225,0.0248849,0.0034000),(0.0335522,0.0212743,0.0034000),(0.0336342,0.0212590,0.0034000),(0.0334225,0.0248849,0.0034000),(0.0336342,0.0212590,0.0034000),(0.0337162,0.0212743,0.0034000),(0.0334225,0.0248849,0.0034000),(0.0337162,0.0212743,0.0034000),(0.0337845,0.0213204,0.0034000),(0.0334225,0.0248849,0.0034000),(0.0337845,0.0213204,0.0034000),(0.0338305,0.0213886,0.0034000),(0.0334225,0.0248849,0.0034000),(0.0338305,0.0213886,0.0034000),(0.0338459,0.0214707,0.0034000),(0.0334225,0.0248849,0.0034000),(0.0338459,0.0214707,0.0034000),(0.0338459,0.0248849,0.0034000),(0.0351029,0.0249380,0.0034000),(0.0334225,0.0248849,0.0034000),(0.0338459,0.0248849,0.0034000),(0.0351029,0.0249380,0.0034000),(0.0338459,0.0248849,0.0034000),(0.0349433,0.0248849,0.0034000),(0.0351029,0.0249380,0.0034000),(0.0349433,0.0248849,0.0034000),(0.0350364,0.0248981,0.0034000)));
#1127=COMPLEX_TRIANGULATED_SURFACE_SET('surface set',#1126,4692,(),(),(),((1,2,3),(4,5,6),(7,8,9),(10,11,12),(13,14,15),(16,17,18),(19,20,21),(22,23,24),(25,26,27),(28,29,30),(31,32,33),(34,35,36),(37,38,39),(40,41,42),(43,44,45),(46,47,48),(49,50,51),(52,53,54),(55,56,57),(58,59,60),(61,62,63),(64,65,66),(67,68,69),(70,71,72),(73,74,75),(76,77,78),(79,80,81),(82,83,84),(85,86,87),(88,89,90),(91,92,93),(94,95,96),(97,98,99),(100,101,102),(103,104,105),(106,107,108),(109,110,111),(112,113,114),(115,116,117),(118,119,120),(121,122,123),(124,125,126),(127,128,129),(130,131,132),(133,134,135),(136,137,138),(139,140,141),(142,143,144),(145,146,147),(148,149,150),(151,152,153),(154,155,156),(157,158,159),(160,161,162),(163,164,165),(166,167,168),(169,170,171),(172,173,174),(175,176,177),(178,179,180),(181,182,183),(184,185,186),(187,188,189),(190,191,192),(193,194,195),(196,197,198),(199,200,201),(202,203,204),(205,206,207),(208,209,210),(211,212,213),(214,215,216),(217,218,219),(220,221,222),(223,224,225),(226,227,228),(229,230,231),(232,233,234),(235,236,237),(238,239,240),(241,242,243),(244,245,246),(247,248,249),(250,251,252),(253,254,255),(256,257,258),(259,260,261),(262,263,264),(265,266,267),(268,269,270),(271,272,273),(274,275,276),(277,278,279),(280,281,282),(283,284,285),(286,287,288),(289,290,291),(292,293,294),(295,296,297),(298,299,300),(301,302,303),(304,305,306),(307,308,309),(310,311,312),(313,314,315),(316,317,318),(319,320,321),(322,323,324),(325,326,327),(328,329,330),(331,332,333),(334,335,336),(337,338,339),(340,341,342),(343,344,345),(346,347,348),(349,350,351),(352,353,354),(355,356,357),(358,359,360),(361,362,363),(364,365,366),(367,368,369),(370,371,372),(373,374,375),(376,377,378),(379,380,381),(382,383,384),(385,386,387),(388,389,390),(391,392,393),(394,395,396),(397,398,399),(400,401,402),(403,404,405),(406,407,408),(409,410,411),(412,413,414),(415,416,417),(418,419,420),(421,422,423),(424,425,426),(427,428,429),(430,431,432),(433,434,435),(436,437,438),(439,440,441),(442,443,444),(445,446,447),(448,449,450),(451,452,453),(454,455,456),(457,458,459),(460,461,462),(463,464,465),(466,467,468),(469,470,471),(472,473,474),(475,476,477),(478,479,480),(481,482,483),(484,485,486),(487,488,489),(490,491,492),(493,494,495),(496,497,498),(499,500,501),(502,503,504),(505,506,507),(508,509,510),(511,512,513),(514,515,516),(517,518,519),(520,521,522),(523,524,525),(526,527,528),(529,530,531),(532,533,534),(535,536,537),(538,539,540),(541,542,543),(544,545,546),(547,548,549),(550,551,552),(553,554,555),(556,557,558),(559,560,561),(562,563,564),(565,566,567),(568,569,570),(571,572,573),(574,575,576),(577,578,579),(580,581,582),(583,584,585),(586,587,588),(589,590,591),(592,593,594),(595,596,597),(598,599,600),(601,602,603),(604,605,606),(607,608,609),(610,611,612),(613,614,615),(616,617,618),(619,620,621),(622,623,624),(625,626,627),(628,629,630),(631,632,633),(634,635,636),(637,638,639),(640,641,642),(643,644,645),(646,647,648),(649,650,651),(652,653,654),(655,656,657),(658,659,660),(661,662,663),(664,665,666),(667,668,669),(670,671,672),(673,674,675),(676,677,678),(679,680,681),(682,683,684),(685,686,687),(688,689,690),(691,692,693),(694,695,696),(697,698,699),(700,701,702),(703,704,705),(706,707,708),(709,710,711),(712,713,714),(715,716,717),(718,719,720),(721,722,723),(724,725,726),(727,728,729),(730,731,732),(733,734,735),(736,737,738),(739,740,741),(742,743,744),(745,746,747),(748,749,750),(751,752,753),(754,755,756),(757,758,759),(760,761,762),(763,764,765),(766,767,768),(769,770,771),(772,773,774),(775,776,777),(778,779,780),(781,782,783),(784,785,786),(787,788,789),(790,791,792),(793,794,795),(796,797,798),(799,800,801),(802,803,804),(805,806,807),(808,809,810),(811,812,813),(814,815,816),(817,818,819),(820,821,822),(823,824,825),(826,827,828),(829,830,831),(832,833,834),(835,836,837),(838,839,840),(841,842,843),(844,845,846),(847,848,849),(850,851,852),(853,854,855),(856,857,858),(859,860,861),(862,863,864),(865,866,867),(868,869,870),(871,872,873),(874,875,876),(877,878,879),(880,881,882),(883,884,885),(886,887,888),(889,890,891),(892,893,894),(895,896,897),(898,899,900),(901,902,903),(904,905,906),(907,908,909),(910,911,912),(913,914,915),(916,917,918),(919,920,921),(922,923,924),(925,926,927),(928,929,930),(931,932,933),(934,935,936),(937,938,939),(940,941,942),(943,944,945),(946,947,948),(949,950,951),(952,953,954),(955,956,957),(958,959,960),(961,962,963),(964,965,966),(967,968,969),(970,971,972),(973,974,975),(976,977,978),(979,980,981),(982,983,984),(985,986,987),(988,989,990),(991,992,993),(994,995,996),(997,998,999),(1000,1001,1002),(1003,1004,1005),(1006,1007,1008),(1009,1010,1011),(1012,1013,1014),(1015,1016,1017),(1018,1019,1020),(1021,1022,1023),(1024,1025,1026),(1027,1028,1029),(1030,1031,1032),(1033,1034,1035),(1036,1037,1038),(1039,1040,1041),(1042,1043,1044),(1045,1046,1047),(1048,1049,1050),(1051,1052,1053),(1054,1055,1056),(1057,1058,1059),(1060,1061,1062),(1063,1064,1065),(1066,1067,1068),(1069,1070,1071),(1072,1073,1074),(1075,1076,1077),(1078,1079,1080),(1081,1082,1083),(1084,1085,1086),(1087,1088,1089),(1090,1091,1092),(1093,1094,1095),(1096,1097,1098),(1099,1100,1101),(1102,1103,1104),(1105,1106,1107),(1108,1109,1110),(1111,1112,1113),(1114,1115,1116),(1117,1118,1119),(1120,1121,1122),(1123,1124,1125),(1126,1127,1128),(1129,1130,1131),(1132,1133,1134),(1135,1136,1137),(1138,1139,1140),(1141,1142,1143),(1144,1145,1146),(1147,1148,1149),(1150,1151,1152),(1153,1154,1155),(1156,1157,1158),(1159,1160,1161),(1162,1163,1164),(1165,1166,1167),(1168,1169,1170),(1171,1172,1173),(1174,1175,1176),(1177,1178,1179),(1180,1181,1182),(1183,1184,1185),(1186,1187,1188),(1189,1190,1191),(1192,1193,1194),(1195,1196,1197),(1198,1199,1200),(1201,1202,1203),(1204,1205,1206),(1207,1208,1209),(1210,1211,1212),(1213,1214,1215),(1216,1217,1218),(1219,1220,1221),(1222,1223,1224),(1225,1226,1227),(1228,1229,1230),(1231,1232,1233),(1234,1235,1236),(1237,1238,1239),(1240,1241,1242),(1243,1244,1245),(1246,1247,1248),(1249,1250,1251),(1252,1253,1254),(1255,1256,1257),(1258,1259,1260),(1261,1262,1263),(1264,1265,1266),(1267,1268,1269),(1270,1271,1272),(1273,1274,1275),(1276,1277,1278),(1279,1280,1281),(1282,1283,1284),(1285,1286,1287),(1288,1289,1290),(1291,1292,1293),(1294,1295,1296),(1297,1298,1299),(1300,1301,1302),(1303,1304,1305),(1306,1307,1308),(1309,1310,1311),(1312,1313,1314),(1315,1316,1317),(1318,1319,1320),(1321,1322,1323),(1324,1325,1326),(1327,1328,1329),(1330,1331,1332),(1333,1334,1335),(1336,1337,1338),(1339,1340,1341),(1342,1343,1344),(1345,1346,1347),(1348,1349,1350),(1351,1352,1353),(1354,1355,1356),(1357,1358,1359),(1360,1361,1362),(1363,1364,1365),(1366,1367,1368),(1369,1370,1371),(1372,1373,1374),(1375,1376,1377),(1378,1379,1380),(1381,1382,1383),(1384,1385,1386),(1387,1388,1389),(1390,1391,1392),(1393,1394,1395),(1396,1397,1398),(1399,1400,1401),(1402,1403,1404),(1405,1406,1407),(1408,1409,1410),(1411,1412,1413),(1414,1415,1416),(1417,1418,1419),(1420,1421,1422),(1423,1424,1425),(1426,1427,1428),(1429,1430,1431),(1432,1433,1434),(1435,1436,1437),(1438,1439,1440),(1441,1442,1443),(1444,1445,1446),(1447,1448,1449),(1450,1451,1452),(1453,1454,1455),(1456,1457,1458),(1459,1460,1461),(1462,1463,1464),(1465,1466,1467),(1468,1469,1470),(1471,1472,1473),(1474,1475,1476),(1477,1478,1479),(1480,1481,1482),(1483,1484,1485),(1486,1487,1488),(1489,1490,1491),(1492,1493,1494),(1495,1496,1497),(1498,1499,1500),(1501,1502,1503),(1504,1505,1506),(1507,1508,1509),(1510,1511,1512),(1513,1514,1515),(1516,1517,1518),(1519,1520,1521),(1522,1523,1524),(1525,1526,1527),(1528,1529,1530),(1531,1532,1533),(1534,1535,1536),(1537,1538,1539),(1540,1541,1542),(1543,1544,1545),(1546,1547,1548),(1549,1550,1551),(1552,1553,1554),(1555,1556,1557),(1558,1559,1560),(1561,1562,1563),(1564,1565,1566),(1567,1568,1569),(1570,1571,1572),(1573,1574,1575),(1576,1577,1578),(1579,1580,1581),(1582,1583,1584),(1585,1586,1587),(1588,1589,1590),(1591,1592,1593),(1594,1595,1596),(1597,1598,1599),(1600,1601,1602),(1603,1604,1605),(1606,1607,1608),(1609,1610,1611),(1612,1613,1614),(1615,1616,1617),(1618,1619,1620),(1621,1622,1623),(1624,1625,1626),(1627,1628,1629),(1630,1631,1632),(1633,1634,1635),(1636,1637,1638),(1639,1640,1641),(1642,1643,1644),(1645,1646,1647),(1648,1649,1650),(1651,1652,1653),(1654,1655,1656),(1657,1658,1659),(1660,1661,1662),(1663,1664,1665),(1666,1667,1668),(1669,1670,1671),(1672,1673,1674),(1675,1676,1677),(1678,1679,1680),(1681,1682,1683),(1684,1685,1686),(1687,1688,1689),(1690,1691,1692),(1693,1694,1695),(1696,1697,1698),(1699,1700,1701),(1702,1703,1704),(1705,1706,1707),(1708,1709,1710),(1711,1712,1713),(1714,1715,1716),(1717,1718,1719),(1720,1721,1722),(1723,1724,1725),(1726,1727,1728),(1729,1730,1731),(1732,1733,1734),(1735,1736,1737),(1738,1739,1740),(1741,1742,1743),(1744,1745,1746),(1747,1748,1749),(1750,1751,1752),(1753,1754,1755),(1756,1757,1758),(1759,1760,1761),(1762,1763,1764),(1765,1766,1767),(1768,1769,1770),(1771,1772,1773),(1774,1775,1776),(1777,1778,1779),(1780,1781,1782),(1783,1784,1785),(1786,1787,1788),(1789,1790,1791),(1792,1793,1794),(1795,1796,1797),(1798,1799,1800),(1801,1802,1803),(1804,1805,1806),(1807,1808,1809),(1810,1811,1812),(1813,1814,1815),(1816,1817,1818),(1819,1820,1821),(1822,1823,1824),(1825,1826,1827),(1828,1829,1830),(1831,1832,1833),(1834,1835,1836),(1837,1838,1839),(1840,1841,1842),(1843,1844,1845),(1846,1847,1848),(1849,1850,1851),(1852,1853,1854),(1855,1856,1857),(1858,1859,1860),(1861,1862,1863),(1864,1865,1866),(1867,1868,1869),(1870,1871,1872),(1873,1874,1875),(1876,1877,1878),(1879,1880,1881),(1882,1883,1884),(1885,1886,1887),(1888,1889,1890),(1891,1892,1893),(1894,1895,1896),(1897,1898,1899),(1900,1901,1902),(1903,1904,1905),(1906,1907,1908),(1909,1910,1911),(1912,1913,1914),(1915,1916,1917),(1918,1919,1920),(1921,1922,1923),(1924,1925,1926),(1927,1928,1929),(1930,1931,1932),(1933,1934,1935),(1936,1937,1938),(1939,1940,1941),(1942,1943,1944),(1945,1946,1947),(1948,1949,1950),(1951,1952,1953),(1954,1955,1956),(1957,1958,1959),(1960,1961,1962),(1963,1964,1965),(1966,1967,1968),(1969,1970,1971),(1972,1973,1974),(1975,1976,1977),(1978,1979,1980),(1981,1982,1983),(1984,1985,1986),(1987,1988,1989),(1990,1991,1992),(1993,1994,1995),(1996,1997,1998),(1999,2000,2001),(2002,2003,2004),(2005,2006,2007),(2008,2009,2010),(2011,2012,2013),(2014,2015,2016),(2017,2018,2019),(2020,2021,2022),(2023,2024,2025),(2026,2027,2028),(2029,2030,2031),(2032,2033,2034),(2035,2036,2037),(2038,2039,2040),(2041,2042,2043),(2044,2045,2046),(2047,2048,2049),(2050,2051,2052),(2053,2054,2055),(2056,2057,2058),(2059,2060,2061),(2062,2063,2064),(2065,2066,2067),(2068,2069,2070),(2071,2072,2073),(2074,2075,2076),(2077,2078,2079),(2080,2081,2082),(2083,2084,2085),(2086,2087,2088),(2089,2090,2091),(2092,2093,2094),(2095,2096,2097),(2098,2099,2100),(2101,2102,2103),(2104,2105,2106),(2107,2108,2109),(2110,2111,2112),(2113,2114,2115),(2116,2117,2118),(2119,2120,2121),(2122,2123,2124),(2125,2126,2127),(2128,2129,2130),(2131,2132,2133),(2134,2135,2136),(2137,2138,2139),(2140,2141,2142),(2143,2144,2145),(2146,2147,2148),(2149,2150,2151),(2152,2153,2154),(2155,2156,2157),(2158,2159,2160),(2161,2162,2163),(2164,2165,2166),(2167,2168,2169),(2170,2171,2172),(2173,2174,2175),(2176,2177,2178),(2179,2180,2181),(2182,2183,2184),(2185,2186,2187),(2188,2189,2190),(2191,2192,2193),(2194,2195,2196),(2197,2198,2199),(2200,2201,2202),(2203,2204,2205),(2206,2207,2208),(2209,2210,2211),(2212,2213,2214),(2215,2216,2217),(2218,2219,2220),(2221,2222,2223),(2224,2225,2226),(2227,2228,2229),(2230,2231,2232),(2233,2234,2235),(2236,2237,2238),(2239,2240,2241),(2242,2243,2244),(2245,2246,2247),(2248,2249,2250),(2251,2252,2253),(2254,2255,2256),(2257,2258,2259),(2260,2261,2262),(2263,2264,2265),(2266,2267,2268),(2269,2270,2271),(2272,2273,2274),(2275,2276,2277),(2278,2279,2280),(2281,2282,2283),(2284,2285,2286),(2287,2288,2289),(2290,2291,2292),(2293,2294,2295),(2296,2297,2298),(2299,2300,2301),(2302,2303,2304),(2305,2306,2307),(2308,2309,2310),(2311,2312,2313),(2314,2315,2316),(2317,2318,2319),(2320,2321,2322),(2323,2324,2325),(2326,2327,2328),(2329,2330,2331),(2332,2333,2334),(2335,2336,2337),(2338,2339,2340),(2341,2342,2343),(2344,2345,2346),(2347,2348,2349),(2350,2351,2352),(2353,2354,2355),(2356,2357,2358),(2359,2360,2361),(2362,2363,2364),(2365,2366,2367),(2368,2369,2370),(2371,2372,2373),(2374,2375,2376),(2377,2378,2379),(2380,2381,2382),(2383,2384,2385),(2386,2387,2388),(2389,2390,2391),(2392,2393,2394),(2395,2396,2397),(2398,2399,2400),(2401,2402,2403),(2404,2405,2406),(2407,2408,2409),(2410,2411,2412),(2413,2414,2415),(2416,2417,2418),(2419,2420,2421),(2422,2423,2424),(2425,2426,2427),(2428,2429,2430),(2431,2432,2433),(2434,2435,2436),(2437,2438,2439),(2440,2441,2442),(2443,2444,2445),(2446,2447,2448),(2449,2450,2451),(2452,2453,2454),(2455,2456,2457),(2458,2459,2460),(2461,2462,2463),(2464,2465,2466),(2467,2468,2469),(2470,2471,2472),(2473,2474,2475),(2476,2477,2478),(2479,2480,2481),(2482,2483,2484),(2485,2486,2487),(2488,2489,2490),(2491,2492,2493),(2494,2495,2496),(2497,2498,2499),(2500,2501,2502),(2503,2504,2505),(2506,2507,2508),(2509,2510,2511),(2512,2513,2514),(2515,2516,2517),(2518,2519,2520),(2521,2522,2523),(2524,2525,2526),(2527,2528,2529),(2530,2531,2532),(2533,2534,2535),(2536,2537,2538),(2539,2540,2541),(2542,2543,2544),(2545,2546,2547),(2548,2549,2550),(2551,2552,2553),(2554,2555,2556),(2557,2558,2559),(2560,2561,2562),(2563,2564,2565),(2566,2567,2568),(2569,2570,2571),(2572,2573,2574),(2575,2576,2577),(2578,2579,2580),(2581,2582,2583),(2584,2585,2586),(2587,2588,2589),(2590,2591,2592),(2593,2594,2595),(2596,2597,2598),(2599,2600,2601),(2602,2603,2604),(2605,2606,2607),(2608,2609,2610),(2611,2612,2613),(2614,2615,2616),(2617,2618,2619),(2620,2621,2622),(2623,2624,2625),(2626,2627,2628),(2629,2630,2631),(2632,2633,2634),(2635,2636,2637),(2638,2639,2640),(2641,2642,2643),(2644,2645,2646),(2647,2648,2649),(2650,2651,2652),(2653,2654,2655),(2656,2657,2658),(2659,2660,2661),(2662,2663,2664),(2665,2666,2667),(2668,2669,2670),(2671,2672,2673),(2674,2675,2676),(2677,2678,2679),(2680,2681,2682),(2683,2684,2685),(2686,2687,2688),(2689,2690,2691),(2692,2693,2694),(2695,2696,2697),(2698,2699,2700),(2701,2702,2703),(2704,2705,2706),(2707,2708,2709),(2710,2711,2712),(2713,2714,2715),(2716,2717,2718),(2719,2720,2721),(2722,2723,2724),(2725,2726,2727),(2728,2729,2730),(2731,2732,2733),(2734,2735,2736),(2737,2738,2739),(2740,2741,2742),(2743,2744,2745),(2746,2747,2748),(2749,2750,2751),(2752,2753,2754),(2755,2756,2757),(2758,2759,2760),(2761,2762,2763),(2764,2765,2766),(2767,2768,2769),(2770,2771,2772),(2773,2774,2775),(2776,2777,2778),(2779,2780,2781),(2782,2783,2784),(2785,2786,2787),(2788,2789,2790),(2791,2792,2793),(2794,2795,2796),(2797,2798,2799),(2800,2801,2802),(2803,2804,2805),(2806,2807,2808),(2809,2810,2811),(2812,2813,2814),(2815,2816,2817),(2818,2819,2820),(2821,2822,2823),(2824,2825,2826),(2827,2828,2829),(2830,2831,2832),(2833,2834,2835),(2836,2837,2838),(2839,2840,2841),(2842,2843,2844),(2845,2846,2847),(2848,2849,2850),(2851,2852,2853),(2854,2855,2856),(2857,2858,2859),(2860,2861,2862),(2863,2864,2865),(2866,2867,2868),(2869,2870,2871),(2872,2873,2874),(2875,2876,2877),(2878,2879,2880),(2881,2882,2883),(2884,2885,2886),(2887,2888,2889),(2890,2891,2892),(2893,2894,2895),(2896,2897,2898),(2899,2900,2901),(2902,2903,2904),(2905,2906,2907),(2908,2909,2910),(2911,2912,2913),(2914,2915,2916),(2917,2918,2919),(2920,2921,2922),(2923,2924,2925),(2926,2927,2928),(2929,2930,2931),(2932,2933,2934),(2935,2936,2937),(2938,2939,2940),(2941,2942,2943),(2944,2945,2946),(2947,2948,2949),(2950,2951,2952),(2953,2954,2955),(2956,2957,2958),(2959,2960,2961),(2962,2963,2964),(2965,2966,2967),(2968,2969,2970),(2971,2972,2973),(2974,2975,2976),(2977,2978,2979),(2980,2981,2982),(2983,2984,2985),(2986,2987,2988),(2989,2990,2991),(2992,2993,2994),(2995,2996,2997),(2998,2999,3000),(3001,3002,3003),(3004,3005,3006),(3007,3008,3009),(3010,3011,3012),(3013,3014,3015),(3016,3017,3018),(3019,3020,3021),(3022,3023,3024),(3025,3026,3027),(3028,3029,3030),(3031,3032,3033),(3034,3035,3036),(3037,3038,3039),(3040,3041,3042),(3043,3044,3045),(3046,3047,3048),(3049,3050,3051),(3052,3053,3054),(3055,3056,3057),(3058,3059,3060),(3061,3062,3063),(3064,3065,3066),(3067,3068,3069),(3070,3071,3072),(3073,3074,3075),(3076,3077,3078),(3079,3080,3081),(3082,3083,3084),(3085,3086,3087),(3088,3089,3090),(3091,3092,3093),(3094,3095,3096),(3097,3098,3099),(3100,3101,3102),(3103,3104,3105),(3106,3107,3108),(3109,3110,3111),(3112,3113,3114),(3115,3116,3117),(3118,3119,3120),(3121,3122,3123),(3124,3125,3126),(3127,3128,3129),(3130,3131,3132),(3133,3134,3135),(3136,3137,3138),(3139,3140,3141),(3142,3143,3144),(3145,3146,3147),(3148,3149,3150),(3151,3152,3153),(3154,3155,3156),(3157,3158,3159),(3160,3161,3162),(3163,3164,3165),(3166,3167,3168),(3169,3170,3171),(3172,3173,3174),(3175,3176,3177),(3178,3179,3180),(3181,3182,3183),(3184,3185,3186),(3187,3188,3189),(3190,3191,3192),(3193,3194,3195),(3196,3197,3198),(3199,3200,3201),(3202,3203,3204),(3205,3206,3207),(3208,3209,3210),(3211,3212,3213),(3214,3215,3216),(3217,3218,3219),(3220,3221,3222),(3223,3224,3225),(3226,3227,3228),(3229,3230,3231),(3232,3233,3234),(3235,3236,3237),(3238,3239,3240),(3241,3242,3243),(3244,3245,3246),(3247,3248,3249),(3250,3251,3252),(3253,3254,3255),(3256,3257,3258),(3259,3260,3261),(3262,3263,3264),(3265,3266,3267),(3268,3269,3270),(3271,3272,3273),(3274,3275,3276),(3277,3278,3279),(3280,3281,3282),(3283,3284,3285),(3286,3287,3288),(3289,3290,3291),(3292,3293,3294),(3295,3296,3297),(3298,3299,3300),(3301,3302,3303),(3304,3305,3306),(3307,3308,3309),(3310,3311,3312),(3313,3314,3315),(3316,3317,3318),(3319,3320,3321),(3322,3323,3324),(3325,3326,3327),(3328,3329,3330),(3331,3332,3333),(3334,3335,3336),(3337,3338,3339),(3340,3341,3342),(3343,3344,3345),(3346,3347,3348),(3349,3350,3351),(3352,3353,3354),(3355,3356,3357),(3358,3359,3360),(3361,3362,3363),(3364,3365,3366),(3367,3368,3369),(3370,3371,3372),(3373,3374,3375),(3376,3377,3378),(3379,3380,3381),(3382,3383,3384),(3385,3386,3387),(3388,3389,3390),(3391,3392,3393),(3394,3395,3396),(3397,3398,3399),(3400,3401,3402),(3403,3404,3405),(3406,3407,3408),(3409,3410,3411),(3412,3413,3414),(3415,3416,3417),(3418,3419,3420),(3421,3422,3423),(3424,3425,3426),(3427,3428,3429),(3430,3431,3432),(3433,3434,3435),(3436,3437,3438),(3439,3440,3441),(3442,3443,3444),(3445,3446,3447),(3448,3449,3450),(3451,3452,3453),(3454,3455,3456),(3457,3458,3459),(3460,3461,3462),(3463,3464,3465),(3466,3467,3468),(3469,3470,3471),(3472,3473,3474),(3475,3476,3477),(3478,3479,3480),(3481,3482,3483),(3484,3485,3486),(3487,3488,3489),(3490,3491,3492),(3493,3494,3495),(3496,3497,3498),(3499,3500,3501),(3502,3503,3504),(3505,3506,3507),(3508,3509,3510),(3511,3512,3513),(3514,3515,3516),(3517,3518,3519),(3520,3521,3522),(3523,3524,3525),(3526,3527,3528),(3529,3530,3531),(3532,3533,3534),(3535,3536,3537),(3538,3539,3540),(3541,3542,3543),(3544,3545,3546),(3547,3548,3549),(3550,3551,3552),(3553,3554,3555),(3556,3557,3558),(3559,3560,3561),(3562,3563,3564),(3565,3566,3567),(3568,3569,3570),(3571,3572,3573),(3574,3575,3576),(3577,3578,3579),(3580,3581,3582),(3583,3584,3585),(3586,3587,3588),(3589,3590,3591),(3592,3593,3594),(3595,3596,3597),(3598,3599,3600),(3601,3602,3603),(3604,3605,3606),(3607,3608,3609),(3610,3611,3612),(3613,3614,3615),(3616,3617,3618),(3619,3620,3621),(3622,3623,3624),(3625,3626,3627),(3628,3629,3630),(3631,3632,3633),(3634,3635,3636),(3637,3638,3639),(3640,3641,3642),(3643,3644,3645),(3646,3647,3648),(3649,3650,3651),(3652,3653,3654),(3655,3656,3657),(3658,3659,3660),(3661,3662,3663),(3664,3665,3666),(3667,3668,3669),(3670,3671,3672),(3673,3674,3675),(3676,3677,3678),(3679,3680,3681),(3682,3683,3684),(3685,3686,3687),(3688,3689,3690),(3691,3692,3693),(3694,3695,3696),(3697,3698,3699),(3700,3701,3702),(3703,3704,3705),(3706,3707,3708),(3709,3710,3711),(3712,3713,3714),(3715,3716,3717),(3718,3719,3720),(3721,3722,3723),(3724,3725,3726),(3727,3728,3729),(3730,3731,3732),(3733,3734,3735),(3736,3737,3738),(3739,3740,3741),(3742,3743,3744),(3745,3746,3747),(3748,3749,3750),(3751,3752,3753),(3754,3755,3756),(3757,3758,3759),(3760,3761,3762),(3763,3764,3765),(3766,3767,3768),(3769,3770,3771),(3772,3773,3774),(3775,3776,3777),(3778,3779,3780),(3781,3782,3783),(3784,3785,3786),(3787,3788,3789),(3790,3791,3792),(3793,3794,3795),(3796,3797,3798),(3799,3800,3801),(3802,3803,3804),(3805,3806,3807),(3808,3809,3810),(3811,3812,3813),(3814,3815,3816),(3817,3818,3819),(3820,3821,3822),(3823,3824,3825),(3826,3827,3828),(3829,3830,3831),(3832,3833,3834),(3835,3836,3837),(3838,3839,3840),(3841,3842,3843),(3844,3845,3846),(3847,3848,3849),(3850,3851,3852),(3853,3854,3855),(3856,3857,3858),(3859,3860,3861),(3862,3863,3864),(3865,3866,3867),(3868,3869,3870),(3871,3872,3873),(3874,3875,3876),(3877,3878,3879),(3880,3881,3882),(3883,3884,3885),(3886,3887,3888),(3889,3890,3891),(3892,3893,3894),(3895,3896,3897),(3898,3899,3900),(3901,3902,3903),(3904,3905,3906),(3907,3908,3909),(3910,3911,3912),(3913,3914,3915),(3916,3917,3918),(3919,3920,3921),(3922,3923,3924),(3925,3926,3927),(3928,3929,3930),(3931,3932,3933),(3934,3935,3936),(3937,3938,3939),(3940,3941,3942),(3943,3944,3945),(3946,3947,3948),(3949,3950,3951),(3952,3953,3954),(3955,3956,3957),(3958,3959,3960),(3961,3962,3963),(3964,3965,3966),(3967,3968,3969),(3970,3971,3972),(3973,3974,3975),(3976,3977,3978),(3979,3980,3981),(3982,3983,3984),(3985,3986,3987),(3988,3989,3990),(3991,3992,3993),(3994,3995,3996),(3997,3998,3999),(4000,4001,4002),(4003,4004,4005),(4006,4007,4008),(4009,4010,4011),(4012,4013,4014),(4015,4016,4017),(4018,4019,4020),(4021,4022,4023),(4024,4025,4026),(4027,4028,4029),(4030,4031,4032),(4033,4034,4035),(4036,4037,4038),(4039,4040,4041),(4042,4043,4044),(4045,4046,4047),(4048,4049,4050),(4051,4052,4053),(4054,4055,4056),(4057,4058,4059),(4060,4061,4062),(4063,4064,4065),(4066,4067,4068),(4069,4070,4071),(4072,4073,4074),(4075,4076,4077),(4078,4079,4080),(4081,4082,4083),(4084,4085,4086),(4087,4088,4089),(4090,4091,4092),(4093,4094,4095),(4096,4097,4098),(4099,4100,4101),(4102,4103,4104),(4105,4106,4107),(4108,4109,4110),(4111,4112,4113),(4114,4115,4116),(4117,4118,4119),(4120,4121,4122),(4123,4124,4125),(4126,4127,4128),(4129,4130,4131),(4132,4133,4134),(4135,4136,4137),(4138,4139,4140),(4141,4142,4143),(4144,4145,4146),(4147,4148,4149),(4150,4151,4152),(4153,4154,4155),(4156,4157,4158),(4159,4160,4161),(4162,4163,4164),(4165,4166,4167),(4168,4169,4170),(4171,4172,4173),(4174,4175,4176),(4177,4178,4179),(4180,4181,4182),(4183,4184,4185),(4186,4187,4188),(4189,4190,4191),(4192,4193,4194),(4195,4196,4197),(4198,4199,4200),(4201,4202,4203),(4204,4205,4206),(4207,4208,4209),(4210,4211,4212),(4213,4214,4215),(4216,4217,4218),(4219,4220,4221),(4222,4223,4224),(4225,4226,4227),(4228,4229,4230),(4231,4232,4233),(4234,4235,4236),(4237,4238,4239),(4240,4241,4242),(4243,4244,4245),(4246,4247,4248),(4249,4250,4251),(4252,4253,4254),(4255,4256,4257),(4258,4259,4260),(4261,4262,4263),(4264,4265,4266),(4267,4268,4269),(4270,4271,4272),(4273,4274,4275),(4276,4277,4278),(4279,4280,4281),(4282,4283,4284),(4285,4286,4287),(4288,4289,4290),(4291,4292,4293),(4294,4295,4296),(4297,4298,4299),(4300,4301,4302),(4303,4304,4305),(4306,4307,4308),(4309,4310,4311),(4312,4313,4314),(4315,4316,4317),(4318,4319,4320),(4321,4322,4323),(4324,4325,4326),(4327,4328,4329),(4330,4331,4332),(4333,4334,4335),(4336,4337,4338),(4339,4340,4341),(4342,4343,4344),(4345,4346,4347),(4348,4349,4350),(4351,4352,4353),(4354,4355,4356),(4357,4358,4359),(4360,4361,4362),(4363,4364,4365),(4366,4367,4368),(4369,4370,4371),(4372,4373,4374),(4375,4376,4377),(4378,4379,4380),(4381,4382,4383),(4384,4385,4386),(4387,4388,4389),(4390,4391,4392),(4393,4394,4395),(4396,4397,4398),(4399,4400,4401),(4402,4403,4404),(4405,4406,4407),(4408,4409,4410),(4411,4412,4413),(4414,4415,4416),(4417,4418,4419),(4420,4421,4422),(4423,4424,4425),(4426,4427,4428),(4429,4430,4431),(4432,4433,4434),(4435,4436,4437),(4438,4439,4440),(4441,4442,4443),(4444,4445,4446),(4447,4448,4449),(4450,4451,4452),(4453,4454,4455),(4456,4457,4458),(4459,4460,4461),(4462,4463,4464),(4465,4466,4467),(4468,4469,4470),(4471,4472,4473),(4474,4475,4476),(4477,4478,4479),(4480,4481,4482),(4483,4484,4485),(4486,4487,4488),(4489,4490,4491),(4492,4493,4494),(4495,4496,4497),(4498,4499,4500),(4501,4502,4503),(4504,4505,4506),(4507,4508,4509),(4510,4511,4512),(4513,4514,4515),(4516,4517,4518),(4519,4520,4521),(4522,4523,4524),(4525,4526,4527),(4528,4529,4530),(4531,4532,4533),(4534,4535,4536),(4537,4538,4539),(4540,4541,4542),(4543,4544,4545),(4546,4547,4548),(4549,4550,4551),(4552,4553,4554),(4555,4556,4557),(4558,4559,4560),(4561,4562,4563),(4564,4565,4566),(4567,4568,4569),(4570,4571,4572),(4573,4574,4575),(4576,4577,4578),(4579,4580,4581),(4582,4583,4584),(4585,4586,4587),(4588,4589,4590),(4591,4592,4593),(4594,4595,4596),(4597,4598,4599),(4600,4601,4602),(4603,4604,4605),(4606,4607,4608),(4609,4610,4611),(4612,4613,4614),(4615,4616,4617),(4618,4619,4620),(4621,4622,4623),(4624,4625,4626),(4627,4628,4629),(4630,4631,4632),(4633,4634,4635),(4636,4637,4638),(4639,4640,4641),(4642,4643,4644),(4645,4646,4647),(4648,4649,4650),(4651,4652,4653),(4654,4655,4656),(4657,4658,4659),(4660,4661,4662),(4663,4664,4665),(4666,4667,4668),(4669,4670,4671),(4672,4673,4674),(4675,4676,4677),(4678,4679,4680),(4681,4682,4683),(4684,4685,4686),(4687,4688,4689),(4690,4691,4692)));
#1128=TESSELLATED_GEOMETRIC_SET('hole callout',(#1127));
#1129=COORDINATES_LIST('coordinates',5,((0.0170481,0.0120481,0.0034000),(0.0488538,0.0120481,0.0034000),(0.0022981,0.0022981,0.0034000),(0.0120481,0.0120481,0.0034000),(0.0170481,0.0120481,0.0034000)));
#1130=TESSELLATED_CURVE_SET('curve set',#1129,((1,2),(3,4,5)));
#1131=TESSELLATED_GEOMETRIC_SET('hole callout',(#1130));
#1132=TESSELLATED_ANNOTATION_OCCURRENCE('hole callout',(#1125),#1128);
#1133=TESSELLATED_ANNOTATION_OCCURRENCE('hole callout',(#1125),#1131);
#1134=DRAUGHTING_CALLOUT('hole callout',(#1132,#1133));
#1135=DRAUGHTING_MODEL_ITEM_ASSOCIATION('','',#1076,#1121,#1134);
#1136=DRAUGHTING_MODEL_ITEM_ASSOCIATION('','',#1084,#1121,#1134);
#1137=DRAUGHTING_MODEL_ITEM_ASSOCIATION('','',#1092,#1121,#1134);
#1138=DRAUGHTING_MODEL_ITEM_ASSOCIATION('','',#1066,#1121,#1134);
ENDSEC;
END-ISO-10303-21;
