ISO-10303-21;
HEADER;
/* Generated by software containing ST-Developer
 * from STEP Tools, Inc. (www.steptools.com) 
 */
/* OPTION: using custom renumber hook */

FILE_DESCRIPTION(
/* description */ ('STEP AP242 Edition 2',
'CAx-IF Rec.Pracs.---Representation and Presentation of Product Manufa
cturing Information (PMI)---4.0---2014-10-13',
'CAx-IF Rec.Pracs.---3D Tessellated Geometry---0.4---2014-09-14','2;1',
'CAx-IF Rec.Pracs.---User Defined Attributes---1.5---2016-08-15'),
/* implementation_level */ '2;1');

FILE_NAME(
/* name */ 'Filamentalist Parts',
/* time_stamp */ '2026-04-10T10:38:57Z',
/* author */ (''),
/* organization */ (''),
/* preprocessor_version */ 'ST-DEVELOPER v20',
/* originating_system */ 'ONSHAPE BY PTC INC, 1.213',
/* authorisation */ '  ');

FILE_SCHEMA (('AP242_MANAGED_MODEL_BASED_3D_ENGINEERING_MIM_LF { 1 0 10303 442 3 1 4 }'));
ENDSEC;

DATA;
#10=SHAPE_REPRESENTATION_RELATIONSHIP('','',#8508,#12);
#11=SHAPE_REPRESENTATION_RELATIONSHIP('','',#8509,#13);
#12=ADVANCED_BREP_SHAPE_REPRESENTATION('',(#8504),#14698);
#13=ADVANCED_BREP_SHAPE_REPRESENTATION('',(#8505),#14699);
#14=B_SPLINE_CURVE_WITH_KNOTS('',3,(#13423,#13424,#13425,#13426),
 .UNSPECIFIED.,.F.,.F.,(4,4),(-0.0592045209591149,0.),.UNSPECIFIED.);
#15=B_SPLINE_CURVE_WITH_KNOTS('',3,(#14655,#14656,#14657,#14658),
 .UNSPECIFIED.,.F.,.F.,(4,4),(-0.0592045209541109,0.),.UNSPECIFIED.);
#16=B_SPLINE_CURVE_WITH_KNOTS('',3,(#14687,#14688,#14689,#14690),
 .UNSPECIFIED.,.F.,.F.,(4,4),(-0.0590932940085442,0.),.UNSPECIFIED.);
#17=(
BOUNDED_CURVE()
B_SPLINE_CURVE(2,(#13038,#13039,#13040),.UNSPECIFIED.,.F.,.F.)
B_SPLINE_CURVE_WITH_KNOTS((3,3),(0.,0.0592786688067736),.UNSPECIFIED.)
CURVE()
GEOMETRIC_REPRESENTATION_ITEM()
RATIONAL_B_SPLINE_CURVE((1.,1.,1.))
REPRESENTATION_ITEM('')
);
#18=VERTEX_LOOP('',#5423);
#19=VERTEX_LOOP('',#5436);
#20=VERTEX_LOOP('',#5763);
#21=VERTEX_LOOP('',#5775);
#22=ELLIPSE('',#8656,220.486845878315,10.2718244463016);
#23=ELLIPSE('',#8681,201.606034911966,9.81558042944915);
#24=ELLIPSE('',#9230,220.485968064932,10.2718032680975);
#25=ELLIPSE('',#9236,201.607407119929,9.81561502468775);
#26=CYLINDRICAL_SURFACE('',#8640,2.5);
#27=CYLINDRICAL_SURFACE('',#8641,34.5);
#28=CYLINDRICAL_SURFACE('',#8767,0.500000000000006);
#29=CYLINDRICAL_SURFACE('',#8769,0.5);
#30=CYLINDRICAL_SURFACE('',#8771,2.34054134062495);
#31=CYLINDRICAL_SURFACE('',#8773,2.25407394142089);
#32=CYLINDRICAL_SURFACE('',#8775,1.00000000000003);
#33=CYLINDRICAL_SURFACE('',#8777,1.);
#34=CYLINDRICAL_SURFACE('',#8778,29.9999982706601);
#35=CYLINDRICAL_SURFACE('',#8779,26.5);
#36=CYLINDRICAL_SURFACE('',#8781,10.0000000012098);
#37=CYLINDRICAL_SURFACE('',#8782,10.);
#38=CYLINDRICAL_SURFACE('',#8784,23.7407523237178);
#39=CYLINDRICAL_SURFACE('',#8786,9.99999999999965);
#40=CYLINDRICAL_SURFACE('',#8796,4.00000000000013);
#41=CYLINDRICAL_SURFACE('',#8797,28.0000000000008);
#42=CYLINDRICAL_SURFACE('',#8798,4.);
#43=CYLINDRICAL_SURFACE('',#8799,33.999999997502);
#44=CYLINDRICAL_SURFACE('',#8800,2.);
#45=CYLINDRICAL_SURFACE('',#8802,4.00000406088623);
#46=CYLINDRICAL_SURFACE('',#8803,1.99999856393643);
#47=CYLINDRICAL_SURFACE('',#8805,2.0000007712086);
#48=CYLINDRICAL_SURFACE('',#8807,2.5);
#49=CYLINDRICAL_SURFACE('',#8808,1.99999915670779);
#50=CYLINDRICAL_SURFACE('',#8809,4.00000005067674);
#51=CYLINDRICAL_SURFACE('',#8810,1.99189143269906);
#52=CYLINDRICAL_SURFACE('',#8811,99.95837081397);
#53=CYLINDRICAL_SURFACE('',#8812,2.00000001164705);
#54=CYLINDRICAL_SURFACE('',#8814,2.00000031703505);
#55=CYLINDRICAL_SURFACE('',#8816,2.00000607801245);
#56=CYLINDRICAL_SURFACE('',#8819,3.99999971808795);
#57=CYLINDRICAL_SURFACE('',#8820,2.00000052651158);
#58=CYLINDRICAL_SURFACE('',#8822,1.99999999700281);
#59=CYLINDRICAL_SURFACE('',#8824,2.00000329116141);
#60=CYLINDRICAL_SURFACE('',#8825,99.95837081397);
#61=CYLINDRICAL_SURFACE('',#8826,2.00000000001971);
#62=CYLINDRICAL_SURFACE('',#8827,11.);
#63=CYLINDRICAL_SURFACE('',#8829,2.);
#64=CYLINDRICAL_SURFACE('',#8831,1.6);
#65=CYLINDRICAL_SURFACE('',#8832,1.6);
#66=CYLINDRICAL_SURFACE('',#8833,1.6);
#67=CYLINDRICAL_SURFACE('',#8834,7.);
#68=CYLINDRICAL_SURFACE('',#8836,2.);
#69=CYLINDRICAL_SURFACE('',#8838,2.);
#70=CYLINDRICAL_SURFACE('',#8840,1.6);
#71=CYLINDRICAL_SURFACE('',#8841,1.6);
#72=CYLINDRICAL_SURFACE('',#8842,1.6);
#73=CYLINDRICAL_SURFACE('',#8843,2.);
#74=CYLINDRICAL_SURFACE('',#8853,11.);
#75=CYLINDRICAL_SURFACE('',#8856,5.);
#76=CYLINDRICAL_SURFACE('',#8859,5.);
#77=CYLINDRICAL_SURFACE('',#8862,5.);
#78=CYLINDRICAL_SURFACE('',#8865,5.);
#79=CYLINDRICAL_SURFACE('',#8867,5.);
#80=CYLINDRICAL_SURFACE('',#8870,5.);
#81=CYLINDRICAL_SURFACE('',#8874,5.);
#82=CYLINDRICAL_SURFACE('',#8885,5.);
#83=CYLINDRICAL_SURFACE('',#8897,5.);
#84=CYLINDRICAL_SURFACE('',#8900,5.);
#85=CYLINDRICAL_SURFACE('',#8903,5.);
#86=CYLINDRICAL_SURFACE('',#8906,5.);
#87=CYLINDRICAL_SURFACE('',#8934,5.);
#88=CYLINDRICAL_SURFACE('',#8937,5.);
#89=CYLINDRICAL_SURFACE('',#8940,5.);
#90=CYLINDRICAL_SURFACE('',#8943,5.);
#91=CYLINDRICAL_SURFACE('',#8961,2.34054134076094);
#92=CYLINDRICAL_SURFACE('',#8964,2.25407381409687);
#93=CYLINDRICAL_SURFACE('',#8967,0.999999997718883);
#94=CYLINDRICAL_SURFACE('',#8970,1.00000293445984);
#95=CYLINDRICAL_SURFACE('',#8972,95.95837081397);
#96=CYLINDRICAL_SURFACE('',#8974,40.);
#97=CYLINDRICAL_SURFACE('',#8976,12.);
#98=CYLINDRICAL_SURFACE('',#8978,40.);
#99=CYLINDRICAL_SURFACE('',#8981,3.99999999999984);
#100=CYLINDRICAL_SURFACE('',#8984,40.);
#101=CYLINDRICAL_SURFACE('',#8986,12.);
#102=CYLINDRICAL_SURFACE('',#8988,40.);
#103=CYLINDRICAL_SURFACE('',#8991,5.00000671427592);
#104=CYLINDRICAL_SURFACE('',#8994,4.99999999268159);
#105=CYLINDRICAL_SURFACE('',#9019,7.);
#106=CYLINDRICAL_SURFACE('',#9152,2.5);
#107=CYLINDRICAL_SURFACE('',#9153,34.5);
#108=CYLINDRICAL_SURFACE('',#9267,7.);
#109=CYLINDRICAL_SURFACE('',#9269,2.);
#110=CYLINDRICAL_SURFACE('',#9271,2.5);
#111=CYLINDRICAL_SURFACE('',#9272,1.6);
#112=CYLINDRICAL_SURFACE('',#9274,1.6);
#113=CYLINDRICAL_SURFACE('',#9276,2.);
#114=CYLINDRICAL_SURFACE('',#9278,7.);
#115=CYLINDRICAL_SURFACE('',#9280,4.00000000000013);
#116=CYLINDRICAL_SURFACE('',#9281,28.0000000000008);
#117=CYLINDRICAL_SURFACE('',#9282,4.);
#118=CYLINDRICAL_SURFACE('',#9283,33.999999997502);
#119=CYLINDRICAL_SURFACE('',#9284,2.);
#120=CYLINDRICAL_SURFACE('',#9286,4.00000406088623);
#121=CYLINDRICAL_SURFACE('',#9287,1.99999856393643);
#122=CYLINDRICAL_SURFACE('',#9289,2.0000007712086);
#123=CYLINDRICAL_SURFACE('',#9291,2.);
#124=CYLINDRICAL_SURFACE('',#9293,2.);
#125=CYLINDRICAL_SURFACE('',#9295,1.6);
#126=CYLINDRICAL_SURFACE('',#9297,1.6);
#127=CYLINDRICAL_SURFACE('',#9299,1.6);
#128=CYLINDRICAL_SURFACE('',#9301,1.6);
#129=CYLINDRICAL_SURFACE('',#9304,3.99999971808795);
#130=CYLINDRICAL_SURFACE('',#9305,2.00000052651158);
#131=CYLINDRICAL_SURFACE('',#9307,1.99999999700281);
#132=CYLINDRICAL_SURFACE('',#9309,2.00000329116141);
#133=CYLINDRICAL_SURFACE('',#9310,99.95837081397);
#134=CYLINDRICAL_SURFACE('',#9311,2.00000000001971);
#135=CYLINDRICAL_SURFACE('',#9312,1.99999915670779);
#136=CYLINDRICAL_SURFACE('',#9313,4.00000005067674);
#137=CYLINDRICAL_SURFACE('',#9314,1.99189143269906);
#138=CYLINDRICAL_SURFACE('',#9315,99.95837081397);
#139=CYLINDRICAL_SURFACE('',#9316,2.00000001164705);
#140=CYLINDRICAL_SURFACE('',#9318,2.00000031703505);
#141=CYLINDRICAL_SURFACE('',#9320,2.00000607801245);
#142=CYLINDRICAL_SURFACE('',#9323,2.34054134062495);
#143=CYLINDRICAL_SURFACE('',#9325,2.25407394142089);
#144=CYLINDRICAL_SURFACE('',#9327,1.00000000000003);
#145=CYLINDRICAL_SURFACE('',#9329,1.);
#146=CYLINDRICAL_SURFACE('',#9330,29.9999982706601);
#147=CYLINDRICAL_SURFACE('',#9331,26.5);
#148=CYLINDRICAL_SURFACE('',#9333,10.0000000012098);
#149=CYLINDRICAL_SURFACE('',#9334,10.);
#150=CYLINDRICAL_SURFACE('',#9336,23.7407523237178);
#151=CYLINDRICAL_SURFACE('',#9338,9.99999999999965);
#152=CYLINDRICAL_SURFACE('',#9340,4.99999999268159);
#153=CYLINDRICAL_SURFACE('',#9342,5.00000671427592);
#154=CYLINDRICAL_SURFACE('',#9346,0.500000000000006);
#155=CYLINDRICAL_SURFACE('',#9349,0.5);
#156=CYLINDRICAL_SURFACE('',#9360,11.);
#157=CYLINDRICAL_SURFACE('',#9364,11.);
#158=CYLINDRICAL_SURFACE('',#9367,5.);
#159=CYLINDRICAL_SURFACE('',#9370,5.);
#160=CYLINDRICAL_SURFACE('',#9381,5.);
#161=CYLINDRICAL_SURFACE('',#9384,5.);
#162=CYLINDRICAL_SURFACE('',#9396,5.);
#163=CYLINDRICAL_SURFACE('',#9399,5.);
#164=CYLINDRICAL_SURFACE('',#9402,5.);
#165=CYLINDRICAL_SURFACE('',#9405,5.);
#166=CYLINDRICAL_SURFACE('',#9417,5.);
#167=CYLINDRICAL_SURFACE('',#9420,5.);
#168=CYLINDRICAL_SURFACE('',#9423,5.);
#169=CYLINDRICAL_SURFACE('',#9426,5.);
#170=CYLINDRICAL_SURFACE('',#9453,5.);
#171=CYLINDRICAL_SURFACE('',#9456,5.);
#172=CYLINDRICAL_SURFACE('',#9459,5.);
#173=CYLINDRICAL_SURFACE('',#9462,5.);
#174=CYLINDRICAL_SURFACE('',#9482,40.);
#175=CYLINDRICAL_SURFACE('',#9484,12.);
#176=CYLINDRICAL_SURFACE('',#9486,40.);
#177=CYLINDRICAL_SURFACE('',#9489,3.99999999999984);
#178=CYLINDRICAL_SURFACE('',#9492,40.);
#179=CYLINDRICAL_SURFACE('',#9494,12.);
#180=CYLINDRICAL_SURFACE('',#9496,40.);
#181=CYLINDRICAL_SURFACE('',#9498,95.95837081397);
#182=CYLINDRICAL_SURFACE('',#9500,1.00000293445984);
#183=CYLINDRICAL_SURFACE('',#9503,0.999999997718883);
#184=CYLINDRICAL_SURFACE('',#9506,2.25407381409687);
#185=CYLINDRICAL_SURFACE('',#9509,2.34054134076094);
#186=CONICAL_SURFACE('',#8636,34.3,0.785398163397446);
#187=CONICAL_SURFACE('',#8638,2.7,0.785398163397448);
#188=CONICAL_SURFACE('',#8652,10.5,0.785398163397446);
#189=CONICAL_SURFACE('',#8657,0.7,0.785398163397444);
#190=CONICAL_SURFACE('',#8660,0.7,0.785398163397446);
#191=CONICAL_SURFACE('',#8663,23.5407523237178,0.785398163397439);
#192=CONICAL_SURFACE('',#8666,9.8,0.785398163397445);
#193=CONICAL_SURFACE('',#8668,9.80000000120981,0.785398163397448);
#194=CONICAL_SURFACE('',#8671,26.3,0.785398163397456);
#195=CONICAL_SURFACE('',#8673,30.1999982706601,0.785398163397449);
#196=CONICAL_SURFACE('',#8675,0.8,0.785398163397448);
#197=CONICAL_SURFACE('',#8678,0.800000000000034,0.785398163397446);
#198=CONICAL_SURFACE('',#8682,2.05407394142089,0.78539816339745);
#199=CONICAL_SURFACE('',#8685,2.14054134062495,0.785398163397444);
#200=CONICAL_SURFACE('',#8687,2.25,0.785398163397448);
#201=CONICAL_SURFACE('',#8689,1.55,0.785398163397448);
#202=CONICAL_SURFACE('',#8690,4.20000000000013,0.785398163397451);
#203=CONICAL_SURFACE('',#8693,2.2000007712086,0.785398163397447);
#204=CONICAL_SURFACE('',#8696,2.19999856393643,0.78539816339745);
#205=CONICAL_SURFACE('',#8698,3.80000406088623,0.78539816339745);
#206=CONICAL_SURFACE('',#8701,2.2,0.785398163397444);
#207=CONICAL_SURFACE('',#8703,33.799999997502,0.785398163397449);
#208=CONICAL_SURFACE('',#8705,4.2,0.78539816339745);
#209=CONICAL_SURFACE('',#8707,27.8000000000008,0.785398163397449);
#210=CONICAL_SURFACE('',#8709,1.55,0.785398163397437);
#211=CONICAL_SURFACE('',#8711,1.55,0.785398163397448);
#212=CONICAL_SURFACE('',#8712,1.55,0.785398163397448);
#213=CONICAL_SURFACE('',#8714,1.55,0.785398163397437);
#214=CONICAL_SURFACE('',#8717,2.20000000001971,0.785398163397448);
#215=CONICAL_SURFACE('',#8719,99.7583708139699,0.785398163397424);
#216=CONICAL_SURFACE('',#8721,2.20000329116141,0.785398163397441);
#217=CONICAL_SURFACE('',#8724,2.19999999700281,0.785398163397456);
#218=CONICAL_SURFACE('',#8727,2.20000052651158,0.785398163397451);
#219=CONICAL_SURFACE('',#8729,3.79999971808796,0.785398163397442);
#220=CONICAL_SURFACE('',#8731,2.2,0.785398163397448);
#221=CONICAL_SURFACE('',#8733,2.2,0.785398163397448);
#222=CONICAL_SURFACE('',#8735,1.55,0.785398163397448);
#223=CONICAL_SURFACE('',#8737,1.55,0.785398163397448);
#224=CONICAL_SURFACE('',#8739,2.19999915670779,0.785398163397447);
#225=CONICAL_SURFACE('',#8742,2.20000607801245,0.785398163397444);
#226=CONICAL_SURFACE('',#8745,2.20000031703505,0.785398163397448);
#227=CONICAL_SURFACE('',#8748,2.20000001164705,0.785398163397455);
#228=CONICAL_SURFACE('',#8750,99.7583708139699,0.785398163397424);
#229=CONICAL_SURFACE('',#8752,2.19189143269906,0.785398163397447);
#230=CONICAL_SURFACE('',#8754,3.80000005067674,0.785398163397451);
#231=CONICAL_SURFACE('',#8756,2.7,0.785398163397448);
#232=CONICAL_SURFACE('',#8758,1.55,0.785398163397448);
#233=CONICAL_SURFACE('',#8760,2.25,0.785398163397448);
#234=CONICAL_SURFACE('',#8762,2.425,0.785398163397448);
#235=CONICAL_SURFACE('',#8764,2.425,0.785398163397448);
#236=CONICAL_SURFACE('',#8788,2.425,0.785398163397448);
#237=CONICAL_SURFACE('',#8790,2.425,0.785398163397448);
#238=CONICAL_SURFACE('',#8792,2.425,0.785398163397448);
#239=CONICAL_SURFACE('',#8794,2.425,0.785398163397448);
#240=CONICAL_SURFACE('',#8845,10.5,0.785398163397448);
#241=CONICAL_SURFACE('',#8852,10.1999999999997,0.78539816339745);
#242=CONICAL_SURFACE('',#8908,5.4,0.785398163397418);
#243=CONICAL_SURFACE('',#8910,5.4,0.785398163397441);
#244=CONICAL_SURFACE('',#8912,5.4,0.785398163397431);
#245=CONICAL_SURFACE('',#8914,5.4,0.785398163397419);
#246=CONICAL_SURFACE('',#8916,5.4,0.785398163397418);
#247=CONICAL_SURFACE('',#8918,5.4,0.785398163397441);
#248=CONICAL_SURFACE('',#8920,5.4,0.785398163397431);
#249=CONICAL_SURFACE('',#8922,5.4,0.785398163397419);
#250=CONICAL_SURFACE('',#8945,5.4,0.785398163397419);
#251=CONICAL_SURFACE('',#8947,5.4,0.78539816339743);
#252=CONICAL_SURFACE('',#8949,5.4,0.785398163397409);
#253=CONICAL_SURFACE('',#8951,5.4,0.785398163397419);
#254=CONICAL_SURFACE('',#8953,5.4,0.785398163397418);
#255=CONICAL_SURFACE('',#8955,5.4,0.78539816339743);
#256=CONICAL_SURFACE('',#8957,5.4,0.78539816339743);
#257=CONICAL_SURFACE('',#8959,5.4,0.785398163397419);
#258=CONICAL_SURFACE('',#8997,2.05407381409687,0.785398163397459);
#259=CONICAL_SURFACE('',#8999,2.14054134076094,0.785398163397457);
#260=CONICAL_SURFACE('',#9001,5.19999999268157,0.785398163397385);
#261=CONICAL_SURFACE('',#9003,5.200006714276,0.785398163397653);
#262=CONICAL_SURFACE('',#9005,40.2,0.785398163397461);
#263=CONICAL_SURFACE('',#9006,11.8,0.785398163397429);
#264=CONICAL_SURFACE('',#9007,40.2,0.785398163397429);
#265=CONICAL_SURFACE('',#9009,3.79999999999984,0.785398163397445);
#266=CONICAL_SURFACE('',#9011,40.2,0.785398163397495);
#267=CONICAL_SURFACE('',#9012,11.8,0.785398163397429);
#268=CONICAL_SURFACE('',#9013,40.2,0.785398163397436);
#269=CONICAL_SURFACE('',#9014,96.15837081397,0.785398163397366);
#270=CONICAL_SURFACE('',#9015,0.800002934459824,0.785398163397487);
#271=CONICAL_SURFACE('',#9017,0.799999997718899,0.785398163397408);
#272=CONICAL_SURFACE('',#9021,7.2,0.785398163397438);
#273=CONICAL_SURFACE('',#9148,34.3,0.785398163397446);
#274=CONICAL_SURFACE('',#9150,2.7,0.785398163397448);
#275=CONICAL_SURFACE('',#9154,2.2,0.785398163397454);
#276=CONICAL_SURFACE('',#9156,2.7,0.785398163397448);
#277=CONICAL_SURFACE('',#9158,1.55,0.785398163397448);
#278=CONICAL_SURFACE('',#9160,1.55,0.785398163397448);
#279=CONICAL_SURFACE('',#9162,2.2,0.785398163397448);
#280=CONICAL_SURFACE('',#9164,1.55,0.785398163397448);
#281=CONICAL_SURFACE('',#9165,4.20000000000013,0.785398163397451);
#282=CONICAL_SURFACE('',#9167,27.8000000000008,0.785398163397449);
#283=CONICAL_SURFACE('',#9169,4.2,0.78539816339745);
#284=CONICAL_SURFACE('',#9171,33.799999997502,0.785398163397449);
#285=CONICAL_SURFACE('',#9173,2.2,0.785398163397444);
#286=CONICAL_SURFACE('',#9176,3.80000406088623,0.78539816339745);
#287=CONICAL_SURFACE('',#9178,2.19999856393643,0.78539816339745);
#288=CONICAL_SURFACE('',#9181,2.2000007712086,0.785398163397447);
#289=CONICAL_SURFACE('',#9184,1.55,0.785398163397448);
#290=CONICAL_SURFACE('',#9185,2.2,0.785398163397448);
#291=CONICAL_SURFACE('',#9187,2.2,0.785398163397448);
#292=CONICAL_SURFACE('',#9189,1.55,0.785398163397448);
#293=CONICAL_SURFACE('',#9191,1.55,0.785398163397437);
#294=CONICAL_SURFACE('',#9193,1.55,0.785398163397448);
#295=CONICAL_SURFACE('',#9195,1.55,0.785398163397437);
#296=CONICAL_SURFACE('',#9198,3.79999971808796,0.785398163397442);
#297=CONICAL_SURFACE('',#9200,2.20000052651158,0.785398163397451);
#298=CONICAL_SURFACE('',#9203,2.19999999700281,0.785398163397456);
#299=CONICAL_SURFACE('',#9206,2.20000329116141,0.785398163397441);
#300=CONICAL_SURFACE('',#9208,99.7583708139699,0.785398163397424);
#301=CONICAL_SURFACE('',#9210,2.20000000001971,0.785398163397448);
#302=CONICAL_SURFACE('',#9212,2.19999915670779,0.785398163397447);
#303=CONICAL_SURFACE('',#9214,3.80000005067674,0.785398163397451);
#304=CONICAL_SURFACE('',#9216,2.19189143269906,0.785398163397447);
#305=CONICAL_SURFACE('',#9218,99.7583708139699,0.785398163397424);
#306=CONICAL_SURFACE('',#9220,2.20000001164705,0.785398163397455);
#307=CONICAL_SURFACE('',#9223,2.20000031703505,0.785398163397448);
#308=CONICAL_SURFACE('',#9226,2.20000607801245,0.785398163397444);
#309=CONICAL_SURFACE('',#9231,2.14054134062495,0.785398163397444);
#310=CONICAL_SURFACE('',#9234,2.05407394142089,0.78539816339745);
#311=CONICAL_SURFACE('',#9238,0.800000000000034,0.785398163397446);
#312=CONICAL_SURFACE('',#9241,0.8,0.785398163397448);
#313=CONICAL_SURFACE('',#9243,30.1999982706601,0.785398163397449);
#314=CONICAL_SURFACE('',#9245,26.3,0.785398163397456);
#315=CONICAL_SURFACE('',#9248,9.80000000120981,0.785398163397448);
#316=CONICAL_SURFACE('',#9250,9.8,0.785398163397445);
#317=CONICAL_SURFACE('',#9253,23.5407523237178,0.785398163397439);
#318=CONICAL_SURFACE('',#9256,10.1999999999997,0.78539816339745);
#319=CONICAL_SURFACE('',#9259,5.19999999268159,0.78539816339745);
#320=CONICAL_SURFACE('',#9262,5.20000671427592,0.785398163397451);
#321=CONICAL_SURFACE('',#9265,0.7,0.785398163397444);
#322=CONICAL_SURFACE('',#9343,10.5,0.785398163397446);
#323=CONICAL_SURFACE('',#9351,2.425,0.785398163397448);
#324=CONICAL_SURFACE('',#9352,2.425,0.785398163397448);
#325=CONICAL_SURFACE('',#9356,2.425,0.785398163397448);
#326=CONICAL_SURFACE('',#9357,2.425,0.785398163397448);
#327=CONICAL_SURFACE('',#9358,2.425,0.785398163397448);
#328=CONICAL_SURFACE('',#9359,2.425,0.785398163397448);
#329=CONICAL_SURFACE('',#9362,10.5,0.785398163397448);
#330=CONICAL_SURFACE('',#9428,5.4,0.785398163397465);
#331=CONICAL_SURFACE('',#9430,5.4,0.785398163397468);
#332=CONICAL_SURFACE('',#9432,5.4,0.785398163397468);
#333=CONICAL_SURFACE('',#9434,5.4,0.785398163397465);
#334=CONICAL_SURFACE('',#9436,5.4,0.785398163397465);
#335=CONICAL_SURFACE('',#9438,5.4,0.785398163397468);
#336=CONICAL_SURFACE('',#9440,5.4,0.785398163397468);
#337=CONICAL_SURFACE('',#9442,5.4,0.785398163397465);
#338=CONICAL_SURFACE('',#9466,5.4,0.785398163397419);
#339=CONICAL_SURFACE('',#9468,5.4,0.785398163397447);
#340=CONICAL_SURFACE('',#9470,5.4,0.785398163397447);
#341=CONICAL_SURFACE('',#9472,5.4,0.785398163397468);
#342=CONICAL_SURFACE('',#9474,5.4,0.785398163397468);
#343=CONICAL_SURFACE('',#9476,5.4,0.785398163397447);
#344=CONICAL_SURFACE('',#9478,5.4,0.785398163397447);
#345=CONICAL_SURFACE('',#9480,5.4,0.785398163397468);
#346=CONICAL_SURFACE('',#9512,0.7,0.785398163397446);
#347=CONICAL_SURFACE('',#9514,0.799999997718887,0.785398163397439);
#348=CONICAL_SURFACE('',#9516,0.800002934459832,0.785398163397469);
#349=CONICAL_SURFACE('',#9517,96.15837081397,0.785398163397476);
#350=CONICAL_SURFACE('',#9518,40.2,0.785398163397436);
#351=CONICAL_SURFACE('',#9519,11.8,0.785398163397835);
#352=CONICAL_SURFACE('',#9520,40.2,0.785398163397435);
#353=CONICAL_SURFACE('',#9522,3.79999999999984,0.785398163397445);
#354=CONICAL_SURFACE('',#9524,40.2,0.785398163397429);
#355=CONICAL_SURFACE('',#9525,11.8,0.785398163397835);
#356=CONICAL_SURFACE('',#9526,40.2,0.78539816339745);
#357=CONICAL_SURFACE('',#9529,2.14054134076095,0.78539816339743);
#358=CONICAL_SURFACE('',#9531,2.05407381409688,0.785398163397434);
#359=LINE('',#12255,#1027);
#360=LINE('',#12263,#1028);
#361=LINE('',#12267,#1029);
#362=LINE('',#12271,#1030);
#363=LINE('',#12275,#1031);
#364=LINE('',#12279,#1032);
#365=LINE('',#12283,#1033);
#366=LINE('',#12287,#1034);
#367=LINE('',#12291,#1035);
#368=LINE('',#12295,#1036);
#369=LINE('',#12307,#1037);
#370=LINE('',#12311,#1038);
#371=LINE('',#12319,#1039);
#372=LINE('',#12323,#1040);
#373=LINE('',#12327,#1041);
#374=LINE('',#12331,#1042);
#375=LINE('',#12335,#1043);
#376=LINE('',#12345,#1044);
#377=LINE('',#12349,#1045);
#378=LINE('',#12355,#1046);
#379=LINE('',#12386,#1047);
#380=LINE('',#12395,#1048);
#381=LINE('',#12399,#1049);
#382=LINE('',#12407,#1050);
#383=LINE('',#12411,#1051);
#384=LINE('',#12415,#1052);
#385=LINE('',#12434,#1053);
#386=LINE('',#12438,#1054);
#387=LINE('',#12442,#1055);
#388=LINE('',#12446,#1056);
#389=LINE('',#12450,#1057);
#390=LINE('',#12458,#1058);
#391=LINE('',#12462,#1059);
#392=LINE('',#12474,#1060);
#393=LINE('',#12478,#1061);
#394=LINE('',#12482,#1062);
#395=LINE('',#12486,#1063);
#396=LINE('',#12490,#1064);
#397=LINE('',#12494,#1065);
#398=LINE('',#12498,#1066);
#399=LINE('',#12502,#1067);
#400=LINE('',#12506,#1068);
#401=LINE('',#12514,#1069);
#402=LINE('',#12542,#1070);
#403=LINE('',#12548,#1071);
#404=LINE('',#12552,#1072);
#405=LINE('',#12566,#1073);
#406=LINE('',#12570,#1074);
#407=LINE('',#12574,#1075);
#408=LINE('',#12575,#1076);
#409=LINE('',#12582,#1077);
#410=LINE('',#12586,#1078);
#411=LINE('',#12599,#1079);
#412=LINE('',#12600,#1080);
#413=LINE('',#12606,#1081);
#414=LINE('',#12607,#1082);
#415=LINE('',#12614,#1083);
#416=LINE('',#12618,#1084);
#417=LINE('',#12622,#1085);
#418=LINE('',#12626,#1086);
#419=LINE('',#12630,#1087);
#420=LINE('',#12634,#1088);
#421=LINE('',#12638,#1089);
#422=LINE('',#12642,#1090);
#423=LINE('',#12649,#1091);
#424=LINE('',#12652,#1092);
#425=LINE('',#12655,#1093);
#426=LINE('',#12659,#1094);
#427=LINE('',#12661,#1095);
#428=LINE('',#12663,#1096);
#429=LINE('',#12667,#1097);
#430=LINE('',#12669,#1098);
#431=LINE('',#12671,#1099);
#432=LINE('',#12675,#1100);
#433=LINE('',#12677,#1101);
#434=LINE('',#12679,#1102);
#435=LINE('',#12685,#1103);
#436=LINE('',#12687,#1104);
#437=LINE('',#12689,#1105);
#438=LINE('',#12693,#1106);
#439=LINE('',#12695,#1107);
#440=LINE('',#12701,#1108);
#441=LINE('',#12703,#1109);
#442=LINE('',#12705,#1110);
#443=LINE('',#12709,#1111);
#444=LINE('',#12711,#1112);
#445=LINE('',#12717,#1113);
#446=LINE('',#12719,#1114);
#447=LINE('',#12721,#1115);
#448=LINE('',#12730,#1116);
#449=LINE('',#12734,#1117);
#450=LINE('',#12736,#1118);
#451=LINE('',#12738,#1119);
#452=LINE('',#12742,#1120);
#453=LINE('',#12744,#1121);
#454=LINE('',#12746,#1122);
#455=LINE('',#12750,#1123);
#456=LINE('',#12754,#1124);
#457=LINE('',#12756,#1125);
#458=LINE('',#12758,#1126);
#459=LINE('',#12762,#1127);
#460=LINE('',#12766,#1128);
#461=LINE('',#12770,#1129);
#462=LINE('',#12785,#1130);
#463=LINE('',#12787,#1131);
#464=LINE('',#12789,#1132);
#465=LINE('',#12793,#1133);
#466=LINE('',#12797,#1134);
#467=LINE('',#12801,#1135);
#468=LINE('',#12803,#1136);
#469=LINE('',#12805,#1137);
#470=LINE('',#12809,#1138);
#471=LINE('',#12811,#1139);
#472=LINE('',#12813,#1140);
#473=LINE('',#12817,#1141);
#474=LINE('',#12833,#1142);
#475=LINE('',#12837,#1143);
#476=LINE('',#12839,#1144);
#477=LINE('',#12841,#1145);
#478=LINE('',#12845,#1146);
#479=LINE('',#12847,#1147);
#480=LINE('',#12849,#1148);
#481=LINE('',#12853,#1149);
#482=LINE('',#12855,#1150);
#483=LINE('',#12857,#1151);
#484=LINE('',#12861,#1152);
#485=LINE('',#12865,#1153);
#486=LINE('',#12869,#1154);
#487=LINE('',#12888,#1155);
#488=LINE('',#12890,#1156);
#489=LINE('',#12891,#1157);
#490=LINE('',#12893,#1158);
#491=LINE('',#12895,#1159);
#492=LINE('',#12897,#1160);
#493=LINE('',#12899,#1161);
#494=LINE('',#12901,#1162);
#495=LINE('',#12903,#1163);
#496=LINE('',#12905,#1164);
#497=LINE('',#12907,#1165);
#498=LINE('',#12909,#1166);
#499=LINE('',#12911,#1167);
#500=LINE('',#12913,#1168);
#501=LINE('',#12915,#1169);
#502=LINE('',#12917,#1170);
#503=LINE('',#12919,#1171);
#504=LINE('',#12922,#1172);
#505=LINE('',#12924,#1173);
#506=LINE('',#12926,#1174);
#507=LINE('',#12928,#1175);
#508=LINE('',#12932,#1176);
#509=LINE('',#12946,#1177);
#510=LINE('',#12947,#1178);
#511=LINE('',#12949,#1179);
#512=LINE('',#12951,#1180);
#513=LINE('',#12953,#1181);
#514=LINE('',#12955,#1182);
#515=LINE('',#12957,#1183);
#516=LINE('',#12959,#1184);
#517=LINE('',#12961,#1185);
#518=LINE('',#12963,#1186);
#519=LINE('',#12965,#1187);
#520=LINE('',#12969,#1188);
#521=LINE('',#12970,#1189);
#522=LINE('',#12972,#1190);
#523=LINE('',#12974,#1191);
#524=LINE('',#12976,#1192);
#525=LINE('',#12978,#1193);
#526=LINE('',#12980,#1194);
#527=LINE('',#12982,#1195);
#528=LINE('',#12984,#1196);
#529=LINE('',#12986,#1197);
#530=LINE('',#12989,#1198);
#531=LINE('',#12990,#1199);
#532=LINE('',#12992,#1200);
#533=LINE('',#12994,#1201);
#534=LINE('',#12996,#1202);
#535=LINE('',#12998,#1203);
#536=LINE('',#13000,#1204);
#537=LINE('',#13002,#1205);
#538=LINE('',#13004,#1206);
#539=LINE('',#13042,#1207);
#540=LINE('',#13045,#1208);
#541=LINE('',#13048,#1209);
#542=LINE('',#13050,#1210);
#543=LINE('',#13052,#1211);
#544=LINE('',#13054,#1212);
#545=LINE('',#13057,#1213);
#546=LINE('',#13058,#1214);
#547=LINE('',#13062,#1215);
#548=LINE('',#13064,#1216);
#549=LINE('',#13067,#1217);
#550=LINE('',#13068,#1218);
#551=LINE('',#13072,#1219);
#552=LINE('',#13074,#1220);
#553=LINE('',#13077,#1221);
#554=LINE('',#13078,#1222);
#555=LINE('',#13082,#1223);
#556=LINE('',#13084,#1224);
#557=LINE('',#13090,#1225);
#558=LINE('',#13098,#1226);
#559=LINE('',#13100,#1227);
#560=LINE('',#13102,#1228);
#561=LINE('',#13104,#1229);
#562=LINE('',#13108,#1230);
#563=LINE('',#13112,#1231);
#564=LINE('',#13114,#1232);
#565=LINE('',#13116,#1233);
#566=LINE('',#13118,#1234);
#567=LINE('',#13120,#1235);
#568=LINE('',#13122,#1236);
#569=LINE('',#13128,#1237);
#570=LINE('',#13132,#1238);
#571=LINE('',#13136,#1239);
#572=LINE('',#13140,#1240);
#573=LINE('',#13144,#1241);
#574=LINE('',#13146,#1242);
#575=LINE('',#13151,#1243);
#576=LINE('',#13155,#1244);
#577=LINE('',#13159,#1245);
#578=LINE('',#13163,#1246);
#579=LINE('',#13167,#1247);
#580=LINE('',#13171,#1248);
#581=LINE('',#13175,#1249);
#582=LINE('',#13179,#1250);
#583=LINE('',#13181,#1251);
#584=LINE('',#13185,#1252);
#585=LINE('',#13187,#1253);
#586=LINE('',#13189,#1254);
#587=LINE('',#13193,#1255);
#588=LINE('',#13195,#1256);
#589=LINE('',#13197,#1257);
#590=LINE('',#13201,#1258);
#591=LINE('',#13203,#1259);
#592=LINE('',#13205,#1260);
#593=LINE('',#13209,#1261);
#594=LINE('',#13210,#1262);
#595=LINE('',#13212,#1263);
#596=LINE('',#13214,#1264);
#597=LINE('',#13216,#1265);
#598=LINE('',#13218,#1266);
#599=LINE('',#13220,#1267);
#600=LINE('',#13222,#1268);
#601=LINE('',#13224,#1269);
#602=LINE('',#13226,#1270);
#603=LINE('',#13228,#1271);
#604=LINE('',#13230,#1272);
#605=LINE('',#13232,#1273);
#606=LINE('',#13234,#1274);
#607=LINE('',#13236,#1275);
#608=LINE('',#13238,#1276);
#609=LINE('',#13241,#1277);
#610=LINE('',#13246,#1278);
#611=LINE('',#13250,#1279);
#612=LINE('',#13254,#1280);
#613=LINE('',#13258,#1281);
#614=LINE('',#13262,#1282);
#615=LINE('',#13266,#1283);
#616=LINE('',#13270,#1284);
#617=LINE('',#13274,#1285);
#618=LINE('',#13276,#1286);
#619=LINE('',#13280,#1287);
#620=LINE('',#13282,#1288);
#621=LINE('',#13284,#1289);
#622=LINE('',#13288,#1290);
#623=LINE('',#13290,#1291);
#624=LINE('',#13292,#1292);
#625=LINE('',#13296,#1293);
#626=LINE('',#13298,#1294);
#627=LINE('',#13300,#1295);
#628=LINE('',#13304,#1296);
#629=LINE('',#13305,#1297);
#630=LINE('',#13307,#1298);
#631=LINE('',#13309,#1299);
#632=LINE('',#13311,#1300);
#633=LINE('',#13313,#1301);
#634=LINE('',#13315,#1302);
#635=LINE('',#13317,#1303);
#636=LINE('',#13319,#1304);
#637=LINE('',#13321,#1305);
#638=LINE('',#13323,#1306);
#639=LINE('',#13325,#1307);
#640=LINE('',#13327,#1308);
#641=LINE('',#13329,#1309);
#642=LINE('',#13331,#1310);
#643=LINE('',#13333,#1311);
#644=LINE('',#13338,#1312);
#645=LINE('',#13340,#1313);
#646=LINE('',#13342,#1314);
#647=LINE('',#13346,#1315);
#648=LINE('',#13348,#1316);
#649=LINE('',#13350,#1317);
#650=LINE('',#13354,#1318);
#651=LINE('',#13356,#1319);
#652=LINE('',#13358,#1320);
#653=LINE('',#13362,#1321);
#654=LINE('',#13366,#1322);
#655=LINE('',#13370,#1323);
#656=LINE('',#13374,#1324);
#657=LINE('',#13378,#1325);
#658=LINE('',#13380,#1326);
#659=LINE('',#13382,#1327);
#660=LINE('',#13386,#1328);
#661=LINE('',#13388,#1329);
#662=LINE('',#13390,#1330);
#663=LINE('',#13394,#1331);
#664=LINE('',#13398,#1332);
#665=LINE('',#13402,#1333);
#666=LINE('',#13404,#1334);
#667=LINE('',#13406,#1335);
#668=LINE('',#13410,#1336);
#669=LINE('',#13412,#1337);
#670=LINE('',#13414,#1338);
#671=LINE('',#13418,#1339);
#672=LINE('',#13420,#1340);
#673=LINE('',#13422,#1341);
#674=LINE('',#13428,#1342);
#675=LINE('',#13431,#1343);
#676=LINE('',#13433,#1344);
#677=LINE('',#13435,#1345);
#678=LINE('',#13437,#1346);
#679=LINE('',#13439,#1347);
#680=LINE('',#13441,#1348);
#681=LINE('',#13443,#1349);
#682=LINE('',#13445,#1350);
#683=LINE('',#13447,#1351);
#684=LINE('',#13449,#1352);
#685=LINE('',#13451,#1353);
#686=LINE('',#13453,#1354);
#687=LINE('',#13455,#1355);
#688=LINE('',#13457,#1356);
#689=LINE('',#13459,#1357);
#690=LINE('',#13461,#1358);
#691=LINE('',#13463,#1359);
#692=LINE('',#13465,#1360);
#693=LINE('',#13480,#1361);
#694=LINE('',#13484,#1362);
#695=LINE('',#13488,#1363);
#696=LINE('',#13492,#1364);
#697=LINE('',#13496,#1365);
#698=LINE('',#13504,#1366);
#699=LINE('',#13508,#1367);
#700=LINE('',#13520,#1368);
#701=LINE('',#13524,#1369);
#702=LINE('',#13528,#1370);
#703=LINE('',#13532,#1371);
#704=LINE('',#13536,#1372);
#705=LINE('',#13540,#1373);
#706=LINE('',#13544,#1374);
#707=LINE('',#13548,#1375);
#708=LINE('',#13552,#1376);
#709=LINE('',#13560,#1377);
#710=LINE('',#13576,#1378);
#711=LINE('',#13580,#1379);
#712=LINE('',#13584,#1380);
#713=LINE('',#13585,#1381);
#714=LINE('',#13592,#1382);
#715=LINE('',#13596,#1383);
#716=LINE('',#13628,#1384);
#717=LINE('',#13634,#1385);
#718=LINE('',#13638,#1386);
#719=LINE('',#13663,#1387);
#720=LINE('',#13671,#1388);
#721=LINE('',#13675,#1389);
#722=LINE('',#13679,#1390);
#723=LINE('',#13683,#1391);
#724=LINE('',#13687,#1392);
#725=LINE('',#13691,#1393);
#726=LINE('',#13695,#1394);
#727=LINE('',#13699,#1395);
#728=LINE('',#13703,#1396);
#729=LINE('',#13715,#1397);
#730=LINE('',#13719,#1398);
#731=LINE('',#13727,#1399);
#732=LINE('',#13731,#1400);
#733=LINE('',#13735,#1401);
#734=LINE('',#13739,#1402);
#735=LINE('',#13743,#1403);
#736=LINE('',#13746,#1404);
#737=LINE('',#13755,#1405);
#738=LINE('',#13759,#1406);
#739=LINE('',#13767,#1407);
#740=LINE('',#13771,#1408);
#741=LINE('',#13775,#1409);
#742=LINE('',#13789,#1410);
#743=LINE('',#13793,#1411);
#744=LINE('',#13799,#1412);
#745=LINE('',#13826,#1413);
#746=LINE('',#13827,#1414);
#747=LINE('',#13833,#1415);
#748=LINE('',#13834,#1416);
#749=LINE('',#13853,#1417);
#750=LINE('',#13855,#1418);
#751=LINE('',#13859,#1419);
#752=LINE('',#13863,#1420);
#753=LINE('',#13867,#1421);
#754=LINE('',#13871,#1422);
#755=LINE('',#13875,#1423);
#756=LINE('',#13877,#1424);
#757=LINE('',#13879,#1425);
#758=LINE('',#13883,#1426);
#759=LINE('',#13887,#1427);
#760=LINE('',#13889,#1428);
#761=LINE('',#13891,#1429);
#762=LINE('',#13895,#1430);
#763=LINE('',#13917,#1431);
#764=LINE('',#13919,#1432);
#765=LINE('',#13921,#1433);
#766=LINE('',#13923,#1434);
#767=LINE('',#13927,#1435);
#768=LINE('',#13931,#1436);
#769=LINE('',#13933,#1437);
#770=LINE('',#13935,#1438);
#771=LINE('',#13939,#1439);
#772=LINE('',#13941,#1440);
#773=LINE('',#13943,#1441);
#774=LINE('',#13947,#1442);
#775=LINE('',#13953,#1443);
#776=LINE('',#13955,#1444);
#777=LINE('',#13959,#1445);
#778=LINE('',#13963,#1446);
#779=LINE('',#13967,#1447);
#780=LINE('',#13971,#1448);
#781=LINE('',#13975,#1449);
#782=LINE('',#13977,#1450);
#783=LINE('',#13979,#1451);
#784=LINE('',#13983,#1452);
#785=LINE('',#13985,#1453);
#786=LINE('',#13987,#1454);
#787=LINE('',#13991,#1455);
#788=LINE('',#13993,#1456);
#789=LINE('',#13997,#1457);
#790=LINE('',#14001,#1458);
#791=LINE('',#14003,#1459);
#792=LINE('',#14005,#1460);
#793=LINE('',#14011,#1461);
#794=LINE('',#14013,#1462);
#795=LINE('',#14015,#1463);
#796=LINE('',#14019,#1464);
#797=LINE('',#14021,#1465);
#798=LINE('',#14023,#1466);
#799=LINE('',#14029,#1467);
#800=LINE('',#14031,#1468);
#801=LINE('',#14035,#1469);
#802=LINE('',#14037,#1470);
#803=LINE('',#14041,#1471);
#804=LINE('',#14045,#1472);
#805=LINE('',#14047,#1473);
#806=LINE('',#14049,#1474);
#807=LINE('',#14053,#1475);
#808=LINE('',#14055,#1476);
#809=LINE('',#14059,#1477);
#810=LINE('',#14061,#1478);
#811=LINE('',#14063,#1479);
#812=LINE('',#14067,#1480);
#813=LINE('',#14069,#1481);
#814=LINE('',#14071,#1482);
#815=LINE('',#14073,#1483);
#816=LINE('',#14077,#1484);
#817=LINE('',#14079,#1485);
#818=LINE('',#14081,#1486);
#819=LINE('',#14104,#1487);
#820=LINE('',#14105,#1488);
#821=LINE('',#14107,#1489);
#822=LINE('',#14109,#1490);
#823=LINE('',#14111,#1491);
#824=LINE('',#14113,#1492);
#825=LINE('',#14115,#1493);
#826=LINE('',#14117,#1494);
#827=LINE('',#14119,#1495);
#828=LINE('',#14121,#1496);
#829=LINE('',#14123,#1497);
#830=LINE('',#14144,#1498);
#831=LINE('',#14145,#1499);
#832=LINE('',#14147,#1500);
#833=LINE('',#14149,#1501);
#834=LINE('',#14151,#1502);
#835=LINE('',#14153,#1503);
#836=LINE('',#14155,#1504);
#837=LINE('',#14157,#1505);
#838=LINE('',#14159,#1506);
#839=LINE('',#14162,#1507);
#840=LINE('',#14163,#1508);
#841=LINE('',#14165,#1509);
#842=LINE('',#14167,#1510);
#843=LINE('',#14169,#1511);
#844=LINE('',#14171,#1512);
#845=LINE('',#14173,#1513);
#846=LINE('',#14175,#1514);
#847=LINE('',#14177,#1515);
#848=LINE('',#14179,#1516);
#849=LINE('',#14182,#1517);
#850=LINE('',#14183,#1518);
#851=LINE('',#14185,#1519);
#852=LINE('',#14187,#1520);
#853=LINE('',#14189,#1521);
#854=LINE('',#14191,#1522);
#855=LINE('',#14193,#1523);
#856=LINE('',#14195,#1524);
#857=LINE('',#14197,#1525);
#858=LINE('',#14199,#1526);
#859=LINE('',#14201,#1527);
#860=LINE('',#14203,#1528);
#861=LINE('',#14206,#1529);
#862=LINE('',#14208,#1530);
#863=LINE('',#14210,#1531);
#864=LINE('',#14212,#1532);
#865=LINE('',#14214,#1533);
#866=LINE('',#14216,#1534);
#867=LINE('',#14218,#1535);
#868=LINE('',#14220,#1536);
#869=LINE('',#14222,#1537);
#870=LINE('',#14231,#1538);
#871=LINE('',#14232,#1539);
#872=LINE('',#14234,#1540);
#873=LINE('',#14254,#1541);
#874=LINE('',#14257,#1542);
#875=LINE('',#14259,#1543);
#876=LINE('',#14261,#1544);
#877=LINE('',#14263,#1545);
#878=LINE('',#14266,#1546);
#879=LINE('',#14268,#1547);
#880=LINE('',#14270,#1548);
#881=LINE('',#14275,#1549);
#882=LINE('',#14279,#1550);
#883=LINE('',#14285,#1551);
#884=LINE('',#14287,#1552);
#885=LINE('',#14289,#1553);
#886=LINE('',#14291,#1554);
#887=LINE('',#14298,#1555);
#888=LINE('',#14302,#1556);
#889=LINE('',#14306,#1557);
#890=LINE('',#14310,#1558);
#891=LINE('',#14311,#1559);
#892=LINE('',#14315,#1560);
#893=LINE('',#14317,#1561);
#894=LINE('',#14324,#1562);
#895=LINE('',#14328,#1563);
#896=LINE('',#14332,#1564);
#897=LINE('',#14336,#1565);
#898=LINE('',#14340,#1566);
#899=LINE('',#14344,#1567);
#900=LINE('',#14348,#1568);
#901=LINE('',#14352,#1569);
#902=LINE('',#14354,#1570);
#903=LINE('',#14357,#1571);
#904=LINE('',#14358,#1572);
#905=LINE('',#14362,#1573);
#906=LINE('',#14364,#1574);
#907=LINE('',#14366,#1575);
#908=LINE('',#14370,#1576);
#909=LINE('',#14372,#1577);
#910=LINE('',#14374,#1578);
#911=LINE('',#14378,#1579);
#912=LINE('',#14380,#1580);
#913=LINE('',#14382,#1581);
#914=LINE('',#14386,#1582);
#915=LINE('',#14388,#1583);
#916=LINE('',#14393,#1584);
#917=LINE('',#14397,#1585);
#918=LINE('',#14401,#1586);
#919=LINE('',#14405,#1587);
#920=LINE('',#14409,#1588);
#921=LINE('',#14413,#1589);
#922=LINE('',#14417,#1590);
#923=LINE('',#14421,#1591);
#924=LINE('',#14423,#1592);
#925=LINE('',#14427,#1593);
#926=LINE('',#14429,#1594);
#927=LINE('',#14431,#1595);
#928=LINE('',#14435,#1596);
#929=LINE('',#14437,#1597);
#930=LINE('',#14439,#1598);
#931=LINE('',#14443,#1599);
#932=LINE('',#14445,#1600);
#933=LINE('',#14447,#1601);
#934=LINE('',#14451,#1602);
#935=LINE('',#14452,#1603);
#936=LINE('',#14454,#1604);
#937=LINE('',#14456,#1605);
#938=LINE('',#14458,#1606);
#939=LINE('',#14460,#1607);
#940=LINE('',#14462,#1608);
#941=LINE('',#14464,#1609);
#942=LINE('',#14466,#1610);
#943=LINE('',#14468,#1611);
#944=LINE('',#14470,#1612);
#945=LINE('',#14472,#1613);
#946=LINE('',#14474,#1614);
#947=LINE('',#14476,#1615);
#948=LINE('',#14478,#1616);
#949=LINE('',#14480,#1617);
#950=LINE('',#14486,#1618);
#951=LINE('',#14490,#1619);
#952=LINE('',#14494,#1620);
#953=LINE('',#14498,#1621);
#954=LINE('',#14502,#1622);
#955=LINE('',#14506,#1623);
#956=LINE('',#14510,#1624);
#957=LINE('',#14514,#1625);
#958=LINE('',#14518,#1626);
#959=LINE('',#14520,#1627);
#960=LINE('',#14522,#1628);
#961=LINE('',#14526,#1629);
#962=LINE('',#14528,#1630);
#963=LINE('',#14530,#1631);
#964=LINE('',#14534,#1632);
#965=LINE('',#14536,#1633);
#966=LINE('',#14538,#1634);
#967=LINE('',#14542,#1635);
#968=LINE('',#14544,#1636);
#969=LINE('',#14546,#1637);
#970=LINE('',#14547,#1638);
#971=LINE('',#14549,#1639);
#972=LINE('',#14551,#1640);
#973=LINE('',#14553,#1641);
#974=LINE('',#14555,#1642);
#975=LINE('',#14557,#1643);
#976=LINE('',#14559,#1644);
#977=LINE('',#14561,#1645);
#978=LINE('',#14563,#1646);
#979=LINE('',#14565,#1647);
#980=LINE('',#14567,#1648);
#981=LINE('',#14569,#1649);
#982=LINE('',#14571,#1650);
#983=LINE('',#14573,#1651);
#984=LINE('',#14575,#1652);
#985=LINE('',#14578,#1653);
#986=LINE('',#14580,#1654);
#987=LINE('',#14584,#1655);
#988=LINE('',#14588,#1656);
#989=LINE('',#14592,#1657);
#990=LINE('',#14594,#1658);
#991=LINE('',#14596,#1659);
#992=LINE('',#14600,#1660);
#993=LINE('',#14602,#1661);
#994=LINE('',#14604,#1662);
#995=LINE('',#14608,#1663);
#996=LINE('',#14612,#1664);
#997=LINE('',#14616,#1665);
#998=LINE('',#14620,#1666);
#999=LINE('',#14624,#1667);
#1000=LINE('',#14626,#1668);
#1001=LINE('',#14628,#1669);
#1002=LINE('',#14632,#1670);
#1003=LINE('',#14634,#1671);
#1004=LINE('',#14636,#1672);
#1005=LINE('',#14640,#1673);
#1006=LINE('',#14642,#1674);
#1007=LINE('',#14644,#1675);
#1008=LINE('',#14648,#1676);
#1009=LINE('',#14650,#1677);
#1010=LINE('',#14652,#1678);
#1011=LINE('',#14654,#1679);
#1012=LINE('',#14660,#1680);
#1013=LINE('',#14662,#1681);
#1014=LINE('',#14664,#1682);
#1015=LINE('',#14666,#1683);
#1016=LINE('',#14668,#1684);
#1017=LINE('',#14670,#1685);
#1018=LINE('',#14672,#1686);
#1019=LINE('',#14674,#1687);
#1020=LINE('',#14676,#1688);
#1021=LINE('',#14678,#1689);
#1022=LINE('',#14680,#1690);
#1023=LINE('',#14682,#1691);
#1024=LINE('',#14684,#1692);
#1025=LINE('',#14692,#1693);
#1026=LINE('',#14694,#1694);
#1027=VECTOR('',#9544,1000.);
#1028=VECTOR('',#9551,1000.);
#1029=VECTOR('',#9554,1000.);
#1030=VECTOR('',#9557,1000.);
#1031=VECTOR('',#9560,1000.);
#1032=VECTOR('',#9563,1000.);
#1033=VECTOR('',#9566,1000.);
#1034=VECTOR('',#9569,1000.);
#1035=VECTOR('',#9572,1000.);
#1036=VECTOR('',#9575,1000.);
#1037=VECTOR('',#9586,1000.);
#1038=VECTOR('',#9589,1000.);
#1039=VECTOR('',#9596,1000.);
#1040=VECTOR('',#9599,1000.);
#1041=VECTOR('',#9602,1000.);
#1042=VECTOR('',#9605,1000.);
#1043=VECTOR('',#9608,1000.);
#1044=VECTOR('',#9617,1000.);
#1045=VECTOR('',#9620,1000.);
#1046=VECTOR('',#9625,1000.);
#1047=VECTOR('',#9656,1000.);
#1048=VECTOR('',#9663,1000.);
#1049=VECTOR('',#9666,1000.);
#1050=VECTOR('',#9673,1000.);
#1051=VECTOR('',#9676,1000.);
#1052=VECTOR('',#9679,1000.);
#1053=VECTOR('',#9698,1000.);
#1054=VECTOR('',#9701,1000.);
#1055=VECTOR('',#9704,1000.);
#1056=VECTOR('',#9707,1000.);
#1057=VECTOR('',#9710,1000.);
#1058=VECTOR('',#9717,1000.);
#1059=VECTOR('',#9720,1000.);
#1060=VECTOR('',#9731,1000.);
#1061=VECTOR('',#9734,1000.);
#1062=VECTOR('',#9737,1000.);
#1063=VECTOR('',#9740,1000.);
#1064=VECTOR('',#9743,1000.);
#1065=VECTOR('',#9746,1000.);
#1066=VECTOR('',#9749,1000.);
#1067=VECTOR('',#9752,1000.);
#1068=VECTOR('',#9755,1000.);
#1069=VECTOR('',#9762,1000.);
#1070=VECTOR('',#9791,1000.);
#1071=VECTOR('',#9796,1000.);
#1072=VECTOR('',#9799,1000.);
#1073=VECTOR('',#9812,1000.);
#1074=VECTOR('',#9815,1000.);
#1075=VECTOR('',#9818,1000.);
#1076=VECTOR('',#9819,1000.);
#1077=VECTOR('',#9824,1000.);
#1078=VECTOR('',#9827,1000.);
#1079=VECTOR('',#9840,1000.);
#1080=VECTOR('',#9841,1000.);
#1081=VECTOR('',#9850,1000.);
#1082=VECTOR('',#9851,1000.);
#1083=VECTOR('',#9858,1000.);
#1084=VECTOR('',#9861,1000.);
#1085=VECTOR('',#9864,1000.);
#1086=VECTOR('',#9867,1000.);
#1087=VECTOR('',#9870,1000.);
#1088=VECTOR('',#9873,1000.);
#1089=VECTOR('',#9876,1000.);
#1090=VECTOR('',#9879,1000.);
#1091=VECTOR('',#9888,1000.);
#1092=VECTOR('',#9889,1000.);
#1093=VECTOR('',#9894,1000.);
#1094=VECTOR('',#9899,1000.);
#1095=VECTOR('',#9900,1000.);
#1096=VECTOR('',#9903,1000.);
#1097=VECTOR('',#9908,1000.);
#1098=VECTOR('',#9909,1000.);
#1099=VECTOR('',#9910,1000.);
#1100=VECTOR('',#9915,1000.);
#1101=VECTOR('',#9918,1000.);
#1102=VECTOR('',#9919,1000.);
#1103=VECTOR('',#9928,1000.);
#1104=VECTOR('',#9931,1000.);
#1105=VECTOR('',#9932,1000.);
#1106=VECTOR('',#9937,1000.);
#1107=VECTOR('',#9940,1000.);
#1108=VECTOR('',#9947,1000.);
#1109=VECTOR('',#9950,1000.);
#1110=VECTOR('',#9951,1000.);
#1111=VECTOR('',#9956,1000.);
#1112=VECTOR('',#9959,1000.);
#1113=VECTOR('',#9966,1000.);
#1114=VECTOR('',#9969,1000.);
#1115=VECTOR('',#9970,1000.);
#1116=VECTOR('',#9983,1000.);
#1117=VECTOR('',#9986,1000.);
#1118=VECTOR('',#9989,1000.);
#1119=VECTOR('',#9990,1000.);
#1120=VECTOR('',#9995,1000.);
#1121=VECTOR('',#9998,1000.);
#1122=VECTOR('',#9999,1000.);
#1123=VECTOR('',#10004,1000.);
#1124=VECTOR('',#10009,1000.);
#1125=VECTOR('',#10012,1000.);
#1126=VECTOR('',#10013,1000.);
#1127=VECTOR('',#10018,1000.);
#1128=VECTOR('',#10023,1000.);
#1129=VECTOR('',#10028,1000.);
#1130=VECTOR('',#10049,1000.);
#1131=VECTOR('',#10050,1000.);
#1132=VECTOR('',#10051,1000.);
#1133=VECTOR('',#10056,1000.);
#1134=VECTOR('',#10061,1000.);
#1135=VECTOR('',#10066,1000.);
#1136=VECTOR('',#10069,1000.);
#1137=VECTOR('',#10070,1000.);
#1138=VECTOR('',#10075,1000.);
#1139=VECTOR('',#10078,1000.);
#1140=VECTOR('',#10079,1000.);
#1141=VECTOR('',#10084,1000.);
#1142=VECTOR('',#10107,1000.);
#1143=VECTOR('',#10110,1000.);
#1144=VECTOR('',#10113,1000.);
#1145=VECTOR('',#10114,1000.);
#1146=VECTOR('',#10119,1000.);
#1147=VECTOR('',#10122,1000.);
#1148=VECTOR('',#10123,1000.);
#1149=VECTOR('',#10128,1000.);
#1150=VECTOR('',#10131,1000.);
#1151=VECTOR('',#10132,1000.);
#1152=VECTOR('',#10137,1000.);
#1153=VECTOR('',#10142,1000.);
#1154=VECTOR('',#10147,1000.);
#1155=VECTOR('',#10174,1000.);
#1156=VECTOR('',#10175,1000.);
#1157=VECTOR('',#10176,1000.);
#1158=VECTOR('',#10179,1000.);
#1159=VECTOR('',#10182,1000.);
#1160=VECTOR('',#10185,1000.);
#1161=VECTOR('',#10188,1000.);
#1162=VECTOR('',#10191,1000.);
#1163=VECTOR('',#10194,1000.);
#1164=VECTOR('',#10197,1000.);
#1165=VECTOR('',#10200,1000.);
#1166=VECTOR('',#10203,1000.);
#1167=VECTOR('',#10206,1000.);
#1168=VECTOR('',#10209,1000.);
#1169=VECTOR('',#10212,1000.);
#1170=VECTOR('',#10215,1000.);
#1171=VECTOR('',#10218,1000.);
#1172=VECTOR('',#10223,1000.);
#1173=VECTOR('',#10226,1000.);
#1174=VECTOR('',#10229,1000.);
#1175=VECTOR('',#10232,1000.);
#1176=VECTOR('',#10237,1000.);
#1177=VECTOR('',#10256,1000.);
#1178=VECTOR('',#10257,1000.);
#1179=VECTOR('',#10260,1000.);
#1180=VECTOR('',#10263,1000.);
#1181=VECTOR('',#10266,1000.);
#1182=VECTOR('',#10269,1000.);
#1183=VECTOR('',#10272,1000.);
#1184=VECTOR('',#10275,1000.);
#1185=VECTOR('',#10278,1000.);
#1186=VECTOR('',#10281,1000.);
#1187=VECTOR('',#10284,1000.);
#1188=VECTOR('',#10291,1000.);
#1189=VECTOR('',#10292,1000.);
#1190=VECTOR('',#10295,1000.);
#1191=VECTOR('',#10298,1000.);
#1192=VECTOR('',#10301,1000.);
#1193=VECTOR('',#10304,1000.);
#1194=VECTOR('',#10307,1000.);
#1195=VECTOR('',#10310,1000.);
#1196=VECTOR('',#10313,1000.);
#1197=VECTOR('',#10316,1000.);
#1198=VECTOR('',#10321,1000.);
#1199=VECTOR('',#10322,1000.);
#1200=VECTOR('',#10325,1000.);
#1201=VECTOR('',#10328,1000.);
#1202=VECTOR('',#10331,1000.);
#1203=VECTOR('',#10334,1000.);
#1204=VECTOR('',#10337,1000.);
#1205=VECTOR('',#10340,1000.);
#1206=VECTOR('',#10343,1000.);
#1207=VECTOR('',#10398,1000.);
#1208=VECTOR('',#10403,1000.);
#1209=VECTOR('',#10404,1000.);
#1210=VECTOR('',#10405,1000.);
#1211=VECTOR('',#10406,1000.);
#1212=VECTOR('',#10409,1000.);
#1213=VECTOR('',#10410,1000.);
#1214=VECTOR('',#10411,1000.);
#1215=VECTOR('',#10416,1000.);
#1216=VECTOR('',#10419,1000.);
#1217=VECTOR('',#10420,1000.);
#1218=VECTOR('',#10421,1000.);
#1219=VECTOR('',#10426,1000.);
#1220=VECTOR('',#10429,1000.);
#1221=VECTOR('',#10430,1000.);
#1222=VECTOR('',#10431,1000.);
#1223=VECTOR('',#10438,1000.);
#1224=VECTOR('',#10439,1000.);
#1225=VECTOR('',#10448,1000.);
#1226=VECTOR('',#10457,1000.);
#1227=VECTOR('',#10460,1000.);
#1228=VECTOR('',#10461,1000.);
#1229=VECTOR('',#10462,1000.);
#1230=VECTOR('',#10467,1000.);
#1231=VECTOR('',#10472,1000.);
#1232=VECTOR('',#10473,1000.);
#1233=VECTOR('',#10474,1000.);
#1234=VECTOR('',#10477,1000.);
#1235=VECTOR('',#10478,1000.);
#1236=VECTOR('',#10479,1000.);
#1237=VECTOR('',#10486,1000.);
#1238=VECTOR('',#10489,1000.);
#1239=VECTOR('',#10492,1000.);
#1240=VECTOR('',#10495,1000.);
#1241=VECTOR('',#10500,1000.);
#1242=VECTOR('',#10503,1000.);
#1243=VECTOR('',#10506,1000.);
#1244=VECTOR('',#10509,1000.);
#1245=VECTOR('',#10512,1000.);
#1246=VECTOR('',#10515,1000.);
#1247=VECTOR('',#10518,1000.);
#1248=VECTOR('',#10521,1000.);
#1249=VECTOR('',#10524,1000.);
#1250=VECTOR('',#10529,1000.);
#1251=VECTOR('',#10530,1000.);
#1252=VECTOR('',#10535,1000.);
#1253=VECTOR('',#10538,1000.);
#1254=VECTOR('',#10539,1000.);
#1255=VECTOR('',#10544,1000.);
#1256=VECTOR('',#10547,1000.);
#1257=VECTOR('',#10548,1000.);
#1258=VECTOR('',#10553,1000.);
#1259=VECTOR('',#10556,1000.);
#1260=VECTOR('',#10557,1000.);
#1261=VECTOR('',#10564,1000.);
#1262=VECTOR('',#10565,1000.);
#1263=VECTOR('',#10568,1000.);
#1264=VECTOR('',#10571,1000.);
#1265=VECTOR('',#10574,1000.);
#1266=VECTOR('',#10577,1000.);
#1267=VECTOR('',#10580,1000.);
#1268=VECTOR('',#10583,1000.);
#1269=VECTOR('',#10586,1000.);
#1270=VECTOR('',#10589,1000.);
#1271=VECTOR('',#10592,1000.);
#1272=VECTOR('',#10595,1000.);
#1273=VECTOR('',#10598,1000.);
#1274=VECTOR('',#10601,1000.);
#1275=VECTOR('',#10604,1000.);
#1276=VECTOR('',#10607,1000.);
#1277=VECTOR('',#10612,1000.);
#1278=VECTOR('',#10615,1000.);
#1279=VECTOR('',#10618,1000.);
#1280=VECTOR('',#10621,1000.);
#1281=VECTOR('',#10624,1000.);
#1282=VECTOR('',#10627,1000.);
#1283=VECTOR('',#10630,1000.);
#1284=VECTOR('',#10633,1000.);
#1285=VECTOR('',#10638,1000.);
#1286=VECTOR('',#10639,1000.);
#1287=VECTOR('',#10644,1000.);
#1288=VECTOR('',#10647,1000.);
#1289=VECTOR('',#10648,1000.);
#1290=VECTOR('',#10653,1000.);
#1291=VECTOR('',#10656,1000.);
#1292=VECTOR('',#10657,1000.);
#1293=VECTOR('',#10662,1000.);
#1294=VECTOR('',#10665,1000.);
#1295=VECTOR('',#10666,1000.);
#1296=VECTOR('',#10673,1000.);
#1297=VECTOR('',#10674,1000.);
#1298=VECTOR('',#10677,1000.);
#1299=VECTOR('',#10680,1000.);
#1300=VECTOR('',#10683,1000.);
#1301=VECTOR('',#10686,1000.);
#1302=VECTOR('',#10689,1000.);
#1303=VECTOR('',#10692,1000.);
#1304=VECTOR('',#10695,1000.);
#1305=VECTOR('',#10698,1000.);
#1306=VECTOR('',#10701,1000.);
#1307=VECTOR('',#10704,1000.);
#1308=VECTOR('',#10707,1000.);
#1309=VECTOR('',#10710,1000.);
#1310=VECTOR('',#10713,1000.);
#1311=VECTOR('',#10716,1000.);
#1312=VECTOR('',#10723,1000.);
#1313=VECTOR('',#10726,1000.);
#1314=VECTOR('',#10727,1000.);
#1315=VECTOR('',#10732,1000.);
#1316=VECTOR('',#10735,1000.);
#1317=VECTOR('',#10736,1000.);
#1318=VECTOR('',#10741,1000.);
#1319=VECTOR('',#10744,1000.);
#1320=VECTOR('',#10745,1000.);
#1321=VECTOR('',#10750,1000.);
#1322=VECTOR('',#10755,1000.);
#1323=VECTOR('',#10760,1000.);
#1324=VECTOR('',#10765,1000.);
#1325=VECTOR('',#10770,1000.);
#1326=VECTOR('',#10773,1000.);
#1327=VECTOR('',#10774,1000.);
#1328=VECTOR('',#10779,1000.);
#1329=VECTOR('',#10782,1000.);
#1330=VECTOR('',#10783,1000.);
#1331=VECTOR('',#10788,1000.);
#1332=VECTOR('',#10793,1000.);
#1333=VECTOR('',#10798,1000.);
#1334=VECTOR('',#10801,1000.);
#1335=VECTOR('',#10802,1000.);
#1336=VECTOR('',#10807,1000.);
#1337=VECTOR('',#10810,1000.);
#1338=VECTOR('',#10811,1000.);
#1339=VECTOR('',#10816,1000.);
#1340=VECTOR('',#10819,1000.);
#1341=VECTOR('',#10822,1000.);
#1342=VECTOR('',#10825,1000.);
#1343=VECTOR('',#10830,1000.);
#1344=VECTOR('',#10833,1000.);
#1345=VECTOR('',#10836,1000.);
#1346=VECTOR('',#10839,1000.);
#1347=VECTOR('',#10842,1000.);
#1348=VECTOR('',#10845,1000.);
#1349=VECTOR('',#10848,1000.);
#1350=VECTOR('',#10851,1000.);
#1351=VECTOR('',#10854,1000.);
#1352=VECTOR('',#10857,1000.);
#1353=VECTOR('',#10860,1000.);
#1354=VECTOR('',#10863,1000.);
#1355=VECTOR('',#10866,1000.);
#1356=VECTOR('',#10869,1000.);
#1357=VECTOR('',#10872,1000.);
#1358=VECTOR('',#10875,1000.);
#1359=VECTOR('',#10878,1000.);
#1360=VECTOR('',#10881,1000.);
#1361=VECTOR('',#10900,1000.);
#1362=VECTOR('',#10903,1000.);
#1363=VECTOR('',#10906,1000.);
#1364=VECTOR('',#10909,1000.);
#1365=VECTOR('',#10912,1000.);
#1366=VECTOR('',#10919,1000.);
#1367=VECTOR('',#10922,1000.);
#1368=VECTOR('',#10933,1000.);
#1369=VECTOR('',#10936,1000.);
#1370=VECTOR('',#10939,1000.);
#1371=VECTOR('',#10942,1000.);
#1372=VECTOR('',#10945,1000.);
#1373=VECTOR('',#10948,1000.);
#1374=VECTOR('',#10951,1000.);
#1375=VECTOR('',#10954,1000.);
#1376=VECTOR('',#10957,1000.);
#1377=VECTOR('',#10964,1000.);
#1378=VECTOR('',#10979,1000.);
#1379=VECTOR('',#10982,1000.);
#1380=VECTOR('',#10985,1000.);
#1381=VECTOR('',#10986,1000.);
#1382=VECTOR('',#10991,1000.);
#1383=VECTOR('',#10994,1000.);
#1384=VECTOR('',#11025,1000.);
#1385=VECTOR('',#11030,1000.);
#1386=VECTOR('',#11033,1000.);
#1387=VECTOR('',#11058,1000.);
#1388=VECTOR('',#11065,1000.);
#1389=VECTOR('',#11068,1000.);
#1390=VECTOR('',#11071,1000.);
#1391=VECTOR('',#11074,1000.);
#1392=VECTOR('',#11077,1000.);
#1393=VECTOR('',#11080,1000.);
#1394=VECTOR('',#11083,1000.);
#1395=VECTOR('',#11086,1000.);
#1396=VECTOR('',#11089,1000.);
#1397=VECTOR('',#11100,1000.);
#1398=VECTOR('',#11103,1000.);
#1399=VECTOR('',#11110,1000.);
#1400=VECTOR('',#11113,1000.);
#1401=VECTOR('',#11116,1000.);
#1402=VECTOR('',#11119,1000.);
#1403=VECTOR('',#11122,1000.);
#1404=VECTOR('',#11125,1000.);
#1405=VECTOR('',#11132,1000.);
#1406=VECTOR('',#11135,1000.);
#1407=VECTOR('',#11142,1000.);
#1408=VECTOR('',#11145,1000.);
#1409=VECTOR('',#11148,1000.);
#1410=VECTOR('',#11161,1000.);
#1411=VECTOR('',#11164,1000.);
#1412=VECTOR('',#11169,1000.);
#1413=VECTOR('',#11198,1000.);
#1414=VECTOR('',#11199,1000.);
#1415=VECTOR('',#11208,1000.);
#1416=VECTOR('',#11209,1000.);
#1417=VECTOR('',#11234,1000.);
#1418=VECTOR('',#11235,1000.);
#1419=VECTOR('',#11240,1000.);
#1420=VECTOR('',#11245,1000.);
#1421=VECTOR('',#11250,1000.);
#1422=VECTOR('',#11255,1000.);
#1423=VECTOR('',#11260,1000.);
#1424=VECTOR('',#11261,1000.);
#1425=VECTOR('',#11264,1000.);
#1426=VECTOR('',#11269,1000.);
#1427=VECTOR('',#11274,1000.);
#1428=VECTOR('',#11275,1000.);
#1429=VECTOR('',#11278,1000.);
#1430=VECTOR('',#11283,1000.);
#1431=VECTOR('',#11312,1000.);
#1432=VECTOR('',#11313,1000.);
#1433=VECTOR('',#11314,1000.);
#1434=VECTOR('',#11317,1000.);
#1435=VECTOR('',#11322,1000.);
#1436=VECTOR('',#11327,1000.);
#1437=VECTOR('',#11328,1000.);
#1438=VECTOR('',#11331,1000.);
#1439=VECTOR('',#11336,1000.);
#1440=VECTOR('',#11337,1000.);
#1441=VECTOR('',#11340,1000.);
#1442=VECTOR('',#11345,1000.);
#1443=VECTOR('',#11354,1000.);
#1444=VECTOR('',#11355,1000.);
#1445=VECTOR('',#11360,1000.);
#1446=VECTOR('',#11365,1000.);
#1447=VECTOR('',#11370,1000.);
#1448=VECTOR('',#11375,1000.);
#1449=VECTOR('',#11380,1000.);
#1450=VECTOR('',#11381,1000.);
#1451=VECTOR('',#11384,1000.);
#1452=VECTOR('',#11389,1000.);
#1453=VECTOR('',#11390,1000.);
#1454=VECTOR('',#11393,1000.);
#1455=VECTOR('',#11398,1000.);
#1456=VECTOR('',#11401,1000.);
#1457=VECTOR('',#11404,1000.);
#1458=VECTOR('',#11409,1000.);
#1459=VECTOR('',#11412,1000.);
#1460=VECTOR('',#11413,1000.);
#1461=VECTOR('',#11422,1000.);
#1462=VECTOR('',#11423,1000.);
#1463=VECTOR('',#11426,1000.);
#1464=VECTOR('',#11431,1000.);
#1465=VECTOR('',#11432,1000.);
#1466=VECTOR('',#11435,1000.);
#1467=VECTOR('',#11442,1000.);
#1468=VECTOR('',#11445,1000.);
#1469=VECTOR('',#11450,1000.);
#1470=VECTOR('',#11451,1000.);
#1471=VECTOR('',#11458,1000.);
#1472=VECTOR('',#11463,1000.);
#1473=VECTOR('',#11464,1000.);
#1474=VECTOR('',#11467,1000.);
#1475=VECTOR('',#11472,1000.);
#1476=VECTOR('',#11473,1000.);
#1477=VECTOR('',#11478,1000.);
#1478=VECTOR('',#11481,1000.);
#1479=VECTOR('',#11482,1000.);
#1480=VECTOR('',#11487,1000.);
#1481=VECTOR('',#11490,1000.);
#1482=VECTOR('',#11491,1000.);
#1483=VECTOR('',#11494,1000.);
#1484=VECTOR('',#11499,1000.);
#1485=VECTOR('',#11500,1000.);
#1486=VECTOR('',#11501,1000.);
#1487=VECTOR('',#11534,1000.);
#1488=VECTOR('',#11535,1000.);
#1489=VECTOR('',#11538,1000.);
#1490=VECTOR('',#11541,1000.);
#1491=VECTOR('',#11544,1000.);
#1492=VECTOR('',#11547,1000.);
#1493=VECTOR('',#11550,1000.);
#1494=VECTOR('',#11553,1000.);
#1495=VECTOR('',#11556,1000.);
#1496=VECTOR('',#11559,1000.);
#1497=VECTOR('',#11562,1000.);
#1498=VECTOR('',#11591,1000.);
#1499=VECTOR('',#11592,1000.);
#1500=VECTOR('',#11595,1000.);
#1501=VECTOR('',#11598,1000.);
#1502=VECTOR('',#11601,1000.);
#1503=VECTOR('',#11604,1000.);
#1504=VECTOR('',#11607,1000.);
#1505=VECTOR('',#11610,1000.);
#1506=VECTOR('',#11613,1000.);
#1507=VECTOR('',#11618,1000.);
#1508=VECTOR('',#11619,1000.);
#1509=VECTOR('',#11622,1000.);
#1510=VECTOR('',#11625,1000.);
#1511=VECTOR('',#11628,1000.);
#1512=VECTOR('',#11631,1000.);
#1513=VECTOR('',#11634,1000.);
#1514=VECTOR('',#11637,1000.);
#1515=VECTOR('',#11640,1000.);
#1516=VECTOR('',#11643,1000.);
#1517=VECTOR('',#11648,1000.);
#1518=VECTOR('',#11649,1000.);
#1519=VECTOR('',#11652,1000.);
#1520=VECTOR('',#11655,1000.);
#1521=VECTOR('',#11658,1000.);
#1522=VECTOR('',#11661,1000.);
#1523=VECTOR('',#11664,1000.);
#1524=VECTOR('',#11667,1000.);
#1525=VECTOR('',#11670,1000.);
#1526=VECTOR('',#11673,1000.);
#1527=VECTOR('',#11676,1000.);
#1528=VECTOR('',#11679,1000.);
#1529=VECTOR('',#11684,1000.);
#1530=VECTOR('',#11687,1000.);
#1531=VECTOR('',#11690,1000.);
#1532=VECTOR('',#11693,1000.);
#1533=VECTOR('',#11696,1000.);
#1534=VECTOR('',#11699,1000.);
#1535=VECTOR('',#11702,1000.);
#1536=VECTOR('',#11705,1000.);
#1537=VECTOR('',#11708,1000.);
#1538=VECTOR('',#11719,1000.);
#1539=VECTOR('',#11720,1000.);
#1540=VECTOR('',#11723,1000.);
#1541=VECTOR('',#11758,1000.);
#1542=VECTOR('',#11759,1000.);
#1543=VECTOR('',#11760,1000.);
#1544=VECTOR('',#11761,1000.);
#1545=VECTOR('',#11764,1000.);
#1546=VECTOR('',#11765,1000.);
#1547=VECTOR('',#11766,1000.);
#1548=VECTOR('',#11767,1000.);
#1549=VECTOR('',#11772,1000.);
#1550=VECTOR('',#11775,1000.);
#1551=VECTOR('',#11782,1000.);
#1552=VECTOR('',#11785,1000.);
#1553=VECTOR('',#11786,1000.);
#1554=VECTOR('',#11787,1000.);
#1555=VECTOR('',#11796,1000.);
#1556=VECTOR('',#11799,1000.);
#1557=VECTOR('',#11802,1000.);
#1558=VECTOR('',#11805,1000.);
#1559=VECTOR('',#11806,1000.);
#1560=VECTOR('',#11813,1000.);
#1561=VECTOR('',#11814,1000.);
#1562=VECTOR('',#11823,1000.);
#1563=VECTOR('',#11826,1000.);
#1564=VECTOR('',#11829,1000.);
#1565=VECTOR('',#11832,1000.);
#1566=VECTOR('',#11835,1000.);
#1567=VECTOR('',#11838,1000.);
#1568=VECTOR('',#11841,1000.);
#1569=VECTOR('',#11844,1000.);
#1570=VECTOR('',#11847,1000.);
#1571=VECTOR('',#11848,1000.);
#1572=VECTOR('',#11849,1000.);
#1573=VECTOR('',#11854,1000.);
#1574=VECTOR('',#11857,1000.);
#1575=VECTOR('',#11858,1000.);
#1576=VECTOR('',#11863,1000.);
#1577=VECTOR('',#11866,1000.);
#1578=VECTOR('',#11867,1000.);
#1579=VECTOR('',#11872,1000.);
#1580=VECTOR('',#11875,1000.);
#1581=VECTOR('',#11876,1000.);
#1582=VECTOR('',#11881,1000.);
#1583=VECTOR('',#11884,1000.);
#1584=VECTOR('',#11887,1000.);
#1585=VECTOR('',#11890,1000.);
#1586=VECTOR('',#11893,1000.);
#1587=VECTOR('',#11896,1000.);
#1588=VECTOR('',#11899,1000.);
#1589=VECTOR('',#11902,1000.);
#1590=VECTOR('',#11905,1000.);
#1591=VECTOR('',#11910,1000.);
#1592=VECTOR('',#11911,1000.);
#1593=VECTOR('',#11916,1000.);
#1594=VECTOR('',#11919,1000.);
#1595=VECTOR('',#11920,1000.);
#1596=VECTOR('',#11925,1000.);
#1597=VECTOR('',#11928,1000.);
#1598=VECTOR('',#11929,1000.);
#1599=VECTOR('',#11934,1000.);
#1600=VECTOR('',#11937,1000.);
#1601=VECTOR('',#11938,1000.);
#1602=VECTOR('',#11945,1000.);
#1603=VECTOR('',#11946,1000.);
#1604=VECTOR('',#11949,1000.);
#1605=VECTOR('',#11952,1000.);
#1606=VECTOR('',#11955,1000.);
#1607=VECTOR('',#11958,1000.);
#1608=VECTOR('',#11961,1000.);
#1609=VECTOR('',#11964,1000.);
#1610=VECTOR('',#11967,1000.);
#1611=VECTOR('',#11970,1000.);
#1612=VECTOR('',#11973,1000.);
#1613=VECTOR('',#11976,1000.);
#1614=VECTOR('',#11979,1000.);
#1615=VECTOR('',#11982,1000.);
#1616=VECTOR('',#11985,1000.);
#1617=VECTOR('',#11988,1000.);
#1618=VECTOR('',#11995,1000.);
#1619=VECTOR('',#11998,1000.);
#1620=VECTOR('',#12001,1000.);
#1621=VECTOR('',#12004,1000.);
#1622=VECTOR('',#12007,1000.);
#1623=VECTOR('',#12010,1000.);
#1624=VECTOR('',#12013,1000.);
#1625=VECTOR('',#12016,1000.);
#1626=VECTOR('',#12021,1000.);
#1627=VECTOR('',#12024,1000.);
#1628=VECTOR('',#12025,1000.);
#1629=VECTOR('',#12030,1000.);
#1630=VECTOR('',#12033,1000.);
#1631=VECTOR('',#12034,1000.);
#1632=VECTOR('',#12039,1000.);
#1633=VECTOR('',#12042,1000.);
#1634=VECTOR('',#12043,1000.);
#1635=VECTOR('',#12048,1000.);
#1636=VECTOR('',#12051,1000.);
#1637=VECTOR('',#12054,1000.);
#1638=VECTOR('',#12055,1000.);
#1639=VECTOR('',#12058,1000.);
#1640=VECTOR('',#12061,1000.);
#1641=VECTOR('',#12064,1000.);
#1642=VECTOR('',#12067,1000.);
#1643=VECTOR('',#12070,1000.);
#1644=VECTOR('',#12073,1000.);
#1645=VECTOR('',#12076,1000.);
#1646=VECTOR('',#12079,1000.);
#1647=VECTOR('',#12082,1000.);
#1648=VECTOR('',#12085,1000.);
#1649=VECTOR('',#12088,1000.);
#1650=VECTOR('',#12091,1000.);
#1651=VECTOR('',#12094,1000.);
#1652=VECTOR('',#12097,1000.);
#1653=VECTOR('',#12102,1000.);
#1654=VECTOR('',#12103,1000.);
#1655=VECTOR('',#12108,1000.);
#1656=VECTOR('',#12113,1000.);
#1657=VECTOR('',#12118,1000.);
#1658=VECTOR('',#12121,1000.);
#1659=VECTOR('',#12122,1000.);
#1660=VECTOR('',#12127,1000.);
#1661=VECTOR('',#12130,1000.);
#1662=VECTOR('',#12131,1000.);
#1663=VECTOR('',#12136,1000.);
#1664=VECTOR('',#12141,1000.);
#1665=VECTOR('',#12146,1000.);
#1666=VECTOR('',#12151,1000.);
#1667=VECTOR('',#12156,1000.);
#1668=VECTOR('',#12159,1000.);
#1669=VECTOR('',#12160,1000.);
#1670=VECTOR('',#12165,1000.);
#1671=VECTOR('',#12168,1000.);
#1672=VECTOR('',#12169,1000.);
#1673=VECTOR('',#12174,1000.);
#1674=VECTOR('',#12177,1000.);
#1675=VECTOR('',#12178,1000.);
#1676=VECTOR('',#12183,1000.);
#1677=VECTOR('',#12186,1000.);
#1678=VECTOR('',#12189,1000.);
#1679=VECTOR('',#12192,1000.);
#1680=VECTOR('',#12195,1000.);
#1681=VECTOR('',#12198,1000.);
#1682=VECTOR('',#12201,1000.);
#1683=VECTOR('',#12204,1000.);
#1684=VECTOR('',#12207,1000.);
#1685=VECTOR('',#12210,1000.);
#1686=VECTOR('',#12213,1000.);
#1687=VECTOR('',#12216,1000.);
#1688=VECTOR('',#12219,1000.);
#1689=VECTOR('',#12222,1000.);
#1690=VECTOR('',#12225,1000.);
#1691=VECTOR('',#12228,1000.);
#1692=VECTOR('',#12231,1000.);
#1693=VECTOR('',#12238,1000.);
#1694=VECTOR('',#12241,1000.);
#1695=ORIENTED_EDGE('',*,*,#4037,.F.);
#1696=ORIENTED_EDGE('',*,*,#4038,.F.);
#1697=ORIENTED_EDGE('',*,*,#4039,.F.);
#1698=ORIENTED_EDGE('',*,*,#4040,.F.);
#1699=ORIENTED_EDGE('',*,*,#4041,.F.);
#1700=ORIENTED_EDGE('',*,*,#4042,.F.);
#1701=ORIENTED_EDGE('',*,*,#4043,.F.);
#1702=ORIENTED_EDGE('',*,*,#4044,.F.);
#1703=ORIENTED_EDGE('',*,*,#4045,.F.);
#1704=ORIENTED_EDGE('',*,*,#4046,.F.);
#1705=ORIENTED_EDGE('',*,*,#4047,.F.);
#1706=ORIENTED_EDGE('',*,*,#4048,.F.);
#1707=ORIENTED_EDGE('',*,*,#4049,.F.);
#1708=ORIENTED_EDGE('',*,*,#4050,.F.);
#1709=ORIENTED_EDGE('',*,*,#4051,.F.);
#1710=ORIENTED_EDGE('',*,*,#4052,.F.);
#1711=ORIENTED_EDGE('',*,*,#4053,.F.);
#1712=ORIENTED_EDGE('',*,*,#4054,.F.);
#1713=ORIENTED_EDGE('',*,*,#4055,.F.);
#1714=ORIENTED_EDGE('',*,*,#4056,.F.);
#1715=ORIENTED_EDGE('',*,*,#4057,.F.);
#1716=ORIENTED_EDGE('',*,*,#4058,.F.);
#1717=ORIENTED_EDGE('',*,*,#4059,.F.);
#1718=ORIENTED_EDGE('',*,*,#4060,.F.);
#1719=ORIENTED_EDGE('',*,*,#4061,.F.);
#1720=ORIENTED_EDGE('',*,*,#4062,.F.);
#1721=ORIENTED_EDGE('',*,*,#4063,.F.);
#1722=ORIENTED_EDGE('',*,*,#4064,.F.);
#1723=ORIENTED_EDGE('',*,*,#4065,.F.);
#1724=ORIENTED_EDGE('',*,*,#4066,.F.);
#1725=ORIENTED_EDGE('',*,*,#4067,.F.);
#1726=ORIENTED_EDGE('',*,*,#4068,.F.);
#1727=ORIENTED_EDGE('',*,*,#4069,.F.);
#1728=ORIENTED_EDGE('',*,*,#4070,.F.);
#1729=ORIENTED_EDGE('',*,*,#4071,.F.);
#1730=ORIENTED_EDGE('',*,*,#4072,.F.);
#1731=ORIENTED_EDGE('',*,*,#4073,.F.);
#1732=ORIENTED_EDGE('',*,*,#4074,.F.);
#1733=ORIENTED_EDGE('',*,*,#4075,.F.);
#1734=ORIENTED_EDGE('',*,*,#4076,.F.);
#1735=ORIENTED_EDGE('',*,*,#4077,.F.);
#1736=ORIENTED_EDGE('',*,*,#4078,.F.);
#1737=ORIENTED_EDGE('',*,*,#4079,.F.);
#1738=ORIENTED_EDGE('',*,*,#4080,.F.);
#1739=ORIENTED_EDGE('',*,*,#4081,.F.);
#1740=ORIENTED_EDGE('',*,*,#4082,.F.);
#1741=ORIENTED_EDGE('',*,*,#4083,.F.);
#1742=ORIENTED_EDGE('',*,*,#4084,.F.);
#1743=ORIENTED_EDGE('',*,*,#4085,.F.);
#1744=ORIENTED_EDGE('',*,*,#4086,.F.);
#1745=ORIENTED_EDGE('',*,*,#4087,.F.);
#1746=ORIENTED_EDGE('',*,*,#4088,.F.);
#1747=ORIENTED_EDGE('',*,*,#4089,.F.);
#1748=ORIENTED_EDGE('',*,*,#4090,.F.);
#1749=ORIENTED_EDGE('',*,*,#4091,.F.);
#1750=ORIENTED_EDGE('',*,*,#4092,.F.);
#1751=ORIENTED_EDGE('',*,*,#4093,.F.);
#1752=ORIENTED_EDGE('',*,*,#4094,.F.);
#1753=ORIENTED_EDGE('',*,*,#4095,.F.);
#1754=ORIENTED_EDGE('',*,*,#4096,.F.);
#1755=ORIENTED_EDGE('',*,*,#4097,.F.);
#1756=ORIENTED_EDGE('',*,*,#4098,.F.);
#1757=ORIENTED_EDGE('',*,*,#4099,.F.);
#1758=ORIENTED_EDGE('',*,*,#4100,.F.);
#1759=ORIENTED_EDGE('',*,*,#4101,.F.);
#1760=ORIENTED_EDGE('',*,*,#4102,.F.);
#1761=ORIENTED_EDGE('',*,*,#4103,.F.);
#1762=ORIENTED_EDGE('',*,*,#4104,.F.);
#1763=ORIENTED_EDGE('',*,*,#4105,.F.);
#1764=ORIENTED_EDGE('',*,*,#4106,.F.);
#1765=ORIENTED_EDGE('',*,*,#4107,.F.);
#1766=ORIENTED_EDGE('',*,*,#4108,.F.);
#1767=ORIENTED_EDGE('',*,*,#4109,.F.);
#1768=ORIENTED_EDGE('',*,*,#4110,.F.);
#1769=ORIENTED_EDGE('',*,*,#4111,.F.);
#1770=ORIENTED_EDGE('',*,*,#4112,.F.);
#1771=ORIENTED_EDGE('',*,*,#4113,.F.);
#1772=ORIENTED_EDGE('',*,*,#4114,.F.);
#1773=ORIENTED_EDGE('',*,*,#4115,.F.);
#1774=ORIENTED_EDGE('',*,*,#4116,.F.);
#1775=ORIENTED_EDGE('',*,*,#4117,.F.);
#1776=ORIENTED_EDGE('',*,*,#4118,.F.);
#1777=ORIENTED_EDGE('',*,*,#4119,.F.);
#1778=ORIENTED_EDGE('',*,*,#4120,.F.);
#1779=ORIENTED_EDGE('',*,*,#4121,.F.);
#1780=ORIENTED_EDGE('',*,*,#4122,.F.);
#1781=ORIENTED_EDGE('',*,*,#4123,.F.);
#1782=ORIENTED_EDGE('',*,*,#4124,.F.);
#1783=ORIENTED_EDGE('',*,*,#4125,.F.);
#1784=ORIENTED_EDGE('',*,*,#4126,.F.);
#1785=ORIENTED_EDGE('',*,*,#4127,.T.);
#1786=ORIENTED_EDGE('',*,*,#4128,.T.);
#1787=ORIENTED_EDGE('',*,*,#4129,.T.);
#1788=ORIENTED_EDGE('',*,*,#4130,.T.);
#1789=ORIENTED_EDGE('',*,*,#4131,.T.);
#1790=ORIENTED_EDGE('',*,*,#4132,.T.);
#1791=ORIENTED_EDGE('',*,*,#4133,.T.);
#1792=ORIENTED_EDGE('',*,*,#4134,.T.);
#1793=ORIENTED_EDGE('',*,*,#4135,.T.);
#1794=ORIENTED_EDGE('',*,*,#4136,.T.);
#1795=ORIENTED_EDGE('',*,*,#4137,.T.);
#1796=ORIENTED_EDGE('',*,*,#4138,.T.);
#1797=ORIENTED_EDGE('',*,*,#4139,.F.);
#1798=ORIENTED_EDGE('',*,*,#4140,.T.);
#1799=ORIENTED_EDGE('',*,*,#4141,.F.);
#1800=ORIENTED_EDGE('',*,*,#4142,.T.);
#1801=ORIENTED_EDGE('',*,*,#4143,.T.);
#1802=ORIENTED_EDGE('',*,*,#4144,.T.);
#1803=ORIENTED_EDGE('',*,*,#4145,.F.);
#1804=ORIENTED_EDGE('',*,*,#4146,.T.);
#1805=ORIENTED_EDGE('',*,*,#4147,.F.);
#1806=ORIENTED_EDGE('',*,*,#4148,.T.);
#1807=ORIENTED_EDGE('',*,*,#4149,.T.);
#1808=ORIENTED_EDGE('',*,*,#4150,.T.);
#1809=ORIENTED_EDGE('',*,*,#4151,.T.);
#1810=ORIENTED_EDGE('',*,*,#4152,.T.);
#1811=ORIENTED_EDGE('',*,*,#4153,.T.);
#1812=ORIENTED_EDGE('',*,*,#4154,.T.);
#1813=ORIENTED_EDGE('',*,*,#4155,.T.);
#1814=ORIENTED_EDGE('',*,*,#4156,.T.);
#1815=ORIENTED_EDGE('',*,*,#4157,.T.);
#1816=ORIENTED_EDGE('',*,*,#4158,.T.);
#1817=ORIENTED_EDGE('',*,*,#4159,.T.);
#1818=ORIENTED_EDGE('',*,*,#4160,.T.);
#1819=ORIENTED_EDGE('',*,*,#4161,.T.);
#1820=ORIENTED_EDGE('',*,*,#4162,.T.);
#1821=ORIENTED_EDGE('',*,*,#4163,.T.);
#1822=ORIENTED_EDGE('',*,*,#4164,.T.);
#1823=ORIENTED_EDGE('',*,*,#4165,.T.);
#1824=ORIENTED_EDGE('',*,*,#4166,.T.);
#1825=ORIENTED_EDGE('',*,*,#4167,.T.);
#1826=ORIENTED_EDGE('',*,*,#4168,.T.);
#1827=ORIENTED_EDGE('',*,*,#4169,.T.);
#1828=ORIENTED_EDGE('',*,*,#4170,.T.);
#1829=ORIENTED_EDGE('',*,*,#4171,.T.);
#1830=ORIENTED_EDGE('',*,*,#4172,.T.);
#1831=ORIENTED_EDGE('',*,*,#4173,.T.);
#1832=ORIENTED_EDGE('',*,*,#4174,.T.);
#1833=ORIENTED_EDGE('',*,*,#4175,.T.);
#1834=ORIENTED_EDGE('',*,*,#4176,.T.);
#1835=ORIENTED_EDGE('',*,*,#4177,.T.);
#1836=ORIENTED_EDGE('',*,*,#4178,.T.);
#1837=ORIENTED_EDGE('',*,*,#4179,.T.);
#1838=ORIENTED_EDGE('',*,*,#4180,.T.);
#1839=ORIENTED_EDGE('',*,*,#4181,.T.);
#1840=ORIENTED_EDGE('',*,*,#4182,.T.);
#1841=ORIENTED_EDGE('',*,*,#4183,.T.);
#1842=ORIENTED_EDGE('',*,*,#4184,.T.);
#1843=ORIENTED_EDGE('',*,*,#4185,.T.);
#1844=ORIENTED_EDGE('',*,*,#4186,.T.);
#1845=ORIENTED_EDGE('',*,*,#4187,.T.);
#1846=ORIENTED_EDGE('',*,*,#4188,.T.);
#1847=ORIENTED_EDGE('',*,*,#4189,.T.);
#1848=ORIENTED_EDGE('',*,*,#4190,.T.);
#1849=ORIENTED_EDGE('',*,*,#4191,.T.);
#1850=ORIENTED_EDGE('',*,*,#4192,.T.);
#1851=ORIENTED_EDGE('',*,*,#4193,.T.);
#1852=ORIENTED_EDGE('',*,*,#4194,.T.);
#1853=ORIENTED_EDGE('',*,*,#4195,.T.);
#1854=ORIENTED_EDGE('',*,*,#4196,.T.);
#1855=ORIENTED_EDGE('',*,*,#4197,.T.);
#1856=ORIENTED_EDGE('',*,*,#4198,.T.);
#1857=ORIENTED_EDGE('',*,*,#4199,.T.);
#1858=ORIENTED_EDGE('',*,*,#4200,.T.);
#1859=ORIENTED_EDGE('',*,*,#4201,.T.);
#1860=ORIENTED_EDGE('',*,*,#4202,.T.);
#1861=ORIENTED_EDGE('',*,*,#4203,.T.);
#1862=ORIENTED_EDGE('',*,*,#4204,.T.);
#1863=ORIENTED_EDGE('',*,*,#4205,.T.);
#1864=ORIENTED_EDGE('',*,*,#4206,.T.);
#1865=ORIENTED_EDGE('',*,*,#4207,.T.);
#1866=ORIENTED_EDGE('',*,*,#4208,.T.);
#1867=ORIENTED_EDGE('',*,*,#4209,.T.);
#1868=ORIENTED_EDGE('',*,*,#4210,.T.);
#1869=ORIENTED_EDGE('',*,*,#4211,.T.);
#1870=ORIENTED_EDGE('',*,*,#4212,.T.);
#1871=ORIENTED_EDGE('',*,*,#4213,.F.);
#1872=ORIENTED_EDGE('',*,*,#4039,.T.);
#1873=ORIENTED_EDGE('',*,*,#4214,.T.);
#1874=ORIENTED_EDGE('',*,*,#4215,.T.);
#1875=ORIENTED_EDGE('',*,*,#4037,.T.);
#1876=ORIENTED_EDGE('',*,*,#4215,.F.);
#1877=ORIENTED_EDGE('',*,*,#4127,.F.);
#1878=ORIENTED_EDGE('',*,*,#4128,.F.);
#1879=ORIENTED_EDGE('',*,*,#4216,.F.);
#1880=ORIENTED_EDGE('',*,*,#4212,.F.);
#1881=ORIENTED_EDGE('',*,*,#4217,.T.);
#1882=ORIENTED_EDGE('',*,*,#4218,.T.);
#1883=ORIENTED_EDGE('',*,*,#4219,.T.);
#1884=ORIENTED_EDGE('',*,*,#4220,.T.);
#1885=ORIENTED_EDGE('',*,*,#4221,.T.);
#1886=ORIENTED_EDGE('',*,*,#4222,.T.);
#1887=ORIENTED_EDGE('',*,*,#4223,.T.);
#1888=ORIENTED_EDGE('',*,*,#4224,.T.);
#1889=ORIENTED_EDGE('',*,*,#4225,.T.);
#1890=ORIENTED_EDGE('',*,*,#4226,.T.);
#1891=ORIENTED_EDGE('',*,*,#4227,.T.);
#1892=ORIENTED_EDGE('',*,*,#4228,.T.);
#1893=ORIENTED_EDGE('',*,*,#4229,.T.);
#1894=ORIENTED_EDGE('',*,*,#4230,.T.);
#1895=ORIENTED_EDGE('',*,*,#4231,.T.);
#1896=ORIENTED_EDGE('',*,*,#4232,.T.);
#1897=ORIENTED_EDGE('',*,*,#4233,.T.);
#1898=ORIENTED_EDGE('',*,*,#4234,.T.);
#1899=ORIENTED_EDGE('',*,*,#4235,.T.);
#1900=ORIENTED_EDGE('',*,*,#4236,.T.);
#1901=ORIENTED_EDGE('',*,*,#4237,.T.);
#1902=ORIENTED_EDGE('',*,*,#4238,.T.);
#1903=ORIENTED_EDGE('',*,*,#4051,.T.);
#1904=ORIENTED_EDGE('',*,*,#4239,.T.);
#1905=ORIENTED_EDGE('',*,*,#4240,.T.);
#1906=ORIENTED_EDGE('',*,*,#4052,.T.);
#1907=ORIENTED_EDGE('',*,*,#4238,.F.);
#1908=ORIENTED_EDGE('',*,*,#4241,.T.);
#1909=ORIENTED_EDGE('',*,*,#4240,.F.);
#1910=ORIENTED_EDGE('',*,*,#4242,.T.);
#1911=ORIENTED_EDGE('',*,*,#4243,.T.);
#1912=ORIENTED_EDGE('',*,*,#4053,.T.);
#1913=ORIENTED_EDGE('',*,*,#4244,.T.);
#1914=ORIENTED_EDGE('',*,*,#4054,.T.);
#1915=ORIENTED_EDGE('',*,*,#4243,.F.);
#1916=ORIENTED_EDGE('',*,*,#4245,.T.);
#1917=ORIENTED_EDGE('',*,*,#4246,.F.);
#1918=ORIENTED_EDGE('',*,*,#4079,.T.);
#1919=ORIENTED_EDGE('',*,*,#4247,.T.);
#1920=ORIENTED_EDGE('',*,*,#4248,.T.);
#1921=ORIENTED_EDGE('',*,*,#4246,.T.);
#1922=ORIENTED_EDGE('',*,*,#4249,.T.);
#1923=ORIENTED_EDGE('',*,*,#4250,.F.);
#1924=ORIENTED_EDGE('',*,*,#4080,.T.);
#1925=ORIENTED_EDGE('',*,*,#4251,.F.);
#1926=ORIENTED_EDGE('',*,*,#4081,.T.);
#1927=ORIENTED_EDGE('',*,*,#4250,.T.);
#1928=ORIENTED_EDGE('',*,*,#4252,.T.);
#1929=ORIENTED_EDGE('',*,*,#4251,.T.);
#1930=ORIENTED_EDGE('',*,*,#4253,.T.);
#1931=ORIENTED_EDGE('',*,*,#4214,.F.);
#1932=ORIENTED_EDGE('',*,*,#4038,.T.);
#1933=ORIENTED_EDGE('',*,*,#4213,.T.);
#1934=ORIENTED_EDGE('',*,*,#4254,.T.);
#1935=ORIENTED_EDGE('',*,*,#4255,.F.);
#1936=ORIENTED_EDGE('',*,*,#4040,.T.);
#1937=ORIENTED_EDGE('',*,*,#4255,.T.);
#1938=ORIENTED_EDGE('',*,*,#4256,.T.);
#1939=ORIENTED_EDGE('',*,*,#4257,.F.);
#1940=ORIENTED_EDGE('',*,*,#4041,.T.);
#1941=ORIENTED_EDGE('',*,*,#4257,.T.);
#1942=ORIENTED_EDGE('',*,*,#4258,.T.);
#1943=ORIENTED_EDGE('',*,*,#4259,.F.);
#1944=ORIENTED_EDGE('',*,*,#4042,.T.);
#1945=ORIENTED_EDGE('',*,*,#4260,.F.);
#1946=ORIENTED_EDGE('',*,*,#4043,.T.);
#1947=ORIENTED_EDGE('',*,*,#4259,.T.);
#1948=ORIENTED_EDGE('',*,*,#4261,.T.);
#1949=ORIENTED_EDGE('',*,*,#4260,.T.);
#1950=ORIENTED_EDGE('',*,*,#4262,.T.);
#1951=ORIENTED_EDGE('',*,*,#4263,.F.);
#1952=ORIENTED_EDGE('',*,*,#4044,.T.);
#1953=ORIENTED_EDGE('',*,*,#4264,.F.);
#1954=ORIENTED_EDGE('',*,*,#4045,.T.);
#1955=ORIENTED_EDGE('',*,*,#4263,.T.);
#1956=ORIENTED_EDGE('',*,*,#4265,.T.);
#1957=ORIENTED_EDGE('',*,*,#4264,.T.);
#1958=ORIENTED_EDGE('',*,*,#4266,.T.);
#1959=ORIENTED_EDGE('',*,*,#4267,.F.);
#1960=ORIENTED_EDGE('',*,*,#4046,.T.);
#1961=ORIENTED_EDGE('',*,*,#4047,.T.);
#1962=ORIENTED_EDGE('',*,*,#4267,.T.);
#1963=ORIENTED_EDGE('',*,*,#4268,.T.);
#1964=ORIENTED_EDGE('',*,*,#4269,.F.);
#1965=ORIENTED_EDGE('',*,*,#4270,.T.);
#1966=ORIENTED_EDGE('',*,*,#4271,.F.);
#1967=ORIENTED_EDGE('',*,*,#4048,.T.);
#1968=ORIENTED_EDGE('',*,*,#4269,.T.);
#1969=ORIENTED_EDGE('',*,*,#4271,.T.);
#1970=ORIENTED_EDGE('',*,*,#4272,.T.);
#1971=ORIENTED_EDGE('',*,*,#4273,.F.);
#1972=ORIENTED_EDGE('',*,*,#4049,.T.);
#1973=ORIENTED_EDGE('',*,*,#4050,.T.);
#1974=ORIENTED_EDGE('',*,*,#4273,.T.);
#1975=ORIENTED_EDGE('',*,*,#4274,.T.);
#1976=ORIENTED_EDGE('',*,*,#4239,.F.);
#1977=ORIENTED_EDGE('',*,*,#4083,.T.);
#1978=ORIENTED_EDGE('',*,*,#4275,.T.);
#1979=ORIENTED_EDGE('',*,*,#4084,.T.);
#1980=ORIENTED_EDGE('',*,*,#4276,.T.);
#1981=ORIENTED_EDGE('',*,*,#4277,.T.);
#1982=ORIENTED_EDGE('',*,*,#4278,.T.);
#1983=ORIENTED_EDGE('',*,*,#4085,.T.);
#1984=ORIENTED_EDGE('',*,*,#4278,.F.);
#1985=ORIENTED_EDGE('',*,*,#4279,.T.);
#1986=ORIENTED_EDGE('',*,*,#4280,.F.);
#1987=ORIENTED_EDGE('',*,*,#4086,.T.);
#1988=ORIENTED_EDGE('',*,*,#4280,.T.);
#1989=ORIENTED_EDGE('',*,*,#4281,.T.);
#1990=ORIENTED_EDGE('',*,*,#4282,.F.);
#1991=ORIENTED_EDGE('',*,*,#4087,.T.);
#1992=ORIENTED_EDGE('',*,*,#4282,.T.);
#1993=ORIENTED_EDGE('',*,*,#4283,.T.);
#1994=ORIENTED_EDGE('',*,*,#4284,.F.);
#1995=ORIENTED_EDGE('',*,*,#4088,.T.);
#1996=ORIENTED_EDGE('',*,*,#4284,.T.);
#1997=ORIENTED_EDGE('',*,*,#4285,.T.);
#1998=ORIENTED_EDGE('',*,*,#4286,.F.);
#1999=ORIENTED_EDGE('',*,*,#4089,.T.);
#2000=ORIENTED_EDGE('',*,*,#4286,.T.);
#2001=ORIENTED_EDGE('',*,*,#4287,.T.);
#2002=ORIENTED_EDGE('',*,*,#4288,.F.);
#2003=ORIENTED_EDGE('',*,*,#4090,.T.);
#2004=ORIENTED_EDGE('',*,*,#4288,.T.);
#2005=ORIENTED_EDGE('',*,*,#4289,.T.);
#2006=ORIENTED_EDGE('',*,*,#4290,.F.);
#2007=ORIENTED_EDGE('',*,*,#4091,.T.);
#2008=ORIENTED_EDGE('',*,*,#4290,.T.);
#2009=ORIENTED_EDGE('',*,*,#4291,.T.);
#2010=ORIENTED_EDGE('',*,*,#4292,.F.);
#2011=ORIENTED_EDGE('',*,*,#4092,.T.);
#2012=ORIENTED_EDGE('',*,*,#4292,.T.);
#2013=ORIENTED_EDGE('',*,*,#4293,.T.);
#2014=ORIENTED_EDGE('',*,*,#4294,.F.);
#2015=ORIENTED_EDGE('',*,*,#4093,.T.);
#2016=ORIENTED_EDGE('',*,*,#4294,.T.);
#2017=ORIENTED_EDGE('',*,*,#4295,.T.);
#2018=ORIENTED_EDGE('',*,*,#4296,.F.);
#2019=ORIENTED_EDGE('',*,*,#4094,.T.);
#2020=ORIENTED_EDGE('',*,*,#4296,.T.);
#2021=ORIENTED_EDGE('',*,*,#4297,.T.);
#2022=ORIENTED_EDGE('',*,*,#4276,.F.);
#2023=ORIENTED_EDGE('',*,*,#4095,.T.);
#2024=ORIENTED_EDGE('',*,*,#4104,.T.);
#2025=ORIENTED_EDGE('',*,*,#4298,.T.);
#2026=ORIENTED_EDGE('',*,*,#4096,.T.);
#2027=ORIENTED_EDGE('',*,*,#4105,.T.);
#2028=ORIENTED_EDGE('',*,*,#4299,.T.);
#2029=ORIENTED_EDGE('',*,*,#4106,.T.);
#2030=ORIENTED_EDGE('',*,*,#4300,.T.);
#2031=ORIENTED_EDGE('',*,*,#4301,.T.);
#2032=ORIENTED_EDGE('',*,*,#4302,.T.);
#2033=ORIENTED_EDGE('',*,*,#4303,.T.);
#2034=ORIENTED_EDGE('',*,*,#4107,.T.);
#2035=ORIENTED_EDGE('',*,*,#4303,.F.);
#2036=ORIENTED_EDGE('',*,*,#4304,.T.);
#2037=ORIENTED_EDGE('',*,*,#4305,.F.);
#2038=ORIENTED_EDGE('',*,*,#4108,.T.);
#2039=ORIENTED_EDGE('',*,*,#4305,.T.);
#2040=ORIENTED_EDGE('',*,*,#4306,.T.);
#2041=ORIENTED_EDGE('',*,*,#4307,.F.);
#2042=ORIENTED_EDGE('',*,*,#4109,.T.);
#2043=ORIENTED_EDGE('',*,*,#4307,.T.);
#2044=ORIENTED_EDGE('',*,*,#4308,.T.);
#2045=ORIENTED_EDGE('',*,*,#4309,.F.);
#2046=ORIENTED_EDGE('',*,*,#4110,.T.);
#2047=ORIENTED_EDGE('',*,*,#4309,.T.);
#2048=ORIENTED_EDGE('',*,*,#4310,.T.);
#2049=ORIENTED_EDGE('',*,*,#4311,.F.);
#2050=ORIENTED_EDGE('',*,*,#4111,.T.);
#2051=ORIENTED_EDGE('',*,*,#4311,.T.);
#2052=ORIENTED_EDGE('',*,*,#4312,.T.);
#2053=ORIENTED_EDGE('',*,*,#4313,.F.);
#2054=ORIENTED_EDGE('',*,*,#4112,.T.);
#2055=ORIENTED_EDGE('',*,*,#4313,.T.);
#2056=ORIENTED_EDGE('',*,*,#4314,.T.);
#2057=ORIENTED_EDGE('',*,*,#4315,.F.);
#2058=ORIENTED_EDGE('',*,*,#4113,.T.);
#2059=ORIENTED_EDGE('',*,*,#4315,.T.);
#2060=ORIENTED_EDGE('',*,*,#4316,.T.);
#2061=ORIENTED_EDGE('',*,*,#4317,.F.);
#2062=ORIENTED_EDGE('',*,*,#4114,.T.);
#2063=ORIENTED_EDGE('',*,*,#4317,.T.);
#2064=ORIENTED_EDGE('',*,*,#4318,.T.);
#2065=ORIENTED_EDGE('',*,*,#4301,.F.);
#2066=ORIENTED_EDGE('',*,*,#4115,.T.);
#2067=ORIENTED_EDGE('',*,*,#4097,.T.);
#2068=ORIENTED_EDGE('',*,*,#4319,.T.);
#2069=ORIENTED_EDGE('',*,*,#4098,.T.);
#2070=ORIENTED_EDGE('',*,*,#4320,.T.);
#2071=ORIENTED_EDGE('',*,*,#4099,.T.);
#2072=ORIENTED_EDGE('',*,*,#4321,.T.);
#2073=ORIENTED_EDGE('',*,*,#4100,.T.);
#2074=ORIENTED_EDGE('',*,*,#4322,.T.);
#2075=ORIENTED_EDGE('',*,*,#4323,.T.);
#2076=ORIENTED_EDGE('',*,*,#4324,.T.);
#2077=ORIENTED_EDGE('',*,*,#4325,.T.);
#2078=ORIENTED_EDGE('',*,*,#4116,.T.);
#2079=ORIENTED_EDGE('',*,*,#4325,.F.);
#2080=ORIENTED_EDGE('',*,*,#4326,.T.);
#2081=ORIENTED_EDGE('',*,*,#4327,.F.);
#2082=ORIENTED_EDGE('',*,*,#4117,.T.);
#2083=ORIENTED_EDGE('',*,*,#4327,.T.);
#2084=ORIENTED_EDGE('',*,*,#4328,.T.);
#2085=ORIENTED_EDGE('',*,*,#4329,.F.);
#2086=ORIENTED_EDGE('',*,*,#4118,.T.);
#2087=ORIENTED_EDGE('',*,*,#4329,.T.);
#2088=ORIENTED_EDGE('',*,*,#4330,.T.);
#2089=ORIENTED_EDGE('',*,*,#4331,.F.);
#2090=ORIENTED_EDGE('',*,*,#4119,.T.);
#2091=ORIENTED_EDGE('',*,*,#4331,.T.);
#2092=ORIENTED_EDGE('',*,*,#4332,.T.);
#2093=ORIENTED_EDGE('',*,*,#4333,.F.);
#2094=ORIENTED_EDGE('',*,*,#4120,.T.);
#2095=ORIENTED_EDGE('',*,*,#4333,.T.);
#2096=ORIENTED_EDGE('',*,*,#4334,.T.);
#2097=ORIENTED_EDGE('',*,*,#4335,.F.);
#2098=ORIENTED_EDGE('',*,*,#4121,.T.);
#2099=ORIENTED_EDGE('',*,*,#4335,.T.);
#2100=ORIENTED_EDGE('',*,*,#4336,.T.);
#2101=ORIENTED_EDGE('',*,*,#4337,.F.);
#2102=ORIENTED_EDGE('',*,*,#4122,.T.);
#2103=ORIENTED_EDGE('',*,*,#4337,.T.);
#2104=ORIENTED_EDGE('',*,*,#4338,.T.);
#2105=ORIENTED_EDGE('',*,*,#4339,.F.);
#2106=ORIENTED_EDGE('',*,*,#4123,.T.);
#2107=ORIENTED_EDGE('',*,*,#4339,.T.);
#2108=ORIENTED_EDGE('',*,*,#4340,.T.);
#2109=ORIENTED_EDGE('',*,*,#4341,.F.);
#2110=ORIENTED_EDGE('',*,*,#4124,.T.);
#2111=ORIENTED_EDGE('',*,*,#4341,.T.);
#2112=ORIENTED_EDGE('',*,*,#4342,.T.);
#2113=ORIENTED_EDGE('',*,*,#4323,.F.);
#2114=ORIENTED_EDGE('',*,*,#4125,.T.);
#2115=ORIENTED_EDGE('',*,*,#4101,.T.);
#2116=ORIENTED_EDGE('',*,*,#4343,.T.);
#2117=ORIENTED_EDGE('',*,*,#4102,.T.);
#2118=ORIENTED_EDGE('',*,*,#4344,.T.);
#2119=ORIENTED_EDGE('',*,*,#4103,.T.);
#2120=ORIENTED_EDGE('',*,*,#4345,.T.);
#2121=ORIENTED_EDGE('',*,*,#4175,.F.);
#2122=ORIENTED_EDGE('',*,*,#4346,.T.);
#2123=ORIENTED_EDGE('',*,*,#4173,.F.);
#2124=ORIENTED_EDGE('',*,*,#4347,.T.);
#2125=ORIENTED_EDGE('',*,*,#4348,.F.);
#2126=ORIENTED_EDGE('',*,*,#4349,.T.);
#2127=ORIENTED_EDGE('',*,*,#4156,.F.);
#2128=ORIENTED_EDGE('',*,*,#4350,.F.);
#2129=ORIENTED_EDGE('',*,*,#4245,.F.);
#2130=ORIENTED_EDGE('',*,*,#4351,.T.);
#2131=ORIENTED_EDGE('',*,*,#4157,.F.);
#2132=ORIENTED_EDGE('',*,*,#4349,.F.);
#2133=ORIENTED_EDGE('',*,*,#4242,.F.);
#2134=ORIENTED_EDGE('',*,*,#4352,.T.);
#2135=ORIENTED_EDGE('',*,*,#4158,.F.);
#2136=ORIENTED_EDGE('',*,*,#4351,.F.);
#2137=ORIENTED_EDGE('',*,*,#4241,.F.);
#2138=ORIENTED_EDGE('',*,*,#4353,.T.);
#2139=ORIENTED_EDGE('',*,*,#4159,.F.);
#2140=ORIENTED_EDGE('',*,*,#4352,.F.);
#2141=ORIENTED_EDGE('',*,*,#4237,.F.);
#2142=ORIENTED_EDGE('',*,*,#4354,.T.);
#2143=ORIENTED_EDGE('',*,*,#4160,.F.);
#2144=ORIENTED_EDGE('',*,*,#4353,.F.);
#2145=ORIENTED_EDGE('',*,*,#4274,.F.);
#2146=ORIENTED_EDGE('',*,*,#4355,.T.);
#2147=ORIENTED_EDGE('',*,*,#4161,.F.);
#2148=ORIENTED_EDGE('',*,*,#4354,.F.);
#2149=ORIENTED_EDGE('',*,*,#4272,.F.);
#2150=ORIENTED_EDGE('',*,*,#4356,.T.);
#2151=ORIENTED_EDGE('',*,*,#4162,.F.);
#2152=ORIENTED_EDGE('',*,*,#4355,.F.);
#2153=ORIENTED_EDGE('',*,*,#4270,.F.);
#2154=ORIENTED_EDGE('',*,*,#4357,.T.);
#2155=ORIENTED_EDGE('',*,*,#4163,.F.);
#2156=ORIENTED_EDGE('',*,*,#4356,.F.);
#2157=ORIENTED_EDGE('',*,*,#4268,.F.);
#2158=ORIENTED_EDGE('',*,*,#4358,.T.);
#2159=ORIENTED_EDGE('',*,*,#4164,.F.);
#2160=ORIENTED_EDGE('',*,*,#4357,.F.);
#2161=ORIENTED_EDGE('',*,*,#4266,.F.);
#2162=ORIENTED_EDGE('',*,*,#4359,.T.);
#2163=ORIENTED_EDGE('',*,*,#4165,.F.);
#2164=ORIENTED_EDGE('',*,*,#4358,.F.);
#2165=ORIENTED_EDGE('',*,*,#4265,.F.);
#2166=ORIENTED_EDGE('',*,*,#4360,.T.);
#2167=ORIENTED_EDGE('',*,*,#4166,.F.);
#2168=ORIENTED_EDGE('',*,*,#4359,.F.);
#2169=ORIENTED_EDGE('',*,*,#4262,.F.);
#2170=ORIENTED_EDGE('',*,*,#4361,.T.);
#2171=ORIENTED_EDGE('',*,*,#4167,.F.);
#2172=ORIENTED_EDGE('',*,*,#4360,.F.);
#2173=ORIENTED_EDGE('',*,*,#4261,.F.);
#2174=ORIENTED_EDGE('',*,*,#4362,.T.);
#2175=ORIENTED_EDGE('',*,*,#4168,.F.);
#2176=ORIENTED_EDGE('',*,*,#4361,.F.);
#2177=ORIENTED_EDGE('',*,*,#4258,.F.);
#2178=ORIENTED_EDGE('',*,*,#4363,.T.);
#2179=ORIENTED_EDGE('',*,*,#4169,.F.);
#2180=ORIENTED_EDGE('',*,*,#4362,.F.);
#2181=ORIENTED_EDGE('',*,*,#4256,.F.);
#2182=ORIENTED_EDGE('',*,*,#4364,.T.);
#2183=ORIENTED_EDGE('',*,*,#4170,.F.);
#2184=ORIENTED_EDGE('',*,*,#4363,.F.);
#2185=ORIENTED_EDGE('',*,*,#4254,.F.);
#2186=ORIENTED_EDGE('',*,*,#4216,.T.);
#2187=ORIENTED_EDGE('',*,*,#4171,.F.);
#2188=ORIENTED_EDGE('',*,*,#4364,.F.);
#2189=ORIENTED_EDGE('',*,*,#4253,.F.);
#2190=ORIENTED_EDGE('',*,*,#4365,.T.);
#2191=ORIENTED_EDGE('',*,*,#4129,.F.);
#2192=ORIENTED_EDGE('',*,*,#4217,.F.);
#2193=ORIENTED_EDGE('',*,*,#4252,.F.);
#2194=ORIENTED_EDGE('',*,*,#4366,.T.);
#2195=ORIENTED_EDGE('',*,*,#4130,.F.);
#2196=ORIENTED_EDGE('',*,*,#4365,.F.);
#2197=ORIENTED_EDGE('',*,*,#4249,.F.);
#2198=ORIENTED_EDGE('',*,*,#4367,.T.);
#2199=ORIENTED_EDGE('',*,*,#4131,.F.);
#2200=ORIENTED_EDGE('',*,*,#4366,.F.);
#2201=ORIENTED_EDGE('',*,*,#4248,.F.);
#2202=ORIENTED_EDGE('',*,*,#4368,.T.);
#2203=ORIENTED_EDGE('',*,*,#4132,.F.);
#2204=ORIENTED_EDGE('',*,*,#4367,.F.);
#2205=ORIENTED_EDGE('',*,*,#4369,.F.);
#2206=ORIENTED_EDGE('',*,*,#4370,.T.);
#2207=ORIENTED_EDGE('',*,*,#4133,.F.);
#2208=ORIENTED_EDGE('',*,*,#4368,.F.);
#2209=ORIENTED_EDGE('',*,*,#4176,.F.);
#2210=ORIENTED_EDGE('',*,*,#4371,.T.);
#2211=ORIENTED_EDGE('',*,*,#4177,.F.);
#2212=ORIENTED_EDGE('',*,*,#4372,.T.);
#2213=ORIENTED_EDGE('',*,*,#4178,.F.);
#2214=ORIENTED_EDGE('',*,*,#4373,.T.);
#2215=ORIENTED_EDGE('',*,*,#4179,.F.);
#2216=ORIENTED_EDGE('',*,*,#4374,.T.);
#2217=ORIENTED_EDGE('',*,*,#4277,.F.);
#2218=ORIENTED_EDGE('',*,*,#4375,.T.);
#2219=ORIENTED_EDGE('',*,*,#4180,.F.);
#2220=ORIENTED_EDGE('',*,*,#4376,.F.);
#2221=ORIENTED_EDGE('',*,*,#4297,.F.);
#2222=ORIENTED_EDGE('',*,*,#4377,.T.);
#2223=ORIENTED_EDGE('',*,*,#4181,.F.);
#2224=ORIENTED_EDGE('',*,*,#4375,.F.);
#2225=ORIENTED_EDGE('',*,*,#4295,.F.);
#2226=ORIENTED_EDGE('',*,*,#4378,.T.);
#2227=ORIENTED_EDGE('',*,*,#4182,.F.);
#2228=ORIENTED_EDGE('',*,*,#4377,.F.);
#2229=ORIENTED_EDGE('',*,*,#4293,.F.);
#2230=ORIENTED_EDGE('',*,*,#4379,.T.);
#2231=ORIENTED_EDGE('',*,*,#4183,.F.);
#2232=ORIENTED_EDGE('',*,*,#4378,.F.);
#2233=ORIENTED_EDGE('',*,*,#4291,.F.);
#2234=ORIENTED_EDGE('',*,*,#4380,.T.);
#2235=ORIENTED_EDGE('',*,*,#4184,.F.);
#2236=ORIENTED_EDGE('',*,*,#4379,.F.);
#2237=ORIENTED_EDGE('',*,*,#4289,.F.);
#2238=ORIENTED_EDGE('',*,*,#4381,.T.);
#2239=ORIENTED_EDGE('',*,*,#4185,.F.);
#2240=ORIENTED_EDGE('',*,*,#4380,.F.);
#2241=ORIENTED_EDGE('',*,*,#4287,.F.);
#2242=ORIENTED_EDGE('',*,*,#4382,.T.);
#2243=ORIENTED_EDGE('',*,*,#4186,.F.);
#2244=ORIENTED_EDGE('',*,*,#4381,.F.);
#2245=ORIENTED_EDGE('',*,*,#4285,.F.);
#2246=ORIENTED_EDGE('',*,*,#4383,.T.);
#2247=ORIENTED_EDGE('',*,*,#4187,.F.);
#2248=ORIENTED_EDGE('',*,*,#4382,.F.);
#2249=ORIENTED_EDGE('',*,*,#4283,.F.);
#2250=ORIENTED_EDGE('',*,*,#4384,.T.);
#2251=ORIENTED_EDGE('',*,*,#4188,.F.);
#2252=ORIENTED_EDGE('',*,*,#4383,.F.);
#2253=ORIENTED_EDGE('',*,*,#4281,.F.);
#2254=ORIENTED_EDGE('',*,*,#4385,.T.);
#2255=ORIENTED_EDGE('',*,*,#4189,.F.);
#2256=ORIENTED_EDGE('',*,*,#4384,.F.);
#2257=ORIENTED_EDGE('',*,*,#4279,.F.);
#2258=ORIENTED_EDGE('',*,*,#4376,.T.);
#2259=ORIENTED_EDGE('',*,*,#4190,.F.);
#2260=ORIENTED_EDGE('',*,*,#4385,.F.);
#2261=ORIENTED_EDGE('',*,*,#4191,.F.);
#2262=ORIENTED_EDGE('',*,*,#4343,.F.);
#2263=ORIENTED_EDGE('',*,*,#4324,.F.);
#2264=ORIENTED_EDGE('',*,*,#4386,.T.);
#2265=ORIENTED_EDGE('',*,*,#4192,.F.);
#2266=ORIENTED_EDGE('',*,*,#4387,.F.);
#2267=ORIENTED_EDGE('',*,*,#4342,.F.);
#2268=ORIENTED_EDGE('',*,*,#4388,.T.);
#2269=ORIENTED_EDGE('',*,*,#4193,.F.);
#2270=ORIENTED_EDGE('',*,*,#4386,.F.);
#2271=ORIENTED_EDGE('',*,*,#4340,.F.);
#2272=ORIENTED_EDGE('',*,*,#4389,.T.);
#2273=ORIENTED_EDGE('',*,*,#4194,.F.);
#2274=ORIENTED_EDGE('',*,*,#4388,.F.);
#2275=ORIENTED_EDGE('',*,*,#4338,.F.);
#2276=ORIENTED_EDGE('',*,*,#4390,.T.);
#2277=ORIENTED_EDGE('',*,*,#4195,.F.);
#2278=ORIENTED_EDGE('',*,*,#4389,.F.);
#2279=ORIENTED_EDGE('',*,*,#4336,.F.);
#2280=ORIENTED_EDGE('',*,*,#4391,.T.);
#2281=ORIENTED_EDGE('',*,*,#4196,.F.);
#2282=ORIENTED_EDGE('',*,*,#4390,.F.);
#2283=ORIENTED_EDGE('',*,*,#4334,.F.);
#2284=ORIENTED_EDGE('',*,*,#4392,.T.);
#2285=ORIENTED_EDGE('',*,*,#4197,.F.);
#2286=ORIENTED_EDGE('',*,*,#4391,.F.);
#2287=ORIENTED_EDGE('',*,*,#4332,.F.);
#2288=ORIENTED_EDGE('',*,*,#4393,.T.);
#2289=ORIENTED_EDGE('',*,*,#4198,.F.);
#2290=ORIENTED_EDGE('',*,*,#4392,.F.);
#2291=ORIENTED_EDGE('',*,*,#4330,.F.);
#2292=ORIENTED_EDGE('',*,*,#4394,.T.);
#2293=ORIENTED_EDGE('',*,*,#4199,.F.);
#2294=ORIENTED_EDGE('',*,*,#4393,.F.);
#2295=ORIENTED_EDGE('',*,*,#4328,.F.);
#2296=ORIENTED_EDGE('',*,*,#4395,.T.);
#2297=ORIENTED_EDGE('',*,*,#4200,.F.);
#2298=ORIENTED_EDGE('',*,*,#4394,.F.);
#2299=ORIENTED_EDGE('',*,*,#4326,.F.);
#2300=ORIENTED_EDGE('',*,*,#4387,.T.);
#2301=ORIENTED_EDGE('',*,*,#4201,.F.);
#2302=ORIENTED_EDGE('',*,*,#4395,.F.);
#2303=ORIENTED_EDGE('',*,*,#4302,.F.);
#2304=ORIENTED_EDGE('',*,*,#4396,.T.);
#2305=ORIENTED_EDGE('',*,*,#4202,.F.);
#2306=ORIENTED_EDGE('',*,*,#4397,.F.);
#2307=ORIENTED_EDGE('',*,*,#4318,.F.);
#2308=ORIENTED_EDGE('',*,*,#4398,.T.);
#2309=ORIENTED_EDGE('',*,*,#4203,.F.);
#2310=ORIENTED_EDGE('',*,*,#4396,.F.);
#2311=ORIENTED_EDGE('',*,*,#4316,.F.);
#2312=ORIENTED_EDGE('',*,*,#4399,.T.);
#2313=ORIENTED_EDGE('',*,*,#4204,.F.);
#2314=ORIENTED_EDGE('',*,*,#4398,.F.);
#2315=ORIENTED_EDGE('',*,*,#4314,.F.);
#2316=ORIENTED_EDGE('',*,*,#4400,.T.);
#2317=ORIENTED_EDGE('',*,*,#4205,.F.);
#2318=ORIENTED_EDGE('',*,*,#4399,.F.);
#2319=ORIENTED_EDGE('',*,*,#4312,.F.);
#2320=ORIENTED_EDGE('',*,*,#4401,.T.);
#2321=ORIENTED_EDGE('',*,*,#4206,.F.);
#2322=ORIENTED_EDGE('',*,*,#4400,.F.);
#2323=ORIENTED_EDGE('',*,*,#4310,.F.);
#2324=ORIENTED_EDGE('',*,*,#4402,.T.);
#2325=ORIENTED_EDGE('',*,*,#4207,.F.);
#2326=ORIENTED_EDGE('',*,*,#4401,.F.);
#2327=ORIENTED_EDGE('',*,*,#4308,.F.);
#2328=ORIENTED_EDGE('',*,*,#4403,.T.);
#2329=ORIENTED_EDGE('',*,*,#4208,.F.);
#2330=ORIENTED_EDGE('',*,*,#4402,.F.);
#2331=ORIENTED_EDGE('',*,*,#4306,.F.);
#2332=ORIENTED_EDGE('',*,*,#4404,.T.);
#2333=ORIENTED_EDGE('',*,*,#4209,.F.);
#2334=ORIENTED_EDGE('',*,*,#4403,.F.);
#2335=ORIENTED_EDGE('',*,*,#4304,.F.);
#2336=ORIENTED_EDGE('',*,*,#4397,.T.);
#2337=ORIENTED_EDGE('',*,*,#4210,.F.);
#2338=ORIENTED_EDGE('',*,*,#4404,.F.);
#2339=ORIENTED_EDGE('',*,*,#4211,.F.);
#2340=ORIENTED_EDGE('',*,*,#4405,.F.);
#2341=ORIENTED_EDGE('',*,*,#4406,.T.);
#2342=ORIENTED_EDGE('',*,*,#4275,.F.);
#2343=ORIENTED_EDGE('',*,*,#4298,.F.);
#2344=ORIENTED_EDGE('',*,*,#4347,.F.);
#2345=ORIENTED_EDGE('',*,*,#4299,.F.);
#2346=ORIENTED_EDGE('',*,*,#4374,.F.);
#2347=ORIENTED_EDGE('',*,*,#4300,.F.);
#2348=ORIENTED_EDGE('',*,*,#4346,.F.);
#2349=ORIENTED_EDGE('',*,*,#4407,.F.);
#2350=ORIENTED_EDGE('',*,*,#4126,.T.);
#2351=ORIENTED_EDGE('',*,*,#4408,.T.);
#2352=ORIENTED_EDGE('',*,*,#4319,.F.);
#2353=ORIENTED_EDGE('',*,*,#4409,.T.);
#2354=ORIENTED_EDGE('',*,*,#4320,.F.);
#2355=ORIENTED_EDGE('',*,*,#4321,.F.);
#2356=ORIENTED_EDGE('',*,*,#4371,.F.);
#2357=ORIENTED_EDGE('',*,*,#4322,.F.);
#2358=ORIENTED_EDGE('',*,*,#4372,.F.);
#2359=ORIENTED_EDGE('',*,*,#4344,.F.);
#2360=ORIENTED_EDGE('',*,*,#4373,.F.);
#2361=ORIENTED_EDGE('',*,*,#4410,.T.);
#2362=ORIENTED_EDGE('',*,*,#4345,.F.);
#2363=ORIENTED_EDGE('',*,*,#4411,.T.);
#2364=ORIENTED_EDGE('',*,*,#4405,.T.);
#2365=ORIENTED_EDGE('',*,*,#4406,.F.);
#2366=ORIENTED_EDGE('',*,*,#4408,.F.);
#2367=ORIENTED_EDGE('',*,*,#4409,.F.);
#2368=ORIENTED_EDGE('',*,*,#4410,.F.);
#2369=ORIENTED_EDGE('',*,*,#4055,.T.);
#2370=ORIENTED_EDGE('',*,*,#4244,.F.);
#2371=ORIENTED_EDGE('',*,*,#4348,.T.);
#2372=ORIENTED_EDGE('',*,*,#4412,.T.);
#2373=ORIENTED_EDGE('',*,*,#4413,.T.);
#2374=ORIENTED_EDGE('',*,*,#4369,.T.);
#2375=ORIENTED_EDGE('',*,*,#4247,.F.);
#2376=ORIENTED_EDGE('',*,*,#4078,.T.);
#2377=ORIENTED_EDGE('',*,*,#4172,.F.);
#2378=ORIENTED_EDGE('',*,*,#4174,.F.);
#2379=ORIENTED_EDGE('',*,*,#4236,.F.);
#2380=ORIENTED_EDGE('',*,*,#4414,.F.);
#2381=ORIENTED_EDGE('',*,*,#4415,.F.);
#2382=ORIENTED_EDGE('',*,*,#4416,.F.);
#2383=ORIENTED_EDGE('',*,*,#4417,.F.);
#2384=ORIENTED_EDGE('',*,*,#4418,.F.);
#2385=ORIENTED_EDGE('',*,*,#4419,.F.);
#2386=ORIENTED_EDGE('',*,*,#4222,.F.);
#2387=ORIENTED_EDGE('',*,*,#4420,.F.);
#2388=ORIENTED_EDGE('',*,*,#4421,.F.);
#2389=ORIENTED_EDGE('',*,*,#4420,.T.);
#2390=ORIENTED_EDGE('',*,*,#4221,.F.);
#2391=ORIENTED_EDGE('',*,*,#4422,.T.);
#2392=ORIENTED_EDGE('',*,*,#4423,.F.);
#2393=ORIENTED_EDGE('',*,*,#4424,.F.);
#2394=ORIENTED_EDGE('',*,*,#4232,.F.);
#2395=ORIENTED_EDGE('',*,*,#4425,.F.);
#2396=ORIENTED_EDGE('',*,*,#4426,.F.);
#2397=ORIENTED_EDGE('',*,*,#4425,.T.);
#2398=ORIENTED_EDGE('',*,*,#4231,.F.);
#2399=ORIENTED_EDGE('',*,*,#4427,.T.);
#2400=ORIENTED_EDGE('',*,*,#4428,.F.);
#2401=ORIENTED_EDGE('',*,*,#4429,.F.);
#2402=ORIENTED_EDGE('',*,*,#4234,.F.);
#2403=ORIENTED_EDGE('',*,*,#4430,.F.);
#2404=ORIENTED_EDGE('',*,*,#4431,.F.);
#2405=ORIENTED_EDGE('',*,*,#4430,.T.);
#2406=ORIENTED_EDGE('',*,*,#4233,.F.);
#2407=ORIENTED_EDGE('',*,*,#4424,.T.);
#2408=ORIENTED_EDGE('',*,*,#4432,.F.);
#2409=ORIENTED_EDGE('',*,*,#4422,.F.);
#2410=ORIENTED_EDGE('',*,*,#4220,.F.);
#2411=ORIENTED_EDGE('',*,*,#4433,.F.);
#2412=ORIENTED_EDGE('',*,*,#4434,.F.);
#2413=ORIENTED_EDGE('',*,*,#4433,.T.);
#2414=ORIENTED_EDGE('',*,*,#4219,.F.);
#2415=ORIENTED_EDGE('',*,*,#4429,.T.);
#2416=ORIENTED_EDGE('',*,*,#4435,.F.);
#2417=ORIENTED_EDGE('',*,*,#4436,.T.);
#2418=ORIENTED_EDGE('',*,*,#4437,.F.);
#2419=ORIENTED_EDGE('',*,*,#4415,.T.);
#2420=ORIENTED_EDGE('',*,*,#4438,.F.);
#2421=ORIENTED_EDGE('',*,*,#4417,.T.);
#2422=ORIENTED_EDGE('',*,*,#4439,.F.);
#2423=ORIENTED_EDGE('',*,*,#4440,.T.);
#2424=ORIENTED_EDGE('',*,*,#4441,.F.);
#2425=ORIENTED_EDGE('',*,*,#4442,.F.);
#2426=ORIENTED_EDGE('',*,*,#4443,.F.);
#2427=ORIENTED_EDGE('',*,*,#4436,.F.);
#2428=ORIENTED_EDGE('',*,*,#4444,.F.);
#2429=ORIENTED_EDGE('',*,*,#4445,.T.);
#2430=ORIENTED_EDGE('',*,*,#4446,.F.);
#2431=ORIENTED_EDGE('',*,*,#4442,.T.);
#2432=ORIENTED_EDGE('',*,*,#4447,.F.);
#2433=ORIENTED_EDGE('',*,*,#4448,.F.);
#2434=ORIENTED_EDGE('',*,*,#4449,.F.);
#2435=ORIENTED_EDGE('',*,*,#4445,.F.);
#2436=ORIENTED_EDGE('',*,*,#4450,.F.);
#2437=ORIENTED_EDGE('',*,*,#4440,.F.);
#2438=ORIENTED_EDGE('',*,*,#4451,.F.);
#2439=ORIENTED_EDGE('',*,*,#4452,.F.);
#2440=ORIENTED_EDGE('',*,*,#4407,.T.);
#2441=ORIENTED_EDGE('',*,*,#4453,.T.);
#2442=ORIENTED_EDGE('',*,*,#4451,.T.);
#2443=ORIENTED_EDGE('',*,*,#4439,.T.);
#2444=ORIENTED_EDGE('',*,*,#4416,.T.);
#2445=ORIENTED_EDGE('',*,*,#4437,.T.);
#2446=ORIENTED_EDGE('',*,*,#4443,.T.);
#2447=ORIENTED_EDGE('',*,*,#4446,.T.);
#2448=ORIENTED_EDGE('',*,*,#4449,.T.);
#2449=ORIENTED_EDGE('',*,*,#4454,.T.);
#2450=ORIENTED_EDGE('',*,*,#4455,.T.);
#2451=ORIENTED_EDGE('',*,*,#4456,.T.);
#2452=ORIENTED_EDGE('',*,*,#4457,.T.);
#2453=ORIENTED_EDGE('',*,*,#4458,.T.);
#2454=ORIENTED_EDGE('',*,*,#4459,.T.);
#2455=ORIENTED_EDGE('',*,*,#4460,.T.);
#2456=ORIENTED_EDGE('',*,*,#4461,.T.);
#2457=ORIENTED_EDGE('',*,*,#4462,.F.);
#2458=ORIENTED_EDGE('',*,*,#4452,.T.);
#2459=ORIENTED_EDGE('',*,*,#4453,.F.);
#2460=ORIENTED_EDGE('',*,*,#4463,.T.);
#2461=ORIENTED_EDGE('',*,*,#4464,.F.);
#2462=ORIENTED_EDGE('',*,*,#4465,.F.);
#2463=ORIENTED_EDGE('',*,*,#4466,.F.);
#2464=ORIENTED_EDGE('',*,*,#4467,.F.);
#2465=ORIENTED_EDGE('',*,*,#4468,.F.);
#2466=ORIENTED_EDGE('',*,*,#4469,.F.);
#2467=ORIENTED_EDGE('',*,*,#4470,.F.);
#2468=ORIENTED_EDGE('',*,*,#4471,.F.);
#2469=ORIENTED_EDGE('',*,*,#4472,.F.);
#2470=ORIENTED_EDGE('',*,*,#4473,.F.);
#2471=ORIENTED_EDGE('',*,*,#4474,.F.);
#2472=ORIENTED_EDGE('',*,*,#4475,.F.);
#2473=ORIENTED_EDGE('',*,*,#4476,.F.);
#2474=ORIENTED_EDGE('',*,*,#4477,.F.);
#2475=ORIENTED_EDGE('',*,*,#4478,.F.);
#2476=ORIENTED_EDGE('',*,*,#4479,.F.);
#2477=ORIENTED_EDGE('',*,*,#4411,.F.);
#2478=ORIENTED_EDGE('',*,*,#4480,.F.);
#2479=ORIENTED_EDGE('',*,*,#4463,.F.);
#2480=ORIENTED_EDGE('',*,*,#4461,.F.);
#2481=ORIENTED_EDGE('',*,*,#4481,.F.);
#2482=ORIENTED_EDGE('',*,*,#4482,.F.);
#2483=ORIENTED_EDGE('',*,*,#4481,.T.);
#2484=ORIENTED_EDGE('',*,*,#4460,.F.);
#2485=ORIENTED_EDGE('',*,*,#4483,.T.);
#2486=ORIENTED_EDGE('',*,*,#4484,.F.);
#2487=ORIENTED_EDGE('',*,*,#4483,.F.);
#2488=ORIENTED_EDGE('',*,*,#4459,.F.);
#2489=ORIENTED_EDGE('',*,*,#4485,.F.);
#2490=ORIENTED_EDGE('',*,*,#4486,.F.);
#2491=ORIENTED_EDGE('',*,*,#4485,.T.);
#2492=ORIENTED_EDGE('',*,*,#4458,.F.);
#2493=ORIENTED_EDGE('',*,*,#4487,.T.);
#2494=ORIENTED_EDGE('',*,*,#4488,.F.);
#2495=ORIENTED_EDGE('',*,*,#4487,.F.);
#2496=ORIENTED_EDGE('',*,*,#4457,.F.);
#2497=ORIENTED_EDGE('',*,*,#4489,.F.);
#2498=ORIENTED_EDGE('',*,*,#4490,.F.);
#2499=ORIENTED_EDGE('',*,*,#4489,.T.);
#2500=ORIENTED_EDGE('',*,*,#4456,.F.);
#2501=ORIENTED_EDGE('',*,*,#4491,.T.);
#2502=ORIENTED_EDGE('',*,*,#4492,.F.);
#2503=ORIENTED_EDGE('',*,*,#4491,.F.);
#2504=ORIENTED_EDGE('',*,*,#4455,.F.);
#2505=ORIENTED_EDGE('',*,*,#4493,.F.);
#2506=ORIENTED_EDGE('',*,*,#4494,.F.);
#2507=ORIENTED_EDGE('',*,*,#4493,.T.);
#2508=ORIENTED_EDGE('',*,*,#4454,.F.);
#2509=ORIENTED_EDGE('',*,*,#4448,.T.);
#2510=ORIENTED_EDGE('',*,*,#4495,.F.);
#2511=ORIENTED_EDGE('',*,*,#4462,.T.);
#2512=ORIENTED_EDGE('',*,*,#4496,.F.);
#2513=ORIENTED_EDGE('',*,*,#4479,.T.);
#2514=ORIENTED_EDGE('',*,*,#4495,.T.);
#2515=ORIENTED_EDGE('',*,*,#4478,.T.);
#2516=ORIENTED_EDGE('',*,*,#4497,.F.);
#2517=ORIENTED_EDGE('',*,*,#4450,.T.);
#2518=ORIENTED_EDGE('',*,*,#4498,.F.);
#2519=ORIENTED_EDGE('',*,*,#4438,.T.);
#2520=ORIENTED_EDGE('',*,*,#4497,.T.);
#2521=ORIENTED_EDGE('',*,*,#4477,.T.);
#2522=ORIENTED_EDGE('',*,*,#4498,.T.);
#2523=ORIENTED_EDGE('',*,*,#4476,.T.);
#2524=ORIENTED_EDGE('',*,*,#4499,.F.);
#2525=ORIENTED_EDGE('',*,*,#4414,.T.);
#2526=ORIENTED_EDGE('',*,*,#4500,.F.);
#2527=ORIENTED_EDGE('',*,*,#4435,.T.);
#2528=ORIENTED_EDGE('',*,*,#4499,.T.);
#2529=ORIENTED_EDGE('',*,*,#4475,.T.);
#2530=ORIENTED_EDGE('',*,*,#4500,.T.);
#2531=ORIENTED_EDGE('',*,*,#4474,.T.);
#2532=ORIENTED_EDGE('',*,*,#4501,.F.);
#2533=ORIENTED_EDGE('',*,*,#4441,.T.);
#2534=ORIENTED_EDGE('',*,*,#4502,.F.);
#2535=ORIENTED_EDGE('',*,*,#4444,.T.);
#2536=ORIENTED_EDGE('',*,*,#4501,.T.);
#2537=ORIENTED_EDGE('',*,*,#4473,.T.);
#2538=ORIENTED_EDGE('',*,*,#4502,.T.);
#2539=ORIENTED_EDGE('',*,*,#4472,.T.);
#2540=ORIENTED_EDGE('',*,*,#4503,.F.);
#2541=ORIENTED_EDGE('',*,*,#4447,.T.);
#2542=ORIENTED_EDGE('',*,*,#4504,.F.);
#2543=ORIENTED_EDGE('',*,*,#4494,.T.);
#2544=ORIENTED_EDGE('',*,*,#4503,.T.);
#2545=ORIENTED_EDGE('',*,*,#4471,.T.);
#2546=ORIENTED_EDGE('',*,*,#4504,.T.);
#2547=ORIENTED_EDGE('',*,*,#4470,.T.);
#2548=ORIENTED_EDGE('',*,*,#4505,.F.);
#2549=ORIENTED_EDGE('',*,*,#4492,.T.);
#2550=ORIENTED_EDGE('',*,*,#4506,.F.);
#2551=ORIENTED_EDGE('',*,*,#4490,.T.);
#2552=ORIENTED_EDGE('',*,*,#4505,.T.);
#2553=ORIENTED_EDGE('',*,*,#4469,.T.);
#2554=ORIENTED_EDGE('',*,*,#4506,.T.);
#2555=ORIENTED_EDGE('',*,*,#4468,.T.);
#2556=ORIENTED_EDGE('',*,*,#4507,.F.);
#2557=ORIENTED_EDGE('',*,*,#4488,.T.);
#2558=ORIENTED_EDGE('',*,*,#4508,.F.);
#2559=ORIENTED_EDGE('',*,*,#4486,.T.);
#2560=ORIENTED_EDGE('',*,*,#4507,.T.);
#2561=ORIENTED_EDGE('',*,*,#4467,.T.);
#2562=ORIENTED_EDGE('',*,*,#4508,.T.);
#2563=ORIENTED_EDGE('',*,*,#4466,.T.);
#2564=ORIENTED_EDGE('',*,*,#4509,.F.);
#2565=ORIENTED_EDGE('',*,*,#4484,.T.);
#2566=ORIENTED_EDGE('',*,*,#4510,.F.);
#2567=ORIENTED_EDGE('',*,*,#4482,.T.);
#2568=ORIENTED_EDGE('',*,*,#4509,.T.);
#2569=ORIENTED_EDGE('',*,*,#4465,.T.);
#2570=ORIENTED_EDGE('',*,*,#4510,.T.);
#2571=ORIENTED_EDGE('',*,*,#4464,.T.);
#2572=ORIENTED_EDGE('',*,*,#4496,.T.);
#2573=ORIENTED_EDGE('',*,*,#4480,.T.);
#2574=ORIENTED_EDGE('',*,*,#4511,.F.);
#2575=ORIENTED_EDGE('',*,*,#4512,.F.);
#2576=ORIENTED_EDGE('',*,*,#4513,.F.);
#2577=ORIENTED_EDGE('',*,*,#4514,.F.);
#2578=ORIENTED_EDGE('',*,*,#4515,.F.);
#2579=ORIENTED_EDGE('',*,*,#4516,.F.);
#2580=ORIENTED_EDGE('',*,*,#4517,.F.);
#2581=ORIENTED_EDGE('',*,*,#4518,.F.);
#2582=ORIENTED_EDGE('',*,*,#4519,.F.);
#2583=ORIENTED_EDGE('',*,*,#4520,.F.);
#2584=ORIENTED_EDGE('',*,*,#4521,.F.);
#2585=ORIENTED_EDGE('',*,*,#4522,.F.);
#2586=ORIENTED_EDGE('',*,*,#4523,.F.);
#2587=ORIENTED_EDGE('',*,*,#4524,.F.);
#2588=ORIENTED_EDGE('',*,*,#4525,.F.);
#2589=ORIENTED_EDGE('',*,*,#4526,.F.);
#2590=ORIENTED_EDGE('',*,*,#4235,.F.);
#2591=ORIENTED_EDGE('',*,*,#4527,.F.);
#2592=ORIENTED_EDGE('',*,*,#4427,.F.);
#2593=ORIENTED_EDGE('',*,*,#4230,.F.);
#2594=ORIENTED_EDGE('',*,*,#4528,.F.);
#2595=ORIENTED_EDGE('',*,*,#4529,.F.);
#2596=ORIENTED_EDGE('',*,*,#4528,.T.);
#2597=ORIENTED_EDGE('',*,*,#4229,.F.);
#2598=ORIENTED_EDGE('',*,*,#4530,.T.);
#2599=ORIENTED_EDGE('',*,*,#4531,.F.);
#2600=ORIENTED_EDGE('',*,*,#4530,.F.);
#2601=ORIENTED_EDGE('',*,*,#4228,.F.);
#2602=ORIENTED_EDGE('',*,*,#4532,.F.);
#2603=ORIENTED_EDGE('',*,*,#4533,.F.);
#2604=ORIENTED_EDGE('',*,*,#4532,.T.);
#2605=ORIENTED_EDGE('',*,*,#4227,.F.);
#2606=ORIENTED_EDGE('',*,*,#4534,.T.);
#2607=ORIENTED_EDGE('',*,*,#4535,.F.);
#2608=ORIENTED_EDGE('',*,*,#4534,.F.);
#2609=ORIENTED_EDGE('',*,*,#4226,.F.);
#2610=ORIENTED_EDGE('',*,*,#4536,.F.);
#2611=ORIENTED_EDGE('',*,*,#4537,.F.);
#2612=ORIENTED_EDGE('',*,*,#4536,.T.);
#2613=ORIENTED_EDGE('',*,*,#4225,.F.);
#2614=ORIENTED_EDGE('',*,*,#4538,.T.);
#2615=ORIENTED_EDGE('',*,*,#4539,.F.);
#2616=ORIENTED_EDGE('',*,*,#4538,.F.);
#2617=ORIENTED_EDGE('',*,*,#4224,.F.);
#2618=ORIENTED_EDGE('',*,*,#4540,.F.);
#2619=ORIENTED_EDGE('',*,*,#4541,.F.);
#2620=ORIENTED_EDGE('',*,*,#4540,.T.);
#2621=ORIENTED_EDGE('',*,*,#4223,.F.);
#2622=ORIENTED_EDGE('',*,*,#4419,.T.);
#2623=ORIENTED_EDGE('',*,*,#4542,.F.);
#2624=ORIENTED_EDGE('',*,*,#4426,.T.);
#2625=ORIENTED_EDGE('',*,*,#4543,.F.);
#2626=ORIENTED_EDGE('',*,*,#4526,.T.);
#2627=ORIENTED_EDGE('',*,*,#4542,.T.);
#2628=ORIENTED_EDGE('',*,*,#4525,.T.);
#2629=ORIENTED_EDGE('',*,*,#4544,.F.);
#2630=ORIENTED_EDGE('',*,*,#4423,.T.);
#2631=ORIENTED_EDGE('',*,*,#4545,.F.);
#2632=ORIENTED_EDGE('',*,*,#4431,.T.);
#2633=ORIENTED_EDGE('',*,*,#4544,.T.);
#2634=ORIENTED_EDGE('',*,*,#4524,.T.);
#2635=ORIENTED_EDGE('',*,*,#4545,.T.);
#2636=ORIENTED_EDGE('',*,*,#4523,.T.);
#2637=ORIENTED_EDGE('',*,*,#4546,.F.);
#2638=ORIENTED_EDGE('',*,*,#4428,.T.);
#2639=ORIENTED_EDGE('',*,*,#4547,.F.);
#2640=ORIENTED_EDGE('',*,*,#4434,.T.);
#2641=ORIENTED_EDGE('',*,*,#4546,.T.);
#2642=ORIENTED_EDGE('',*,*,#4522,.T.);
#2643=ORIENTED_EDGE('',*,*,#4547,.T.);
#2644=ORIENTED_EDGE('',*,*,#4521,.T.);
#2645=ORIENTED_EDGE('',*,*,#4548,.F.);
#2646=ORIENTED_EDGE('',*,*,#4432,.T.);
#2647=ORIENTED_EDGE('',*,*,#4549,.F.);
#2648=ORIENTED_EDGE('',*,*,#4421,.T.);
#2649=ORIENTED_EDGE('',*,*,#4548,.T.);
#2650=ORIENTED_EDGE('',*,*,#4520,.T.);
#2651=ORIENTED_EDGE('',*,*,#4549,.T.);
#2652=ORIENTED_EDGE('',*,*,#4519,.T.);
#2653=ORIENTED_EDGE('',*,*,#4550,.F.);
#2654=ORIENTED_EDGE('',*,*,#4418,.T.);
#2655=ORIENTED_EDGE('',*,*,#4551,.F.);
#2656=ORIENTED_EDGE('',*,*,#4541,.T.);
#2657=ORIENTED_EDGE('',*,*,#4550,.T.);
#2658=ORIENTED_EDGE('',*,*,#4518,.T.);
#2659=ORIENTED_EDGE('',*,*,#4551,.T.);
#2660=ORIENTED_EDGE('',*,*,#4517,.T.);
#2661=ORIENTED_EDGE('',*,*,#4552,.F.);
#2662=ORIENTED_EDGE('',*,*,#4539,.T.);
#2663=ORIENTED_EDGE('',*,*,#4553,.F.);
#2664=ORIENTED_EDGE('',*,*,#4537,.T.);
#2665=ORIENTED_EDGE('',*,*,#4552,.T.);
#2666=ORIENTED_EDGE('',*,*,#4516,.T.);
#2667=ORIENTED_EDGE('',*,*,#4553,.T.);
#2668=ORIENTED_EDGE('',*,*,#4515,.T.);
#2669=ORIENTED_EDGE('',*,*,#4554,.F.);
#2670=ORIENTED_EDGE('',*,*,#4535,.T.);
#2671=ORIENTED_EDGE('',*,*,#4555,.F.);
#2672=ORIENTED_EDGE('',*,*,#4533,.T.);
#2673=ORIENTED_EDGE('',*,*,#4554,.T.);
#2674=ORIENTED_EDGE('',*,*,#4514,.T.);
#2675=ORIENTED_EDGE('',*,*,#4555,.T.);
#2676=ORIENTED_EDGE('',*,*,#4513,.T.);
#2677=ORIENTED_EDGE('',*,*,#4556,.F.);
#2678=ORIENTED_EDGE('',*,*,#4531,.T.);
#2679=ORIENTED_EDGE('',*,*,#4557,.F.);
#2680=ORIENTED_EDGE('',*,*,#4529,.T.);
#2681=ORIENTED_EDGE('',*,*,#4556,.T.);
#2682=ORIENTED_EDGE('',*,*,#4512,.T.);
#2683=ORIENTED_EDGE('',*,*,#4557,.T.);
#2684=ORIENTED_EDGE('',*,*,#4511,.T.);
#2685=ORIENTED_EDGE('',*,*,#4543,.T.);
#2686=ORIENTED_EDGE('',*,*,#4527,.T.);
#2687=ORIENTED_EDGE('',*,*,#4558,.F.);
#2688=ORIENTED_EDGE('',*,*,#4350,.T.);
#2689=ORIENTED_EDGE('',*,*,#4155,.F.);
#2690=ORIENTED_EDGE('',*,*,#4559,.F.);
#2691=ORIENTED_EDGE('',*,*,#4560,.F.);
#2692=ORIENTED_EDGE('',*,*,#4559,.T.);
#2693=ORIENTED_EDGE('',*,*,#4154,.F.);
#2694=ORIENTED_EDGE('',*,*,#4561,.F.);
#2695=ORIENTED_EDGE('',*,*,#4562,.F.);
#2696=ORIENTED_EDGE('',*,*,#4561,.T.);
#2697=ORIENTED_EDGE('',*,*,#4153,.F.);
#2698=ORIENTED_EDGE('',*,*,#4563,.F.);
#2699=ORIENTED_EDGE('',*,*,#4564,.F.);
#2700=ORIENTED_EDGE('',*,*,#4563,.T.);
#2701=ORIENTED_EDGE('',*,*,#4152,.F.);
#2702=ORIENTED_EDGE('',*,*,#4565,.F.);
#2703=ORIENTED_EDGE('',*,*,#4566,.F.);
#2704=ORIENTED_EDGE('',*,*,#4565,.T.);
#2705=ORIENTED_EDGE('',*,*,#4151,.F.);
#2706=ORIENTED_EDGE('',*,*,#4567,.F.);
#2707=ORIENTED_EDGE('',*,*,#4568,.F.);
#2708=ORIENTED_EDGE('',*,*,#4567,.T.);
#2709=ORIENTED_EDGE('',*,*,#4150,.F.);
#2710=ORIENTED_EDGE('',*,*,#4569,.F.);
#2711=ORIENTED_EDGE('',*,*,#4570,.F.);
#2712=ORIENTED_EDGE('',*,*,#4569,.T.);
#2713=ORIENTED_EDGE('',*,*,#4149,.F.);
#2714=ORIENTED_EDGE('',*,*,#4571,.F.);
#2715=ORIENTED_EDGE('',*,*,#4572,.F.);
#2716=ORIENTED_EDGE('',*,*,#4571,.T.);
#2717=ORIENTED_EDGE('',*,*,#4148,.F.);
#2718=ORIENTED_EDGE('',*,*,#4573,.F.);
#2719=ORIENTED_EDGE('',*,*,#4574,.F.);
#2720=ORIENTED_EDGE('',*,*,#4573,.T.);
#2721=ORIENTED_EDGE('',*,*,#4147,.T.);
#2722=ORIENTED_EDGE('',*,*,#4575,.T.);
#2723=ORIENTED_EDGE('',*,*,#4576,.F.);
#2724=ORIENTED_EDGE('',*,*,#4575,.F.);
#2725=ORIENTED_EDGE('',*,*,#4146,.F.);
#2726=ORIENTED_EDGE('',*,*,#4577,.F.);
#2727=ORIENTED_EDGE('',*,*,#4578,.F.);
#2728=ORIENTED_EDGE('',*,*,#4577,.T.);
#2729=ORIENTED_EDGE('',*,*,#4145,.T.);
#2730=ORIENTED_EDGE('',*,*,#4579,.T.);
#2731=ORIENTED_EDGE('',*,*,#4580,.F.);
#2732=ORIENTED_EDGE('',*,*,#4579,.F.);
#2733=ORIENTED_EDGE('',*,*,#4144,.F.);
#2734=ORIENTED_EDGE('',*,*,#4581,.F.);
#2735=ORIENTED_EDGE('',*,*,#4582,.F.);
#2736=ORIENTED_EDGE('',*,*,#4581,.T.);
#2737=ORIENTED_EDGE('',*,*,#4143,.F.);
#2738=ORIENTED_EDGE('',*,*,#4583,.F.);
#2739=ORIENTED_EDGE('',*,*,#4584,.F.);
#2740=ORIENTED_EDGE('',*,*,#4583,.T.);
#2741=ORIENTED_EDGE('',*,*,#4142,.F.);
#2742=ORIENTED_EDGE('',*,*,#4585,.F.);
#2743=ORIENTED_EDGE('',*,*,#4586,.F.);
#2744=ORIENTED_EDGE('',*,*,#4585,.T.);
#2745=ORIENTED_EDGE('',*,*,#4141,.T.);
#2746=ORIENTED_EDGE('',*,*,#4587,.T.);
#2747=ORIENTED_EDGE('',*,*,#4588,.F.);
#2748=ORIENTED_EDGE('',*,*,#4587,.F.);
#2749=ORIENTED_EDGE('',*,*,#4140,.F.);
#2750=ORIENTED_EDGE('',*,*,#4589,.F.);
#2751=ORIENTED_EDGE('',*,*,#4590,.F.);
#2752=ORIENTED_EDGE('',*,*,#4589,.T.);
#2753=ORIENTED_EDGE('',*,*,#4139,.T.);
#2754=ORIENTED_EDGE('',*,*,#4591,.T.);
#2755=ORIENTED_EDGE('',*,*,#4592,.F.);
#2756=ORIENTED_EDGE('',*,*,#4591,.F.);
#2757=ORIENTED_EDGE('',*,*,#4138,.F.);
#2758=ORIENTED_EDGE('',*,*,#4593,.F.);
#2759=ORIENTED_EDGE('',*,*,#4594,.F.);
#2760=ORIENTED_EDGE('',*,*,#4593,.T.);
#2761=ORIENTED_EDGE('',*,*,#4137,.F.);
#2762=ORIENTED_EDGE('',*,*,#4595,.F.);
#2763=ORIENTED_EDGE('',*,*,#4596,.F.);
#2764=ORIENTED_EDGE('',*,*,#4595,.T.);
#2765=ORIENTED_EDGE('',*,*,#4136,.F.);
#2766=ORIENTED_EDGE('',*,*,#4597,.F.);
#2767=ORIENTED_EDGE('',*,*,#4598,.F.);
#2768=ORIENTED_EDGE('',*,*,#4597,.T.);
#2769=ORIENTED_EDGE('',*,*,#4135,.F.);
#2770=ORIENTED_EDGE('',*,*,#4599,.F.);
#2771=ORIENTED_EDGE('',*,*,#4600,.F.);
#2772=ORIENTED_EDGE('',*,*,#4599,.T.);
#2773=ORIENTED_EDGE('',*,*,#4134,.F.);
#2774=ORIENTED_EDGE('',*,*,#4370,.F.);
#2775=ORIENTED_EDGE('',*,*,#4058,.T.);
#2776=ORIENTED_EDGE('',*,*,#4601,.F.);
#2777=ORIENTED_EDGE('',*,*,#4562,.T.);
#2778=ORIENTED_EDGE('',*,*,#4602,.F.);
#2779=ORIENTED_EDGE('',*,*,#4601,.T.);
#2780=ORIENTED_EDGE('',*,*,#4057,.T.);
#2781=ORIENTED_EDGE('',*,*,#4603,.F.);
#2782=ORIENTED_EDGE('',*,*,#4560,.T.);
#2783=ORIENTED_EDGE('',*,*,#4412,.F.);
#2784=ORIENTED_EDGE('',*,*,#4558,.T.);
#2785=ORIENTED_EDGE('',*,*,#4603,.T.);
#2786=ORIENTED_EDGE('',*,*,#4056,.T.);
#2787=ORIENTED_EDGE('',*,*,#4413,.F.);
#2788=ORIENTED_EDGE('',*,*,#4077,.T.);
#2789=ORIENTED_EDGE('',*,*,#4604,.F.);
#2790=ORIENTED_EDGE('',*,*,#4600,.T.);
#2791=ORIENTED_EDGE('',*,*,#4604,.T.);
#2792=ORIENTED_EDGE('',*,*,#4076,.T.);
#2793=ORIENTED_EDGE('',*,*,#4605,.F.);
#2794=ORIENTED_EDGE('',*,*,#4598,.T.);
#2795=ORIENTED_EDGE('',*,*,#4605,.T.);
#2796=ORIENTED_EDGE('',*,*,#4075,.T.);
#2797=ORIENTED_EDGE('',*,*,#4606,.F.);
#2798=ORIENTED_EDGE('',*,*,#4596,.T.);
#2799=ORIENTED_EDGE('',*,*,#4606,.T.);
#2800=ORIENTED_EDGE('',*,*,#4074,.T.);
#2801=ORIENTED_EDGE('',*,*,#4607,.F.);
#2802=ORIENTED_EDGE('',*,*,#4594,.T.);
#2803=ORIENTED_EDGE('',*,*,#4607,.T.);
#2804=ORIENTED_EDGE('',*,*,#4073,.T.);
#2805=ORIENTED_EDGE('',*,*,#4608,.F.);
#2806=ORIENTED_EDGE('',*,*,#4592,.T.);
#2807=ORIENTED_EDGE('',*,*,#4609,.F.);
#2808=ORIENTED_EDGE('',*,*,#4590,.T.);
#2809=ORIENTED_EDGE('',*,*,#4608,.T.);
#2810=ORIENTED_EDGE('',*,*,#4072,.T.);
#2811=ORIENTED_EDGE('',*,*,#4609,.T.);
#2812=ORIENTED_EDGE('',*,*,#4071,.T.);
#2813=ORIENTED_EDGE('',*,*,#4610,.F.);
#2814=ORIENTED_EDGE('',*,*,#4588,.T.);
#2815=ORIENTED_EDGE('',*,*,#4611,.F.);
#2816=ORIENTED_EDGE('',*,*,#4586,.T.);
#2817=ORIENTED_EDGE('',*,*,#4610,.T.);
#2818=ORIENTED_EDGE('',*,*,#4070,.T.);
#2819=ORIENTED_EDGE('',*,*,#4611,.T.);
#2820=ORIENTED_EDGE('',*,*,#4069,.T.);
#2821=ORIENTED_EDGE('',*,*,#4612,.F.);
#2822=ORIENTED_EDGE('',*,*,#4584,.T.);
#2823=ORIENTED_EDGE('',*,*,#4613,.F.);
#2824=ORIENTED_EDGE('',*,*,#4582,.T.);
#2825=ORIENTED_EDGE('',*,*,#4612,.T.);
#2826=ORIENTED_EDGE('',*,*,#4068,.T.);
#2827=ORIENTED_EDGE('',*,*,#4613,.T.);
#2828=ORIENTED_EDGE('',*,*,#4067,.T.);
#2829=ORIENTED_EDGE('',*,*,#4614,.F.);
#2830=ORIENTED_EDGE('',*,*,#4580,.T.);
#2831=ORIENTED_EDGE('',*,*,#4615,.F.);
#2832=ORIENTED_EDGE('',*,*,#4578,.T.);
#2833=ORIENTED_EDGE('',*,*,#4614,.T.);
#2834=ORIENTED_EDGE('',*,*,#4066,.T.);
#2835=ORIENTED_EDGE('',*,*,#4615,.T.);
#2836=ORIENTED_EDGE('',*,*,#4065,.T.);
#2837=ORIENTED_EDGE('',*,*,#4616,.F.);
#2838=ORIENTED_EDGE('',*,*,#4576,.T.);
#2839=ORIENTED_EDGE('',*,*,#4617,.F.);
#2840=ORIENTED_EDGE('',*,*,#4574,.T.);
#2841=ORIENTED_EDGE('',*,*,#4616,.T.);
#2842=ORIENTED_EDGE('',*,*,#4064,.T.);
#2843=ORIENTED_EDGE('',*,*,#4617,.T.);
#2844=ORIENTED_EDGE('',*,*,#4063,.T.);
#2845=ORIENTED_EDGE('',*,*,#4618,.F.);
#2846=ORIENTED_EDGE('',*,*,#4572,.T.);
#2847=ORIENTED_EDGE('',*,*,#4618,.T.);
#2848=ORIENTED_EDGE('',*,*,#4062,.T.);
#2849=ORIENTED_EDGE('',*,*,#4619,.F.);
#2850=ORIENTED_EDGE('',*,*,#4570,.T.);
#2851=ORIENTED_EDGE('',*,*,#4619,.T.);
#2852=ORIENTED_EDGE('',*,*,#4061,.T.);
#2853=ORIENTED_EDGE('',*,*,#4620,.F.);
#2854=ORIENTED_EDGE('',*,*,#4568,.T.);
#2855=ORIENTED_EDGE('',*,*,#4620,.T.);
#2856=ORIENTED_EDGE('',*,*,#4060,.T.);
#2857=ORIENTED_EDGE('',*,*,#4621,.F.);
#2858=ORIENTED_EDGE('',*,*,#4566,.T.);
#2859=ORIENTED_EDGE('',*,*,#4564,.T.);
#2860=ORIENTED_EDGE('',*,*,#4621,.T.);
#2861=ORIENTED_EDGE('',*,*,#4059,.T.);
#2862=ORIENTED_EDGE('',*,*,#4602,.T.);
#2863=ORIENTED_EDGE('',*,*,#4218,.F.);
#2864=ORIENTED_EDGE('',*,*,#4622,.F.);
#2865=ORIENTED_EDGE('',*,*,#4082,.T.);
#2866=ORIENTED_EDGE('',*,*,#4622,.T.);
#2867=ORIENTED_EDGE('',*,*,#4623,.T.);
#2868=ORIENTED_EDGE('',*,*,#4624,.T.);
#2869=ORIENTED_EDGE('',*,*,#4625,.T.);
#2870=ORIENTED_EDGE('',*,*,#4626,.T.);
#2871=ORIENTED_EDGE('',*,*,#4627,.T.);
#2872=ORIENTED_EDGE('',*,*,#4628,.T.);
#2873=ORIENTED_EDGE('',*,*,#4629,.T.);
#2874=ORIENTED_EDGE('',*,*,#4630,.T.);
#2875=ORIENTED_EDGE('',*,*,#4631,.T.);
#2876=ORIENTED_EDGE('',*,*,#4632,.T.);
#2877=ORIENTED_EDGE('',*,*,#4633,.T.);
#2878=ORIENTED_EDGE('',*,*,#4634,.F.);
#2879=ORIENTED_EDGE('',*,*,#4635,.F.);
#2880=ORIENTED_EDGE('',*,*,#4636,.F.);
#2881=ORIENTED_EDGE('',*,*,#4637,.F.);
#2882=ORIENTED_EDGE('',*,*,#4638,.F.);
#2883=ORIENTED_EDGE('',*,*,#4639,.F.);
#2884=ORIENTED_EDGE('',*,*,#4640,.F.);
#2885=ORIENTED_EDGE('',*,*,#4641,.F.);
#2886=ORIENTED_EDGE('',*,*,#4642,.F.);
#2887=ORIENTED_EDGE('',*,*,#4643,.F.);
#2888=ORIENTED_EDGE('',*,*,#4644,.F.);
#2889=ORIENTED_EDGE('',*,*,#4645,.F.);
#2890=ORIENTED_EDGE('',*,*,#4646,.F.);
#2891=ORIENTED_EDGE('',*,*,#4647,.F.);
#2892=ORIENTED_EDGE('',*,*,#4648,.F.);
#2893=ORIENTED_EDGE('',*,*,#4649,.F.);
#2894=ORIENTED_EDGE('',*,*,#4650,.F.);
#2895=ORIENTED_EDGE('',*,*,#4651,.F.);
#2896=ORIENTED_EDGE('',*,*,#4652,.F.);
#2897=ORIENTED_EDGE('',*,*,#4653,.T.);
#2898=ORIENTED_EDGE('',*,*,#4654,.T.);
#2899=ORIENTED_EDGE('',*,*,#4655,.T.);
#2900=ORIENTED_EDGE('',*,*,#4656,.T.);
#2901=ORIENTED_EDGE('',*,*,#4657,.T.);
#2902=ORIENTED_EDGE('',*,*,#4658,.T.);
#2903=ORIENTED_EDGE('',*,*,#4659,.T.);
#2904=ORIENTED_EDGE('',*,*,#4660,.T.);
#2905=ORIENTED_EDGE('',*,*,#4661,.T.);
#2906=ORIENTED_EDGE('',*,*,#4662,.T.);
#2907=ORIENTED_EDGE('',*,*,#4663,.T.);
#2908=ORIENTED_EDGE('',*,*,#4664,.T.);
#2909=ORIENTED_EDGE('',*,*,#4665,.T.);
#2910=ORIENTED_EDGE('',*,*,#4666,.T.);
#2911=ORIENTED_EDGE('',*,*,#4667,.T.);
#2912=ORIENTED_EDGE('',*,*,#4668,.F.);
#2913=ORIENTED_EDGE('',*,*,#4669,.T.);
#2914=ORIENTED_EDGE('',*,*,#4670,.T.);
#2915=ORIENTED_EDGE('',*,*,#4671,.T.);
#2916=ORIENTED_EDGE('',*,*,#4672,.T.);
#2917=ORIENTED_EDGE('',*,*,#4673,.T.);
#2918=ORIENTED_EDGE('',*,*,#4674,.T.);
#2919=ORIENTED_EDGE('',*,*,#4675,.T.);
#2920=ORIENTED_EDGE('',*,*,#4676,.T.);
#2921=ORIENTED_EDGE('',*,*,#4677,.T.);
#2922=ORIENTED_EDGE('',*,*,#4678,.T.);
#2923=ORIENTED_EDGE('',*,*,#4679,.T.);
#2924=ORIENTED_EDGE('',*,*,#4680,.T.);
#2925=ORIENTED_EDGE('',*,*,#4681,.T.);
#2926=ORIENTED_EDGE('',*,*,#4682,.T.);
#2927=ORIENTED_EDGE('',*,*,#4683,.T.);
#2928=ORIENTED_EDGE('',*,*,#4684,.T.);
#2929=ORIENTED_EDGE('',*,*,#4685,.T.);
#2930=ORIENTED_EDGE('',*,*,#4686,.T.);
#2931=ORIENTED_EDGE('',*,*,#4687,.T.);
#2932=ORIENTED_EDGE('',*,*,#4688,.T.);
#2933=ORIENTED_EDGE('',*,*,#4689,.T.);
#2934=ORIENTED_EDGE('',*,*,#4690,.T.);
#2935=ORIENTED_EDGE('',*,*,#4691,.T.);
#2936=ORIENTED_EDGE('',*,*,#4692,.T.);
#2937=ORIENTED_EDGE('',*,*,#4693,.F.);
#2938=ORIENTED_EDGE('',*,*,#4694,.T.);
#2939=ORIENTED_EDGE('',*,*,#4695,.T.);
#2940=ORIENTED_EDGE('',*,*,#4696,.T.);
#2941=ORIENTED_EDGE('',*,*,#4697,.T.);
#2942=ORIENTED_EDGE('',*,*,#4698,.T.);
#2943=ORIENTED_EDGE('',*,*,#4699,.T.);
#2944=ORIENTED_EDGE('',*,*,#4700,.T.);
#2945=ORIENTED_EDGE('',*,*,#4701,.T.);
#2946=ORIENTED_EDGE('',*,*,#4702,.T.);
#2947=ORIENTED_EDGE('',*,*,#4703,.T.);
#2948=ORIENTED_EDGE('',*,*,#4704,.T.);
#2949=ORIENTED_EDGE('',*,*,#4705,.T.);
#2950=ORIENTED_EDGE('',*,*,#4706,.T.);
#2951=ORIENTED_EDGE('',*,*,#4707,.T.);
#2952=ORIENTED_EDGE('',*,*,#4708,.T.);
#2953=ORIENTED_EDGE('',*,*,#4709,.T.);
#2954=ORIENTED_EDGE('',*,*,#4710,.T.);
#2955=ORIENTED_EDGE('',*,*,#4711,.F.);
#2956=ORIENTED_EDGE('',*,*,#4712,.F.);
#2957=ORIENTED_EDGE('',*,*,#4713,.F.);
#2958=ORIENTED_EDGE('',*,*,#4714,.F.);
#2959=ORIENTED_EDGE('',*,*,#4715,.F.);
#2960=ORIENTED_EDGE('',*,*,#4716,.F.);
#2961=ORIENTED_EDGE('',*,*,#4717,.F.);
#2962=ORIENTED_EDGE('',*,*,#4718,.F.);
#2963=ORIENTED_EDGE('',*,*,#4719,.F.);
#2964=ORIENTED_EDGE('',*,*,#4720,.F.);
#2965=ORIENTED_EDGE('',*,*,#4721,.F.);
#2966=ORIENTED_EDGE('',*,*,#4722,.F.);
#2967=ORIENTED_EDGE('',*,*,#4723,.F.);
#2968=ORIENTED_EDGE('',*,*,#4724,.F.);
#2969=ORIENTED_EDGE('',*,*,#4725,.F.);
#2970=ORIENTED_EDGE('',*,*,#4726,.F.);
#2971=ORIENTED_EDGE('',*,*,#4727,.F.);
#2972=ORIENTED_EDGE('',*,*,#4728,.F.);
#2973=ORIENTED_EDGE('',*,*,#4729,.F.);
#2974=ORIENTED_EDGE('',*,*,#4730,.F.);
#2975=ORIENTED_EDGE('',*,*,#4731,.F.);
#2976=ORIENTED_EDGE('',*,*,#4732,.F.);
#2977=ORIENTED_EDGE('',*,*,#4733,.F.);
#2978=ORIENTED_EDGE('',*,*,#4734,.F.);
#2979=ORIENTED_EDGE('',*,*,#4735,.F.);
#2980=ORIENTED_EDGE('',*,*,#4736,.F.);
#2981=ORIENTED_EDGE('',*,*,#4737,.F.);
#2982=ORIENTED_EDGE('',*,*,#4738,.F.);
#2983=ORIENTED_EDGE('',*,*,#4739,.F.);
#2984=ORIENTED_EDGE('',*,*,#4740,.F.);
#2985=ORIENTED_EDGE('',*,*,#4741,.T.);
#2986=ORIENTED_EDGE('',*,*,#4742,.F.);
#2987=ORIENTED_EDGE('',*,*,#4743,.F.);
#2988=ORIENTED_EDGE('',*,*,#4744,.F.);
#2989=ORIENTED_EDGE('',*,*,#4745,.F.);
#2990=ORIENTED_EDGE('',*,*,#4746,.F.);
#2991=ORIENTED_EDGE('',*,*,#4747,.T.);
#2992=ORIENTED_EDGE('',*,*,#4748,.F.);
#2993=ORIENTED_EDGE('',*,*,#4749,.F.);
#2994=ORIENTED_EDGE('',*,*,#4750,.F.);
#2995=ORIENTED_EDGE('',*,*,#4751,.F.);
#2996=ORIENTED_EDGE('',*,*,#4752,.F.);
#2997=ORIENTED_EDGE('',*,*,#4753,.F.);
#2998=ORIENTED_EDGE('',*,*,#4754,.F.);
#2999=ORIENTED_EDGE('',*,*,#4755,.F.);
#3000=ORIENTED_EDGE('',*,*,#4756,.F.);
#3001=ORIENTED_EDGE('',*,*,#4757,.F.);
#3002=ORIENTED_EDGE('',*,*,#4758,.F.);
#3003=ORIENTED_EDGE('',*,*,#4759,.F.);
#3004=ORIENTED_EDGE('',*,*,#4760,.F.);
#3005=ORIENTED_EDGE('',*,*,#4761,.F.);
#3006=ORIENTED_EDGE('',*,*,#4762,.F.);
#3007=ORIENTED_EDGE('',*,*,#4763,.F.);
#3008=ORIENTED_EDGE('',*,*,#4764,.F.);
#3009=ORIENTED_EDGE('',*,*,#4765,.F.);
#3010=ORIENTED_EDGE('',*,*,#4766,.F.);
#3011=ORIENTED_EDGE('',*,*,#4767,.F.);
#3012=ORIENTED_EDGE('',*,*,#4768,.F.);
#3013=ORIENTED_EDGE('',*,*,#4769,.F.);
#3014=ORIENTED_EDGE('',*,*,#4770,.F.);
#3015=ORIENTED_EDGE('',*,*,#4771,.F.);
#3016=ORIENTED_EDGE('',*,*,#4772,.F.);
#3017=ORIENTED_EDGE('',*,*,#4773,.F.);
#3018=ORIENTED_EDGE('',*,*,#4774,.F.);
#3019=ORIENTED_EDGE('',*,*,#4775,.F.);
#3020=ORIENTED_EDGE('',*,*,#4776,.F.);
#3021=ORIENTED_EDGE('',*,*,#4777,.F.);
#3022=ORIENTED_EDGE('',*,*,#4778,.F.);
#3023=ORIENTED_EDGE('',*,*,#4779,.F.);
#3024=ORIENTED_EDGE('',*,*,#4780,.F.);
#3025=ORIENTED_EDGE('',*,*,#4781,.F.);
#3026=ORIENTED_EDGE('',*,*,#4782,.F.);
#3027=ORIENTED_EDGE('',*,*,#4783,.F.);
#3028=ORIENTED_EDGE('',*,*,#4784,.F.);
#3029=ORIENTED_EDGE('',*,*,#4785,.F.);
#3030=ORIENTED_EDGE('',*,*,#4786,.F.);
#3031=ORIENTED_EDGE('',*,*,#4787,.F.);
#3032=ORIENTED_EDGE('',*,*,#4788,.F.);
#3033=ORIENTED_EDGE('',*,*,#4789,.F.);
#3034=ORIENTED_EDGE('',*,*,#4790,.F.);
#3035=ORIENTED_EDGE('',*,*,#4791,.F.);
#3036=ORIENTED_EDGE('',*,*,#4792,.F.);
#3037=ORIENTED_EDGE('',*,*,#4793,.F.);
#3038=ORIENTED_EDGE('',*,*,#4794,.F.);
#3039=ORIENTED_EDGE('',*,*,#4795,.F.);
#3040=ORIENTED_EDGE('',*,*,#4796,.F.);
#3041=ORIENTED_EDGE('',*,*,#4797,.F.);
#3042=ORIENTED_EDGE('',*,*,#4798,.F.);
#3043=ORIENTED_EDGE('',*,*,#4799,.F.);
#3044=ORIENTED_EDGE('',*,*,#4624,.F.);
#3045=ORIENTED_EDGE('',*,*,#4800,.T.);
#3046=ORIENTED_EDGE('',*,*,#4801,.F.);
#3047=ORIENTED_EDGE('',*,*,#4623,.F.);
#3048=ORIENTED_EDGE('',*,*,#4713,.T.);
#3049=ORIENTED_EDGE('',*,*,#4801,.T.);
#3050=ORIENTED_EDGE('',*,*,#4798,.T.);
#3051=ORIENTED_EDGE('',*,*,#4802,.T.);
#3052=ORIENTED_EDGE('',*,*,#4715,.T.);
#3053=ORIENTED_EDGE('',*,*,#4803,.F.);
#3054=ORIENTED_EDGE('',*,*,#4711,.T.);
#3055=ORIENTED_EDGE('',*,*,#4804,.T.);
#3056=ORIENTED_EDGE('',*,*,#4710,.F.);
#3057=ORIENTED_EDGE('',*,*,#4805,.F.);
#3058=ORIENTED_EDGE('',*,*,#4709,.F.);
#3059=ORIENTED_EDGE('',*,*,#4806,.F.);
#3060=ORIENTED_EDGE('',*,*,#4708,.F.);
#3061=ORIENTED_EDGE('',*,*,#4807,.F.);
#3062=ORIENTED_EDGE('',*,*,#4707,.F.);
#3063=ORIENTED_EDGE('',*,*,#4808,.F.);
#3064=ORIENTED_EDGE('',*,*,#4706,.F.);
#3065=ORIENTED_EDGE('',*,*,#4809,.F.);
#3066=ORIENTED_EDGE('',*,*,#4695,.F.);
#3067=ORIENTED_EDGE('',*,*,#4810,.F.);
#3068=ORIENTED_EDGE('',*,*,#4811,.F.);
#3069=ORIENTED_EDGE('',*,*,#4812,.F.);
#3070=ORIENTED_EDGE('',*,*,#4696,.F.);
#3071=ORIENTED_EDGE('',*,*,#4809,.T.);
#3072=ORIENTED_EDGE('',*,*,#4813,.F.);
#3073=ORIENTED_EDGE('',*,*,#4814,.F.);
#3074=ORIENTED_EDGE('',*,*,#4697,.F.);
#3075=ORIENTED_EDGE('',*,*,#4812,.T.);
#3076=ORIENTED_EDGE('',*,*,#4815,.F.);
#3077=ORIENTED_EDGE('',*,*,#4816,.F.);
#3078=ORIENTED_EDGE('',*,*,#4698,.F.);
#3079=ORIENTED_EDGE('',*,*,#4814,.T.);
#3080=ORIENTED_EDGE('',*,*,#4817,.F.);
#3081=ORIENTED_EDGE('',*,*,#4818,.F.);
#3082=ORIENTED_EDGE('',*,*,#4699,.F.);
#3083=ORIENTED_EDGE('',*,*,#4816,.T.);
#3084=ORIENTED_EDGE('',*,*,#4819,.F.);
#3085=ORIENTED_EDGE('',*,*,#4820,.F.);
#3086=ORIENTED_EDGE('',*,*,#4700,.F.);
#3087=ORIENTED_EDGE('',*,*,#4818,.T.);
#3088=ORIENTED_EDGE('',*,*,#4821,.F.);
#3089=ORIENTED_EDGE('',*,*,#4822,.F.);
#3090=ORIENTED_EDGE('',*,*,#4701,.F.);
#3091=ORIENTED_EDGE('',*,*,#4820,.T.);
#3092=ORIENTED_EDGE('',*,*,#4823,.F.);
#3093=ORIENTED_EDGE('',*,*,#4824,.F.);
#3094=ORIENTED_EDGE('',*,*,#4702,.F.);
#3095=ORIENTED_EDGE('',*,*,#4822,.T.);
#3096=ORIENTED_EDGE('',*,*,#4825,.F.);
#3097=ORIENTED_EDGE('',*,*,#4826,.F.);
#3098=ORIENTED_EDGE('',*,*,#4703,.F.);
#3099=ORIENTED_EDGE('',*,*,#4824,.T.);
#3100=ORIENTED_EDGE('',*,*,#4827,.F.);
#3101=ORIENTED_EDGE('',*,*,#4828,.F.);
#3102=ORIENTED_EDGE('',*,*,#4704,.F.);
#3103=ORIENTED_EDGE('',*,*,#4826,.T.);
#3104=ORIENTED_EDGE('',*,*,#4829,.F.);
#3105=ORIENTED_EDGE('',*,*,#4810,.T.);
#3106=ORIENTED_EDGE('',*,*,#4705,.F.);
#3107=ORIENTED_EDGE('',*,*,#4828,.T.);
#3108=ORIENTED_EDGE('',*,*,#4830,.F.);
#3109=ORIENTED_EDGE('',*,*,#4694,.F.);
#3110=ORIENTED_EDGE('',*,*,#4693,.T.);
#3111=ORIENTED_EDGE('',*,*,#4831,.T.);
#3112=ORIENTED_EDGE('',*,*,#4692,.F.);
#3113=ORIENTED_EDGE('',*,*,#4832,.F.);
#3114=ORIENTED_EDGE('',*,*,#4691,.F.);
#3115=ORIENTED_EDGE('',*,*,#4833,.F.);
#3116=ORIENTED_EDGE('',*,*,#4690,.F.);
#3117=ORIENTED_EDGE('',*,*,#4834,.F.);
#3118=ORIENTED_EDGE('',*,*,#4689,.F.);
#3119=ORIENTED_EDGE('',*,*,#4835,.F.);
#3120=ORIENTED_EDGE('',*,*,#4688,.F.);
#3121=ORIENTED_EDGE('',*,*,#4836,.F.);
#3122=ORIENTED_EDGE('',*,*,#4837,.F.);
#3123=ORIENTED_EDGE('',*,*,#4679,.F.);
#3124=ORIENTED_EDGE('',*,*,#4838,.F.);
#3125=ORIENTED_EDGE('',*,*,#4839,.F.);
#3126=ORIENTED_EDGE('',*,*,#4840,.F.);
#3127=ORIENTED_EDGE('',*,*,#4680,.F.);
#3128=ORIENTED_EDGE('',*,*,#4837,.T.);
#3129=ORIENTED_EDGE('',*,*,#4841,.F.);
#3130=ORIENTED_EDGE('',*,*,#4842,.F.);
#3131=ORIENTED_EDGE('',*,*,#4681,.F.);
#3132=ORIENTED_EDGE('',*,*,#4840,.T.);
#3133=ORIENTED_EDGE('',*,*,#4843,.F.);
#3134=ORIENTED_EDGE('',*,*,#4844,.F.);
#3135=ORIENTED_EDGE('',*,*,#4682,.F.);
#3136=ORIENTED_EDGE('',*,*,#4842,.T.);
#3137=ORIENTED_EDGE('',*,*,#4845,.F.);
#3138=ORIENTED_EDGE('',*,*,#4846,.F.);
#3139=ORIENTED_EDGE('',*,*,#4683,.F.);
#3140=ORIENTED_EDGE('',*,*,#4844,.T.);
#3141=ORIENTED_EDGE('',*,*,#4847,.F.);
#3142=ORIENTED_EDGE('',*,*,#4848,.F.);
#3143=ORIENTED_EDGE('',*,*,#4684,.F.);
#3144=ORIENTED_EDGE('',*,*,#4846,.T.);
#3145=ORIENTED_EDGE('',*,*,#4849,.F.);
#3146=ORIENTED_EDGE('',*,*,#4850,.F.);
#3147=ORIENTED_EDGE('',*,*,#4685,.F.);
#3148=ORIENTED_EDGE('',*,*,#4848,.T.);
#3149=ORIENTED_EDGE('',*,*,#4851,.F.);
#3150=ORIENTED_EDGE('',*,*,#4852,.F.);
#3151=ORIENTED_EDGE('',*,*,#4686,.F.);
#3152=ORIENTED_EDGE('',*,*,#4850,.T.);
#3153=ORIENTED_EDGE('',*,*,#4853,.F.);
#3154=ORIENTED_EDGE('',*,*,#4838,.T.);
#3155=ORIENTED_EDGE('',*,*,#4687,.F.);
#3156=ORIENTED_EDGE('',*,*,#4852,.T.);
#3157=ORIENTED_EDGE('',*,*,#4854,.F.);
#3158=ORIENTED_EDGE('',*,*,#4855,.F.);
#3159=ORIENTED_EDGE('',*,*,#4669,.F.);
#3160=ORIENTED_EDGE('',*,*,#4856,.F.);
#3161=ORIENTED_EDGE('',*,*,#4857,.F.);
#3162=ORIENTED_EDGE('',*,*,#4858,.F.);
#3163=ORIENTED_EDGE('',*,*,#4670,.F.);
#3164=ORIENTED_EDGE('',*,*,#4855,.T.);
#3165=ORIENTED_EDGE('',*,*,#4859,.F.);
#3166=ORIENTED_EDGE('',*,*,#4860,.F.);
#3167=ORIENTED_EDGE('',*,*,#4671,.F.);
#3168=ORIENTED_EDGE('',*,*,#4858,.T.);
#3169=ORIENTED_EDGE('',*,*,#4861,.F.);
#3170=ORIENTED_EDGE('',*,*,#4862,.F.);
#3171=ORIENTED_EDGE('',*,*,#4672,.F.);
#3172=ORIENTED_EDGE('',*,*,#4860,.T.);
#3173=ORIENTED_EDGE('',*,*,#4863,.F.);
#3174=ORIENTED_EDGE('',*,*,#4864,.F.);
#3175=ORIENTED_EDGE('',*,*,#4673,.F.);
#3176=ORIENTED_EDGE('',*,*,#4862,.T.);
#3177=ORIENTED_EDGE('',*,*,#4865,.F.);
#3178=ORIENTED_EDGE('',*,*,#4866,.F.);
#3179=ORIENTED_EDGE('',*,*,#4674,.F.);
#3180=ORIENTED_EDGE('',*,*,#4864,.T.);
#3181=ORIENTED_EDGE('',*,*,#4867,.F.);
#3182=ORIENTED_EDGE('',*,*,#4868,.F.);
#3183=ORIENTED_EDGE('',*,*,#4675,.F.);
#3184=ORIENTED_EDGE('',*,*,#4866,.T.);
#3185=ORIENTED_EDGE('',*,*,#4869,.F.);
#3186=ORIENTED_EDGE('',*,*,#4870,.F.);
#3187=ORIENTED_EDGE('',*,*,#4676,.F.);
#3188=ORIENTED_EDGE('',*,*,#4868,.T.);
#3189=ORIENTED_EDGE('',*,*,#4871,.F.);
#3190=ORIENTED_EDGE('',*,*,#4872,.F.);
#3191=ORIENTED_EDGE('',*,*,#4677,.F.);
#3192=ORIENTED_EDGE('',*,*,#4870,.T.);
#3193=ORIENTED_EDGE('',*,*,#4873,.F.);
#3194=ORIENTED_EDGE('',*,*,#4856,.T.);
#3195=ORIENTED_EDGE('',*,*,#4678,.F.);
#3196=ORIENTED_EDGE('',*,*,#4872,.T.);
#3197=ORIENTED_EDGE('',*,*,#4874,.F.);
#3198=ORIENTED_EDGE('',*,*,#4875,.F.);
#3199=ORIENTED_EDGE('',*,*,#4876,.F.);
#3200=ORIENTED_EDGE('',*,*,#4656,.F.);
#3201=ORIENTED_EDGE('',*,*,#4877,.F.);
#3202=ORIENTED_EDGE('',*,*,#4657,.F.);
#3203=ORIENTED_EDGE('',*,*,#4876,.T.);
#3204=ORIENTED_EDGE('',*,*,#4878,.F.);
#3205=ORIENTED_EDGE('',*,*,#4879,.F.);
#3206=ORIENTED_EDGE('',*,*,#4880,.F.);
#3207=ORIENTED_EDGE('',*,*,#4658,.F.);
#3208=ORIENTED_EDGE('',*,*,#4879,.T.);
#3209=ORIENTED_EDGE('',*,*,#4881,.F.);
#3210=ORIENTED_EDGE('',*,*,#4882,.F.);
#3211=ORIENTED_EDGE('',*,*,#4883,.F.);
#3212=ORIENTED_EDGE('',*,*,#4659,.F.);
#3213=ORIENTED_EDGE('',*,*,#4880,.T.);
#3214=ORIENTED_EDGE('',*,*,#4660,.F.);
#3215=ORIENTED_EDGE('',*,*,#4883,.T.);
#3216=ORIENTED_EDGE('',*,*,#4884,.F.);
#3217=ORIENTED_EDGE('',*,*,#4885,.F.);
#3218=ORIENTED_EDGE('',*,*,#4886,.F.);
#3219=ORIENTED_EDGE('',*,*,#4661,.F.);
#3220=ORIENTED_EDGE('',*,*,#4885,.T.);
#3221=ORIENTED_EDGE('',*,*,#4887,.F.);
#3222=ORIENTED_EDGE('',*,*,#4886,.T.);
#3223=ORIENTED_EDGE('',*,*,#4888,.F.);
#3224=ORIENTED_EDGE('',*,*,#4889,.F.);
#3225=ORIENTED_EDGE('',*,*,#4662,.F.);
#3226=ORIENTED_EDGE('',*,*,#4890,.F.);
#3227=ORIENTED_EDGE('',*,*,#4663,.F.);
#3228=ORIENTED_EDGE('',*,*,#4889,.T.);
#3229=ORIENTED_EDGE('',*,*,#4891,.F.);
#3230=ORIENTED_EDGE('',*,*,#4890,.T.);
#3231=ORIENTED_EDGE('',*,*,#4892,.F.);
#3232=ORIENTED_EDGE('',*,*,#4893,.F.);
#3233=ORIENTED_EDGE('',*,*,#4664,.F.);
#3234=ORIENTED_EDGE('',*,*,#4894,.F.);
#3235=ORIENTED_EDGE('',*,*,#4665,.F.);
#3236=ORIENTED_EDGE('',*,*,#4893,.T.);
#3237=ORIENTED_EDGE('',*,*,#4895,.F.);
#3238=ORIENTED_EDGE('',*,*,#4896,.F.);
#3239=ORIENTED_EDGE('',*,*,#4666,.F.);
#3240=ORIENTED_EDGE('',*,*,#4894,.T.);
#3241=ORIENTED_EDGE('',*,*,#4897,.F.);
#3242=ORIENTED_EDGE('',*,*,#4800,.F.);
#3243=ORIENTED_EDGE('',*,*,#4667,.F.);
#3244=ORIENTED_EDGE('',*,*,#4896,.T.);
#3245=ORIENTED_EDGE('',*,*,#4898,.F.);
#3246=ORIENTED_EDGE('',*,*,#4899,.F.);
#3247=ORIENTED_EDGE('',*,*,#4625,.F.);
#3248=ORIENTED_EDGE('',*,*,#4799,.T.);
#3249=ORIENTED_EDGE('',*,*,#4900,.F.);
#3250=ORIENTED_EDGE('',*,*,#4899,.T.);
#3251=ORIENTED_EDGE('',*,*,#4901,.F.);
#3252=ORIENTED_EDGE('',*,*,#4902,.F.);
#3253=ORIENTED_EDGE('',*,*,#4626,.F.);
#3254=ORIENTED_EDGE('',*,*,#4903,.F.);
#3255=ORIENTED_EDGE('',*,*,#4627,.F.);
#3256=ORIENTED_EDGE('',*,*,#4902,.T.);
#3257=ORIENTED_EDGE('',*,*,#4904,.F.);
#3258=ORIENTED_EDGE('',*,*,#4903,.T.);
#3259=ORIENTED_EDGE('',*,*,#4905,.F.);
#3260=ORIENTED_EDGE('',*,*,#4906,.F.);
#3261=ORIENTED_EDGE('',*,*,#4628,.F.);
#3262=ORIENTED_EDGE('',*,*,#4906,.T.);
#3263=ORIENTED_EDGE('',*,*,#4907,.F.);
#3264=ORIENTED_EDGE('',*,*,#4908,.F.);
#3265=ORIENTED_EDGE('',*,*,#4629,.F.);
#3266=ORIENTED_EDGE('',*,*,#4908,.T.);
#3267=ORIENTED_EDGE('',*,*,#4909,.F.);
#3268=ORIENTED_EDGE('',*,*,#4910,.F.);
#3269=ORIENTED_EDGE('',*,*,#4630,.F.);
#3270=ORIENTED_EDGE('',*,*,#4910,.T.);
#3271=ORIENTED_EDGE('',*,*,#4911,.F.);
#3272=ORIENTED_EDGE('',*,*,#4912,.F.);
#3273=ORIENTED_EDGE('',*,*,#4631,.F.);
#3274=ORIENTED_EDGE('',*,*,#4912,.T.);
#3275=ORIENTED_EDGE('',*,*,#4913,.F.);
#3276=ORIENTED_EDGE('',*,*,#4914,.F.);
#3277=ORIENTED_EDGE('',*,*,#4632,.F.);
#3278=ORIENTED_EDGE('',*,*,#4915,.F.);
#3279=ORIENTED_EDGE('',*,*,#4633,.F.);
#3280=ORIENTED_EDGE('',*,*,#4914,.T.);
#3281=ORIENTED_EDGE('',*,*,#4916,.F.);
#3282=ORIENTED_EDGE('',*,*,#4917,.T.);
#3283=ORIENTED_EDGE('',*,*,#4654,.F.);
#3284=ORIENTED_EDGE('',*,*,#4918,.F.);
#3285=ORIENTED_EDGE('',*,*,#4919,.F.);
#3286=ORIENTED_EDGE('',*,*,#4917,.F.);
#3287=ORIENTED_EDGE('',*,*,#4920,.F.);
#3288=ORIENTED_EDGE('',*,*,#4877,.T.);
#3289=ORIENTED_EDGE('',*,*,#4655,.F.);
#3290=ORIENTED_EDGE('',*,*,#4668,.T.);
#3291=ORIENTED_EDGE('',*,*,#4921,.T.);
#3292=ORIENTED_EDGE('',*,*,#4922,.T.);
#3293=ORIENTED_EDGE('',*,*,#4804,.F.);
#3294=ORIENTED_EDGE('',*,*,#4805,.T.);
#3295=ORIENTED_EDGE('',*,*,#4778,.T.);
#3296=ORIENTED_EDGE('',*,*,#4923,.T.);
#3297=ORIENTED_EDGE('',*,*,#4806,.T.);
#3298=ORIENTED_EDGE('',*,*,#4924,.T.);
#3299=ORIENTED_EDGE('',*,*,#4807,.T.);
#3300=ORIENTED_EDGE('',*,*,#4808,.T.);
#3301=ORIENTED_EDGE('',*,*,#4925,.F.);
#3302=ORIENTED_EDGE('',*,*,#4712,.T.);
#3303=ORIENTED_EDGE('',*,*,#4926,.T.);
#3304=ORIENTED_EDGE('',*,*,#4811,.T.);
#3305=ORIENTED_EDGE('',*,*,#4927,.T.);
#3306=ORIENTED_EDGE('',*,*,#4779,.T.);
#3307=ORIENTED_EDGE('',*,*,#4928,.F.);
#3308=ORIENTED_EDGE('',*,*,#4813,.T.);
#3309=ORIENTED_EDGE('',*,*,#4928,.T.);
#3310=ORIENTED_EDGE('',*,*,#4789,.T.);
#3311=ORIENTED_EDGE('',*,*,#4929,.F.);
#3312=ORIENTED_EDGE('',*,*,#4815,.T.);
#3313=ORIENTED_EDGE('',*,*,#4929,.T.);
#3314=ORIENTED_EDGE('',*,*,#4788,.T.);
#3315=ORIENTED_EDGE('',*,*,#4930,.F.);
#3316=ORIENTED_EDGE('',*,*,#4817,.T.);
#3317=ORIENTED_EDGE('',*,*,#4930,.T.);
#3318=ORIENTED_EDGE('',*,*,#4787,.T.);
#3319=ORIENTED_EDGE('',*,*,#4931,.F.);
#3320=ORIENTED_EDGE('',*,*,#4819,.T.);
#3321=ORIENTED_EDGE('',*,*,#4931,.T.);
#3322=ORIENTED_EDGE('',*,*,#4786,.T.);
#3323=ORIENTED_EDGE('',*,*,#4932,.F.);
#3324=ORIENTED_EDGE('',*,*,#4821,.T.);
#3325=ORIENTED_EDGE('',*,*,#4932,.T.);
#3326=ORIENTED_EDGE('',*,*,#4785,.T.);
#3327=ORIENTED_EDGE('',*,*,#4933,.F.);
#3328=ORIENTED_EDGE('',*,*,#4823,.T.);
#3329=ORIENTED_EDGE('',*,*,#4933,.T.);
#3330=ORIENTED_EDGE('',*,*,#4784,.T.);
#3331=ORIENTED_EDGE('',*,*,#4934,.F.);
#3332=ORIENTED_EDGE('',*,*,#4825,.T.);
#3333=ORIENTED_EDGE('',*,*,#4934,.T.);
#3334=ORIENTED_EDGE('',*,*,#4783,.T.);
#3335=ORIENTED_EDGE('',*,*,#4935,.F.);
#3336=ORIENTED_EDGE('',*,*,#4827,.T.);
#3337=ORIENTED_EDGE('',*,*,#4935,.T.);
#3338=ORIENTED_EDGE('',*,*,#4782,.T.);
#3339=ORIENTED_EDGE('',*,*,#4936,.F.);
#3340=ORIENTED_EDGE('',*,*,#4829,.T.);
#3341=ORIENTED_EDGE('',*,*,#4936,.T.);
#3342=ORIENTED_EDGE('',*,*,#4781,.T.);
#3343=ORIENTED_EDGE('',*,*,#4937,.F.);
#3344=ORIENTED_EDGE('',*,*,#4830,.T.);
#3345=ORIENTED_EDGE('',*,*,#4937,.T.);
#3346=ORIENTED_EDGE('',*,*,#4780,.T.);
#3347=ORIENTED_EDGE('',*,*,#4927,.F.);
#3348=ORIENTED_EDGE('',*,*,#4938,.T.);
#3349=ORIENTED_EDGE('',*,*,#4831,.F.);
#3350=ORIENTED_EDGE('',*,*,#4832,.T.);
#3351=ORIENTED_EDGE('',*,*,#4939,.F.);
#3352=ORIENTED_EDGE('',*,*,#4940,.T.);
#3353=ORIENTED_EDGE('',*,*,#4833,.T.);
#3354=ORIENTED_EDGE('',*,*,#4941,.T.);
#3355=ORIENTED_EDGE('',*,*,#4834,.T.);
#3356=ORIENTED_EDGE('',*,*,#4942,.T.);
#3357=ORIENTED_EDGE('',*,*,#4835,.T.);
#3358=ORIENTED_EDGE('',*,*,#4943,.T.);
#3359=ORIENTED_EDGE('',*,*,#4836,.T.);
#3360=ORIENTED_EDGE('',*,*,#4839,.T.);
#3361=ORIENTED_EDGE('',*,*,#4944,.T.);
#3362=ORIENTED_EDGE('',*,*,#4759,.T.);
#3363=ORIENTED_EDGE('',*,*,#4945,.F.);
#3364=ORIENTED_EDGE('',*,*,#4841,.T.);
#3365=ORIENTED_EDGE('',*,*,#4945,.T.);
#3366=ORIENTED_EDGE('',*,*,#4767,.T.);
#3367=ORIENTED_EDGE('',*,*,#4946,.F.);
#3368=ORIENTED_EDGE('',*,*,#4843,.T.);
#3369=ORIENTED_EDGE('',*,*,#4946,.T.);
#3370=ORIENTED_EDGE('',*,*,#4766,.T.);
#3371=ORIENTED_EDGE('',*,*,#4947,.F.);
#3372=ORIENTED_EDGE('',*,*,#4845,.T.);
#3373=ORIENTED_EDGE('',*,*,#4947,.T.);
#3374=ORIENTED_EDGE('',*,*,#4765,.T.);
#3375=ORIENTED_EDGE('',*,*,#4948,.F.);
#3376=ORIENTED_EDGE('',*,*,#4847,.T.);
#3377=ORIENTED_EDGE('',*,*,#4948,.T.);
#3378=ORIENTED_EDGE('',*,*,#4764,.T.);
#3379=ORIENTED_EDGE('',*,*,#4949,.F.);
#3380=ORIENTED_EDGE('',*,*,#4849,.T.);
#3381=ORIENTED_EDGE('',*,*,#4949,.T.);
#3382=ORIENTED_EDGE('',*,*,#4763,.T.);
#3383=ORIENTED_EDGE('',*,*,#4950,.F.);
#3384=ORIENTED_EDGE('',*,*,#4851,.T.);
#3385=ORIENTED_EDGE('',*,*,#4950,.T.);
#3386=ORIENTED_EDGE('',*,*,#4762,.T.);
#3387=ORIENTED_EDGE('',*,*,#4951,.F.);
#3388=ORIENTED_EDGE('',*,*,#4853,.T.);
#3389=ORIENTED_EDGE('',*,*,#4951,.T.);
#3390=ORIENTED_EDGE('',*,*,#4761,.T.);
#3391=ORIENTED_EDGE('',*,*,#4952,.F.);
#3392=ORIENTED_EDGE('',*,*,#4854,.T.);
#3393=ORIENTED_EDGE('',*,*,#4952,.T.);
#3394=ORIENTED_EDGE('',*,*,#4760,.T.);
#3395=ORIENTED_EDGE('',*,*,#4944,.F.);
#3396=ORIENTED_EDGE('',*,*,#4857,.T.);
#3397=ORIENTED_EDGE('',*,*,#4953,.T.);
#3398=ORIENTED_EDGE('',*,*,#4768,.T.);
#3399=ORIENTED_EDGE('',*,*,#4954,.F.);
#3400=ORIENTED_EDGE('',*,*,#4859,.T.);
#3401=ORIENTED_EDGE('',*,*,#4954,.T.);
#3402=ORIENTED_EDGE('',*,*,#4777,.T.);
#3403=ORIENTED_EDGE('',*,*,#4955,.F.);
#3404=ORIENTED_EDGE('',*,*,#4861,.T.);
#3405=ORIENTED_EDGE('',*,*,#4955,.T.);
#3406=ORIENTED_EDGE('',*,*,#4776,.T.);
#3407=ORIENTED_EDGE('',*,*,#4956,.F.);
#3408=ORIENTED_EDGE('',*,*,#4863,.T.);
#3409=ORIENTED_EDGE('',*,*,#4956,.T.);
#3410=ORIENTED_EDGE('',*,*,#4775,.T.);
#3411=ORIENTED_EDGE('',*,*,#4957,.F.);
#3412=ORIENTED_EDGE('',*,*,#4865,.T.);
#3413=ORIENTED_EDGE('',*,*,#4957,.T.);
#3414=ORIENTED_EDGE('',*,*,#4774,.T.);
#3415=ORIENTED_EDGE('',*,*,#4958,.F.);
#3416=ORIENTED_EDGE('',*,*,#4867,.T.);
#3417=ORIENTED_EDGE('',*,*,#4958,.T.);
#3418=ORIENTED_EDGE('',*,*,#4773,.T.);
#3419=ORIENTED_EDGE('',*,*,#4959,.F.);
#3420=ORIENTED_EDGE('',*,*,#4869,.T.);
#3421=ORIENTED_EDGE('',*,*,#4959,.T.);
#3422=ORIENTED_EDGE('',*,*,#4772,.T.);
#3423=ORIENTED_EDGE('',*,*,#4960,.F.);
#3424=ORIENTED_EDGE('',*,*,#4871,.T.);
#3425=ORIENTED_EDGE('',*,*,#4960,.T.);
#3426=ORIENTED_EDGE('',*,*,#4771,.T.);
#3427=ORIENTED_EDGE('',*,*,#4961,.F.);
#3428=ORIENTED_EDGE('',*,*,#4873,.T.);
#3429=ORIENTED_EDGE('',*,*,#4961,.T.);
#3430=ORIENTED_EDGE('',*,*,#4770,.T.);
#3431=ORIENTED_EDGE('',*,*,#4962,.F.);
#3432=ORIENTED_EDGE('',*,*,#4874,.T.);
#3433=ORIENTED_EDGE('',*,*,#4962,.T.);
#3434=ORIENTED_EDGE('',*,*,#4769,.T.);
#3435=ORIENTED_EDGE('',*,*,#4953,.F.);
#3436=ORIENTED_EDGE('',*,*,#4875,.T.);
#3437=ORIENTED_EDGE('',*,*,#4963,.T.);
#3438=ORIENTED_EDGE('',*,*,#4727,.T.);
#3439=ORIENTED_EDGE('',*,*,#4964,.F.);
#3440=ORIENTED_EDGE('',*,*,#4878,.T.);
#3441=ORIENTED_EDGE('',*,*,#4964,.T.);
#3442=ORIENTED_EDGE('',*,*,#4726,.T.);
#3443=ORIENTED_EDGE('',*,*,#4965,.F.);
#3444=ORIENTED_EDGE('',*,*,#4881,.T.);
#3445=ORIENTED_EDGE('',*,*,#4965,.T.);
#3446=ORIENTED_EDGE('',*,*,#4725,.T.);
#3447=ORIENTED_EDGE('',*,*,#4966,.F.);
#3448=ORIENTED_EDGE('',*,*,#4882,.T.);
#3449=ORIENTED_EDGE('',*,*,#4966,.T.);
#3450=ORIENTED_EDGE('',*,*,#4724,.T.);
#3451=ORIENTED_EDGE('',*,*,#4967,.F.);
#3452=ORIENTED_EDGE('',*,*,#4884,.T.);
#3453=ORIENTED_EDGE('',*,*,#4967,.T.);
#3454=ORIENTED_EDGE('',*,*,#4723,.T.);
#3455=ORIENTED_EDGE('',*,*,#4968,.F.);
#3456=ORIENTED_EDGE('',*,*,#4887,.T.);
#3457=ORIENTED_EDGE('',*,*,#4968,.T.);
#3458=ORIENTED_EDGE('',*,*,#4722,.T.);
#3459=ORIENTED_EDGE('',*,*,#4969,.F.);
#3460=ORIENTED_EDGE('',*,*,#4888,.T.);
#3461=ORIENTED_EDGE('',*,*,#4969,.T.);
#3462=ORIENTED_EDGE('',*,*,#4721,.T.);
#3463=ORIENTED_EDGE('',*,*,#4970,.F.);
#3464=ORIENTED_EDGE('',*,*,#4891,.T.);
#3465=ORIENTED_EDGE('',*,*,#4970,.T.);
#3466=ORIENTED_EDGE('',*,*,#4720,.T.);
#3467=ORIENTED_EDGE('',*,*,#4971,.F.);
#3468=ORIENTED_EDGE('',*,*,#4892,.T.);
#3469=ORIENTED_EDGE('',*,*,#4971,.T.);
#3470=ORIENTED_EDGE('',*,*,#4719,.T.);
#3471=ORIENTED_EDGE('',*,*,#4972,.F.);
#3472=ORIENTED_EDGE('',*,*,#4895,.T.);
#3473=ORIENTED_EDGE('',*,*,#4972,.T.);
#3474=ORIENTED_EDGE('',*,*,#4718,.T.);
#3475=ORIENTED_EDGE('',*,*,#4973,.F.);
#3476=ORIENTED_EDGE('',*,*,#4897,.T.);
#3477=ORIENTED_EDGE('',*,*,#4973,.T.);
#3478=ORIENTED_EDGE('',*,*,#4717,.T.);
#3479=ORIENTED_EDGE('',*,*,#4974,.F.);
#3480=ORIENTED_EDGE('',*,*,#4898,.T.);
#3481=ORIENTED_EDGE('',*,*,#4974,.T.);
#3482=ORIENTED_EDGE('',*,*,#4716,.T.);
#3483=ORIENTED_EDGE('',*,*,#4802,.F.);
#3484=ORIENTED_EDGE('',*,*,#4900,.T.);
#3485=ORIENTED_EDGE('',*,*,#4803,.T.);
#3486=ORIENTED_EDGE('',*,*,#4714,.T.);
#3487=ORIENTED_EDGE('',*,*,#4975,.F.);
#3488=ORIENTED_EDGE('',*,*,#4901,.T.);
#3489=ORIENTED_EDGE('',*,*,#4975,.T.);
#3490=ORIENTED_EDGE('',*,*,#4757,.T.);
#3491=ORIENTED_EDGE('',*,*,#4976,.F.);
#3492=ORIENTED_EDGE('',*,*,#4904,.T.);
#3493=ORIENTED_EDGE('',*,*,#4976,.T.);
#3494=ORIENTED_EDGE('',*,*,#4756,.T.);
#3495=ORIENTED_EDGE('',*,*,#4977,.F.);
#3496=ORIENTED_EDGE('',*,*,#4905,.T.);
#3497=ORIENTED_EDGE('',*,*,#4977,.T.);
#3498=ORIENTED_EDGE('',*,*,#4755,.T.);
#3499=ORIENTED_EDGE('',*,*,#4978,.F.);
#3500=ORIENTED_EDGE('',*,*,#4907,.T.);
#3501=ORIENTED_EDGE('',*,*,#4978,.T.);
#3502=ORIENTED_EDGE('',*,*,#4754,.T.);
#3503=ORIENTED_EDGE('',*,*,#4979,.F.);
#3504=ORIENTED_EDGE('',*,*,#4909,.T.);
#3505=ORIENTED_EDGE('',*,*,#4979,.T.);
#3506=ORIENTED_EDGE('',*,*,#4753,.T.);
#3507=ORIENTED_EDGE('',*,*,#4980,.F.);
#3508=ORIENTED_EDGE('',*,*,#4911,.T.);
#3509=ORIENTED_EDGE('',*,*,#4980,.T.);
#3510=ORIENTED_EDGE('',*,*,#4752,.T.);
#3511=ORIENTED_EDGE('',*,*,#4981,.F.);
#3512=ORIENTED_EDGE('',*,*,#4913,.T.);
#3513=ORIENTED_EDGE('',*,*,#4981,.T.);
#3514=ORIENTED_EDGE('',*,*,#4751,.T.);
#3515=ORIENTED_EDGE('',*,*,#4982,.F.);
#3516=ORIENTED_EDGE('',*,*,#4916,.T.);
#3517=ORIENTED_EDGE('',*,*,#4982,.T.);
#3518=ORIENTED_EDGE('',*,*,#4750,.T.);
#3519=ORIENTED_EDGE('',*,*,#4983,.F.);
#3520=ORIENTED_EDGE('',*,*,#4984,.F.);
#3521=ORIENTED_EDGE('',*,*,#4985,.F.);
#3522=ORIENTED_EDGE('',*,*,#4986,.T.);
#3523=ORIENTED_EDGE('',*,*,#4987,.T.);
#3524=ORIENTED_EDGE('',*,*,#4730,.T.);
#3525=ORIENTED_EDGE('',*,*,#4988,.F.);
#3526=ORIENTED_EDGE('',*,*,#4919,.T.);
#3527=ORIENTED_EDGE('',*,*,#4988,.T.);
#3528=ORIENTED_EDGE('',*,*,#4729,.T.);
#3529=ORIENTED_EDGE('',*,*,#4989,.F.);
#3530=ORIENTED_EDGE('',*,*,#4920,.T.);
#3531=ORIENTED_EDGE('',*,*,#4989,.T.);
#3532=ORIENTED_EDGE('',*,*,#4728,.T.);
#3533=ORIENTED_EDGE('',*,*,#4963,.F.);
#3534=ORIENTED_EDGE('',*,*,#4922,.F.);
#3535=ORIENTED_EDGE('',*,*,#4792,.T.);
#3536=ORIENTED_EDGE('',*,*,#4923,.F.);
#3537=ORIENTED_EDGE('',*,*,#4793,.T.);
#3538=ORIENTED_EDGE('',*,*,#4924,.F.);
#3539=ORIENTED_EDGE('',*,*,#4925,.T.);
#3540=ORIENTED_EDGE('',*,*,#4938,.F.);
#3541=ORIENTED_EDGE('',*,*,#4939,.T.);
#3542=ORIENTED_EDGE('',*,*,#4791,.T.);
#3543=ORIENTED_EDGE('',*,*,#4940,.F.);
#3544=ORIENTED_EDGE('',*,*,#4797,.T.);
#3545=ORIENTED_EDGE('',*,*,#4941,.F.);
#3546=ORIENTED_EDGE('',*,*,#4790,.T.);
#3547=ORIENTED_EDGE('',*,*,#4942,.F.);
#3548=ORIENTED_EDGE('',*,*,#4795,.T.);
#3549=ORIENTED_EDGE('',*,*,#4943,.F.);
#3550=ORIENTED_EDGE('',*,*,#4990,.T.);
#3551=ORIENTED_EDGE('',*,*,#4758,.T.);
#3552=ORIENTED_EDGE('',*,*,#4991,.F.);
#3553=ORIENTED_EDGE('',*,*,#4990,.F.);
#3554=ORIENTED_EDGE('',*,*,#4985,.T.);
#3555=ORIENTED_EDGE('',*,*,#4794,.T.);
#3556=ORIENTED_EDGE('',*,*,#4796,.T.);
#3557=ORIENTED_EDGE('',*,*,#4992,.F.);
#3558=ORIENTED_EDGE('',*,*,#4993,.F.);
#3559=ORIENTED_EDGE('',*,*,#4994,.F.);
#3560=ORIENTED_EDGE('',*,*,#4995,.F.);
#3561=ORIENTED_EDGE('',*,*,#4996,.F.);
#3562=ORIENTED_EDGE('',*,*,#4997,.F.);
#3563=ORIENTED_EDGE('',*,*,#4998,.F.);
#3564=ORIENTED_EDGE('',*,*,#4999,.F.);
#3565=ORIENTED_EDGE('',*,*,#5000,.F.);
#3566=ORIENTED_EDGE('',*,*,#5001,.T.);
#3567=ORIENTED_EDGE('',*,*,#5002,.F.);
#3568=ORIENTED_EDGE('',*,*,#5003,.T.);
#3569=ORIENTED_EDGE('',*,*,#5004,.F.);
#3570=ORIENTED_EDGE('',*,*,#4999,.T.);
#3571=ORIENTED_EDGE('',*,*,#5005,.F.);
#3572=ORIENTED_EDGE('',*,*,#5006,.T.);
#3573=ORIENTED_EDGE('',*,*,#5007,.F.);
#3574=ORIENTED_EDGE('',*,*,#5006,.F.);
#3575=ORIENTED_EDGE('',*,*,#5008,.F.);
#3576=ORIENTED_EDGE('',*,*,#5009,.F.);
#3577=ORIENTED_EDGE('',*,*,#4926,.F.);
#3578=ORIENTED_EDGE('',*,*,#5010,.T.);
#3579=ORIENTED_EDGE('',*,*,#4994,.T.);
#3580=ORIENTED_EDGE('',*,*,#5011,.T.);
#3581=ORIENTED_EDGE('',*,*,#5008,.T.);
#3582=ORIENTED_EDGE('',*,*,#5005,.T.);
#3583=ORIENTED_EDGE('',*,*,#4998,.T.);
#3584=ORIENTED_EDGE('',*,*,#5012,.T.);
#3585=ORIENTED_EDGE('',*,*,#5013,.T.);
#3586=ORIENTED_EDGE('',*,*,#5014,.T.);
#3587=ORIENTED_EDGE('',*,*,#5015,.T.);
#3588=ORIENTED_EDGE('',*,*,#5016,.T.);
#3589=ORIENTED_EDGE('',*,*,#5017,.T.);
#3590=ORIENTED_EDGE('',*,*,#5018,.T.);
#3591=ORIENTED_EDGE('',*,*,#5019,.T.);
#3592=ORIENTED_EDGE('',*,*,#5002,.T.);
#3593=ORIENTED_EDGE('',*,*,#5020,.T.);
#3594=ORIENTED_EDGE('',*,*,#5021,.F.);
#3595=ORIENTED_EDGE('',*,*,#5009,.T.);
#3596=ORIENTED_EDGE('',*,*,#5011,.F.);
#3597=ORIENTED_EDGE('',*,*,#4993,.T.);
#3598=ORIENTED_EDGE('',*,*,#5022,.F.);
#3599=ORIENTED_EDGE('',*,*,#5023,.F.);
#3600=ORIENTED_EDGE('',*,*,#5020,.F.);
#3601=ORIENTED_EDGE('',*,*,#5001,.F.);
#3602=ORIENTED_EDGE('',*,*,#5024,.F.);
#3603=ORIENTED_EDGE('',*,*,#4995,.T.);
#3604=ORIENTED_EDGE('',*,*,#5010,.F.);
#3605=ORIENTED_EDGE('',*,*,#5023,.T.);
#3606=ORIENTED_EDGE('',*,*,#4921,.F.);
#3607=ORIENTED_EDGE('',*,*,#5025,.T.);
#3608=ORIENTED_EDGE('',*,*,#5026,.T.);
#3609=ORIENTED_EDGE('',*,*,#5027,.T.);
#3610=ORIENTED_EDGE('',*,*,#5028,.T.);
#3611=ORIENTED_EDGE('',*,*,#5029,.T.);
#3612=ORIENTED_EDGE('',*,*,#5030,.T.);
#3613=ORIENTED_EDGE('',*,*,#5031,.T.);
#3614=ORIENTED_EDGE('',*,*,#5032,.T.);
#3615=ORIENTED_EDGE('',*,*,#5033,.T.);
#3616=ORIENTED_EDGE('',*,*,#5034,.T.);
#3617=ORIENTED_EDGE('',*,*,#5035,.T.);
#3618=ORIENTED_EDGE('',*,*,#5036,.T.);
#3619=ORIENTED_EDGE('',*,*,#5037,.T.);
#3620=ORIENTED_EDGE('',*,*,#5038,.T.);
#3621=ORIENTED_EDGE('',*,*,#5039,.T.);
#3622=ORIENTED_EDGE('',*,*,#5040,.T.);
#3623=ORIENTED_EDGE('',*,*,#5041,.F.);
#3624=ORIENTED_EDGE('',*,*,#5042,.F.);
#3625=ORIENTED_EDGE('',*,*,#5034,.F.);
#3626=ORIENTED_EDGE('',*,*,#5043,.F.);
#3627=ORIENTED_EDGE('',*,*,#5044,.F.);
#3628=ORIENTED_EDGE('',*,*,#5045,.T.);
#3629=ORIENTED_EDGE('',*,*,#5035,.F.);
#3630=ORIENTED_EDGE('',*,*,#5042,.T.);
#3631=ORIENTED_EDGE('',*,*,#5046,.F.);
#3632=ORIENTED_EDGE('',*,*,#5047,.F.);
#3633=ORIENTED_EDGE('',*,*,#5036,.F.);
#3634=ORIENTED_EDGE('',*,*,#5045,.F.);
#3635=ORIENTED_EDGE('',*,*,#5048,.F.);
#3636=ORIENTED_EDGE('',*,*,#5049,.T.);
#3637=ORIENTED_EDGE('',*,*,#5037,.F.);
#3638=ORIENTED_EDGE('',*,*,#5047,.T.);
#3639=ORIENTED_EDGE('',*,*,#5050,.F.);
#3640=ORIENTED_EDGE('',*,*,#5051,.F.);
#3641=ORIENTED_EDGE('',*,*,#5038,.F.);
#3642=ORIENTED_EDGE('',*,*,#5049,.F.);
#3643=ORIENTED_EDGE('',*,*,#5052,.F.);
#3644=ORIENTED_EDGE('',*,*,#5053,.T.);
#3645=ORIENTED_EDGE('',*,*,#5039,.F.);
#3646=ORIENTED_EDGE('',*,*,#5051,.T.);
#3647=ORIENTED_EDGE('',*,*,#5054,.F.);
#3648=ORIENTED_EDGE('',*,*,#5055,.F.);
#3649=ORIENTED_EDGE('',*,*,#5040,.F.);
#3650=ORIENTED_EDGE('',*,*,#5053,.F.);
#3651=ORIENTED_EDGE('',*,*,#5056,.F.);
#3652=ORIENTED_EDGE('',*,*,#5057,.T.);
#3653=ORIENTED_EDGE('',*,*,#5025,.F.);
#3654=ORIENTED_EDGE('',*,*,#5055,.T.);
#3655=ORIENTED_EDGE('',*,*,#5058,.F.);
#3656=ORIENTED_EDGE('',*,*,#5059,.F.);
#3657=ORIENTED_EDGE('',*,*,#5060,.F.);
#3658=ORIENTED_EDGE('',*,*,#5061,.F.);
#3659=ORIENTED_EDGE('',*,*,#5062,.F.);
#3660=ORIENTED_EDGE('',*,*,#5063,.F.);
#3661=ORIENTED_EDGE('',*,*,#5064,.F.);
#3662=ORIENTED_EDGE('',*,*,#5065,.F.);
#3663=ORIENTED_EDGE('',*,*,#5066,.F.);
#3664=ORIENTED_EDGE('',*,*,#5067,.F.);
#3665=ORIENTED_EDGE('',*,*,#5068,.F.);
#3666=ORIENTED_EDGE('',*,*,#5069,.F.);
#3667=ORIENTED_EDGE('',*,*,#5070,.F.);
#3668=ORIENTED_EDGE('',*,*,#5071,.F.);
#3669=ORIENTED_EDGE('',*,*,#5072,.F.);
#3670=ORIENTED_EDGE('',*,*,#5073,.F.);
#3671=ORIENTED_EDGE('',*,*,#4991,.T.);
#3672=ORIENTED_EDGE('',*,*,#5074,.F.);
#3673=ORIENTED_EDGE('',*,*,#5003,.F.);
#3674=ORIENTED_EDGE('',*,*,#5019,.F.);
#3675=ORIENTED_EDGE('',*,*,#5075,.F.);
#3676=ORIENTED_EDGE('',*,*,#5076,.F.);
#3677=ORIENTED_EDGE('',*,*,#5075,.T.);
#3678=ORIENTED_EDGE('',*,*,#5018,.F.);
#3679=ORIENTED_EDGE('',*,*,#5077,.T.);
#3680=ORIENTED_EDGE('',*,*,#5078,.F.);
#3681=ORIENTED_EDGE('',*,*,#5077,.F.);
#3682=ORIENTED_EDGE('',*,*,#5017,.F.);
#3683=ORIENTED_EDGE('',*,*,#5079,.F.);
#3684=ORIENTED_EDGE('',*,*,#5080,.F.);
#3685=ORIENTED_EDGE('',*,*,#5079,.T.);
#3686=ORIENTED_EDGE('',*,*,#5016,.F.);
#3687=ORIENTED_EDGE('',*,*,#5081,.T.);
#3688=ORIENTED_EDGE('',*,*,#5082,.F.);
#3689=ORIENTED_EDGE('',*,*,#5081,.F.);
#3690=ORIENTED_EDGE('',*,*,#5015,.F.);
#3691=ORIENTED_EDGE('',*,*,#5083,.F.);
#3692=ORIENTED_EDGE('',*,*,#5084,.F.);
#3693=ORIENTED_EDGE('',*,*,#5083,.T.);
#3694=ORIENTED_EDGE('',*,*,#5014,.F.);
#3695=ORIENTED_EDGE('',*,*,#5085,.T.);
#3696=ORIENTED_EDGE('',*,*,#5086,.F.);
#3697=ORIENTED_EDGE('',*,*,#5085,.F.);
#3698=ORIENTED_EDGE('',*,*,#5013,.F.);
#3699=ORIENTED_EDGE('',*,*,#5087,.F.);
#3700=ORIENTED_EDGE('',*,*,#5088,.F.);
#3701=ORIENTED_EDGE('',*,*,#5087,.T.);
#3702=ORIENTED_EDGE('',*,*,#5012,.F.);
#3703=ORIENTED_EDGE('',*,*,#4997,.T.);
#3704=ORIENTED_EDGE('',*,*,#5089,.F.);
#3705=ORIENTED_EDGE('',*,*,#5000,.T.);
#3706=ORIENTED_EDGE('',*,*,#5090,.F.);
#3707=ORIENTED_EDGE('',*,*,#5073,.T.);
#3708=ORIENTED_EDGE('',*,*,#5089,.T.);
#3709=ORIENTED_EDGE('',*,*,#5072,.T.);
#3710=ORIENTED_EDGE('',*,*,#5091,.F.);
#3711=ORIENTED_EDGE('',*,*,#5022,.T.);
#3712=ORIENTED_EDGE('',*,*,#5092,.F.);
#3713=ORIENTED_EDGE('',*,*,#5024,.T.);
#3714=ORIENTED_EDGE('',*,*,#5091,.T.);
#3715=ORIENTED_EDGE('',*,*,#5071,.T.);
#3716=ORIENTED_EDGE('',*,*,#5092,.T.);
#3717=ORIENTED_EDGE('',*,*,#5070,.T.);
#3718=ORIENTED_EDGE('',*,*,#5093,.F.);
#3719=ORIENTED_EDGE('',*,*,#4992,.T.);
#3720=ORIENTED_EDGE('',*,*,#5094,.F.);
#3721=ORIENTED_EDGE('',*,*,#5021,.T.);
#3722=ORIENTED_EDGE('',*,*,#5093,.T.);
#3723=ORIENTED_EDGE('',*,*,#5069,.T.);
#3724=ORIENTED_EDGE('',*,*,#5094,.T.);
#3725=ORIENTED_EDGE('',*,*,#5068,.T.);
#3726=ORIENTED_EDGE('',*,*,#5095,.F.);
#3727=ORIENTED_EDGE('',*,*,#5007,.T.);
#3728=ORIENTED_EDGE('',*,*,#5096,.F.);
#3729=ORIENTED_EDGE('',*,*,#5004,.T.);
#3730=ORIENTED_EDGE('',*,*,#5095,.T.);
#3731=ORIENTED_EDGE('',*,*,#5067,.T.);
#3732=ORIENTED_EDGE('',*,*,#5096,.T.);
#3733=ORIENTED_EDGE('',*,*,#5066,.T.);
#3734=ORIENTED_EDGE('',*,*,#5097,.F.);
#3735=ORIENTED_EDGE('',*,*,#4996,.T.);
#3736=ORIENTED_EDGE('',*,*,#5098,.F.);
#3737=ORIENTED_EDGE('',*,*,#5088,.T.);
#3738=ORIENTED_EDGE('',*,*,#5097,.T.);
#3739=ORIENTED_EDGE('',*,*,#5065,.T.);
#3740=ORIENTED_EDGE('',*,*,#5098,.T.);
#3741=ORIENTED_EDGE('',*,*,#5064,.T.);
#3742=ORIENTED_EDGE('',*,*,#5099,.F.);
#3743=ORIENTED_EDGE('',*,*,#5086,.T.);
#3744=ORIENTED_EDGE('',*,*,#5100,.F.);
#3745=ORIENTED_EDGE('',*,*,#5084,.T.);
#3746=ORIENTED_EDGE('',*,*,#5099,.T.);
#3747=ORIENTED_EDGE('',*,*,#5063,.T.);
#3748=ORIENTED_EDGE('',*,*,#5100,.T.);
#3749=ORIENTED_EDGE('',*,*,#5062,.T.);
#3750=ORIENTED_EDGE('',*,*,#5101,.F.);
#3751=ORIENTED_EDGE('',*,*,#5082,.T.);
#3752=ORIENTED_EDGE('',*,*,#5102,.F.);
#3753=ORIENTED_EDGE('',*,*,#5080,.T.);
#3754=ORIENTED_EDGE('',*,*,#5101,.T.);
#3755=ORIENTED_EDGE('',*,*,#5061,.T.);
#3756=ORIENTED_EDGE('',*,*,#5102,.T.);
#3757=ORIENTED_EDGE('',*,*,#5060,.T.);
#3758=ORIENTED_EDGE('',*,*,#5103,.F.);
#3759=ORIENTED_EDGE('',*,*,#5078,.T.);
#3760=ORIENTED_EDGE('',*,*,#5104,.F.);
#3761=ORIENTED_EDGE('',*,*,#5076,.T.);
#3762=ORIENTED_EDGE('',*,*,#5103,.T.);
#3763=ORIENTED_EDGE('',*,*,#5059,.T.);
#3764=ORIENTED_EDGE('',*,*,#5104,.T.);
#3765=ORIENTED_EDGE('',*,*,#5058,.T.);
#3766=ORIENTED_EDGE('',*,*,#5090,.T.);
#3767=ORIENTED_EDGE('',*,*,#5074,.T.);
#3768=ORIENTED_EDGE('',*,*,#5105,.F.);
#3769=ORIENTED_EDGE('',*,*,#5106,.F.);
#3770=ORIENTED_EDGE('',*,*,#5107,.F.);
#3771=ORIENTED_EDGE('',*,*,#5108,.F.);
#3772=ORIENTED_EDGE('',*,*,#5109,.F.);
#3773=ORIENTED_EDGE('',*,*,#5110,.F.);
#3774=ORIENTED_EDGE('',*,*,#5111,.F.);
#3775=ORIENTED_EDGE('',*,*,#5112,.F.);
#3776=ORIENTED_EDGE('',*,*,#5113,.F.);
#3777=ORIENTED_EDGE('',*,*,#5114,.F.);
#3778=ORIENTED_EDGE('',*,*,#5115,.F.);
#3779=ORIENTED_EDGE('',*,*,#5116,.F.);
#3780=ORIENTED_EDGE('',*,*,#5117,.F.);
#3781=ORIENTED_EDGE('',*,*,#5118,.F.);
#3782=ORIENTED_EDGE('',*,*,#5119,.F.);
#3783=ORIENTED_EDGE('',*,*,#5120,.F.);
#3784=ORIENTED_EDGE('',*,*,#4984,.T.);
#3785=ORIENTED_EDGE('',*,*,#5121,.F.);
#3786=ORIENTED_EDGE('',*,*,#5043,.T.);
#3787=ORIENTED_EDGE('',*,*,#5033,.F.);
#3788=ORIENTED_EDGE('',*,*,#5122,.T.);
#3789=ORIENTED_EDGE('',*,*,#5123,.F.);
#3790=ORIENTED_EDGE('',*,*,#5122,.F.);
#3791=ORIENTED_EDGE('',*,*,#5032,.F.);
#3792=ORIENTED_EDGE('',*,*,#5124,.F.);
#3793=ORIENTED_EDGE('',*,*,#5125,.F.);
#3794=ORIENTED_EDGE('',*,*,#5124,.T.);
#3795=ORIENTED_EDGE('',*,*,#5031,.F.);
#3796=ORIENTED_EDGE('',*,*,#5126,.T.);
#3797=ORIENTED_EDGE('',*,*,#5127,.F.);
#3798=ORIENTED_EDGE('',*,*,#5126,.F.);
#3799=ORIENTED_EDGE('',*,*,#5030,.F.);
#3800=ORIENTED_EDGE('',*,*,#5128,.F.);
#3801=ORIENTED_EDGE('',*,*,#5129,.F.);
#3802=ORIENTED_EDGE('',*,*,#5128,.T.);
#3803=ORIENTED_EDGE('',*,*,#5029,.F.);
#3804=ORIENTED_EDGE('',*,*,#5130,.T.);
#3805=ORIENTED_EDGE('',*,*,#5131,.F.);
#3806=ORIENTED_EDGE('',*,*,#5130,.F.);
#3807=ORIENTED_EDGE('',*,*,#5028,.F.);
#3808=ORIENTED_EDGE('',*,*,#5132,.F.);
#3809=ORIENTED_EDGE('',*,*,#5133,.F.);
#3810=ORIENTED_EDGE('',*,*,#5132,.T.);
#3811=ORIENTED_EDGE('',*,*,#5027,.F.);
#3812=ORIENTED_EDGE('',*,*,#5134,.T.);
#3813=ORIENTED_EDGE('',*,*,#5135,.F.);
#3814=ORIENTED_EDGE('',*,*,#5134,.F.);
#3815=ORIENTED_EDGE('',*,*,#5026,.F.);
#3816=ORIENTED_EDGE('',*,*,#5057,.F.);
#3817=ORIENTED_EDGE('',*,*,#5136,.F.);
#3818=ORIENTED_EDGE('',*,*,#5106,.T.);
#3819=ORIENTED_EDGE('',*,*,#5137,.F.);
#3820=ORIENTED_EDGE('',*,*,#5123,.T.);
#3821=ORIENTED_EDGE('',*,*,#5136,.T.);
#3822=ORIENTED_EDGE('',*,*,#5125,.T.);
#3823=ORIENTED_EDGE('',*,*,#5138,.F.);
#3824=ORIENTED_EDGE('',*,*,#5107,.T.);
#3825=ORIENTED_EDGE('',*,*,#5139,.F.);
#3826=ORIENTED_EDGE('',*,*,#5108,.T.);
#3827=ORIENTED_EDGE('',*,*,#5138,.T.);
#3828=ORIENTED_EDGE('',*,*,#5127,.T.);
#3829=ORIENTED_EDGE('',*,*,#5139,.T.);
#3830=ORIENTED_EDGE('',*,*,#5129,.T.);
#3831=ORIENTED_EDGE('',*,*,#5140,.F.);
#3832=ORIENTED_EDGE('',*,*,#5109,.T.);
#3833=ORIENTED_EDGE('',*,*,#5141,.F.);
#3834=ORIENTED_EDGE('',*,*,#5110,.T.);
#3835=ORIENTED_EDGE('',*,*,#5140,.T.);
#3836=ORIENTED_EDGE('',*,*,#5131,.T.);
#3837=ORIENTED_EDGE('',*,*,#5141,.T.);
#3838=ORIENTED_EDGE('',*,*,#5133,.T.);
#3839=ORIENTED_EDGE('',*,*,#5142,.F.);
#3840=ORIENTED_EDGE('',*,*,#5111,.T.);
#3841=ORIENTED_EDGE('',*,*,#5143,.F.);
#3842=ORIENTED_EDGE('',*,*,#5112,.T.);
#3843=ORIENTED_EDGE('',*,*,#5142,.T.);
#3844=ORIENTED_EDGE('',*,*,#5135,.T.);
#3845=ORIENTED_EDGE('',*,*,#5143,.T.);
#3846=ORIENTED_EDGE('',*,*,#5056,.T.);
#3847=ORIENTED_EDGE('',*,*,#5144,.F.);
#3848=ORIENTED_EDGE('',*,*,#5113,.T.);
#3849=ORIENTED_EDGE('',*,*,#5145,.F.);
#3850=ORIENTED_EDGE('',*,*,#5114,.T.);
#3851=ORIENTED_EDGE('',*,*,#5144,.T.);
#3852=ORIENTED_EDGE('',*,*,#5054,.T.);
#3853=ORIENTED_EDGE('',*,*,#5145,.T.);
#3854=ORIENTED_EDGE('',*,*,#5052,.T.);
#3855=ORIENTED_EDGE('',*,*,#5146,.F.);
#3856=ORIENTED_EDGE('',*,*,#5115,.T.);
#3857=ORIENTED_EDGE('',*,*,#5147,.F.);
#3858=ORIENTED_EDGE('',*,*,#5116,.T.);
#3859=ORIENTED_EDGE('',*,*,#5146,.T.);
#3860=ORIENTED_EDGE('',*,*,#5050,.T.);
#3861=ORIENTED_EDGE('',*,*,#5147,.T.);
#3862=ORIENTED_EDGE('',*,*,#5048,.T.);
#3863=ORIENTED_EDGE('',*,*,#5148,.F.);
#3864=ORIENTED_EDGE('',*,*,#5117,.T.);
#3865=ORIENTED_EDGE('',*,*,#5149,.F.);
#3866=ORIENTED_EDGE('',*,*,#5118,.T.);
#3867=ORIENTED_EDGE('',*,*,#5148,.T.);
#3868=ORIENTED_EDGE('',*,*,#5046,.T.);
#3869=ORIENTED_EDGE('',*,*,#5149,.T.);
#3870=ORIENTED_EDGE('',*,*,#5044,.T.);
#3871=ORIENTED_EDGE('',*,*,#5150,.F.);
#3872=ORIENTED_EDGE('',*,*,#5119,.T.);
#3873=ORIENTED_EDGE('',*,*,#5151,.F.);
#3874=ORIENTED_EDGE('',*,*,#5120,.T.);
#3875=ORIENTED_EDGE('',*,*,#5150,.T.);
#3876=ORIENTED_EDGE('',*,*,#5041,.T.);
#3877=ORIENTED_EDGE('',*,*,#5151,.T.);
#3878=ORIENTED_EDGE('',*,*,#5121,.T.);
#3879=ORIENTED_EDGE('',*,*,#5137,.T.);
#3880=ORIENTED_EDGE('',*,*,#5105,.T.);
#3881=ORIENTED_EDGE('',*,*,#5152,.F.);
#3882=ORIENTED_EDGE('',*,*,#4983,.T.);
#3883=ORIENTED_EDGE('',*,*,#4749,.T.);
#3884=ORIENTED_EDGE('',*,*,#5153,.F.);
#3885=ORIENTED_EDGE('',*,*,#5154,.F.);
#3886=ORIENTED_EDGE('',*,*,#5153,.T.);
#3887=ORIENTED_EDGE('',*,*,#4748,.T.);
#3888=ORIENTED_EDGE('',*,*,#5155,.T.);
#3889=ORIENTED_EDGE('',*,*,#5156,.F.);
#3890=ORIENTED_EDGE('',*,*,#5155,.F.);
#3891=ORIENTED_EDGE('',*,*,#4747,.F.);
#3892=ORIENTED_EDGE('',*,*,#5157,.F.);
#3893=ORIENTED_EDGE('',*,*,#5158,.F.);
#3894=ORIENTED_EDGE('',*,*,#5157,.T.);
#3895=ORIENTED_EDGE('',*,*,#4746,.T.);
#3896=ORIENTED_EDGE('',*,*,#5159,.T.);
#3897=ORIENTED_EDGE('',*,*,#5160,.F.);
#3898=ORIENTED_EDGE('',*,*,#5159,.F.);
#3899=ORIENTED_EDGE('',*,*,#4745,.T.);
#3900=ORIENTED_EDGE('',*,*,#5161,.F.);
#3901=ORIENTED_EDGE('',*,*,#5162,.F.);
#3902=ORIENTED_EDGE('',*,*,#5161,.T.);
#3903=ORIENTED_EDGE('',*,*,#4744,.T.);
#3904=ORIENTED_EDGE('',*,*,#5163,.F.);
#3905=ORIENTED_EDGE('',*,*,#5164,.F.);
#3906=ORIENTED_EDGE('',*,*,#5163,.T.);
#3907=ORIENTED_EDGE('',*,*,#4743,.T.);
#3908=ORIENTED_EDGE('',*,*,#5165,.F.);
#3909=ORIENTED_EDGE('',*,*,#5166,.F.);
#3910=ORIENTED_EDGE('',*,*,#5165,.T.);
#3911=ORIENTED_EDGE('',*,*,#4742,.T.);
#3912=ORIENTED_EDGE('',*,*,#5167,.T.);
#3913=ORIENTED_EDGE('',*,*,#5168,.F.);
#3914=ORIENTED_EDGE('',*,*,#5167,.F.);
#3915=ORIENTED_EDGE('',*,*,#4741,.F.);
#3916=ORIENTED_EDGE('',*,*,#5169,.F.);
#3917=ORIENTED_EDGE('',*,*,#5170,.F.);
#3918=ORIENTED_EDGE('',*,*,#5169,.T.);
#3919=ORIENTED_EDGE('',*,*,#4740,.T.);
#3920=ORIENTED_EDGE('',*,*,#5171,.T.);
#3921=ORIENTED_EDGE('',*,*,#5172,.F.);
#3922=ORIENTED_EDGE('',*,*,#5171,.F.);
#3923=ORIENTED_EDGE('',*,*,#4739,.T.);
#3924=ORIENTED_EDGE('',*,*,#5173,.T.);
#3925=ORIENTED_EDGE('',*,*,#5174,.F.);
#3926=ORIENTED_EDGE('',*,*,#5173,.F.);
#3927=ORIENTED_EDGE('',*,*,#4738,.T.);
#3928=ORIENTED_EDGE('',*,*,#5175,.T.);
#3929=ORIENTED_EDGE('',*,*,#5176,.F.);
#3930=ORIENTED_EDGE('',*,*,#5175,.F.);
#3931=ORIENTED_EDGE('',*,*,#4737,.T.);
#3932=ORIENTED_EDGE('',*,*,#5177,.F.);
#3933=ORIENTED_EDGE('',*,*,#5178,.F.);
#3934=ORIENTED_EDGE('',*,*,#5177,.T.);
#3935=ORIENTED_EDGE('',*,*,#4736,.T.);
#3936=ORIENTED_EDGE('',*,*,#5179,.F.);
#3937=ORIENTED_EDGE('',*,*,#5180,.F.);
#3938=ORIENTED_EDGE('',*,*,#5179,.T.);
#3939=ORIENTED_EDGE('',*,*,#4735,.T.);
#3940=ORIENTED_EDGE('',*,*,#5181,.F.);
#3941=ORIENTED_EDGE('',*,*,#5182,.F.);
#3942=ORIENTED_EDGE('',*,*,#5181,.T.);
#3943=ORIENTED_EDGE('',*,*,#4734,.T.);
#3944=ORIENTED_EDGE('',*,*,#5183,.F.);
#3945=ORIENTED_EDGE('',*,*,#5184,.F.);
#3946=ORIENTED_EDGE('',*,*,#5183,.T.);
#3947=ORIENTED_EDGE('',*,*,#4733,.T.);
#3948=ORIENTED_EDGE('',*,*,#5185,.F.);
#3949=ORIENTED_EDGE('',*,*,#5186,.F.);
#3950=ORIENTED_EDGE('',*,*,#5185,.T.);
#3951=ORIENTED_EDGE('',*,*,#4732,.T.);
#3952=ORIENTED_EDGE('',*,*,#5187,.F.);
#3953=ORIENTED_EDGE('',*,*,#5188,.F.);
#3954=ORIENTED_EDGE('',*,*,#5187,.T.);
#3955=ORIENTED_EDGE('',*,*,#4731,.T.);
#3956=ORIENTED_EDGE('',*,*,#4987,.F.);
#3957=ORIENTED_EDGE('',*,*,#5189,.T.);
#3958=ORIENTED_EDGE('',*,*,#4986,.F.);
#3959=ORIENTED_EDGE('',*,*,#4918,.T.);
#3960=ORIENTED_EDGE('',*,*,#4653,.F.);
#3961=ORIENTED_EDGE('',*,*,#4648,.T.);
#3962=ORIENTED_EDGE('',*,*,#5190,.F.);
#3963=ORIENTED_EDGE('',*,*,#5180,.T.);
#3964=ORIENTED_EDGE('',*,*,#5191,.F.);
#3965=ORIENTED_EDGE('',*,*,#5190,.T.);
#3966=ORIENTED_EDGE('',*,*,#4647,.T.);
#3967=ORIENTED_EDGE('',*,*,#5192,.F.);
#3968=ORIENTED_EDGE('',*,*,#5178,.T.);
#3969=ORIENTED_EDGE('',*,*,#5192,.T.);
#3970=ORIENTED_EDGE('',*,*,#4646,.T.);
#3971=ORIENTED_EDGE('',*,*,#5193,.F.);
#3972=ORIENTED_EDGE('',*,*,#5176,.T.);
#3973=ORIENTED_EDGE('',*,*,#5193,.T.);
#3974=ORIENTED_EDGE('',*,*,#4645,.T.);
#3975=ORIENTED_EDGE('',*,*,#5194,.F.);
#3976=ORIENTED_EDGE('',*,*,#5174,.T.);
#3977=ORIENTED_EDGE('',*,*,#5194,.T.);
#3978=ORIENTED_EDGE('',*,*,#4644,.T.);
#3979=ORIENTED_EDGE('',*,*,#5195,.F.);
#3980=ORIENTED_EDGE('',*,*,#5172,.T.);
#3981=ORIENTED_EDGE('',*,*,#5196,.F.);
#3982=ORIENTED_EDGE('',*,*,#5170,.T.);
#3983=ORIENTED_EDGE('',*,*,#5195,.T.);
#3984=ORIENTED_EDGE('',*,*,#4643,.T.);
#3985=ORIENTED_EDGE('',*,*,#5196,.T.);
#3986=ORIENTED_EDGE('',*,*,#4642,.T.);
#3987=ORIENTED_EDGE('',*,*,#5197,.F.);
#3988=ORIENTED_EDGE('',*,*,#5168,.T.);
#3989=ORIENTED_EDGE('',*,*,#5198,.F.);
#3990=ORIENTED_EDGE('',*,*,#5166,.T.);
#3991=ORIENTED_EDGE('',*,*,#5197,.T.);
#3992=ORIENTED_EDGE('',*,*,#4641,.T.);
#3993=ORIENTED_EDGE('',*,*,#5198,.T.);
#3994=ORIENTED_EDGE('',*,*,#4640,.T.);
#3995=ORIENTED_EDGE('',*,*,#5199,.F.);
#3996=ORIENTED_EDGE('',*,*,#5164,.T.);
#3997=ORIENTED_EDGE('',*,*,#5199,.T.);
#3998=ORIENTED_EDGE('',*,*,#4639,.T.);
#3999=ORIENTED_EDGE('',*,*,#5200,.F.);
#4000=ORIENTED_EDGE('',*,*,#5162,.T.);
#4001=ORIENTED_EDGE('',*,*,#5200,.T.);
#4002=ORIENTED_EDGE('',*,*,#4638,.T.);
#4003=ORIENTED_EDGE('',*,*,#5201,.F.);
#4004=ORIENTED_EDGE('',*,*,#5160,.T.);
#4005=ORIENTED_EDGE('',*,*,#5202,.F.);
#4006=ORIENTED_EDGE('',*,*,#5158,.T.);
#4007=ORIENTED_EDGE('',*,*,#5201,.T.);
#4008=ORIENTED_EDGE('',*,*,#4637,.T.);
#4009=ORIENTED_EDGE('',*,*,#5202,.T.);
#4010=ORIENTED_EDGE('',*,*,#4636,.T.);
#4011=ORIENTED_EDGE('',*,*,#5203,.F.);
#4012=ORIENTED_EDGE('',*,*,#5156,.T.);
#4013=ORIENTED_EDGE('',*,*,#5204,.F.);
#4014=ORIENTED_EDGE('',*,*,#5154,.T.);
#4015=ORIENTED_EDGE('',*,*,#5203,.T.);
#4016=ORIENTED_EDGE('',*,*,#4635,.T.);
#4017=ORIENTED_EDGE('',*,*,#4915,.T.);
#4018=ORIENTED_EDGE('',*,*,#5152,.T.);
#4019=ORIENTED_EDGE('',*,*,#5204,.T.);
#4020=ORIENTED_EDGE('',*,*,#4634,.T.);
#4021=ORIENTED_EDGE('',*,*,#5188,.T.);
#4022=ORIENTED_EDGE('',*,*,#5189,.F.);
#4023=ORIENTED_EDGE('',*,*,#4652,.T.);
#4024=ORIENTED_EDGE('',*,*,#5205,.F.);
#4025=ORIENTED_EDGE('',*,*,#4651,.T.);
#4026=ORIENTED_EDGE('',*,*,#5206,.F.);
#4027=ORIENTED_EDGE('',*,*,#5186,.T.);
#4028=ORIENTED_EDGE('',*,*,#5205,.T.);
#4029=ORIENTED_EDGE('',*,*,#5206,.T.);
#4030=ORIENTED_EDGE('',*,*,#4650,.T.);
#4031=ORIENTED_EDGE('',*,*,#5207,.F.);
#4032=ORIENTED_EDGE('',*,*,#5184,.T.);
#4033=ORIENTED_EDGE('',*,*,#5182,.T.);
#4034=ORIENTED_EDGE('',*,*,#5207,.T.);
#4035=ORIENTED_EDGE('',*,*,#4649,.T.);
#4036=ORIENTED_EDGE('',*,*,#5191,.T.);
#4037=EDGE_CURVE('',#5208,#5208,#5955,.T.);
#4038=EDGE_CURVE('',#5209,#5210,#5956,.T.);
#4039=EDGE_CURVE('',#5211,#5209,#5957,.T.);
#4040=EDGE_CURVE('',#5212,#5211,#5958,.T.);
#4041=EDGE_CURVE('',#5213,#5212,#359,.T.);
#4042=EDGE_CURVE('',#5214,#5213,#5959,.T.);
#4043=EDGE_CURVE('',#5215,#5214,#5960,.T.);
#4044=EDGE_CURVE('',#5216,#5215,#5961,.T.);
#4045=EDGE_CURVE('',#5217,#5216,#360,.T.);
#4046=EDGE_CURVE('',#5218,#5217,#5962,.T.);
#4047=EDGE_CURVE('',#5219,#5218,#361,.T.);
#4048=EDGE_CURVE('',#5220,#5219,#5963,.T.);
#4049=EDGE_CURVE('',#5221,#5220,#362,.T.);
#4050=EDGE_CURVE('',#5222,#5221,#5964,.T.);
#4051=EDGE_CURVE('',#5223,#5222,#363,.T.);
#4052=EDGE_CURVE('',#5224,#5223,#5965,.T.);
#4053=EDGE_CURVE('',#5225,#5224,#364,.T.);
#4054=EDGE_CURVE('',#5226,#5225,#5966,.T.);
#4055=EDGE_CURVE('',#5227,#5226,#365,.T.);
#4056=EDGE_CURVE('',#5228,#5227,#5967,.T.);
#4057=EDGE_CURVE('',#5229,#5228,#366,.T.);
#4058=EDGE_CURVE('',#5230,#5229,#5968,.T.);
#4059=EDGE_CURVE('',#5231,#5230,#367,.T.);
#4060=EDGE_CURVE('',#5232,#5231,#5969,.T.);
#4061=EDGE_CURVE('',#5233,#5232,#368,.T.);
#4062=EDGE_CURVE('',#5234,#5233,#5970,.T.);
#4063=EDGE_CURVE('',#5235,#5234,#5971,.T.);
#4064=EDGE_CURVE('',#5236,#5235,#5972,.T.);
#4065=EDGE_CURVE('',#5237,#5236,#5973,.T.);
#4066=EDGE_CURVE('',#5238,#5237,#5974,.T.);
#4067=EDGE_CURVE('',#5239,#5238,#369,.T.);
#4068=EDGE_CURVE('',#5240,#5239,#5975,.T.);
#4069=EDGE_CURVE('',#5241,#5240,#370,.T.);
#4070=EDGE_CURVE('',#5242,#5241,#5976,.T.);
#4071=EDGE_CURVE('',#5243,#5242,#5977,.T.);
#4072=EDGE_CURVE('',#5244,#5243,#5978,.T.);
#4073=EDGE_CURVE('',#5245,#5244,#371,.T.);
#4074=EDGE_CURVE('',#5246,#5245,#5979,.T.);
#4075=EDGE_CURVE('',#5247,#5246,#372,.T.);
#4076=EDGE_CURVE('',#5248,#5247,#5980,.T.);
#4077=EDGE_CURVE('',#5249,#5248,#373,.T.);
#4078=EDGE_CURVE('',#5250,#5249,#5981,.T.);
#4079=EDGE_CURVE('',#5251,#5250,#374,.T.);
#4080=EDGE_CURVE('',#5252,#5251,#5982,.T.);
#4081=EDGE_CURVE('',#5210,#5252,#375,.T.);
#4082=EDGE_CURVE('',#5253,#5253,#5983,.T.);
#4083=EDGE_CURVE('',#5254,#5254,#5984,.T.);
#4084=EDGE_CURVE('',#5255,#5255,#5985,.T.);
#4085=EDGE_CURVE('',#5256,#5257,#5986,.T.);
#4086=EDGE_CURVE('',#5258,#5256,#376,.T.);
#4087=EDGE_CURVE('',#5259,#5258,#5987,.T.);
#4088=EDGE_CURVE('',#5260,#5259,#377,.T.);
#4089=EDGE_CURVE('',#5261,#5260,#5988,.T.);
#4090=EDGE_CURVE('',#5262,#5261,#5989,.T.);
#4091=EDGE_CURVE('',#5263,#5262,#378,.T.);
#4092=EDGE_CURVE('',#5264,#5263,#5990,.T.);
#4093=EDGE_CURVE('',#5265,#5264,#5991,.T.);
#4094=EDGE_CURVE('',#5266,#5265,#5992,.T.);
#4095=EDGE_CURVE('',#5257,#5266,#5993,.T.);
#4096=EDGE_CURVE('',#5267,#5267,#5994,.T.);
#4097=EDGE_CURVE('',#5268,#5268,#5995,.T.);
#4098=EDGE_CURVE('',#5269,#5269,#5996,.T.);
#4099=EDGE_CURVE('',#5270,#5270,#5997,.T.);
#4100=EDGE_CURVE('',#5271,#5271,#5998,.T.);
#4101=EDGE_CURVE('',#5272,#5272,#5999,.T.);
#4102=EDGE_CURVE('',#5273,#5273,#6000,.T.);
#4103=EDGE_CURVE('',#5274,#5274,#6001,.T.);
#4104=EDGE_CURVE('',#5275,#5275,#6002,.T.);
#4105=EDGE_CURVE('',#5276,#5276,#6003,.T.);
#4106=EDGE_CURVE('',#5277,#5277,#6004,.T.);
#4107=EDGE_CURVE('',#5278,#5279,#379,.T.);
#4108=EDGE_CURVE('',#5280,#5278,#6005,.T.);
#4109=EDGE_CURVE('',#5281,#5280,#6006,.T.);
#4110=EDGE_CURVE('',#5282,#5281,#6007,.T.);
#4111=EDGE_CURVE('',#5283,#5282,#380,.T.);
#4112=EDGE_CURVE('',#5284,#5283,#6008,.T.);
#4113=EDGE_CURVE('',#5285,#5284,#381,.T.);
#4114=EDGE_CURVE('',#5286,#5285,#6009,.T.);
#4115=EDGE_CURVE('',#5279,#5286,#6010,.T.);
#4116=EDGE_CURVE('',#5287,#5288,#6011,.T.);
#4117=EDGE_CURVE('',#5289,#5287,#382,.T.);
#4118=EDGE_CURVE('',#5290,#5289,#6012,.T.);
#4119=EDGE_CURVE('',#5291,#5290,#383,.T.);
#4120=EDGE_CURVE('',#5292,#5291,#6013,.T.);
#4121=EDGE_CURVE('',#5293,#5292,#384,.T.);
#4122=EDGE_CURVE('',#5294,#5293,#6014,.T.);
#4123=EDGE_CURVE('',#5295,#5294,#6015,.T.);
#4124=EDGE_CURVE('',#5296,#5295,#6016,.T.);
#4125=EDGE_CURVE('',#5288,#5296,#6017,.T.);
#4126=EDGE_CURVE('',#5297,#5297,#6018,.T.);
#4127=EDGE_CURVE('',#5298,#5298,#6019,.T.);
#4128=EDGE_CURVE('',#5299,#5300,#6020,.T.);
#4129=EDGE_CURVE('',#5300,#5301,#6021,.T.);
#4130=EDGE_CURVE('',#5301,#5302,#385,.T.);
#4131=EDGE_CURVE('',#5302,#5303,#6022,.T.);
#4132=EDGE_CURVE('',#5303,#5304,#386,.T.);
#4133=EDGE_CURVE('',#5304,#5305,#6023,.T.);
#4134=EDGE_CURVE('',#5305,#5306,#387,.T.);
#4135=EDGE_CURVE('',#5306,#5307,#6024,.T.);
#4136=EDGE_CURVE('',#5307,#5308,#388,.T.);
#4137=EDGE_CURVE('',#5308,#5309,#6025,.T.);
#4138=EDGE_CURVE('',#5309,#5310,#389,.T.);
#4139=EDGE_CURVE('',#5311,#5310,#6026,.T.);
#4140=EDGE_CURVE('',#5311,#5312,#6027,.T.);
#4141=EDGE_CURVE('',#5313,#5312,#6028,.T.);
#4142=EDGE_CURVE('',#5313,#5314,#390,.T.);
#4143=EDGE_CURVE('',#5314,#5315,#6029,.T.);
#4144=EDGE_CURVE('',#5315,#5316,#391,.T.);
#4145=EDGE_CURVE('',#5317,#5316,#6030,.T.);
#4146=EDGE_CURVE('',#5317,#5318,#6031,.T.);
#4147=EDGE_CURVE('',#5319,#5318,#6032,.T.);
#4148=EDGE_CURVE('',#5319,#5320,#6033,.T.);
#4149=EDGE_CURVE('',#5320,#5321,#6034,.T.);
#4150=EDGE_CURVE('',#5321,#5322,#392,.T.);
#4151=EDGE_CURVE('',#5322,#5323,#6035,.T.);
#4152=EDGE_CURVE('',#5323,#5324,#393,.T.);
#4153=EDGE_CURVE('',#5324,#5325,#6036,.T.);
#4154=EDGE_CURVE('',#5325,#5326,#394,.T.);
#4155=EDGE_CURVE('',#5326,#5327,#6037,.T.);
#4156=EDGE_CURVE('',#5327,#5328,#395,.T.);
#4157=EDGE_CURVE('',#5328,#5329,#6038,.T.);
#4158=EDGE_CURVE('',#5329,#5330,#396,.T.);
#4159=EDGE_CURVE('',#5330,#5331,#6039,.T.);
#4160=EDGE_CURVE('',#5331,#5332,#397,.T.);
#4161=EDGE_CURVE('',#5332,#5333,#6040,.T.);
#4162=EDGE_CURVE('',#5333,#5334,#398,.T.);
#4163=EDGE_CURVE('',#5334,#5335,#6041,.T.);
#4164=EDGE_CURVE('',#5335,#5336,#399,.T.);
#4165=EDGE_CURVE('',#5336,#5337,#6042,.T.);
#4166=EDGE_CURVE('',#5337,#5338,#400,.T.);
#4167=EDGE_CURVE('',#5338,#5339,#6043,.T.);
#4168=EDGE_CURVE('',#5339,#5340,#6044,.T.);
#4169=EDGE_CURVE('',#5340,#5341,#6045,.T.);
#4170=EDGE_CURVE('',#5341,#5342,#401,.T.);
#4171=EDGE_CURVE('',#5342,#5299,#6046,.T.);
#4172=EDGE_CURVE('',#5343,#5344,#6047,.T.);
#4173=EDGE_CURVE('',#5344,#5344,#6048,.T.);
#4174=EDGE_CURVE('',#5344,#5343,#6049,.T.);
#4175=EDGE_CURVE('',#5343,#5343,#6050,.T.);
#4176=EDGE_CURVE('',#5345,#5345,#6051,.T.);
#4177=EDGE_CURVE('',#5346,#5346,#6052,.T.);
#4178=EDGE_CURVE('',#5347,#5347,#6053,.T.);
#4179=EDGE_CURVE('',#5348,#5348,#6054,.T.);
#4180=EDGE_CURVE('',#5349,#5350,#6055,.T.);
#4181=EDGE_CURVE('',#5350,#5351,#6056,.T.);
#4182=EDGE_CURVE('',#5351,#5352,#6057,.T.);
#4183=EDGE_CURVE('',#5352,#5353,#6058,.T.);
#4184=EDGE_CURVE('',#5353,#5354,#6059,.T.);
#4185=EDGE_CURVE('',#5354,#5355,#402,.T.);
#4186=EDGE_CURVE('',#5355,#5356,#6060,.T.);
#4187=EDGE_CURVE('',#5356,#5357,#6061,.T.);
#4188=EDGE_CURVE('',#5357,#5358,#403,.T.);
#4189=EDGE_CURVE('',#5358,#5359,#6062,.T.);
#4190=EDGE_CURVE('',#5359,#5349,#404,.T.);
#4191=EDGE_CURVE('',#5360,#5360,#6063,.T.);
#4192=EDGE_CURVE('',#5361,#5362,#6064,.T.);
#4193=EDGE_CURVE('',#5362,#5363,#6065,.T.);
#4194=EDGE_CURVE('',#5363,#5364,#6066,.T.);
#4195=EDGE_CURVE('',#5364,#5365,#6067,.T.);
#4196=EDGE_CURVE('',#5365,#5366,#6068,.T.);
#4197=EDGE_CURVE('',#5366,#5367,#405,.T.);
#4198=EDGE_CURVE('',#5367,#5368,#6069,.T.);
#4199=EDGE_CURVE('',#5368,#5369,#406,.T.);
#4200=EDGE_CURVE('',#5369,#5370,#6070,.T.);
#4201=EDGE_CURVE('',#5370,#5361,#407,.T.);
#4202=EDGE_CURVE('',#5371,#5372,#408,.T.);
#4203=EDGE_CURVE('',#5372,#5373,#6071,.T.);
#4204=EDGE_CURVE('',#5373,#5374,#6072,.T.);
#4205=EDGE_CURVE('',#5374,#5375,#409,.T.);
#4206=EDGE_CURVE('',#5375,#5376,#6073,.T.);
#4207=EDGE_CURVE('',#5376,#5377,#410,.T.);
#4208=EDGE_CURVE('',#5377,#5378,#6074,.T.);
#4209=EDGE_CURVE('',#5378,#5379,#6075,.T.);
#4210=EDGE_CURVE('',#5379,#5371,#6076,.T.);
#4211=EDGE_CURVE('',#5380,#5380,#6077,.T.);
#4212=EDGE_CURVE('',#5381,#5382,#6078,.T.);
#4213=EDGE_CURVE('',#5211,#5382,#411,.T.);
#4214=EDGE_CURVE('',#5209,#5381,#412,.T.);
#4215=EDGE_CURVE('',#5383,#5383,#6079,.T.);
#4216=EDGE_CURVE('',#5382,#5299,#413,.T.);
#4217=EDGE_CURVE('',#5381,#5300,#414,.T.);
#4218=EDGE_CURVE('',#5384,#5384,#6080,.T.);
#4219=EDGE_CURVE('',#5385,#5386,#6081,.T.);
#4220=EDGE_CURVE('',#5386,#5387,#415,.T.);
#4221=EDGE_CURVE('',#5387,#5388,#6082,.T.);
#4222=EDGE_CURVE('',#5388,#5389,#416,.T.);
#4223=EDGE_CURVE('',#5389,#5390,#6083,.T.);
#4224=EDGE_CURVE('',#5390,#5391,#417,.T.);
#4225=EDGE_CURVE('',#5391,#5392,#6084,.T.);
#4226=EDGE_CURVE('',#5392,#5393,#418,.T.);
#4227=EDGE_CURVE('',#5393,#5394,#6085,.T.);
#4228=EDGE_CURVE('',#5394,#5395,#419,.T.);
#4229=EDGE_CURVE('',#5395,#5396,#6086,.T.);
#4230=EDGE_CURVE('',#5396,#5397,#420,.T.);
#4231=EDGE_CURVE('',#5397,#5398,#6087,.T.);
#4232=EDGE_CURVE('',#5398,#5399,#421,.T.);
#4233=EDGE_CURVE('',#5399,#5400,#6088,.T.);
#4234=EDGE_CURVE('',#5400,#5385,#422,.T.);
#4235=EDGE_CURVE('',#5401,#5401,#6089,.T.);
#4236=EDGE_CURVE('',#5402,#5402,#6090,.T.);
#4237=EDGE_CURVE('',#5403,#5404,#423,.T.);
#4238=EDGE_CURVE('',#5404,#5223,#424,.T.);
#4239=EDGE_CURVE('',#5222,#5403,#22,.T.);
#4240=EDGE_CURVE('',#5405,#5224,#425,.T.);
#4241=EDGE_CURVE('',#5404,#5405,#6091,.T.);
#4242=EDGE_CURVE('',#5405,#5406,#426,.T.);
#4243=EDGE_CURVE('',#5406,#5225,#427,.T.);
#4244=EDGE_CURVE('',#5407,#5226,#428,.T.);
#4245=EDGE_CURVE('',#5406,#5407,#6092,.T.);
#4246=EDGE_CURVE('',#5251,#5408,#429,.T.);
#4247=EDGE_CURVE('',#5250,#5409,#430,.T.);
#4248=EDGE_CURVE('',#5409,#5408,#431,.T.);
#4249=EDGE_CURVE('',#5408,#5410,#6093,.T.);
#4250=EDGE_CURVE('',#5252,#5410,#432,.T.);
#4251=EDGE_CURVE('',#5210,#5411,#433,.T.);
#4252=EDGE_CURVE('',#5410,#5411,#434,.T.);
#4253=EDGE_CURVE('',#5411,#5381,#6094,.T.);
#4254=EDGE_CURVE('',#5382,#5412,#6095,.T.);
#4255=EDGE_CURVE('',#5212,#5412,#435,.T.);
#4256=EDGE_CURVE('',#5412,#5413,#436,.T.);
#4257=EDGE_CURVE('',#5213,#5413,#437,.T.);
#4258=EDGE_CURVE('',#5413,#5414,#6096,.T.);
#4259=EDGE_CURVE('',#5214,#5414,#438,.T.);
#4260=EDGE_CURVE('',#5215,#5415,#439,.T.);
#4261=EDGE_CURVE('',#5414,#5415,#6097,.T.);
#4262=EDGE_CURVE('',#5415,#5416,#6098,.T.);
#4263=EDGE_CURVE('',#5216,#5416,#440,.T.);
#4264=EDGE_CURVE('',#5217,#5417,#441,.T.);
#4265=EDGE_CURVE('',#5416,#5417,#442,.T.);
#4266=EDGE_CURVE('',#5417,#5418,#6099,.T.);
#4267=EDGE_CURVE('',#5218,#5418,#443,.T.);
#4268=EDGE_CURVE('',#5418,#5419,#444,.T.);
#4269=EDGE_CURVE('',#5219,#5419,#23,.T.);
#4270=EDGE_CURVE('',#5419,#5420,#6100,.T.);
#4271=EDGE_CURVE('',#5220,#5420,#445,.T.);
#4272=EDGE_CURVE('',#5420,#5421,#446,.T.);
#4273=EDGE_CURVE('',#5221,#5421,#447,.T.);
#4274=EDGE_CURVE('',#5421,#5403,#6101,.T.);
#4275=EDGE_CURVE('',#5422,#5422,#6102,.T.);
#4276=EDGE_CURVE('',#5257,#5424,#448,.T.);
#4277=EDGE_CURVE('',#5424,#5425,#6103,.T.);
#4278=EDGE_CURVE('',#5425,#5256,#449,.T.);
#4279=EDGE_CURVE('',#5425,#5426,#450,.T.);
#4280=EDGE_CURVE('',#5258,#5426,#451,.T.);
#4281=EDGE_CURVE('',#5426,#5427,#6104,.T.);
#4282=EDGE_CURVE('',#5259,#5427,#452,.T.);
#4283=EDGE_CURVE('',#5427,#5428,#453,.T.);
#4284=EDGE_CURVE('',#5260,#5428,#454,.T.);
#4285=EDGE_CURVE('',#5428,#5429,#6105,.T.);
#4286=EDGE_CURVE('',#5261,#5429,#455,.T.);
#4287=EDGE_CURVE('',#5429,#5430,#6106,.T.);
#4288=EDGE_CURVE('',#5262,#5430,#456,.T.);
#4289=EDGE_CURVE('',#5430,#5431,#457,.T.);
#4290=EDGE_CURVE('',#5263,#5431,#458,.T.);
#4291=EDGE_CURVE('',#5431,#5432,#6107,.T.);
#4292=EDGE_CURVE('',#5264,#5432,#459,.T.);
#4293=EDGE_CURVE('',#5432,#5433,#6108,.T.);
#4294=EDGE_CURVE('',#5265,#5433,#460,.T.);
#4295=EDGE_CURVE('',#5433,#5434,#6109,.T.);
#4296=EDGE_CURVE('',#5266,#5434,#461,.T.);
#4297=EDGE_CURVE('',#5434,#5424,#6110,.T.);
#4298=EDGE_CURVE('',#5435,#5435,#6111,.T.);
#4299=EDGE_CURVE('',#5437,#5437,#6112,.T.);
#4300=EDGE_CURVE('',#5438,#5438,#6113,.T.);
#4301=EDGE_CURVE('',#5279,#5439,#462,.T.);
#4302=EDGE_CURVE('',#5439,#5440,#463,.T.);
#4303=EDGE_CURVE('',#5440,#5278,#464,.T.);
#4304=EDGE_CURVE('',#5440,#5441,#6114,.T.);
#4305=EDGE_CURVE('',#5280,#5441,#465,.T.);
#4306=EDGE_CURVE('',#5441,#5442,#6115,.T.);
#4307=EDGE_CURVE('',#5281,#5442,#466,.T.);
#4308=EDGE_CURVE('',#5442,#5443,#6116,.T.);
#4309=EDGE_CURVE('',#5282,#5443,#467,.T.);
#4310=EDGE_CURVE('',#5443,#5444,#468,.T.);
#4311=EDGE_CURVE('',#5283,#5444,#469,.T.);
#4312=EDGE_CURVE('',#5444,#5445,#6117,.T.);
#4313=EDGE_CURVE('',#5284,#5445,#470,.T.);
#4314=EDGE_CURVE('',#5445,#5446,#471,.T.);
#4315=EDGE_CURVE('',#5285,#5446,#472,.T.);
#4316=EDGE_CURVE('',#5446,#5447,#6118,.T.);
#4317=EDGE_CURVE('',#5286,#5447,#473,.T.);
#4318=EDGE_CURVE('',#5447,#5439,#6119,.T.);
#4319=EDGE_CURVE('',#5448,#5448,#6120,.T.);
#4320=EDGE_CURVE('',#5449,#5449,#6121,.T.);
#4321=EDGE_CURVE('',#5450,#5450,#6122,.T.);
#4322=EDGE_CURVE('',#5451,#5451,#6123,.T.);
#4323=EDGE_CURVE('',#5288,#5452,#474,.T.);
#4324=EDGE_CURVE('',#5452,#5453,#6124,.T.);
#4325=EDGE_CURVE('',#5453,#5287,#475,.T.);
#4326=EDGE_CURVE('',#5453,#5454,#476,.T.);
#4327=EDGE_CURVE('',#5289,#5454,#477,.T.);
#4328=EDGE_CURVE('',#5454,#5455,#6125,.T.);
#4329=EDGE_CURVE('',#5290,#5455,#478,.T.);
#4330=EDGE_CURVE('',#5455,#5456,#479,.T.);
#4331=EDGE_CURVE('',#5291,#5456,#480,.T.);
#4332=EDGE_CURVE('',#5456,#5457,#6126,.T.);
#4333=EDGE_CURVE('',#5292,#5457,#481,.T.);
#4334=EDGE_CURVE('',#5457,#5458,#482,.T.);
#4335=EDGE_CURVE('',#5293,#5458,#483,.T.);
#4336=EDGE_CURVE('',#5458,#5459,#6127,.T.);
#4337=EDGE_CURVE('',#5294,#5459,#484,.T.);
#4338=EDGE_CURVE('',#5459,#5460,#6128,.T.);
#4339=EDGE_CURVE('',#5295,#5460,#485,.T.);
#4340=EDGE_CURVE('',#5460,#5461,#6129,.T.);
#4341=EDGE_CURVE('',#5296,#5461,#486,.T.);
#4342=EDGE_CURVE('',#5461,#5452,#6130,.T.);
#4343=EDGE_CURVE('',#5462,#5462,#6131,.T.);
#4344=EDGE_CURVE('',#5463,#5463,#6132,.T.);
#4345=EDGE_CURVE('',#5464,#5464,#6133,.T.);
#4346=EDGE_CURVE('',#5465,#5465,#6134,.T.);
#4347=EDGE_CURVE('',#5466,#5466,#6135,.T.);
#4348=EDGE_CURVE('',#5407,#5467,#487,.T.);
#4349=EDGE_CURVE('',#5407,#5328,#488,.T.);
#4350=EDGE_CURVE('',#5467,#5327,#489,.T.);
#4351=EDGE_CURVE('',#5406,#5329,#490,.T.);
#4352=EDGE_CURVE('',#5405,#5330,#491,.T.);
#4353=EDGE_CURVE('',#5404,#5331,#492,.T.);
#4354=EDGE_CURVE('',#5403,#5332,#493,.T.);
#4355=EDGE_CURVE('',#5421,#5333,#494,.T.);
#4356=EDGE_CURVE('',#5420,#5334,#495,.T.);
#4357=EDGE_CURVE('',#5419,#5335,#496,.T.);
#4358=EDGE_CURVE('',#5418,#5336,#497,.T.);
#4359=EDGE_CURVE('',#5417,#5337,#498,.T.);
#4360=EDGE_CURVE('',#5416,#5338,#499,.T.);
#4361=EDGE_CURVE('',#5415,#5339,#500,.T.);
#4362=EDGE_CURVE('',#5414,#5340,#501,.T.);
#4363=EDGE_CURVE('',#5413,#5341,#502,.T.);
#4364=EDGE_CURVE('',#5412,#5342,#503,.T.);
#4365=EDGE_CURVE('',#5411,#5301,#504,.T.);
#4366=EDGE_CURVE('',#5410,#5302,#505,.T.);
#4367=EDGE_CURVE('',#5408,#5303,#506,.T.);
#4368=EDGE_CURVE('',#5409,#5304,#507,.T.);
#4369=EDGE_CURVE('',#5468,#5409,#6136,.T.);
#4370=EDGE_CURVE('',#5468,#5305,#508,.T.);
#4371=EDGE_CURVE('',#5469,#5469,#6137,.T.);
#4372=EDGE_CURVE('',#5470,#5470,#6138,.T.);
#4373=EDGE_CURVE('',#5471,#5471,#6139,.T.);
#4374=EDGE_CURVE('',#5472,#5472,#6140,.T.);
#4375=EDGE_CURVE('',#5424,#5350,#509,.T.);
#4376=EDGE_CURVE('',#5425,#5349,#510,.T.);
#4377=EDGE_CURVE('',#5434,#5351,#511,.T.);
#4378=EDGE_CURVE('',#5433,#5352,#512,.T.);
#4379=EDGE_CURVE('',#5432,#5353,#513,.T.);
#4380=EDGE_CURVE('',#5431,#5354,#514,.T.);
#4381=EDGE_CURVE('',#5430,#5355,#515,.T.);
#4382=EDGE_CURVE('',#5429,#5356,#516,.T.);
#4383=EDGE_CURVE('',#5428,#5357,#517,.T.);
#4384=EDGE_CURVE('',#5427,#5358,#518,.T.);
#4385=EDGE_CURVE('',#5426,#5359,#519,.T.);
#4386=EDGE_CURVE('',#5452,#5362,#520,.T.);
#4387=EDGE_CURVE('',#5453,#5361,#521,.T.);
#4388=EDGE_CURVE('',#5461,#5363,#522,.T.);
#4389=EDGE_CURVE('',#5460,#5364,#523,.T.);
#4390=EDGE_CURVE('',#5459,#5365,#524,.T.);
#4391=EDGE_CURVE('',#5458,#5366,#525,.T.);
#4392=EDGE_CURVE('',#5457,#5367,#526,.T.);
#4393=EDGE_CURVE('',#5456,#5368,#527,.T.);
#4394=EDGE_CURVE('',#5455,#5369,#528,.T.);
#4395=EDGE_CURVE('',#5454,#5370,#529,.T.);
#4396=EDGE_CURVE('',#5439,#5372,#530,.T.);
#4397=EDGE_CURVE('',#5440,#5371,#531,.T.);
#4398=EDGE_CURVE('',#5447,#5373,#532,.T.);
#4399=EDGE_CURVE('',#5446,#5374,#533,.T.);
#4400=EDGE_CURVE('',#5445,#5375,#534,.T.);
#4401=EDGE_CURVE('',#5444,#5376,#535,.T.);
#4402=EDGE_CURVE('',#5443,#5377,#536,.T.);
#4403=EDGE_CURVE('',#5442,#5378,#537,.T.);
#4404=EDGE_CURVE('',#5441,#5379,#538,.T.);
#4405=EDGE_CURVE('',#5473,#5473,#6141,.T.);
#4406=EDGE_CURVE('',#5474,#5474,#6142,.T.);
#4407=EDGE_CURVE('',#5475,#5475,#6143,.T.);
#4408=EDGE_CURVE('',#5476,#5476,#6144,.T.);
#4409=EDGE_CURVE('',#5477,#5477,#6145,.T.);
#4410=EDGE_CURVE('',#5478,#5478,#6146,.T.);
#4411=EDGE_CURVE('',#5479,#5479,#6147,.T.);
#4412=EDGE_CURVE('',#5467,#5227,#17,.T.);
#4413=EDGE_CURVE('',#5249,#5468,#539,.T.);
#4414=EDGE_CURVE('',#5480,#5481,#540,.T.);
#4415=EDGE_CURVE('',#5482,#5480,#541,.T.);
#4416=EDGE_CURVE('',#5483,#5482,#542,.T.);
#4417=EDGE_CURVE('',#5481,#5483,#543,.T.);
#4418=EDGE_CURVE('',#5484,#5485,#544,.T.);
#4419=EDGE_CURVE('',#5389,#5484,#545,.T.);
#4420=EDGE_CURVE('',#5485,#5388,#546,.T.);
#4421=EDGE_CURVE('',#5485,#5486,#6148,.T.);
#4422=EDGE_CURVE('',#5387,#5486,#547,.T.);
#4423=EDGE_CURVE('',#5487,#5488,#548,.T.);
#4424=EDGE_CURVE('',#5399,#5487,#549,.T.);
#4425=EDGE_CURVE('',#5488,#5398,#550,.T.);
#4426=EDGE_CURVE('',#5488,#5489,#6149,.T.);
#4427=EDGE_CURVE('',#5397,#5489,#551,.T.);
#4428=EDGE_CURVE('',#5490,#5491,#552,.T.);
#4429=EDGE_CURVE('',#5385,#5490,#553,.T.);
#4430=EDGE_CURVE('',#5491,#5400,#554,.T.);
#4431=EDGE_CURVE('',#5491,#5487,#6150,.T.);
#4432=EDGE_CURVE('',#5486,#5492,#555,.T.);
#4433=EDGE_CURVE('',#5492,#5386,#556,.T.);
#4434=EDGE_CURVE('',#5492,#5490,#6151,.T.);
#4435=EDGE_CURVE('',#5493,#5480,#6152,.T.);
#4436=EDGE_CURVE('',#5493,#5494,#557,.T.);
#4437=EDGE_CURVE('',#5482,#5494,#6153,.T.);
#4438=EDGE_CURVE('',#5481,#5495,#6154,.T.);
#4439=EDGE_CURVE('',#5496,#5483,#6155,.T.);
#4440=EDGE_CURVE('',#5496,#5495,#558,.T.);
#4441=EDGE_CURVE('',#5497,#5493,#559,.T.);
#4442=EDGE_CURVE('',#5498,#5497,#560,.T.);
#4443=EDGE_CURVE('',#5494,#5498,#561,.T.);
#4444=EDGE_CURVE('',#5499,#5497,#6156,.T.);
#4445=EDGE_CURVE('',#5499,#5500,#562,.T.);
#4446=EDGE_CURVE('',#5498,#5500,#6157,.T.);
#4447=EDGE_CURVE('',#5501,#5499,#563,.T.);
#4448=EDGE_CURVE('',#5502,#5501,#564,.T.);
#4449=EDGE_CURVE('',#5500,#5502,#565,.T.);
#4450=EDGE_CURVE('',#5495,#5503,#566,.T.);
#4451=EDGE_CURVE('',#5504,#5496,#567,.T.);
#4452=EDGE_CURVE('',#5503,#5504,#568,.T.);
#4453=EDGE_CURVE('',#5505,#5504,#6158,.T.);
#4454=EDGE_CURVE('',#5502,#5506,#6159,.T.);
#4455=EDGE_CURVE('',#5506,#5507,#569,.T.);
#4456=EDGE_CURVE('',#5507,#5508,#6160,.T.);
#4457=EDGE_CURVE('',#5508,#5509,#570,.T.);
#4458=EDGE_CURVE('',#5509,#5510,#6161,.T.);
#4459=EDGE_CURVE('',#5510,#5511,#571,.T.);
#4460=EDGE_CURVE('',#5511,#5512,#6162,.T.);
#4461=EDGE_CURVE('',#5512,#5505,#572,.T.);
#4462=EDGE_CURVE('',#5503,#5513,#6163,.T.);
#4463=EDGE_CURVE('',#5505,#5513,#573,.T.);
#4464=EDGE_CURVE('',#5514,#5515,#574,.T.);
#4465=EDGE_CURVE('',#5516,#5514,#6164,.T.);
#4466=EDGE_CURVE('',#5517,#5516,#575,.T.);
#4467=EDGE_CURVE('',#5518,#5517,#6165,.T.);
#4468=EDGE_CURVE('',#5519,#5518,#576,.T.);
#4469=EDGE_CURVE('',#5520,#5519,#6166,.T.);
#4470=EDGE_CURVE('',#5521,#5520,#577,.T.);
#4471=EDGE_CURVE('',#5522,#5521,#6167,.T.);
#4472=EDGE_CURVE('',#5523,#5522,#578,.T.);
#4473=EDGE_CURVE('',#5524,#5523,#6168,.T.);
#4474=EDGE_CURVE('',#5525,#5524,#579,.T.);
#4475=EDGE_CURVE('',#5526,#5525,#6169,.T.);
#4476=EDGE_CURVE('',#5527,#5526,#580,.T.);
#4477=EDGE_CURVE('',#5528,#5527,#6170,.T.);
#4478=EDGE_CURVE('',#5529,#5528,#581,.T.);
#4479=EDGE_CURVE('',#5515,#5529,#6171,.T.);
#4480=EDGE_CURVE('',#5513,#5530,#582,.T.);
#4481=EDGE_CURVE('',#5530,#5512,#583,.T.);
#4482=EDGE_CURVE('',#5530,#5531,#6172,.T.);
#4483=EDGE_CURVE('',#5511,#5531,#584,.T.);
#4484=EDGE_CURVE('',#5531,#5532,#585,.T.);
#4485=EDGE_CURVE('',#5532,#5510,#586,.T.);
#4486=EDGE_CURVE('',#5532,#5533,#6173,.T.);
#4487=EDGE_CURVE('',#5509,#5533,#587,.T.);
#4488=EDGE_CURVE('',#5533,#5534,#588,.T.);
#4489=EDGE_CURVE('',#5534,#5508,#589,.T.);
#4490=EDGE_CURVE('',#5534,#5535,#6174,.T.);
#4491=EDGE_CURVE('',#5507,#5535,#590,.T.);
#4492=EDGE_CURVE('',#5535,#5536,#591,.T.);
#4493=EDGE_CURVE('',#5536,#5506,#592,.T.);
#4494=EDGE_CURVE('',#5536,#5501,#6175,.T.);
#4495=EDGE_CURVE('',#5503,#5529,#593,.T.);
#4496=EDGE_CURVE('',#5515,#5513,#594,.T.);
#4497=EDGE_CURVE('',#5495,#5528,#595,.T.);
#4498=EDGE_CURVE('',#5481,#5527,#596,.T.);
#4499=EDGE_CURVE('',#5480,#5526,#597,.T.);
#4500=EDGE_CURVE('',#5493,#5525,#598,.T.);
#4501=EDGE_CURVE('',#5497,#5524,#599,.T.);
#4502=EDGE_CURVE('',#5499,#5523,#600,.T.);
#4503=EDGE_CURVE('',#5501,#5522,#601,.T.);
#4504=EDGE_CURVE('',#5536,#5521,#602,.T.);
#4505=EDGE_CURVE('',#5535,#5520,#603,.T.);
#4506=EDGE_CURVE('',#5534,#5519,#604,.T.);
#4507=EDGE_CURVE('',#5533,#5518,#605,.T.);
#4508=EDGE_CURVE('',#5532,#5517,#606,.T.);
#4509=EDGE_CURVE('',#5531,#5516,#607,.T.);
#4510=EDGE_CURVE('',#5530,#5514,#608,.T.);
#4511=EDGE_CURVE('',#5537,#5538,#609,.T.);
#4512=EDGE_CURVE('',#5539,#5537,#6176,.T.);
#4513=EDGE_CURVE('',#5540,#5539,#610,.T.);
#4514=EDGE_CURVE('',#5541,#5540,#6177,.T.);
#4515=EDGE_CURVE('',#5542,#5541,#611,.T.);
#4516=EDGE_CURVE('',#5543,#5542,#6178,.T.);
#4517=EDGE_CURVE('',#5544,#5543,#612,.T.);
#4518=EDGE_CURVE('',#5545,#5544,#6179,.T.);
#4519=EDGE_CURVE('',#5546,#5545,#613,.T.);
#4520=EDGE_CURVE('',#5547,#5546,#6180,.T.);
#4521=EDGE_CURVE('',#5548,#5547,#614,.T.);
#4522=EDGE_CURVE('',#5549,#5548,#6181,.T.);
#4523=EDGE_CURVE('',#5550,#5549,#615,.T.);
#4524=EDGE_CURVE('',#5551,#5550,#6182,.T.);
#4525=EDGE_CURVE('',#5552,#5551,#616,.T.);
#4526=EDGE_CURVE('',#5538,#5552,#6183,.T.);
#4527=EDGE_CURVE('',#5489,#5553,#617,.T.);
#4528=EDGE_CURVE('',#5553,#5396,#618,.T.);
#4529=EDGE_CURVE('',#5553,#5554,#6184,.T.);
#4530=EDGE_CURVE('',#5395,#5554,#619,.T.);
#4531=EDGE_CURVE('',#5554,#5555,#620,.T.);
#4532=EDGE_CURVE('',#5555,#5394,#621,.T.);
#4533=EDGE_CURVE('',#5555,#5556,#6185,.T.);
#4534=EDGE_CURVE('',#5393,#5556,#622,.T.);
#4535=EDGE_CURVE('',#5556,#5557,#623,.T.);
#4536=EDGE_CURVE('',#5557,#5392,#624,.T.);
#4537=EDGE_CURVE('',#5557,#5558,#6186,.T.);
#4538=EDGE_CURVE('',#5391,#5558,#625,.T.);
#4539=EDGE_CURVE('',#5558,#5559,#626,.T.);
#4540=EDGE_CURVE('',#5559,#5390,#627,.T.);
#4541=EDGE_CURVE('',#5559,#5484,#6187,.T.);
#4542=EDGE_CURVE('',#5488,#5552,#628,.T.);
#4543=EDGE_CURVE('',#5538,#5489,#629,.T.);
#4544=EDGE_CURVE('',#5487,#5551,#630,.T.);
#4545=EDGE_CURVE('',#5491,#5550,#631,.T.);
#4546=EDGE_CURVE('',#5490,#5549,#632,.T.);
#4547=EDGE_CURVE('',#5492,#5548,#633,.T.);
#4548=EDGE_CURVE('',#5486,#5547,#634,.T.);
#4549=EDGE_CURVE('',#5485,#5546,#635,.T.);
#4550=EDGE_CURVE('',#5484,#5545,#636,.T.);
#4551=EDGE_CURVE('',#5559,#5544,#637,.T.);
#4552=EDGE_CURVE('',#5558,#5543,#638,.T.);
#4553=EDGE_CURVE('',#5557,#5542,#639,.T.);
#4554=EDGE_CURVE('',#5556,#5541,#640,.T.);
#4555=EDGE_CURVE('',#5555,#5540,#641,.T.);
#4556=EDGE_CURVE('',#5554,#5539,#642,.T.);
#4557=EDGE_CURVE('',#5553,#5537,#643,.T.);
#4558=EDGE_CURVE('',#5467,#5560,#6188,.T.);
#4559=EDGE_CURVE('',#5560,#5326,#644,.T.);
#4560=EDGE_CURVE('',#5560,#5561,#645,.T.);
#4561=EDGE_CURVE('',#5561,#5325,#646,.T.);
#4562=EDGE_CURVE('',#5561,#5562,#6189,.T.);
#4563=EDGE_CURVE('',#5562,#5324,#647,.T.);
#4564=EDGE_CURVE('',#5562,#5563,#648,.T.);
#4565=EDGE_CURVE('',#5563,#5323,#649,.T.);
#4566=EDGE_CURVE('',#5563,#5564,#6190,.T.);
#4567=EDGE_CURVE('',#5564,#5322,#650,.T.);
#4568=EDGE_CURVE('',#5564,#5565,#651,.T.);
#4569=EDGE_CURVE('',#5565,#5321,#652,.T.);
#4570=EDGE_CURVE('',#5565,#5566,#6191,.T.);
#4571=EDGE_CURVE('',#5566,#5320,#653,.T.);
#4572=EDGE_CURVE('',#5566,#5567,#6192,.T.);
#4573=EDGE_CURVE('',#5567,#5319,#654,.T.);
#4574=EDGE_CURVE('',#5567,#5568,#6193,.T.);
#4575=EDGE_CURVE('',#5318,#5568,#655,.T.);
#4576=EDGE_CURVE('',#5568,#5569,#6194,.T.);
#4577=EDGE_CURVE('',#5569,#5317,#656,.T.);
#4578=EDGE_CURVE('',#5569,#5570,#6195,.T.);
#4579=EDGE_CURVE('',#5316,#5570,#657,.T.);
#4580=EDGE_CURVE('',#5570,#5571,#658,.T.);
#4581=EDGE_CURVE('',#5571,#5315,#659,.T.);
#4582=EDGE_CURVE('',#5571,#5572,#6196,.T.);
#4583=EDGE_CURVE('',#5572,#5314,#660,.T.);
#4584=EDGE_CURVE('',#5572,#5573,#661,.T.);
#4585=EDGE_CURVE('',#5573,#5313,#662,.T.);
#4586=EDGE_CURVE('',#5573,#5574,#6197,.T.);
#4587=EDGE_CURVE('',#5312,#5574,#663,.T.);
#4588=EDGE_CURVE('',#5574,#5575,#6198,.T.);
#4589=EDGE_CURVE('',#5575,#5311,#664,.T.);
#4590=EDGE_CURVE('',#5575,#5576,#6199,.T.);
#4591=EDGE_CURVE('',#5310,#5576,#665,.T.);
#4592=EDGE_CURVE('',#5576,#5577,#666,.T.);
#4593=EDGE_CURVE('',#5577,#5309,#667,.T.);
#4594=EDGE_CURVE('',#5577,#5578,#6200,.T.);
#4595=EDGE_CURVE('',#5578,#5308,#668,.T.);
#4596=EDGE_CURVE('',#5578,#5579,#669,.T.);
#4597=EDGE_CURVE('',#5579,#5307,#670,.T.);
#4598=EDGE_CURVE('',#5579,#5580,#6201,.T.);
#4599=EDGE_CURVE('',#5580,#5306,#671,.T.);
#4600=EDGE_CURVE('',#5580,#5468,#672,.T.);
#4601=EDGE_CURVE('',#5561,#5229,#673,.T.);
#4602=EDGE_CURVE('',#5230,#5562,#14,.T.);
#4603=EDGE_CURVE('',#5560,#5228,#674,.T.);
#4604=EDGE_CURVE('',#5580,#5248,#675,.T.);
#4605=EDGE_CURVE('',#5579,#5247,#676,.T.);
#4606=EDGE_CURVE('',#5578,#5246,#677,.T.);
#4607=EDGE_CURVE('',#5577,#5245,#678,.T.);
#4608=EDGE_CURVE('',#5576,#5244,#679,.T.);
#4609=EDGE_CURVE('',#5575,#5243,#680,.T.);
#4610=EDGE_CURVE('',#5574,#5242,#681,.T.);
#4611=EDGE_CURVE('',#5573,#5241,#682,.T.);
#4612=EDGE_CURVE('',#5572,#5240,#683,.T.);
#4613=EDGE_CURVE('',#5571,#5239,#684,.T.);
#4614=EDGE_CURVE('',#5570,#5238,#685,.T.);
#4615=EDGE_CURVE('',#5569,#5237,#686,.T.);
#4616=EDGE_CURVE('',#5568,#5236,#687,.T.);
#4617=EDGE_CURVE('',#5567,#5235,#688,.T.);
#4618=EDGE_CURVE('',#5566,#5234,#689,.T.);
#4619=EDGE_CURVE('',#5565,#5233,#690,.T.);
#4620=EDGE_CURVE('',#5564,#5232,#691,.T.);
#4621=EDGE_CURVE('',#5563,#5231,#692,.T.);
#4622=EDGE_CURVE('',#5581,#5581,#6202,.T.);
#4623=EDGE_CURVE('',#5582,#5582,#6203,.T.);
#4624=EDGE_CURVE('',#5583,#5584,#6204,.T.);
#4625=EDGE_CURVE('',#5584,#5585,#6205,.T.);
#4626=EDGE_CURVE('',#5585,#5586,#693,.T.);
#4627=EDGE_CURVE('',#5586,#5587,#6206,.T.);
#4628=EDGE_CURVE('',#5587,#5588,#694,.T.);
#4629=EDGE_CURVE('',#5588,#5589,#6207,.T.);
#4630=EDGE_CURVE('',#5589,#5590,#695,.T.);
#4631=EDGE_CURVE('',#5590,#5591,#6208,.T.);
#4632=EDGE_CURVE('',#5591,#5592,#696,.T.);
#4633=EDGE_CURVE('',#5592,#5593,#6209,.T.);
#4634=EDGE_CURVE('',#5594,#5593,#697,.T.);
#4635=EDGE_CURVE('',#5595,#5594,#6210,.T.);
#4636=EDGE_CURVE('',#5596,#5595,#6211,.T.);
#4637=EDGE_CURVE('',#5597,#5596,#6212,.T.);
#4638=EDGE_CURVE('',#5598,#5597,#698,.T.);
#4639=EDGE_CURVE('',#5599,#5598,#6213,.T.);
#4640=EDGE_CURVE('',#5600,#5599,#699,.T.);
#4641=EDGE_CURVE('',#5601,#5600,#6214,.T.);
#4642=EDGE_CURVE('',#5602,#5601,#6215,.T.);
#4643=EDGE_CURVE('',#5603,#5602,#6216,.T.);
#4644=EDGE_CURVE('',#5604,#5603,#6217,.T.);
#4645=EDGE_CURVE('',#5605,#5604,#6218,.T.);
#4646=EDGE_CURVE('',#5606,#5605,#700,.T.);
#4647=EDGE_CURVE('',#5607,#5606,#6219,.T.);
#4648=EDGE_CURVE('',#5608,#5607,#701,.T.);
#4649=EDGE_CURVE('',#5609,#5608,#6220,.T.);
#4650=EDGE_CURVE('',#5610,#5609,#702,.T.);
#4651=EDGE_CURVE('',#5611,#5610,#6221,.T.);
#4652=EDGE_CURVE('',#5612,#5611,#703,.T.);
#4653=EDGE_CURVE('',#5612,#5613,#6222,.T.);
#4654=EDGE_CURVE('',#5613,#5614,#704,.T.);
#4655=EDGE_CURVE('',#5614,#5615,#6223,.T.);
#4656=EDGE_CURVE('',#5615,#5616,#705,.T.);
#4657=EDGE_CURVE('',#5616,#5617,#6224,.T.);
#4658=EDGE_CURVE('',#5617,#5618,#706,.T.);
#4659=EDGE_CURVE('',#5618,#5619,#6225,.T.);
#4660=EDGE_CURVE('',#5619,#5620,#707,.T.);
#4661=EDGE_CURVE('',#5620,#5621,#6226,.T.);
#4662=EDGE_CURVE('',#5621,#5622,#708,.T.);
#4663=EDGE_CURVE('',#5622,#5623,#6227,.T.);
#4664=EDGE_CURVE('',#5623,#5624,#6228,.T.);
#4665=EDGE_CURVE('',#5624,#5625,#6229,.T.);
#4666=EDGE_CURVE('',#5625,#5626,#709,.T.);
#4667=EDGE_CURVE('',#5626,#5583,#6230,.T.);
#4668=EDGE_CURVE('',#5627,#5627,#6231,.T.);
#4669=EDGE_CURVE('',#5628,#5629,#6232,.T.);
#4670=EDGE_CURVE('',#5629,#5630,#6233,.T.);
#4671=EDGE_CURVE('',#5630,#5631,#6234,.T.);
#4672=EDGE_CURVE('',#5631,#5632,#6235,.T.);
#4673=EDGE_CURVE('',#5632,#5633,#6236,.T.);
#4674=EDGE_CURVE('',#5633,#5634,#710,.T.);
#4675=EDGE_CURVE('',#5634,#5635,#6237,.T.);
#4676=EDGE_CURVE('',#5635,#5636,#711,.T.);
#4677=EDGE_CURVE('',#5636,#5637,#6238,.T.);
#4678=EDGE_CURVE('',#5637,#5628,#712,.T.);
#4679=EDGE_CURVE('',#5638,#5639,#713,.T.);
#4680=EDGE_CURVE('',#5639,#5640,#6239,.T.);
#4681=EDGE_CURVE('',#5640,#5641,#6240,.T.);
#4682=EDGE_CURVE('',#5641,#5642,#714,.T.);
#4683=EDGE_CURVE('',#5642,#5643,#6241,.T.);
#4684=EDGE_CURVE('',#5643,#5644,#715,.T.);
#4685=EDGE_CURVE('',#5644,#5645,#6242,.T.);
#4686=EDGE_CURVE('',#5645,#5646,#6243,.T.);
#4687=EDGE_CURVE('',#5646,#5638,#6244,.T.);
#4688=EDGE_CURVE('',#5647,#5647,#6245,.T.);
#4689=EDGE_CURVE('',#5648,#5648,#6246,.T.);
#4690=EDGE_CURVE('',#5649,#5649,#6247,.T.);
#4691=EDGE_CURVE('',#5650,#5650,#6248,.T.);
#4692=EDGE_CURVE('',#5651,#5651,#6249,.T.);
#4693=EDGE_CURVE('',#5652,#5652,#6250,.T.);
#4694=EDGE_CURVE('',#5653,#5653,#6251,.T.);
#4695=EDGE_CURVE('',#5654,#5655,#6252,.T.);
#4696=EDGE_CURVE('',#5655,#5656,#6253,.T.);
#4697=EDGE_CURVE('',#5656,#5657,#6254,.T.);
#4698=EDGE_CURVE('',#5657,#5658,#6255,.T.);
#4699=EDGE_CURVE('',#5658,#5659,#6256,.T.);
#4700=EDGE_CURVE('',#5659,#5660,#716,.T.);
#4701=EDGE_CURVE('',#5660,#5661,#6257,.T.);
#4702=EDGE_CURVE('',#5661,#5662,#6258,.T.);
#4703=EDGE_CURVE('',#5662,#5663,#717,.T.);
#4704=EDGE_CURVE('',#5663,#5664,#6259,.T.);
#4705=EDGE_CURVE('',#5664,#5654,#718,.T.);
#4706=EDGE_CURVE('',#5665,#5665,#6260,.T.);
#4707=EDGE_CURVE('',#5666,#5666,#6261,.T.);
#4708=EDGE_CURVE('',#5667,#5667,#6262,.T.);
#4709=EDGE_CURVE('',#5668,#5668,#6263,.T.);
#4710=EDGE_CURVE('',#5669,#5669,#6264,.T.);
#4711=EDGE_CURVE('',#5670,#5670,#6265,.T.);
#4712=EDGE_CURVE('',#5671,#5671,#6266,.T.);
#4713=EDGE_CURVE('',#5672,#5672,#6267,.T.);
#4714=EDGE_CURVE('',#5673,#5674,#6268,.T.);
#4715=EDGE_CURVE('',#5675,#5673,#6269,.T.);
#4716=EDGE_CURVE('',#5676,#5675,#6270,.T.);
#4717=EDGE_CURVE('',#5677,#5676,#719,.T.);
#4718=EDGE_CURVE('',#5678,#5677,#6271,.T.);
#4719=EDGE_CURVE('',#5679,#5678,#6272,.T.);
#4720=EDGE_CURVE('',#5680,#5679,#6273,.T.);
#4721=EDGE_CURVE('',#5681,#5680,#720,.T.);
#4722=EDGE_CURVE('',#5682,#5681,#6274,.T.);
#4723=EDGE_CURVE('',#5683,#5682,#721,.T.);
#4724=EDGE_CURVE('',#5684,#5683,#6275,.T.);
#4725=EDGE_CURVE('',#5685,#5684,#722,.T.);
#4726=EDGE_CURVE('',#5686,#5685,#6276,.T.);
#4727=EDGE_CURVE('',#5687,#5686,#723,.T.);
#4728=EDGE_CURVE('',#5688,#5687,#6277,.T.);
#4729=EDGE_CURVE('',#5689,#5688,#724,.T.);
#4730=EDGE_CURVE('',#5690,#5689,#6278,.T.);
#4731=EDGE_CURVE('',#5691,#5690,#725,.T.);
#4732=EDGE_CURVE('',#5692,#5691,#6279,.T.);
#4733=EDGE_CURVE('',#5693,#5692,#726,.T.);
#4734=EDGE_CURVE('',#5694,#5693,#6280,.T.);
#4735=EDGE_CURVE('',#5695,#5694,#727,.T.);
#4736=EDGE_CURVE('',#5696,#5695,#6281,.T.);
#4737=EDGE_CURVE('',#5697,#5696,#728,.T.);
#4738=EDGE_CURVE('',#5698,#5697,#6282,.T.);
#4739=EDGE_CURVE('',#5699,#5698,#6283,.T.);
#4740=EDGE_CURVE('',#5700,#5699,#6284,.T.);
#4741=EDGE_CURVE('',#5700,#5701,#6285,.T.);
#4742=EDGE_CURVE('',#5702,#5701,#6286,.T.);
#4743=EDGE_CURVE('',#5703,#5702,#729,.T.);
#4744=EDGE_CURVE('',#5704,#5703,#6287,.T.);
#4745=EDGE_CURVE('',#5705,#5704,#730,.T.);
#4746=EDGE_CURVE('',#5706,#5705,#6288,.T.);
#4747=EDGE_CURVE('',#5706,#5707,#6289,.T.);
#4748=EDGE_CURVE('',#5708,#5707,#6290,.T.);
#4749=EDGE_CURVE('',#5709,#5708,#731,.T.);
#4750=EDGE_CURVE('',#5710,#5709,#6291,.T.);
#4751=EDGE_CURVE('',#5711,#5710,#732,.T.);
#4752=EDGE_CURVE('',#5712,#5711,#6292,.T.);
#4753=EDGE_CURVE('',#5713,#5712,#733,.T.);
#4754=EDGE_CURVE('',#5714,#5713,#6293,.T.);
#4755=EDGE_CURVE('',#5715,#5714,#734,.T.);
#4756=EDGE_CURVE('',#5716,#5715,#6294,.T.);
#4757=EDGE_CURVE('',#5674,#5716,#735,.T.);
#4758=EDGE_CURVE('',#5717,#5717,#6295,.T.);
#4759=EDGE_CURVE('',#5718,#5719,#736,.T.);
#4760=EDGE_CURVE('',#5720,#5718,#6296,.T.);
#4761=EDGE_CURVE('',#5721,#5720,#6297,.T.);
#4762=EDGE_CURVE('',#5722,#5721,#6298,.T.);
#4763=EDGE_CURVE('',#5723,#5722,#737,.T.);
#4764=EDGE_CURVE('',#5724,#5723,#6299,.T.);
#4765=EDGE_CURVE('',#5725,#5724,#738,.T.);
#4766=EDGE_CURVE('',#5726,#5725,#6300,.T.);
#4767=EDGE_CURVE('',#5719,#5726,#6301,.T.);
#4768=EDGE_CURVE('',#5727,#5728,#6302,.T.);
#4769=EDGE_CURVE('',#5729,#5727,#739,.T.);
#4770=EDGE_CURVE('',#5730,#5729,#6303,.T.);
#4771=EDGE_CURVE('',#5731,#5730,#740,.T.);
#4772=EDGE_CURVE('',#5732,#5731,#6304,.T.);
#4773=EDGE_CURVE('',#5733,#5732,#741,.T.);
#4774=EDGE_CURVE('',#5734,#5733,#6305,.T.);
#4775=EDGE_CURVE('',#5735,#5734,#6306,.T.);
#4776=EDGE_CURVE('',#5736,#5735,#6307,.T.);
#4777=EDGE_CURVE('',#5728,#5736,#6308,.T.);
#4778=EDGE_CURVE('',#5737,#5737,#6309,.T.);
#4779=EDGE_CURVE('',#5738,#5739,#6310,.T.);
#4780=EDGE_CURVE('',#5740,#5738,#742,.T.);
#4781=EDGE_CURVE('',#5741,#5740,#6311,.T.);
#4782=EDGE_CURVE('',#5742,#5741,#743,.T.);
#4783=EDGE_CURVE('',#5743,#5742,#6312,.T.);
#4784=EDGE_CURVE('',#5744,#5743,#6313,.T.);
#4785=EDGE_CURVE('',#5745,#5744,#744,.T.);
#4786=EDGE_CURVE('',#5746,#5745,#6314,.T.);
#4787=EDGE_CURVE('',#5747,#5746,#6315,.T.);
#4788=EDGE_CURVE('',#5748,#5747,#6316,.T.);
#4789=EDGE_CURVE('',#5739,#5748,#6317,.T.);
#4790=EDGE_CURVE('',#5749,#5749,#6318,.T.);
#4791=EDGE_CURVE('',#5750,#5750,#6319,.T.);
#4792=EDGE_CURVE('',#5751,#5751,#6320,.T.);
#4793=EDGE_CURVE('',#5752,#5752,#6321,.T.);
#4794=EDGE_CURVE('',#5753,#5754,#6322,.T.);
#4795=EDGE_CURVE('',#5753,#5753,#6323,.T.);
#4796=EDGE_CURVE('',#5754,#5753,#6324,.T.);
#4797=EDGE_CURVE('',#5754,#5754,#6325,.T.);
#4798=EDGE_CURVE('',#5755,#5756,#6326,.T.);
#4799=EDGE_CURVE('',#5584,#5755,#745,.T.);
#4800=EDGE_CURVE('',#5583,#5756,#746,.T.);
#4801=EDGE_CURVE('',#5757,#5757,#6327,.T.);
#4802=EDGE_CURVE('',#5756,#5675,#747,.T.);
#4803=EDGE_CURVE('',#5755,#5673,#748,.T.);
#4804=EDGE_CURVE('',#5758,#5758,#6328,.T.);
#4805=EDGE_CURVE('',#5759,#5759,#6329,.T.);
#4806=EDGE_CURVE('',#5760,#5760,#6330,.T.);
#4807=EDGE_CURVE('',#5761,#5761,#6331,.T.);
#4808=EDGE_CURVE('',#5762,#5762,#6332,.T.);
#4809=EDGE_CURVE('',#5655,#5764,#749,.T.);
#4810=EDGE_CURVE('',#5765,#5654,#750,.T.);
#4811=EDGE_CURVE('',#5764,#5765,#6333,.T.);
#4812=EDGE_CURVE('',#5656,#5766,#751,.T.);
#4813=EDGE_CURVE('',#5766,#5764,#6334,.T.);
#4814=EDGE_CURVE('',#5657,#5767,#752,.T.);
#4815=EDGE_CURVE('',#5767,#5766,#6335,.T.);
#4816=EDGE_CURVE('',#5658,#5768,#753,.T.);
#4817=EDGE_CURVE('',#5768,#5767,#6336,.T.);
#4818=EDGE_CURVE('',#5659,#5769,#754,.T.);
#4819=EDGE_CURVE('',#5769,#5768,#6337,.T.);
#4820=EDGE_CURVE('',#5660,#5770,#755,.T.);
#4821=EDGE_CURVE('',#5770,#5769,#756,.T.);
#4822=EDGE_CURVE('',#5661,#5771,#757,.T.);
#4823=EDGE_CURVE('',#5771,#5770,#6338,.T.);
#4824=EDGE_CURVE('',#5662,#5772,#758,.T.);
#4825=EDGE_CURVE('',#5772,#5771,#6339,.T.);
#4826=EDGE_CURVE('',#5663,#5773,#759,.T.);
#4827=EDGE_CURVE('',#5773,#5772,#760,.T.);
#4828=EDGE_CURVE('',#5664,#5774,#761,.T.);
#4829=EDGE_CURVE('',#5774,#5773,#6340,.T.);
#4830=EDGE_CURVE('',#5765,#5774,#762,.T.);
#4831=EDGE_CURVE('',#5776,#5776,#6341,.T.);
#4832=EDGE_CURVE('',#5777,#5777,#6342,.T.);
#4833=EDGE_CURVE('',#5778,#5778,#6343,.T.);
#4834=EDGE_CURVE('',#5779,#5779,#6344,.T.);
#4835=EDGE_CURVE('',#5780,#5780,#6345,.T.);
#4836=EDGE_CURVE('',#5781,#5781,#6346,.T.);
#4837=EDGE_CURVE('',#5639,#5782,#763,.T.);
#4838=EDGE_CURVE('',#5783,#5638,#764,.T.);
#4839=EDGE_CURVE('',#5782,#5783,#765,.T.);
#4840=EDGE_CURVE('',#5640,#5784,#766,.T.);
#4841=EDGE_CURVE('',#5784,#5782,#6347,.T.);
#4842=EDGE_CURVE('',#5641,#5785,#767,.T.);
#4843=EDGE_CURVE('',#5785,#5784,#6348,.T.);
#4844=EDGE_CURVE('',#5642,#5786,#768,.T.);
#4845=EDGE_CURVE('',#5786,#5785,#769,.T.);
#4846=EDGE_CURVE('',#5643,#5787,#770,.T.);
#4847=EDGE_CURVE('',#5787,#5786,#6349,.T.);
#4848=EDGE_CURVE('',#5644,#5788,#771,.T.);
#4849=EDGE_CURVE('',#5788,#5787,#772,.T.);
#4850=EDGE_CURVE('',#5645,#5789,#773,.T.);
#4851=EDGE_CURVE('',#5789,#5788,#6350,.T.);
#4852=EDGE_CURVE('',#5646,#5790,#774,.T.);
#4853=EDGE_CURVE('',#5790,#5789,#6351,.T.);
#4854=EDGE_CURVE('',#5783,#5790,#6352,.T.);
#4855=EDGE_CURVE('',#5629,#5791,#775,.T.);
#4856=EDGE_CURVE('',#5792,#5628,#776,.T.);
#4857=EDGE_CURVE('',#5791,#5792,#6353,.T.);
#4858=EDGE_CURVE('',#5630,#5793,#777,.T.);
#4859=EDGE_CURVE('',#5793,#5791,#6354,.T.);
#4860=EDGE_CURVE('',#5631,#5794,#778,.T.);
#4861=EDGE_CURVE('',#5794,#5793,#6355,.T.);
#4862=EDGE_CURVE('',#5632,#5795,#779,.T.);
#4863=EDGE_CURVE('',#5795,#5794,#6356,.T.);
#4864=EDGE_CURVE('',#5633,#5796,#780,.T.);
#4865=EDGE_CURVE('',#5796,#5795,#6357,.T.);
#4866=EDGE_CURVE('',#5634,#5797,#781,.T.);
#4867=EDGE_CURVE('',#5797,#5796,#782,.T.);
#4868=EDGE_CURVE('',#5635,#5798,#783,.T.);
#4869=EDGE_CURVE('',#5798,#5797,#6358,.T.);
#4870=EDGE_CURVE('',#5636,#5799,#784,.T.);
#4871=EDGE_CURVE('',#5799,#5798,#785,.T.);
#4872=EDGE_CURVE('',#5637,#5800,#786,.T.);
#4873=EDGE_CURVE('',#5800,#5799,#6359,.T.);
#4874=EDGE_CURVE('',#5792,#5800,#787,.T.);
#4875=EDGE_CURVE('',#5801,#5802,#788,.T.);
#4876=EDGE_CURVE('',#5616,#5801,#24,.T.);
#4877=EDGE_CURVE('',#5802,#5615,#789,.T.);
#4878=EDGE_CURVE('',#5803,#5801,#6360,.T.);
#4879=EDGE_CURVE('',#5617,#5803,#790,.T.);
#4880=EDGE_CURVE('',#5618,#5804,#791,.T.);
#4881=EDGE_CURVE('',#5804,#5803,#792,.T.);
#4882=EDGE_CURVE('',#5805,#5804,#6361,.T.);
#4883=EDGE_CURVE('',#5619,#5805,#25,.T.);
#4884=EDGE_CURVE('',#5806,#5805,#793,.T.);
#4885=EDGE_CURVE('',#5620,#5806,#794,.T.);
#4886=EDGE_CURVE('',#5621,#5807,#795,.T.);
#4887=EDGE_CURVE('',#5807,#5806,#6362,.T.);
#4888=EDGE_CURVE('',#5808,#5807,#796,.T.);
#4889=EDGE_CURVE('',#5622,#5808,#797,.T.);
#4890=EDGE_CURVE('',#5623,#5809,#798,.T.);
#4891=EDGE_CURVE('',#5809,#5808,#6363,.T.);
#4892=EDGE_CURVE('',#5810,#5809,#6364,.T.);
#4893=EDGE_CURVE('',#5624,#5810,#799,.T.);
#4894=EDGE_CURVE('',#5625,#5811,#800,.T.);
#4895=EDGE_CURVE('',#5811,#5810,#6365,.T.);
#4896=EDGE_CURVE('',#5626,#5812,#801,.T.);
#4897=EDGE_CURVE('',#5812,#5811,#802,.T.);
#4898=EDGE_CURVE('',#5756,#5812,#6366,.T.);
#4899=EDGE_CURVE('',#5585,#5813,#803,.T.);
#4900=EDGE_CURVE('',#5813,#5755,#6367,.T.);
#4901=EDGE_CURVE('',#5814,#5813,#804,.T.);
#4902=EDGE_CURVE('',#5586,#5814,#805,.T.);
#4903=EDGE_CURVE('',#5587,#5815,#806,.T.);
#4904=EDGE_CURVE('',#5815,#5814,#6368,.T.);
#4905=EDGE_CURVE('',#5816,#5815,#807,.T.);
#4906=EDGE_CURVE('',#5588,#5816,#808,.T.);
#4907=EDGE_CURVE('',#5817,#5816,#6369,.T.);
#4908=EDGE_CURVE('',#5589,#5817,#809,.T.);
#4909=EDGE_CURVE('',#5818,#5817,#810,.T.);
#4910=EDGE_CURVE('',#5590,#5818,#811,.T.);
#4911=EDGE_CURVE('',#5819,#5818,#6370,.T.);
#4912=EDGE_CURVE('',#5591,#5819,#812,.T.);
#4913=EDGE_CURVE('',#5820,#5819,#813,.T.);
#4914=EDGE_CURVE('',#5592,#5820,#814,.T.);
#4915=EDGE_CURVE('',#5593,#5821,#815,.T.);
#4916=EDGE_CURVE('',#5821,#5820,#6371,.T.);
#4917=EDGE_CURVE('',#5822,#5614,#816,.T.);
#4918=EDGE_CURVE('',#5823,#5613,#817,.T.);
#4919=EDGE_CURVE('',#5822,#5823,#818,.T.);
#4920=EDGE_CURVE('',#5802,#5822,#6372,.T.);
#4921=EDGE_CURVE('',#5824,#5824,#6373,.T.);
#4922=EDGE_CURVE('',#5825,#5825,#6374,.T.);
#4923=EDGE_CURVE('',#5826,#5826,#6375,.T.);
#4924=EDGE_CURVE('',#5827,#5827,#6376,.T.);
#4925=EDGE_CURVE('',#5828,#5828,#6377,.T.);
#4926=EDGE_CURVE('',#5829,#5829,#6378,.T.);
#4927=EDGE_CURVE('',#5765,#5738,#819,.T.);
#4928=EDGE_CURVE('',#5764,#5739,#820,.T.);
#4929=EDGE_CURVE('',#5766,#5748,#821,.T.);
#4930=EDGE_CURVE('',#5767,#5747,#822,.T.);
#4931=EDGE_CURVE('',#5768,#5746,#823,.T.);
#4932=EDGE_CURVE('',#5769,#5745,#824,.T.);
#4933=EDGE_CURVE('',#5770,#5744,#825,.T.);
#4934=EDGE_CURVE('',#5771,#5743,#826,.T.);
#4935=EDGE_CURVE('',#5772,#5742,#827,.T.);
#4936=EDGE_CURVE('',#5773,#5741,#828,.T.);
#4937=EDGE_CURVE('',#5774,#5740,#829,.T.);
#4938=EDGE_CURVE('',#5830,#5830,#6379,.T.);
#4939=EDGE_CURVE('',#5831,#5831,#6380,.T.);
#4940=EDGE_CURVE('',#5832,#5832,#6381,.T.);
#4941=EDGE_CURVE('',#5833,#5833,#6382,.T.);
#4942=EDGE_CURVE('',#5834,#5834,#6383,.T.);
#4943=EDGE_CURVE('',#5835,#5835,#6384,.T.);
#4944=EDGE_CURVE('',#5783,#5718,#830,.T.);
#4945=EDGE_CURVE('',#5782,#5719,#831,.T.);
#4946=EDGE_CURVE('',#5784,#5726,#832,.T.);
#4947=EDGE_CURVE('',#5785,#5725,#833,.T.);
#4948=EDGE_CURVE('',#5786,#5724,#834,.T.);
#4949=EDGE_CURVE('',#5787,#5723,#835,.T.);
#4950=EDGE_CURVE('',#5788,#5722,#836,.T.);
#4951=EDGE_CURVE('',#5789,#5721,#837,.T.);
#4952=EDGE_CURVE('',#5790,#5720,#838,.T.);
#4953=EDGE_CURVE('',#5792,#5727,#839,.T.);
#4954=EDGE_CURVE('',#5791,#5728,#840,.T.);
#4955=EDGE_CURVE('',#5793,#5736,#841,.T.);
#4956=EDGE_CURVE('',#5794,#5735,#842,.T.);
#4957=EDGE_CURVE('',#5795,#5734,#843,.T.);
#4958=EDGE_CURVE('',#5796,#5733,#844,.T.);
#4959=EDGE_CURVE('',#5797,#5732,#845,.T.);
#4960=EDGE_CURVE('',#5798,#5731,#846,.T.);
#4961=EDGE_CURVE('',#5799,#5730,#847,.T.);
#4962=EDGE_CURVE('',#5800,#5729,#848,.T.);
#4963=EDGE_CURVE('',#5802,#5687,#849,.T.);
#4964=EDGE_CURVE('',#5801,#5686,#850,.T.);
#4965=EDGE_CURVE('',#5803,#5685,#851,.T.);
#4966=EDGE_CURVE('',#5804,#5684,#852,.T.);
#4967=EDGE_CURVE('',#5805,#5683,#853,.T.);
#4968=EDGE_CURVE('',#5806,#5682,#854,.T.);
#4969=EDGE_CURVE('',#5807,#5681,#855,.T.);
#4970=EDGE_CURVE('',#5808,#5680,#856,.T.);
#4971=EDGE_CURVE('',#5809,#5679,#857,.T.);
#4972=EDGE_CURVE('',#5810,#5678,#858,.T.);
#4973=EDGE_CURVE('',#5811,#5677,#859,.T.);
#4974=EDGE_CURVE('',#5812,#5676,#860,.T.);
#4975=EDGE_CURVE('',#5813,#5674,#861,.T.);
#4976=EDGE_CURVE('',#5814,#5716,#862,.T.);
#4977=EDGE_CURVE('',#5815,#5715,#863,.T.);
#4978=EDGE_CURVE('',#5816,#5714,#864,.T.);
#4979=EDGE_CURVE('',#5817,#5713,#865,.T.);
#4980=EDGE_CURVE('',#5818,#5712,#866,.T.);
#4981=EDGE_CURVE('',#5819,#5711,#867,.T.);
#4982=EDGE_CURVE('',#5820,#5710,#868,.T.);
#4983=EDGE_CURVE('',#5821,#5709,#869,.T.);
#4984=EDGE_CURVE('',#5836,#5836,#6385,.T.);
#4985=EDGE_CURVE('',#5837,#5837,#6386,.T.);
#4986=EDGE_CURVE('',#5823,#5838,#6387,.T.);
#4987=EDGE_CURVE('',#5838,#5690,#870,.T.);
#4988=EDGE_CURVE('',#5823,#5689,#871,.T.);
#4989=EDGE_CURVE('',#5822,#5688,#872,.T.);
#4990=EDGE_CURVE('',#5839,#5839,#6388,.T.);
#4991=EDGE_CURVE('',#5840,#5840,#6389,.T.);
#4992=EDGE_CURVE('',#5841,#5842,#873,.T.);
#4993=EDGE_CURVE('',#5843,#5841,#874,.T.);
#4994=EDGE_CURVE('',#5844,#5843,#875,.T.);
#4995=EDGE_CURVE('',#5842,#5844,#876,.T.);
#4996=EDGE_CURVE('',#5845,#5846,#877,.T.);
#4997=EDGE_CURVE('',#5847,#5845,#878,.T.);
#4998=EDGE_CURVE('',#5848,#5847,#879,.T.);
#4999=EDGE_CURVE('',#5846,#5848,#880,.T.);
#5000=EDGE_CURVE('',#5849,#5850,#6390,.T.);
#5001=EDGE_CURVE('',#5849,#5851,#881,.T.);
#5002=EDGE_CURVE('',#5852,#5851,#6391,.T.);
#5003=EDGE_CURVE('',#5852,#5850,#882,.T.);
#5004=EDGE_CURVE('',#5846,#5853,#6392,.T.);
#5005=EDGE_CURVE('',#5854,#5848,#6393,.T.);
#5006=EDGE_CURVE('',#5854,#5853,#883,.T.);
#5007=EDGE_CURVE('',#5853,#5855,#884,.T.);
#5008=EDGE_CURVE('',#5856,#5854,#885,.T.);
#5009=EDGE_CURVE('',#5855,#5856,#886,.T.);
#5010=EDGE_CURVE('',#5857,#5844,#6394,.T.);
#5011=EDGE_CURVE('',#5843,#5856,#6395,.T.);
#5012=EDGE_CURVE('',#5847,#5858,#6396,.T.);
#5013=EDGE_CURVE('',#5858,#5859,#887,.T.);
#5014=EDGE_CURVE('',#5859,#5860,#6397,.T.);
#5015=EDGE_CURVE('',#5860,#5861,#888,.T.);
#5016=EDGE_CURVE('',#5861,#5862,#6398,.T.);
#5017=EDGE_CURVE('',#5862,#5863,#889,.T.);
#5018=EDGE_CURVE('',#5863,#5864,#6399,.T.);
#5019=EDGE_CURVE('',#5864,#5852,#890,.T.);
#5020=EDGE_CURVE('',#5851,#5857,#891,.T.);
#5021=EDGE_CURVE('',#5855,#5841,#6400,.T.);
#5022=EDGE_CURVE('',#5865,#5849,#892,.T.);
#5023=EDGE_CURVE('',#5857,#5865,#893,.T.);
#5024=EDGE_CURVE('',#5842,#5865,#6401,.T.);
#5025=EDGE_CURVE('',#5866,#5867,#6402,.T.);
#5026=EDGE_CURVE('',#5867,#5868,#894,.T.);
#5027=EDGE_CURVE('',#5868,#5869,#6403,.T.);
#5028=EDGE_CURVE('',#5869,#5870,#895,.T.);
#5029=EDGE_CURVE('',#5870,#5871,#6404,.T.);
#5030=EDGE_CURVE('',#5871,#5872,#896,.T.);
#5031=EDGE_CURVE('',#5872,#5873,#6405,.T.);
#5032=EDGE_CURVE('',#5873,#5874,#897,.T.);
#5033=EDGE_CURVE('',#5874,#5875,#6406,.T.);
#5034=EDGE_CURVE('',#5875,#5876,#898,.T.);
#5035=EDGE_CURVE('',#5876,#5877,#6407,.T.);
#5036=EDGE_CURVE('',#5877,#5878,#899,.T.);
#5037=EDGE_CURVE('',#5878,#5879,#6408,.T.);
#5038=EDGE_CURVE('',#5879,#5880,#900,.T.);
#5039=EDGE_CURVE('',#5880,#5881,#6409,.T.);
#5040=EDGE_CURVE('',#5881,#5866,#901,.T.);
#5041=EDGE_CURVE('',#5882,#5883,#902,.T.);
#5042=EDGE_CURVE('',#5876,#5882,#903,.T.);
#5043=EDGE_CURVE('',#5883,#5875,#904,.T.);
#5044=EDGE_CURVE('',#5884,#5882,#6410,.T.);
#5045=EDGE_CURVE('',#5884,#5877,#905,.T.);
#5046=EDGE_CURVE('',#5885,#5884,#906,.T.);
#5047=EDGE_CURVE('',#5878,#5885,#907,.T.);
#5048=EDGE_CURVE('',#5886,#5885,#6411,.T.);
#5049=EDGE_CURVE('',#5886,#5879,#908,.T.);
#5050=EDGE_CURVE('',#5887,#5886,#909,.T.);
#5051=EDGE_CURVE('',#5880,#5887,#910,.T.);
#5052=EDGE_CURVE('',#5888,#5887,#6412,.T.);
#5053=EDGE_CURVE('',#5888,#5881,#911,.T.);
#5054=EDGE_CURVE('',#5889,#5888,#912,.T.);
#5055=EDGE_CURVE('',#5866,#5889,#913,.T.);
#5056=EDGE_CURVE('',#5890,#5889,#6413,.T.);
#5057=EDGE_CURVE('',#5890,#5867,#914,.T.);
#5058=EDGE_CURVE('',#5891,#5892,#915,.T.);
#5059=EDGE_CURVE('',#5893,#5891,#6414,.T.);
#5060=EDGE_CURVE('',#5894,#5893,#916,.T.);
#5061=EDGE_CURVE('',#5895,#5894,#6415,.T.);
#5062=EDGE_CURVE('',#5896,#5895,#917,.T.);
#5063=EDGE_CURVE('',#5897,#5896,#6416,.T.);
#5064=EDGE_CURVE('',#5898,#5897,#918,.T.);
#5065=EDGE_CURVE('',#5899,#5898,#6417,.T.);
#5066=EDGE_CURVE('',#5900,#5899,#919,.T.);
#5067=EDGE_CURVE('',#5901,#5900,#6418,.T.);
#5068=EDGE_CURVE('',#5902,#5901,#920,.T.);
#5069=EDGE_CURVE('',#5903,#5902,#6419,.T.);
#5070=EDGE_CURVE('',#5904,#5903,#921,.T.);
#5071=EDGE_CURVE('',#5905,#5904,#6420,.T.);
#5072=EDGE_CURVE('',#5906,#5905,#922,.T.);
#5073=EDGE_CURVE('',#5892,#5906,#6421,.T.);
#5074=EDGE_CURVE('',#5850,#5907,#923,.T.);
#5075=EDGE_CURVE('',#5907,#5864,#924,.T.);
#5076=EDGE_CURVE('',#5907,#5908,#6422,.T.);
#5077=EDGE_CURVE('',#5863,#5908,#925,.T.);
#5078=EDGE_CURVE('',#5908,#5909,#926,.T.);
#5079=EDGE_CURVE('',#5909,#5862,#927,.T.);
#5080=EDGE_CURVE('',#5909,#5910,#6423,.T.);
#5081=EDGE_CURVE('',#5861,#5910,#928,.T.);
#5082=EDGE_CURVE('',#5910,#5911,#929,.T.);
#5083=EDGE_CURVE('',#5911,#5860,#930,.T.);
#5084=EDGE_CURVE('',#5911,#5912,#6424,.T.);
#5085=EDGE_CURVE('',#5859,#5912,#931,.T.);
#5086=EDGE_CURVE('',#5912,#5913,#932,.T.);
#5087=EDGE_CURVE('',#5913,#5858,#933,.T.);
#5088=EDGE_CURVE('',#5913,#5845,#6425,.T.);
#5089=EDGE_CURVE('',#5849,#5906,#934,.T.);
#5090=EDGE_CURVE('',#5892,#5850,#935,.T.);
#5091=EDGE_CURVE('',#5865,#5905,#936,.T.);
#5092=EDGE_CURVE('',#5842,#5904,#937,.T.);
#5093=EDGE_CURVE('',#5841,#5903,#938,.T.);
#5094=EDGE_CURVE('',#5855,#5902,#939,.T.);
#5095=EDGE_CURVE('',#5853,#5901,#940,.T.);
#5096=EDGE_CURVE('',#5846,#5900,#941,.T.);
#5097=EDGE_CURVE('',#5845,#5899,#942,.T.);
#5098=EDGE_CURVE('',#5913,#5898,#943,.T.);
#5099=EDGE_CURVE('',#5912,#5897,#944,.T.);
#5100=EDGE_CURVE('',#5911,#5896,#945,.T.);
#5101=EDGE_CURVE('',#5910,#5895,#946,.T.);
#5102=EDGE_CURVE('',#5909,#5894,#947,.T.);
#5103=EDGE_CURVE('',#5908,#5893,#948,.T.);
#5104=EDGE_CURVE('',#5907,#5891,#949,.T.);
#5105=EDGE_CURVE('',#5914,#5915,#6426,.T.);
#5106=EDGE_CURVE('',#5916,#5914,#950,.T.);
#5107=EDGE_CURVE('',#5917,#5916,#6427,.T.);
#5108=EDGE_CURVE('',#5918,#5917,#951,.T.);
#5109=EDGE_CURVE('',#5919,#5918,#6428,.T.);
#5110=EDGE_CURVE('',#5920,#5919,#952,.T.);
#5111=EDGE_CURVE('',#5921,#5920,#6429,.T.);
#5112=EDGE_CURVE('',#5922,#5921,#953,.T.);
#5113=EDGE_CURVE('',#5923,#5922,#6430,.T.);
#5114=EDGE_CURVE('',#5924,#5923,#954,.T.);
#5115=EDGE_CURVE('',#5925,#5924,#6431,.T.);
#5116=EDGE_CURVE('',#5926,#5925,#955,.T.);
#5117=EDGE_CURVE('',#5927,#5926,#6432,.T.);
#5118=EDGE_CURVE('',#5928,#5927,#956,.T.);
#5119=EDGE_CURVE('',#5929,#5928,#6433,.T.);
#5120=EDGE_CURVE('',#5915,#5929,#957,.T.);
#5121=EDGE_CURVE('',#5883,#5930,#6434,.T.);
#5122=EDGE_CURVE('',#5874,#5930,#958,.T.);
#5123=EDGE_CURVE('',#5930,#5931,#959,.T.);
#5124=EDGE_CURVE('',#5931,#5873,#960,.T.);
#5125=EDGE_CURVE('',#5931,#5932,#6435,.T.);
#5126=EDGE_CURVE('',#5872,#5932,#961,.T.);
#5127=EDGE_CURVE('',#5932,#5933,#962,.T.);
#5128=EDGE_CURVE('',#5933,#5871,#963,.T.);
#5129=EDGE_CURVE('',#5933,#5934,#6436,.T.);
#5130=EDGE_CURVE('',#5870,#5934,#964,.T.);
#5131=EDGE_CURVE('',#5934,#5935,#965,.T.);
#5132=EDGE_CURVE('',#5935,#5869,#966,.T.);
#5133=EDGE_CURVE('',#5935,#5936,#6437,.T.);
#5134=EDGE_CURVE('',#5868,#5936,#967,.T.);
#5135=EDGE_CURVE('',#5936,#5890,#968,.T.);
#5136=EDGE_CURVE('',#5916,#5931,#969,.T.);
#5137=EDGE_CURVE('',#5930,#5914,#970,.T.);
#5138=EDGE_CURVE('',#5917,#5932,#971,.T.);
#5139=EDGE_CURVE('',#5918,#5933,#972,.T.);
#5140=EDGE_CURVE('',#5919,#5934,#973,.T.);
#5141=EDGE_CURVE('',#5920,#5935,#974,.T.);
#5142=EDGE_CURVE('',#5921,#5936,#975,.T.);
#5143=EDGE_CURVE('',#5922,#5890,#976,.T.);
#5144=EDGE_CURVE('',#5923,#5889,#977,.T.);
#5145=EDGE_CURVE('',#5924,#5888,#978,.T.);
#5146=EDGE_CURVE('',#5925,#5887,#979,.T.);
#5147=EDGE_CURVE('',#5926,#5886,#980,.T.);
#5148=EDGE_CURVE('',#5927,#5885,#981,.T.);
#5149=EDGE_CURVE('',#5928,#5884,#982,.T.);
#5150=EDGE_CURVE('',#5929,#5882,#983,.T.);
#5151=EDGE_CURVE('',#5915,#5883,#984,.T.);
#5152=EDGE_CURVE('',#5821,#5937,#985,.T.);
#5153=EDGE_CURVE('',#5937,#5708,#986,.T.);
#5154=EDGE_CURVE('',#5937,#5938,#6438,.T.);
#5155=EDGE_CURVE('',#5707,#5938,#987,.T.);
#5156=EDGE_CURVE('',#5938,#5939,#6439,.T.);
#5157=EDGE_CURVE('',#5939,#5706,#988,.T.);
#5158=EDGE_CURVE('',#5939,#5940,#6440,.T.);
#5159=EDGE_CURVE('',#5705,#5940,#989,.T.);
#5160=EDGE_CURVE('',#5940,#5941,#990,.T.);
#5161=EDGE_CURVE('',#5941,#5704,#991,.T.);
#5162=EDGE_CURVE('',#5941,#5942,#6441,.T.);
#5163=EDGE_CURVE('',#5942,#5703,#992,.T.);
#5164=EDGE_CURVE('',#5942,#5943,#993,.T.);
#5165=EDGE_CURVE('',#5943,#5702,#994,.T.);
#5166=EDGE_CURVE('',#5943,#5944,#6442,.T.);
#5167=EDGE_CURVE('',#5701,#5944,#995,.T.);
#5168=EDGE_CURVE('',#5944,#5945,#6443,.T.);
#5169=EDGE_CURVE('',#5945,#5700,#996,.T.);
#5170=EDGE_CURVE('',#5945,#5946,#6444,.T.);
#5171=EDGE_CURVE('',#5699,#5946,#997,.T.);
#5172=EDGE_CURVE('',#5946,#5947,#6445,.T.);
#5173=EDGE_CURVE('',#5698,#5947,#998,.T.);
#5174=EDGE_CURVE('',#5947,#5948,#6446,.T.);
#5175=EDGE_CURVE('',#5697,#5948,#999,.T.);
#5176=EDGE_CURVE('',#5948,#5949,#1000,.T.);
#5177=EDGE_CURVE('',#5949,#5696,#1001,.T.);
#5178=EDGE_CURVE('',#5949,#5950,#6447,.T.);
#5179=EDGE_CURVE('',#5950,#5695,#1002,.T.);
#5180=EDGE_CURVE('',#5950,#5951,#1003,.T.);
#5181=EDGE_CURVE('',#5951,#5694,#1004,.T.);
#5182=EDGE_CURVE('',#5951,#5952,#6448,.T.);
#5183=EDGE_CURVE('',#5952,#5693,#1005,.T.);
#5184=EDGE_CURVE('',#5952,#5953,#1006,.T.);
#5185=EDGE_CURVE('',#5953,#5692,#1007,.T.);
#5186=EDGE_CURVE('',#5953,#5954,#6449,.T.);
#5187=EDGE_CURVE('',#5954,#5691,#1008,.T.);
#5188=EDGE_CURVE('',#5954,#5838,#1009,.T.);
#5189=EDGE_CURVE('',#5612,#5838,#1010,.T.);
#5190=EDGE_CURVE('',#5950,#5607,#1011,.T.);
#5191=EDGE_CURVE('',#5608,#5951,#15,.T.);
#5192=EDGE_CURVE('',#5949,#5606,#1012,.T.);
#5193=EDGE_CURVE('',#5948,#5605,#1013,.T.);
#5194=EDGE_CURVE('',#5947,#5604,#1014,.T.);
#5195=EDGE_CURVE('',#5946,#5603,#1015,.T.);
#5196=EDGE_CURVE('',#5945,#5602,#1016,.T.);
#5197=EDGE_CURVE('',#5944,#5601,#1017,.T.);
#5198=EDGE_CURVE('',#5943,#5600,#1018,.T.);
#5199=EDGE_CURVE('',#5942,#5599,#1019,.T.);
#5200=EDGE_CURVE('',#5941,#5598,#1020,.T.);
#5201=EDGE_CURVE('',#5940,#5597,#1021,.T.);
#5202=EDGE_CURVE('',#5939,#5596,#1022,.T.);
#5203=EDGE_CURVE('',#5938,#5595,#1023,.T.);
#5204=EDGE_CURVE('',#5937,#5594,#1024,.T.);
#5205=EDGE_CURVE('',#5954,#5611,#16,.T.);
#5206=EDGE_CURVE('',#5953,#5610,#1025,.T.);
#5207=EDGE_CURVE('',#5952,#5609,#1026,.T.);
#5208=VERTEX_POINT('',#12247);
#5209=VERTEX_POINT('',#12249);
#5210=VERTEX_POINT('',#12250);
#5211=VERTEX_POINT('',#12252);
#5212=VERTEX_POINT('',#12254);
#5213=VERTEX_POINT('',#12256);
#5214=VERTEX_POINT('',#12258);
#5215=VERTEX_POINT('',#12260);
#5216=VERTEX_POINT('',#12262);
#5217=VERTEX_POINT('',#12264);
#5218=VERTEX_POINT('',#12266);
#5219=VERTEX_POINT('',#12268);
#5220=VERTEX_POINT('',#12270);
#5221=VERTEX_POINT('',#12272);
#5222=VERTEX_POINT('',#12274);
#5223=VERTEX_POINT('',#12276);
#5224=VERTEX_POINT('',#12278);
#5225=VERTEX_POINT('',#12280);
#5226=VERTEX_POINT('',#12282);
#5227=VERTEX_POINT('',#12284);
#5228=VERTEX_POINT('',#12286);
#5229=VERTEX_POINT('',#12288);
#5230=VERTEX_POINT('',#12290);
#5231=VERTEX_POINT('',#12292);
#5232=VERTEX_POINT('',#12294);
#5233=VERTEX_POINT('',#12296);
#5234=VERTEX_POINT('',#12298);
#5235=VERTEX_POINT('',#12300);
#5236=VERTEX_POINT('',#12302);
#5237=VERTEX_POINT('',#12304);
#5238=VERTEX_POINT('',#12306);
#5239=VERTEX_POINT('',#12308);
#5240=VERTEX_POINT('',#12310);
#5241=VERTEX_POINT('',#12312);
#5242=VERTEX_POINT('',#12314);
#5243=VERTEX_POINT('',#12316);
#5244=VERTEX_POINT('',#12318);
#5245=VERTEX_POINT('',#12320);
#5246=VERTEX_POINT('',#12322);
#5247=VERTEX_POINT('',#12324);
#5248=VERTEX_POINT('',#12326);
#5249=VERTEX_POINT('',#12328);
#5250=VERTEX_POINT('',#12330);
#5251=VERTEX_POINT('',#12332);
#5252=VERTEX_POINT('',#12334);
#5253=VERTEX_POINT('',#12337);
#5254=VERTEX_POINT('',#12339);
#5255=VERTEX_POINT('',#12341);
#5256=VERTEX_POINT('',#12343);
#5257=VERTEX_POINT('',#12344);
#5258=VERTEX_POINT('',#12346);
#5259=VERTEX_POINT('',#12348);
#5260=VERTEX_POINT('',#12350);
#5261=VERTEX_POINT('',#12352);
#5262=VERTEX_POINT('',#12354);
#5263=VERTEX_POINT('',#12356);
#5264=VERTEX_POINT('',#12358);
#5265=VERTEX_POINT('',#12360);
#5266=VERTEX_POINT('',#12362);
#5267=VERTEX_POINT('',#12365);
#5268=VERTEX_POINT('',#12367);
#5269=VERTEX_POINT('',#12369);
#5270=VERTEX_POINT('',#12371);
#5271=VERTEX_POINT('',#12373);
#5272=VERTEX_POINT('',#12375);
#5273=VERTEX_POINT('',#12377);
#5274=VERTEX_POINT('',#12379);
#5275=VERTEX_POINT('',#12381);
#5276=VERTEX_POINT('',#12383);
#5277=VERTEX_POINT('',#12385);
#5278=VERTEX_POINT('',#12387);
#5279=VERTEX_POINT('',#12388);
#5280=VERTEX_POINT('',#12390);
#5281=VERTEX_POINT('',#12392);
#5282=VERTEX_POINT('',#12394);
#5283=VERTEX_POINT('',#12396);
#5284=VERTEX_POINT('',#12398);
#5285=VERTEX_POINT('',#12400);
#5286=VERTEX_POINT('',#12402);
#5287=VERTEX_POINT('',#12405);
#5288=VERTEX_POINT('',#12406);
#5289=VERTEX_POINT('',#12408);
#5290=VERTEX_POINT('',#12410);
#5291=VERTEX_POINT('',#12412);
#5292=VERTEX_POINT('',#12414);
#5293=VERTEX_POINT('',#12416);
#5294=VERTEX_POINT('',#12418);
#5295=VERTEX_POINT('',#12420);
#5296=VERTEX_POINT('',#12422);
#5297=VERTEX_POINT('',#12425);
#5298=VERTEX_POINT('',#12428);
#5299=VERTEX_POINT('',#12430);
#5300=VERTEX_POINT('',#12431);
#5301=VERTEX_POINT('',#12433);
#5302=VERTEX_POINT('',#12435);
#5303=VERTEX_POINT('',#12437);
#5304=VERTEX_POINT('',#12439);
#5305=VERTEX_POINT('',#12441);
#5306=VERTEX_POINT('',#12443);
#5307=VERTEX_POINT('',#12445);
#5308=VERTEX_POINT('',#12447);
#5309=VERTEX_POINT('',#12449);
#5310=VERTEX_POINT('',#12451);
#5311=VERTEX_POINT('',#12453);
#5312=VERTEX_POINT('',#12455);
#5313=VERTEX_POINT('',#12457);
#5314=VERTEX_POINT('',#12459);
#5315=VERTEX_POINT('',#12461);
#5316=VERTEX_POINT('',#12463);
#5317=VERTEX_POINT('',#12465);
#5318=VERTEX_POINT('',#12467);
#5319=VERTEX_POINT('',#12469);
#5320=VERTEX_POINT('',#12471);
#5321=VERTEX_POINT('',#12473);
#5322=VERTEX_POINT('',#12475);
#5323=VERTEX_POINT('',#12477);
#5324=VERTEX_POINT('',#12479);
#5325=VERTEX_POINT('',#12481);
#5326=VERTEX_POINT('',#12483);
#5327=VERTEX_POINT('',#12485);
#5328=VERTEX_POINT('',#12487);
#5329=VERTEX_POINT('',#12489);
#5330=VERTEX_POINT('',#12491);
#5331=VERTEX_POINT('',#12493);
#5332=VERTEX_POINT('',#12495);
#5333=VERTEX_POINT('',#12497);
#5334=VERTEX_POINT('',#12499);
#5335=VERTEX_POINT('',#12501);
#5336=VERTEX_POINT('',#12503);
#5337=VERTEX_POINT('',#12505);
#5338=VERTEX_POINT('',#12507);
#5339=VERTEX_POINT('',#12509);
#5340=VERTEX_POINT('',#12511);
#5341=VERTEX_POINT('',#12513);
#5342=VERTEX_POINT('',#12515);
#5343=VERTEX_POINT('',#12518);
#5344=VERTEX_POINT('',#12519);
#5345=VERTEX_POINT('',#12524);
#5346=VERTEX_POINT('',#12526);
#5347=VERTEX_POINT('',#12528);
#5348=VERTEX_POINT('',#12530);
#5349=VERTEX_POINT('',#12532);
#5350=VERTEX_POINT('',#12533);
#5351=VERTEX_POINT('',#12535);
#5352=VERTEX_POINT('',#12537);
#5353=VERTEX_POINT('',#12539);
#5354=VERTEX_POINT('',#12541);
#5355=VERTEX_POINT('',#12543);
#5356=VERTEX_POINT('',#12545);
#5357=VERTEX_POINT('',#12547);
#5358=VERTEX_POINT('',#12549);
#5359=VERTEX_POINT('',#12551);
#5360=VERTEX_POINT('',#12554);
#5361=VERTEX_POINT('',#12556);
#5362=VERTEX_POINT('',#12557);
#5363=VERTEX_POINT('',#12559);
#5364=VERTEX_POINT('',#12561);
#5365=VERTEX_POINT('',#12563);
#5366=VERTEX_POINT('',#12565);
#5367=VERTEX_POINT('',#12567);
#5368=VERTEX_POINT('',#12569);
#5369=VERTEX_POINT('',#12571);
#5370=VERTEX_POINT('',#12573);
#5371=VERTEX_POINT('',#12576);
#5372=VERTEX_POINT('',#12577);
#5373=VERTEX_POINT('',#12579);
#5374=VERTEX_POINT('',#12581);
#5375=VERTEX_POINT('',#12583);
#5376=VERTEX_POINT('',#12585);
#5377=VERTEX_POINT('',#12587);
#5378=VERTEX_POINT('',#12589);
#5379=VERTEX_POINT('',#12591);
#5380=VERTEX_POINT('',#12594);
#5381=VERTEX_POINT('',#12597);
#5382=VERTEX_POINT('',#12598);
#5383=VERTEX_POINT('',#12603);
#5384=VERTEX_POINT('',#12610);
#5385=VERTEX_POINT('',#12612);
#5386=VERTEX_POINT('',#12613);
#5387=VERTEX_POINT('',#12615);
#5388=VERTEX_POINT('',#12617);
#5389=VERTEX_POINT('',#12619);
#5390=VERTEX_POINT('',#12621);
#5391=VERTEX_POINT('',#12623);
#5392=VERTEX_POINT('',#12625);
#5393=VERTEX_POINT('',#12627);
#5394=VERTEX_POINT('',#12629);
#5395=VERTEX_POINT('',#12631);
#5396=VERTEX_POINT('',#12633);
#5397=VERTEX_POINT('',#12635);
#5398=VERTEX_POINT('',#12637);
#5399=VERTEX_POINT('',#12639);
#5400=VERTEX_POINT('',#12641);
#5401=VERTEX_POINT('',#12645);
#5402=VERTEX_POINT('',#12647);
#5403=VERTEX_POINT('',#12650);
#5404=VERTEX_POINT('',#12651);
#5405=VERTEX_POINT('',#12656);
#5406=VERTEX_POINT('',#12660);
#5407=VERTEX_POINT('',#12664);
#5408=VERTEX_POINT('',#12668);
#5409=VERTEX_POINT('',#12670);
#5410=VERTEX_POINT('',#12674);
#5411=VERTEX_POINT('',#12678);
#5412=VERTEX_POINT('',#12684);
#5413=VERTEX_POINT('',#12688);
#5414=VERTEX_POINT('',#12692);
#5415=VERTEX_POINT('',#12696);
#5416=VERTEX_POINT('',#12700);
#5417=VERTEX_POINT('',#12704);
#5418=VERTEX_POINT('',#12708);
#5419=VERTEX_POINT('',#12712);
#5420=VERTEX_POINT('',#12716);
#5421=VERTEX_POINT('',#12720);
#5422=VERTEX_POINT('',#12726);
#5423=VERTEX_POINT('',#12728);
#5424=VERTEX_POINT('',#12731);
#5425=VERTEX_POINT('',#12733);
#5426=VERTEX_POINT('',#12737);
#5427=VERTEX_POINT('',#12741);
#5428=VERTEX_POINT('',#12745);
#5429=VERTEX_POINT('',#12749);
#5430=VERTEX_POINT('',#12753);
#5431=VERTEX_POINT('',#12757);
#5432=VERTEX_POINT('',#12761);
#5433=VERTEX_POINT('',#12765);
#5434=VERTEX_POINT('',#12769);
#5435=VERTEX_POINT('',#12775);
#5436=VERTEX_POINT('',#12777);
#5437=VERTEX_POINT('',#12780);
#5438=VERTEX_POINT('',#12783);
#5439=VERTEX_POINT('',#12786);
#5440=VERTEX_POINT('',#12788);
#5441=VERTEX_POINT('',#12792);
#5442=VERTEX_POINT('',#12796);
#5443=VERTEX_POINT('',#12800);
#5444=VERTEX_POINT('',#12804);
#5445=VERTEX_POINT('',#12808);
#5446=VERTEX_POINT('',#12812);
#5447=VERTEX_POINT('',#12816);
#5448=VERTEX_POINT('',#12822);
#5449=VERTEX_POINT('',#12825);
#5450=VERTEX_POINT('',#12828);
#5451=VERTEX_POINT('',#12831);
#5452=VERTEX_POINT('',#12834);
#5453=VERTEX_POINT('',#12836);
#5454=VERTEX_POINT('',#12840);
#5455=VERTEX_POINT('',#12844);
#5456=VERTEX_POINT('',#12848);
#5457=VERTEX_POINT('',#12852);
#5458=VERTEX_POINT('',#12856);
#5459=VERTEX_POINT('',#12860);
#5460=VERTEX_POINT('',#12864);
#5461=VERTEX_POINT('',#12868);
#5462=VERTEX_POINT('',#12874);
#5463=VERTEX_POINT('',#12877);
#5464=VERTEX_POINT('',#12880);
#5465=VERTEX_POINT('',#12883);
#5466=VERTEX_POINT('',#12886);
#5467=VERTEX_POINT('',#12889);
#5468=VERTEX_POINT('',#12931);
#5469=VERTEX_POINT('',#12935);
#5470=VERTEX_POINT('',#12938);
#5471=VERTEX_POINT('',#12941);
#5472=VERTEX_POINT('',#12944);
#5473=VERTEX_POINT('',#13008);
#5474=VERTEX_POINT('',#13011);
#5475=VERTEX_POINT('',#13017);
#5476=VERTEX_POINT('',#13020);
#5477=VERTEX_POINT('',#13023);
#5478=VERTEX_POINT('',#13029);
#5479=VERTEX_POINT('',#13032);
#5480=VERTEX_POINT('',#13046);
#5481=VERTEX_POINT('',#13047);
#5482=VERTEX_POINT('',#13049);
#5483=VERTEX_POINT('',#13051);
#5484=VERTEX_POINT('',#13055);
#5485=VERTEX_POINT('',#13056);
#5486=VERTEX_POINT('',#13061);
#5487=VERTEX_POINT('',#13065);
#5488=VERTEX_POINT('',#13066);
#5489=VERTEX_POINT('',#13071);
#5490=VERTEX_POINT('',#13075);
#5491=VERTEX_POINT('',#13076);
#5492=VERTEX_POINT('',#13083);
#5493=VERTEX_POINT('',#13089);
#5494=VERTEX_POINT('',#13091);
#5495=VERTEX_POINT('',#13095);
#5496=VERTEX_POINT('',#13097);
#5497=VERTEX_POINT('',#13101);
#5498=VERTEX_POINT('',#13103);
#5499=VERTEX_POINT('',#13107);
#5500=VERTEX_POINT('',#13109);
#5501=VERTEX_POINT('',#13113);
#5502=VERTEX_POINT('',#13115);
#5503=VERTEX_POINT('',#13119);
#5504=VERTEX_POINT('',#13121);
#5505=VERTEX_POINT('',#13125);
#5506=VERTEX_POINT('',#13127);
#5507=VERTEX_POINT('',#13129);
#5508=VERTEX_POINT('',#13131);
#5509=VERTEX_POINT('',#13133);
#5510=VERTEX_POINT('',#13135);
#5511=VERTEX_POINT('',#13137);
#5512=VERTEX_POINT('',#13139);
#5513=VERTEX_POINT('',#13143);
#5514=VERTEX_POINT('',#13147);
#5515=VERTEX_POINT('',#13148);
#5516=VERTEX_POINT('',#13150);
#5517=VERTEX_POINT('',#13152);
#5518=VERTEX_POINT('',#13154);
#5519=VERTEX_POINT('',#13156);
#5520=VERTEX_POINT('',#13158);
#5521=VERTEX_POINT('',#13160);
#5522=VERTEX_POINT('',#13162);
#5523=VERTEX_POINT('',#13164);
#5524=VERTEX_POINT('',#13166);
#5525=VERTEX_POINT('',#13168);
#5526=VERTEX_POINT('',#13170);
#5527=VERTEX_POINT('',#13172);
#5528=VERTEX_POINT('',#13174);
#5529=VERTEX_POINT('',#13176);
#5530=VERTEX_POINT('',#13180);
#5531=VERTEX_POINT('',#13184);
#5532=VERTEX_POINT('',#13188);
#5533=VERTEX_POINT('',#13192);
#5534=VERTEX_POINT('',#13196);
#5535=VERTEX_POINT('',#13200);
#5536=VERTEX_POINT('',#13204);
#5537=VERTEX_POINT('',#13242);
#5538=VERTEX_POINT('',#13243);
#5539=VERTEX_POINT('',#13245);
#5540=VERTEX_POINT('',#13247);
#5541=VERTEX_POINT('',#13249);
#5542=VERTEX_POINT('',#13251);
#5543=VERTEX_POINT('',#13253);
#5544=VERTEX_POINT('',#13255);
#5545=VERTEX_POINT('',#13257);
#5546=VERTEX_POINT('',#13259);
#5547=VERTEX_POINT('',#13261);
#5548=VERTEX_POINT('',#13263);
#5549=VERTEX_POINT('',#13265);
#5550=VERTEX_POINT('',#13267);
#5551=VERTEX_POINT('',#13269);
#5552=VERTEX_POINT('',#13271);
#5553=VERTEX_POINT('',#13275);
#5554=VERTEX_POINT('',#13279);
#5555=VERTEX_POINT('',#13283);
#5556=VERTEX_POINT('',#13287);
#5557=VERTEX_POINT('',#13291);
#5558=VERTEX_POINT('',#13295);
#5559=VERTEX_POINT('',#13299);
#5560=VERTEX_POINT('',#13337);
#5561=VERTEX_POINT('',#13341);
#5562=VERTEX_POINT('',#13345);
#5563=VERTEX_POINT('',#13349);
#5564=VERTEX_POINT('',#13353);
#5565=VERTEX_POINT('',#13357);
#5566=VERTEX_POINT('',#13361);
#5567=VERTEX_POINT('',#13365);
#5568=VERTEX_POINT('',#13369);
#5569=VERTEX_POINT('',#13373);
#5570=VERTEX_POINT('',#13377);
#5571=VERTEX_POINT('',#13381);
#5572=VERTEX_POINT('',#13385);
#5573=VERTEX_POINT('',#13389);
#5574=VERTEX_POINT('',#13393);
#5575=VERTEX_POINT('',#13397);
#5576=VERTEX_POINT('',#13401);
#5577=VERTEX_POINT('',#13405);
#5578=VERTEX_POINT('',#13409);
#5579=VERTEX_POINT('',#13413);
#5580=VERTEX_POINT('',#13417);
#5581=VERTEX_POINT('',#13469);
#5582=VERTEX_POINT('',#13474);
#5583=VERTEX_POINT('',#13476);
#5584=VERTEX_POINT('',#13477);
#5585=VERTEX_POINT('',#13479);
#5586=VERTEX_POINT('',#13481);
#5587=VERTEX_POINT('',#13483);
#5588=VERTEX_POINT('',#13485);
#5589=VERTEX_POINT('',#13487);
#5590=VERTEX_POINT('',#13489);
#5591=VERTEX_POINT('',#13491);
#5592=VERTEX_POINT('',#13493);
#5593=VERTEX_POINT('',#13495);
#5594=VERTEX_POINT('',#13497);
#5595=VERTEX_POINT('',#13499);
#5596=VERTEX_POINT('',#13501);
#5597=VERTEX_POINT('',#13503);
#5598=VERTEX_POINT('',#13505);
#5599=VERTEX_POINT('',#13507);
#5600=VERTEX_POINT('',#13509);
#5601=VERTEX_POINT('',#13511);
#5602=VERTEX_POINT('',#13513);
#5603=VERTEX_POINT('',#13515);
#5604=VERTEX_POINT('',#13517);
#5605=VERTEX_POINT('',#13519);
#5606=VERTEX_POINT('',#13521);
#5607=VERTEX_POINT('',#13523);
#5608=VERTEX_POINT('',#13525);
#5609=VERTEX_POINT('',#13527);
#5610=VERTEX_POINT('',#13529);
#5611=VERTEX_POINT('',#13531);
#5612=VERTEX_POINT('',#13533);
#5613=VERTEX_POINT('',#13535);
#5614=VERTEX_POINT('',#13537);
#5615=VERTEX_POINT('',#13539);
#5616=VERTEX_POINT('',#13541);
#5617=VERTEX_POINT('',#13543);
#5618=VERTEX_POINT('',#13545);
#5619=VERTEX_POINT('',#13547);
#5620=VERTEX_POINT('',#13549);
#5621=VERTEX_POINT('',#13551);
#5622=VERTEX_POINT('',#13553);
#5623=VERTEX_POINT('',#13555);
#5624=VERTEX_POINT('',#13557);
#5625=VERTEX_POINT('',#13559);
#5626=VERTEX_POINT('',#13561);
#5627=VERTEX_POINT('',#13564);
#5628=VERTEX_POINT('',#13566);
#5629=VERTEX_POINT('',#13567);
#5630=VERTEX_POINT('',#13569);
#5631=VERTEX_POINT('',#13571);
#5632=VERTEX_POINT('',#13573);
#5633=VERTEX_POINT('',#13575);
#5634=VERTEX_POINT('',#13577);
#5635=VERTEX_POINT('',#13579);
#5636=VERTEX_POINT('',#13581);
#5637=VERTEX_POINT('',#13583);
#5638=VERTEX_POINT('',#13586);
#5639=VERTEX_POINT('',#13587);
#5640=VERTEX_POINT('',#13589);
#5641=VERTEX_POINT('',#13591);
#5642=VERTEX_POINT('',#13593);
#5643=VERTEX_POINT('',#13595);
#5644=VERTEX_POINT('',#13597);
#5645=VERTEX_POINT('',#13599);
#5646=VERTEX_POINT('',#13601);
#5647=VERTEX_POINT('',#13604);
#5648=VERTEX_POINT('',#13606);
#5649=VERTEX_POINT('',#13608);
#5650=VERTEX_POINT('',#13610);
#5651=VERTEX_POINT('',#13612);
#5652=VERTEX_POINT('',#13614);
#5653=VERTEX_POINT('',#13616);
#5654=VERTEX_POINT('',#13618);
#5655=VERTEX_POINT('',#13619);
#5656=VERTEX_POINT('',#13621);
#5657=VERTEX_POINT('',#13623);
#5658=VERTEX_POINT('',#13625);
#5659=VERTEX_POINT('',#13627);
#5660=VERTEX_POINT('',#13629);
#5661=VERTEX_POINT('',#13631);
#5662=VERTEX_POINT('',#13633);
#5663=VERTEX_POINT('',#13635);
#5664=VERTEX_POINT('',#13637);
#5665=VERTEX_POINT('',#13640);
#5666=VERTEX_POINT('',#13642);
#5667=VERTEX_POINT('',#13644);
#5668=VERTEX_POINT('',#13646);
#5669=VERTEX_POINT('',#13648);
#5670=VERTEX_POINT('',#13650);
#5671=VERTEX_POINT('',#13652);
#5672=VERTEX_POINT('',#13655);
#5673=VERTEX_POINT('',#13657);
#5674=VERTEX_POINT('',#13658);
#5675=VERTEX_POINT('',#13660);
#5676=VERTEX_POINT('',#13662);
#5677=VERTEX_POINT('',#13664);
#5678=VERTEX_POINT('',#13666);
#5679=VERTEX_POINT('',#13668);
#5680=VERTEX_POINT('',#13670);
#5681=VERTEX_POINT('',#13672);
#5682=VERTEX_POINT('',#13674);
#5683=VERTEX_POINT('',#13676);
#5684=VERTEX_POINT('',#13678);
#5685=VERTEX_POINT('',#13680);
#5686=VERTEX_POINT('',#13682);
#5687=VERTEX_POINT('',#13684);
#5688=VERTEX_POINT('',#13686);
#5689=VERTEX_POINT('',#13688);
#5690=VERTEX_POINT('',#13690);
#5691=VERTEX_POINT('',#13692);
#5692=VERTEX_POINT('',#13694);
#5693=VERTEX_POINT('',#13696);
#5694=VERTEX_POINT('',#13698);
#5695=VERTEX_POINT('',#13700);
#5696=VERTEX_POINT('',#13702);
#5697=VERTEX_POINT('',#13704);
#5698=VERTEX_POINT('',#13706);
#5699=VERTEX_POINT('',#13708);
#5700=VERTEX_POINT('',#13710);
#5701=VERTEX_POINT('',#13712);
#5702=VERTEX_POINT('',#13714);
#5703=VERTEX_POINT('',#13716);
#5704=VERTEX_POINT('',#13718);
#5705=VERTEX_POINT('',#13720);
#5706=VERTEX_POINT('',#13722);
#5707=VERTEX_POINT('',#13724);
#5708=VERTEX_POINT('',#13726);
#5709=VERTEX_POINT('',#13728);
#5710=VERTEX_POINT('',#13730);
#5711=VERTEX_POINT('',#13732);
#5712=VERTEX_POINT('',#13734);
#5713=VERTEX_POINT('',#13736);
#5714=VERTEX_POINT('',#13738);
#5715=VERTEX_POINT('',#13740);
#5716=VERTEX_POINT('',#13742);
#5717=VERTEX_POINT('',#13745);
#5718=VERTEX_POINT('',#13747);
#5719=VERTEX_POINT('',#13748);
#5720=VERTEX_POINT('',#13750);
#5721=VERTEX_POINT('',#13752);
#5722=VERTEX_POINT('',#13754);
#5723=VERTEX_POINT('',#13756);
#5724=VERTEX_POINT('',#13758);
#5725=VERTEX_POINT('',#13760);
#5726=VERTEX_POINT('',#13762);
#5727=VERTEX_POINT('',#13765);
#5728=VERTEX_POINT('',#13766);
#5729=VERTEX_POINT('',#13768);
#5730=VERTEX_POINT('',#13770);
#5731=VERTEX_POINT('',#13772);
#5732=VERTEX_POINT('',#13774);
#5733=VERTEX_POINT('',#13776);
#5734=VERTEX_POINT('',#13778);
#5735=VERTEX_POINT('',#13780);
#5736=VERTEX_POINT('',#13782);
#5737=VERTEX_POINT('',#13785);
#5738=VERTEX_POINT('',#13787);
#5739=VERTEX_POINT('',#13788);
#5740=VERTEX_POINT('',#13790);
#5741=VERTEX_POINT('',#13792);
#5742=VERTEX_POINT('',#13794);
#5743=VERTEX_POINT('',#13796);
#5744=VERTEX_POINT('',#13798);
#5745=VERTEX_POINT('',#13800);
#5746=VERTEX_POINT('',#13802);
#5747=VERTEX_POINT('',#13804);
#5748=VERTEX_POINT('',#13806);
#5749=VERTEX_POINT('',#13809);
#5750=VERTEX_POINT('',#13811);
#5751=VERTEX_POINT('',#13813);
#5752=VERTEX_POINT('',#13815);
#5753=VERTEX_POINT('',#13817);
#5754=VERTEX_POINT('',#13818);
#5755=VERTEX_POINT('',#13824);
#5756=VERTEX_POINT('',#13825);
#5757=VERTEX_POINT('',#13830);
#5758=VERTEX_POINT('',#13837);
#5759=VERTEX_POINT('',#13840);
#5760=VERTEX_POINT('',#13843);
#5761=VERTEX_POINT('',#13846);
#5762=VERTEX_POINT('',#13849);
#5763=VERTEX_POINT('',#13851);
#5764=VERTEX_POINT('',#13854);
#5765=VERTEX_POINT('',#13856);
#5766=VERTEX_POINT('',#13860);
#5767=VERTEX_POINT('',#13864);
#5768=VERTEX_POINT('',#13868);
#5769=VERTEX_POINT('',#13872);
#5770=VERTEX_POINT('',#13876);
#5771=VERTEX_POINT('',#13880);
#5772=VERTEX_POINT('',#13884);
#5773=VERTEX_POINT('',#13888);
#5774=VERTEX_POINT('',#13892);
#5775=VERTEX_POINT('',#13897);
#5776=VERTEX_POINT('',#13900);
#5777=VERTEX_POINT('',#13903);
#5778=VERTEX_POINT('',#13906);
#5779=VERTEX_POINT('',#13909);
#5780=VERTEX_POINT('',#13912);
#5781=VERTEX_POINT('',#13915);
#5782=VERTEX_POINT('',#13918);
#5783=VERTEX_POINT('',#13920);
#5784=VERTEX_POINT('',#13924);
#5785=VERTEX_POINT('',#13928);
#5786=VERTEX_POINT('',#13932);
#5787=VERTEX_POINT('',#13936);
#5788=VERTEX_POINT('',#13940);
#5789=VERTEX_POINT('',#13944);
#5790=VERTEX_POINT('',#13948);
#5791=VERTEX_POINT('',#13954);
#5792=VERTEX_POINT('',#13956);
#5793=VERTEX_POINT('',#13960);
#5794=VERTEX_POINT('',#13964);
#5795=VERTEX_POINT('',#13968);
#5796=VERTEX_POINT('',#13972);
#5797=VERTEX_POINT('',#13976);
#5798=VERTEX_POINT('',#13980);
#5799=VERTEX_POINT('',#13984);
#5800=VERTEX_POINT('',#13988);
#5801=VERTEX_POINT('',#13994);
#5802=VERTEX_POINT('',#13995);
#5803=VERTEX_POINT('',#14000);
#5804=VERTEX_POINT('',#14004);
#5805=VERTEX_POINT('',#14008);
#5806=VERTEX_POINT('',#14012);
#5807=VERTEX_POINT('',#14016);
#5808=VERTEX_POINT('',#14020);
#5809=VERTEX_POINT('',#14024);
#5810=VERTEX_POINT('',#14028);
#5811=VERTEX_POINT('',#14032);
#5812=VERTEX_POINT('',#14036);
#5813=VERTEX_POINT('',#14042);
#5814=VERTEX_POINT('',#14046);
#5815=VERTEX_POINT('',#14050);
#5816=VERTEX_POINT('',#14054);
#5817=VERTEX_POINT('',#14058);
#5818=VERTEX_POINT('',#14062);
#5819=VERTEX_POINT('',#14066);
#5820=VERTEX_POINT('',#14070);
#5821=VERTEX_POINT('',#14074);
#5822=VERTEX_POINT('',#14078);
#5823=VERTEX_POINT('',#14080);
#5824=VERTEX_POINT('',#14086);
#5825=VERTEX_POINT('',#14089);
#5826=VERTEX_POINT('',#14093);
#5827=VERTEX_POINT('',#14096);
#5828=VERTEX_POINT('',#14099);
#5829=VERTEX_POINT('',#14102);
#5830=VERTEX_POINT('',#14127);
#5831=VERTEX_POINT('',#14130);
#5832=VERTEX_POINT('',#14133);
#5833=VERTEX_POINT('',#14136);
#5834=VERTEX_POINT('',#14139);
#5835=VERTEX_POINT('',#14142);
#5836=VERTEX_POINT('',#14225);
#5837=VERTEX_POINT('',#14227);
#5838=VERTEX_POINT('',#14230);
#5839=VERTEX_POINT('',#14248);
#5840=VERTEX_POINT('',#14251);
#5841=VERTEX_POINT('',#14255);
#5842=VERTEX_POINT('',#14256);
#5843=VERTEX_POINT('',#14258);
#5844=VERTEX_POINT('',#14260);
#5845=VERTEX_POINT('',#14264);
#5846=VERTEX_POINT('',#14265);
#5847=VERTEX_POINT('',#14267);
#5848=VERTEX_POINT('',#14269);
#5849=VERTEX_POINT('',#14273);
#5850=VERTEX_POINT('',#14274);
#5851=VERTEX_POINT('',#14276);
#5852=VERTEX_POINT('',#14278);
#5853=VERTEX_POINT('',#14282);
#5854=VERTEX_POINT('',#14284);
#5855=VERTEX_POINT('',#14288);
#5856=VERTEX_POINT('',#14290);
#5857=VERTEX_POINT('',#14294);
#5858=VERTEX_POINT('',#14297);
#5859=VERTEX_POINT('',#14299);
#5860=VERTEX_POINT('',#14301);
#5861=VERTEX_POINT('',#14303);
#5862=VERTEX_POINT('',#14305);
#5863=VERTEX_POINT('',#14307);
#5864=VERTEX_POINT('',#14309);
#5865=VERTEX_POINT('',#14316);
#5866=VERTEX_POINT('',#14322);
#5867=VERTEX_POINT('',#14323);
#5868=VERTEX_POINT('',#14325);
#5869=VERTEX_POINT('',#14327);
#5870=VERTEX_POINT('',#14329);
#5871=VERTEX_POINT('',#14331);
#5872=VERTEX_POINT('',#14333);
#5873=VERTEX_POINT('',#14335);
#5874=VERTEX_POINT('',#14337);
#5875=VERTEX_POINT('',#14339);
#5876=VERTEX_POINT('',#14341);
#5877=VERTEX_POINT('',#14343);
#5878=VERTEX_POINT('',#14345);
#5879=VERTEX_POINT('',#14347);
#5880=VERTEX_POINT('',#14349);
#5881=VERTEX_POINT('',#14351);
#5882=VERTEX_POINT('',#14355);
#5883=VERTEX_POINT('',#14356);
#5884=VERTEX_POINT('',#14361);
#5885=VERTEX_POINT('',#14365);
#5886=VERTEX_POINT('',#14369);
#5887=VERTEX_POINT('',#14373);
#5888=VERTEX_POINT('',#14377);
#5889=VERTEX_POINT('',#14381);
#5890=VERTEX_POINT('',#14385);
#5891=VERTEX_POINT('',#14389);
#5892=VERTEX_POINT('',#14390);
#5893=VERTEX_POINT('',#14392);
#5894=VERTEX_POINT('',#14394);
#5895=VERTEX_POINT('',#14396);
#5896=VERTEX_POINT('',#14398);
#5897=VERTEX_POINT('',#14400);
#5898=VERTEX_POINT('',#14402);
#5899=VERTEX_POINT('',#14404);
#5900=VERTEX_POINT('',#14406);
#5901=VERTEX_POINT('',#14408);
#5902=VERTEX_POINT('',#14410);
#5903=VERTEX_POINT('',#14412);
#5904=VERTEX_POINT('',#14414);
#5905=VERTEX_POINT('',#14416);
#5906=VERTEX_POINT('',#14418);
#5907=VERTEX_POINT('',#14422);
#5908=VERTEX_POINT('',#14426);
#5909=VERTEX_POINT('',#14430);
#5910=VERTEX_POINT('',#14434);
#5911=VERTEX_POINT('',#14438);
#5912=VERTEX_POINT('',#14442);
#5913=VERTEX_POINT('',#14446);
#5914=VERTEX_POINT('',#14484);
#5915=VERTEX_POINT('',#14485);
#5916=VERTEX_POINT('',#14487);
#5917=VERTEX_POINT('',#14489);
#5918=VERTEX_POINT('',#14491);
#5919=VERTEX_POINT('',#14493);
#5920=VERTEX_POINT('',#14495);
#5921=VERTEX_POINT('',#14497);
#5922=VERTEX_POINT('',#14499);
#5923=VERTEX_POINT('',#14501);
#5924=VERTEX_POINT('',#14503);
#5925=VERTEX_POINT('',#14505);
#5926=VERTEX_POINT('',#14507);
#5927=VERTEX_POINT('',#14509);
#5928=VERTEX_POINT('',#14511);
#5929=VERTEX_POINT('',#14513);
#5930=VERTEX_POINT('',#14517);
#5931=VERTEX_POINT('',#14521);
#5932=VERTEX_POINT('',#14525);
#5933=VERTEX_POINT('',#14529);
#5934=VERTEX_POINT('',#14533);
#5935=VERTEX_POINT('',#14537);
#5936=VERTEX_POINT('',#14541);
#5937=VERTEX_POINT('',#14579);
#5938=VERTEX_POINT('',#14583);
#5939=VERTEX_POINT('',#14587);
#5940=VERTEX_POINT('',#14591);
#5941=VERTEX_POINT('',#14595);
#5942=VERTEX_POINT('',#14599);
#5943=VERTEX_POINT('',#14603);
#5944=VERTEX_POINT('',#14607);
#5945=VERTEX_POINT('',#14611);
#5946=VERTEX_POINT('',#14615);
#5947=VERTEX_POINT('',#14619);
#5948=VERTEX_POINT('',#14623);
#5949=VERTEX_POINT('',#14627);
#5950=VERTEX_POINT('',#14631);
#5951=VERTEX_POINT('',#14635);
#5952=VERTEX_POINT('',#14639);
#5953=VERTEX_POINT('',#14643);
#5954=VERTEX_POINT('',#14647);
#5955=CIRCLE('',#8512,2.9);
#5956=CIRCLE('',#8513,9.6);
#5957=CIRCLE('',#8514,34.1);
#5958=CIRCLE('',#8515,9.60000000120981);
#5959=CIRCLE('',#8516,26.1);
#5960=CIRCLE('',#8517,30.3999982706601);
#5961=CIRCLE('',#8518,0.6);
#5962=CIRCLE('',#8519,0.600000000000035);
#5963=CIRCLE('',#8520,1.85407394142089);
#5964=CIRCLE('',#8521,1.94054134062495);
#5965=CIRCLE('',#8522,0.9);
#5966=CIRCLE('',#8523,0.9);
#5967=CIRCLE('',#8524,1.94054134076093);
#5968=CIRCLE('',#8525,1.85407381409686);
#5969=CIRCLE('',#8526,0.599999997718915);
#5970=CIRCLE('',#8527,0.600002934459809);
#5971=CIRCLE('',#8528,96.35837081397);
#5972=CIRCLE('',#8529,40.4);
#5973=CIRCLE('',#8530,11.6);
#5974=CIRCLE('',#8531,40.4);
#5975=CIRCLE('',#8532,3.59999999999984);
#5976=CIRCLE('',#8533,40.4);
#5977=CIRCLE('',#8534,11.6);
#5978=CIRCLE('',#8535,40.4);
#5979=CIRCLE('',#8536,5.40000671427608);
#5980=CIRCLE('',#8537,5.39999999268154);
#5981=CIRCLE('',#8538,10.3999999999997);
#5982=CIRCLE('',#8539,23.3407523237178);
#5983=CIRCLE('',#8540,7.4);
#5984=CIRCLE('',#8541,2.5);
#5985=CIRCLE('',#8542,1.75);
#5986=CIRCLE('',#8543,4.40000000000013);
#5987=CIRCLE('',#8544,2.4000007712086);
#5988=CIRCLE('',#8545,2.39999856393643);
#5989=CIRCLE('',#8546,3.60000406088622);
#5990=CIRCLE('',#8547,2.4);
#5991=CIRCLE('',#8548,33.599999997502);
#5992=CIRCLE('',#8549,4.4);
#5993=CIRCLE('',#8550,27.6000000000008);
#5994=CIRCLE('',#8551,1.75);
#5995=CIRCLE('',#8552,2.4);
#5996=CIRCLE('',#8553,2.4);
#5997=CIRCLE('',#8554,1.75);
#5998=CIRCLE('',#8555,1.75);
#5999=CIRCLE('',#8556,2.9);
#6000=CIRCLE('',#8557,1.75);
#6001=CIRCLE('',#8558,2.5);
#6002=CIRCLE('',#8559,1.75);
#6003=CIRCLE('',#8560,1.75);
#6004=CIRCLE('',#8561,1.75);
#6005=CIRCLE('',#8562,2.40000000001971);
#6006=CIRCLE('',#8563,99.55837081397);
#6007=CIRCLE('',#8564,2.40000329116141);
#6008=CIRCLE('',#8565,2.39999999700281);
#6009=CIRCLE('',#8566,2.40000052651158);
#6010=CIRCLE('',#8567,3.59999971808796);
#6011=CIRCLE('',#8568,2.39999915670779);
#6012=CIRCLE('',#8569,2.40000607801244);
#6013=CIRCLE('',#8570,2.40000031703505);
#6014=CIRCLE('',#8571,2.40000001164706);
#6015=CIRCLE('',#8572,99.5583708139699);
#6016=CIRCLE('',#8573,2.39189143269906);
#6017=CIRCLE('',#8574,3.60000005067674);
#6018=CIRCLE('',#8575,7.);
#6019=CIRCLE('',#8577,2.5);
#6020=CIRCLE('',#8578,34.5);
#6021=CIRCLE('',#8579,10.);
#6022=CIRCLE('',#8580,23.7407523237178);
#6023=CIRCLE('',#8581,9.99999999999965);
#6024=CIRCLE('',#8582,4.99999999268159);
#6025=CIRCLE('',#8583,5.00000671427592);
#6026=CIRCLE('',#8584,40.);
#6027=CIRCLE('',#8585,12.);
#6028=CIRCLE('',#8586,40.);
#6029=CIRCLE('',#8587,3.99999999999984);
#6030=CIRCLE('',#8588,40.);
#6031=CIRCLE('',#8589,12.);
#6032=CIRCLE('',#8590,40.);
#6033=CIRCLE('',#8591,95.95837081397);
#6034=CIRCLE('',#8592,1.00000293445984);
#6035=CIRCLE('',#8593,0.999999997718883);
#6036=CIRCLE('',#8594,2.25407381409687);
#6037=CIRCLE('',#8595,2.34054134076094);
#6038=CIRCLE('',#8596,0.500000000000006);
#6039=CIRCLE('',#8597,0.5);
#6040=CIRCLE('',#8598,2.34054134062495);
#6041=CIRCLE('',#8599,2.25407394142089);
#6042=CIRCLE('',#8600,1.00000000000003);
#6043=CIRCLE('',#8601,1.);
#6044=CIRCLE('',#8602,29.9999982706601);
#6045=CIRCLE('',#8603,26.5);
#6046=CIRCLE('',#8604,10.0000000012098);
#6047=CIRCLE('',#8605,11.);
#6048=CIRCLE('',#8606,3.25);
#6049=CIRCLE('',#8607,11.);
#6050=CIRCLE('',#8608,3.25);
#6051=CIRCLE('',#8609,3.25);
#6052=CIRCLE('',#8610,3.25);
#6053=CIRCLE('',#8611,3.25);
#6054=CIRCLE('',#8612,3.25);
#6055=CIRCLE('',#8613,4.00000000000013);
#6056=CIRCLE('',#8614,28.0000000000008);
#6057=CIRCLE('',#8615,4.);
#6058=CIRCLE('',#8616,33.999999997502);
#6059=CIRCLE('',#8617,2.);
#6060=CIRCLE('',#8618,4.00000406088623);
#6061=CIRCLE('',#8619,1.99999856393643);
#6062=CIRCLE('',#8620,2.0000007712086);
#6063=CIRCLE('',#8621,2.5);
#6064=CIRCLE('',#8622,1.99999915670779);
#6065=CIRCLE('',#8623,4.00000005067674);
#6066=CIRCLE('',#8624,1.99189143269906);
#6067=CIRCLE('',#8625,99.95837081397);
#6068=CIRCLE('',#8626,2.00000001164705);
#6069=CIRCLE('',#8627,2.00000031703505);
#6070=CIRCLE('',#8628,2.00000607801245);
#6071=CIRCLE('',#8629,3.99999971808795);
#6072=CIRCLE('',#8630,2.00000052651158);
#6073=CIRCLE('',#8631,1.99999999700281);
#6074=CIRCLE('',#8632,2.00000329116141);
#6075=CIRCLE('',#8633,99.95837081397);
#6076=CIRCLE('',#8634,2.00000000001971);
#6077=CIRCLE('',#8635,11.);
#6078=CIRCLE('',#8637,34.5);
#6079=CIRCLE('',#8639,2.5);
#6080=CIRCLE('',#8643,7.);
#6081=CIRCLE('',#8644,5.);
#6082=CIRCLE('',#8645,5.);
#6083=CIRCLE('',#8646,5.);
#6084=CIRCLE('',#8647,5.);
#6085=CIRCLE('',#8648,5.);
#6086=CIRCLE('',#8649,5.);
#6087=CIRCLE('',#8650,5.);
#6088=CIRCLE('',#8651,5.);
#6089=CIRCLE('',#8653,10.);
#6090=CIRCLE('',#8654,11.);
#6091=CIRCLE('',#8658,0.5);
#6092=CIRCLE('',#8661,0.500000000000006);
#6093=CIRCLE('',#8664,23.7407523237178);
#6094=CIRCLE('',#8667,10.);
#6095=CIRCLE('',#8669,10.0000000012098);
#6096=CIRCLE('',#8672,26.5);
#6097=CIRCLE('',#8674,29.9999982706601);
#6098=CIRCLE('',#8676,1.);
#6099=CIRCLE('',#8679,1.00000000000003);
#6100=CIRCLE('',#8683,2.25407394142089);
#6101=CIRCLE('',#8686,2.34054134062495);
#6102=CIRCLE('',#8688,2.);
#6103=CIRCLE('',#8691,4.00000000000013);
#6104=CIRCLE('',#8694,2.0000007712086);
#6105=CIRCLE('',#8697,1.99999856393643);
#6106=CIRCLE('',#8699,4.00000406088623);
#6107=CIRCLE('',#8702,2.);
#6108=CIRCLE('',#8704,33.999999997502);
#6109=CIRCLE('',#8706,4.);
#6110=CIRCLE('',#8708,28.0000000000008);
#6111=CIRCLE('',#8710,1.6);
#6112=CIRCLE('',#8713,1.6);
#6113=CIRCLE('',#8715,1.6);
#6114=CIRCLE('',#8718,2.00000000001971);
#6115=CIRCLE('',#8720,99.95837081397);
#6116=CIRCLE('',#8722,2.00000329116141);
#6117=CIRCLE('',#8725,1.99999999700281);
#6118=CIRCLE('',#8728,2.00000052651158);
#6119=CIRCLE('',#8730,3.99999971808795);
#6120=CIRCLE('',#8732,2.);
#6121=CIRCLE('',#8734,2.);
#6122=CIRCLE('',#8736,1.6);
#6123=CIRCLE('',#8738,1.6);
#6124=CIRCLE('',#8740,1.99999915670779);
#6125=CIRCLE('',#8743,2.00000607801245);
#6126=CIRCLE('',#8746,2.00000031703505);
#6127=CIRCLE('',#8749,2.00000001164705);
#6128=CIRCLE('',#8751,99.95837081397);
#6129=CIRCLE('',#8753,1.99189143269906);
#6130=CIRCLE('',#8755,4.00000005067674);
#6131=CIRCLE('',#8757,2.5);
#6132=CIRCLE('',#8759,1.6);
#6133=CIRCLE('',#8761,2.);
#6134=CIRCLE('',#8763,1.6);
#6135=CIRCLE('',#8765,1.6);
#6136=CIRCLE('',#8787,9.99999999999965);
#6137=CIRCLE('',#8789,1.6);
#6138=CIRCLE('',#8791,1.6);
#6139=CIRCLE('',#8793,1.6);
#6140=CIRCLE('',#8795,1.6);
#6141=CIRCLE('',#8828,11.);
#6142=CIRCLE('',#8830,2.);
#6143=CIRCLE('',#8835,7.);
#6144=CIRCLE('',#8837,2.);
#6145=CIRCLE('',#8839,2.);
#6146=CIRCLE('',#8844,2.);
#6147=CIRCLE('',#8846,10.);
#6148=CIRCLE('',#8857,5.);
#6149=CIRCLE('',#8860,5.);
#6150=CIRCLE('',#8863,5.);
#6151=CIRCLE('',#8866,5.);
#6152=CIRCLE('',#8868,5.);
#6153=CIRCLE('',#8869,5.);
#6154=CIRCLE('',#8871,5.);
#6155=CIRCLE('',#8872,5.);
#6156=CIRCLE('',#8875,5.);
#6157=CIRCLE('',#8876,5.);
#6158=CIRCLE('',#8880,5.);
#6159=CIRCLE('',#8881,5.);
#6160=CIRCLE('',#8882,5.);
#6161=CIRCLE('',#8883,5.);
#6162=CIRCLE('',#8884,5.);
#6163=CIRCLE('',#8886,5.);
#6164=CIRCLE('',#8888,5.8);
#6165=CIRCLE('',#8889,5.8);
#6166=CIRCLE('',#8890,5.8);
#6167=CIRCLE('',#8891,5.8);
#6168=CIRCLE('',#8892,5.8);
#6169=CIRCLE('',#8893,5.8);
#6170=CIRCLE('',#8894,5.8);
#6171=CIRCLE('',#8895,5.8);
#6172=CIRCLE('',#8898,5.);
#6173=CIRCLE('',#8901,5.);
#6174=CIRCLE('',#8904,5.);
#6175=CIRCLE('',#8907,5.);
#6176=CIRCLE('',#8925,5.8);
#6177=CIRCLE('',#8926,5.8);
#6178=CIRCLE('',#8927,5.8);
#6179=CIRCLE('',#8928,5.8);
#6180=CIRCLE('',#8929,5.8);
#6181=CIRCLE('',#8930,5.8);
#6182=CIRCLE('',#8931,5.8);
#6183=CIRCLE('',#8932,5.8);
#6184=CIRCLE('',#8935,5.);
#6185=CIRCLE('',#8938,5.);
#6186=CIRCLE('',#8941,5.);
#6187=CIRCLE('',#8944,5.);
#6188=CIRCLE('',#8962,2.34054134076094);
#6189=CIRCLE('',#8965,2.25407381409687);
#6190=CIRCLE('',#8968,0.999999997718883);
#6191=CIRCLE('',#8971,1.00000293445984);
#6192=CIRCLE('',#8973,95.95837081397);
#6193=CIRCLE('',#8975,40.);
#6194=CIRCLE('',#8977,12.);
#6195=CIRCLE('',#8979,40.);
#6196=CIRCLE('',#8982,3.99999999999984);
#6197=CIRCLE('',#8985,40.);
#6198=CIRCLE('',#8987,12.);
#6199=CIRCLE('',#8989,40.);
#6200=CIRCLE('',#8992,5.00000671427592);
#6201=CIRCLE('',#8995,4.99999999268159);
#6202=CIRCLE('',#9020,7.);
#6203=CIRCLE('',#9024,2.9);
#6204=CIRCLE('',#9025,34.1);
#6205=CIRCLE('',#9026,9.6);
#6206=CIRCLE('',#9027,23.3407523237178);
#6207=CIRCLE('',#9028,10.3999999999997);
#6208=CIRCLE('',#9029,5.39999999268159);
#6209=CIRCLE('',#9030,5.40000671427592);
#6210=CIRCLE('',#9031,40.4);
#6211=CIRCLE('',#9032,11.6);
#6212=CIRCLE('',#9033,40.4);
#6213=CIRCLE('',#9034,3.59999999999984);
#6214=CIRCLE('',#9035,40.4);
#6215=CIRCLE('',#9036,11.6);
#6216=CIRCLE('',#9037,40.4);
#6217=CIRCLE('',#9038,96.3583708139701);
#6218=CIRCLE('',#9039,0.600002934459823);
#6219=CIRCLE('',#9040,0.59999999771889);
#6220=CIRCLE('',#9041,1.85407381409688);
#6221=CIRCLE('',#9042,1.94054134076095);
#6222=CIRCLE('',#9043,0.9);
#6223=CIRCLE('',#9044,0.9);
#6224=CIRCLE('',#9045,1.94054134062495);
#6225=CIRCLE('',#9046,1.85407394142089);
#6226=CIRCLE('',#9047,0.600000000000035);
#6227=CIRCLE('',#9048,0.6);
#6228=CIRCLE('',#9049,30.3999982706601);
#6229=CIRCLE('',#9050,26.1);
#6230=CIRCLE('',#9051,9.60000000120981);
#6231=CIRCLE('',#9052,7.);
#6232=CIRCLE('',#9053,2.39999915670779);
#6233=CIRCLE('',#9054,3.60000005067674);
#6234=CIRCLE('',#9055,2.39189143269906);
#6235=CIRCLE('',#9056,99.5583708139699);
#6236=CIRCLE('',#9057,2.40000001164706);
#6237=CIRCLE('',#9058,2.40000031703505);
#6238=CIRCLE('',#9059,2.40000607801244);
#6239=CIRCLE('',#9060,3.59999971808796);
#6240=CIRCLE('',#9061,2.40000052651158);
#6241=CIRCLE('',#9062,2.39999999700281);
#6242=CIRCLE('',#9063,2.40000329116141);
#6243=CIRCLE('',#9064,99.55837081397);
#6244=CIRCLE('',#9065,2.40000000001971);
#6245=CIRCLE('',#9066,1.75);
#6246=CIRCLE('',#9067,1.75);
#6247=CIRCLE('',#9068,1.75);
#6248=CIRCLE('',#9069,1.75);
#6249=CIRCLE('',#9070,2.4);
#6250=CIRCLE('',#9071,2.4);
#6251=CIRCLE('',#9072,1.75);
#6252=CIRCLE('',#9073,4.40000000000013);
#6253=CIRCLE('',#9074,27.6000000000008);
#6254=CIRCLE('',#9075,4.4);
#6255=CIRCLE('',#9076,33.599999997502);
#6256=CIRCLE('',#9077,2.4);
#6257=CIRCLE('',#9078,3.60000406088622);
#6258=CIRCLE('',#9079,2.39999856393643);
#6259=CIRCLE('',#9080,2.4000007712086);
#6260=CIRCLE('',#9081,1.75);
#6261=CIRCLE('',#9082,2.4);
#6262=CIRCLE('',#9083,1.75);
#6263=CIRCLE('',#9084,1.75);
#6264=CIRCLE('',#9085,2.9);
#6265=CIRCLE('',#9086,2.4);
#6266=CIRCLE('',#9087,7.);
#6267=CIRCLE('',#9089,2.5);
#6268=CIRCLE('',#9090,10.);
#6269=CIRCLE('',#9091,34.5);
#6270=CIRCLE('',#9092,10.0000000012098);
#6271=CIRCLE('',#9093,26.5);
#6272=CIRCLE('',#9094,29.9999982706601);
#6273=CIRCLE('',#9095,1.);
#6274=CIRCLE('',#9096,1.00000000000003);
#6275=CIRCLE('',#9097,2.25407394142089);
#6276=CIRCLE('',#9098,2.34054134062495);
#6277=CIRCLE('',#9099,0.5);
#6278=CIRCLE('',#9100,0.500000000000006);
#6279=CIRCLE('',#9101,2.34054134076094);
#6280=CIRCLE('',#9102,2.25407381409687);
#6281=CIRCLE('',#9103,0.999999997718883);
#6282=CIRCLE('',#9104,1.00000293445984);
#6283=CIRCLE('',#9105,95.95837081397);
#6284=CIRCLE('',#9106,40.);
#6285=CIRCLE('',#9107,12.);
#6286=CIRCLE('',#9108,40.);
#6287=CIRCLE('',#9109,3.99999999999984);
#6288=CIRCLE('',#9110,40.);
#6289=CIRCLE('',#9111,12.);
#6290=CIRCLE('',#9112,40.);
#6291=CIRCLE('',#9113,5.00000671427592);
#6292=CIRCLE('',#9114,4.99999999268159);
#6293=CIRCLE('',#9115,9.99999999999965);
#6294=CIRCLE('',#9116,23.7407523237178);
#6295=CIRCLE('',#9117,11.);
#6296=CIRCLE('',#9118,2.00000000001971);
#6297=CIRCLE('',#9119,99.95837081397);
#6298=CIRCLE('',#9120,2.00000329116141);
#6299=CIRCLE('',#9121,1.99999999700281);
#6300=CIRCLE('',#9122,2.00000052651158);
#6301=CIRCLE('',#9123,3.99999971808795);
#6302=CIRCLE('',#9124,1.99999915670779);
#6303=CIRCLE('',#9125,2.00000607801245);
#6304=CIRCLE('',#9126,2.00000031703505);
#6305=CIRCLE('',#9127,2.00000001164705);
#6306=CIRCLE('',#9128,99.95837081397);
#6307=CIRCLE('',#9129,1.99189143269906);
#6308=CIRCLE('',#9130,4.00000005067674);
#6309=CIRCLE('',#9131,2.5);
#6310=CIRCLE('',#9132,4.00000000000013);
#6311=CIRCLE('',#9133,2.0000007712086);
#6312=CIRCLE('',#9134,1.99999856393643);
#6313=CIRCLE('',#9135,4.00000406088623);
#6314=CIRCLE('',#9136,2.);
#6315=CIRCLE('',#9137,33.999999997502);
#6316=CIRCLE('',#9138,4.);
#6317=CIRCLE('',#9139,28.0000000000008);
#6318=CIRCLE('',#9140,3.25);
#6319=CIRCLE('',#9141,3.25);
#6320=CIRCLE('',#9142,3.25);
#6321=CIRCLE('',#9143,3.25);
#6322=CIRCLE('',#9144,11.);
#6323=CIRCLE('',#9145,3.25);
#6324=CIRCLE('',#9146,11.);
#6325=CIRCLE('',#9147,3.25);
#6326=CIRCLE('',#9149,34.5);
#6327=CIRCLE('',#9151,2.5);
#6328=CIRCLE('',#9155,2.);
#6329=CIRCLE('',#9157,2.5);
#6330=CIRCLE('',#9159,1.6);
#6331=CIRCLE('',#9161,1.6);
#6332=CIRCLE('',#9163,2.);
#6333=CIRCLE('',#9166,4.00000000000013);
#6334=CIRCLE('',#9168,28.0000000000008);
#6335=CIRCLE('',#9170,4.);
#6336=CIRCLE('',#9172,33.999999997502);
#6337=CIRCLE('',#9174,2.);
#6338=CIRCLE('',#9177,4.00000406088623);
#6339=CIRCLE('',#9179,1.99999856393643);
#6340=CIRCLE('',#9182,2.0000007712086);
#6341=CIRCLE('',#9186,2.);
#6342=CIRCLE('',#9188,2.);
#6343=CIRCLE('',#9190,1.6);
#6344=CIRCLE('',#9192,1.6);
#6345=CIRCLE('',#9194,1.6);
#6346=CIRCLE('',#9196,1.6);
#6347=CIRCLE('',#9199,3.99999971808795);
#6348=CIRCLE('',#9201,2.00000052651158);
#6349=CIRCLE('',#9204,1.99999999700281);
#6350=CIRCLE('',#9207,2.00000329116141);
#6351=CIRCLE('',#9209,99.95837081397);
#6352=CIRCLE('',#9211,2.00000000001971);
#6353=CIRCLE('',#9213,1.99999915670779);
#6354=CIRCLE('',#9215,4.00000005067674);
#6355=CIRCLE('',#9217,1.99189143269906);
#6356=CIRCLE('',#9219,99.95837081397);
#6357=CIRCLE('',#9221,2.00000001164705);
#6358=CIRCLE('',#9224,2.00000031703505);
#6359=CIRCLE('',#9227,2.00000607801245);
#6360=CIRCLE('',#9232,2.34054134062495);
#6361=CIRCLE('',#9235,2.25407394142089);
#6362=CIRCLE('',#9239,1.00000000000003);
#6363=CIRCLE('',#9242,1.);
#6364=CIRCLE('',#9244,29.9999982706601);
#6365=CIRCLE('',#9246,26.5);
#6366=CIRCLE('',#9249,10.0000000012098);
#6367=CIRCLE('',#9251,10.);
#6368=CIRCLE('',#9254,23.7407523237178);
#6369=CIRCLE('',#9257,9.99999999999965);
#6370=CIRCLE('',#9260,4.99999999268159);
#6371=CIRCLE('',#9263,5.00000671427592);
#6372=CIRCLE('',#9266,0.5);
#6373=CIRCLE('',#9268,7.);
#6374=CIRCLE('',#9270,2.);
#6375=CIRCLE('',#9273,1.6);
#6376=CIRCLE('',#9275,1.6);
#6377=CIRCLE('',#9277,2.);
#6378=CIRCLE('',#9279,7.);
#6379=CIRCLE('',#9292,2.);
#6380=CIRCLE('',#9294,2.);
#6381=CIRCLE('',#9296,1.6);
#6382=CIRCLE('',#9298,1.6);
#6383=CIRCLE('',#9300,1.6);
#6384=CIRCLE('',#9302,1.6);
#6385=CIRCLE('',#9344,10.);
#6386=CIRCLE('',#9345,11.);
#6387=CIRCLE('',#9347,0.500000000000006);
#6388=CIRCLE('',#9361,11.);
#6389=CIRCLE('',#9363,10.);
#6390=CIRCLE('',#9368,5.);
#6391=CIRCLE('',#9369,5.);
#6392=CIRCLE('',#9371,5.);
#6393=CIRCLE('',#9372,5.);
#6394=CIRCLE('',#9375,5.);
#6395=CIRCLE('',#9376,5.);
#6396=CIRCLE('',#9377,5.);
#6397=CIRCLE('',#9378,5.);
#6398=CIRCLE('',#9379,5.);
#6399=CIRCLE('',#9380,5.);
#6400=CIRCLE('',#9382,5.);
#6401=CIRCLE('',#9385,5.);
#6402=CIRCLE('',#9387,5.);
#6403=CIRCLE('',#9388,5.);
#6404=CIRCLE('',#9389,5.);
#6405=CIRCLE('',#9390,5.);
#6406=CIRCLE('',#9391,5.);
#6407=CIRCLE('',#9392,5.);
#6408=CIRCLE('',#9393,5.);
#6409=CIRCLE('',#9394,5.);
#6410=CIRCLE('',#9397,5.);
#6411=CIRCLE('',#9400,5.);
#6412=CIRCLE('',#9403,5.);
#6413=CIRCLE('',#9406,5.);
#6414=CIRCLE('',#9408,5.8);
#6415=CIRCLE('',#9409,5.8);
#6416=CIRCLE('',#9410,5.8);
#6417=CIRCLE('',#9411,5.8);
#6418=CIRCLE('',#9412,5.8);
#6419=CIRCLE('',#9413,5.8);
#6420=CIRCLE('',#9414,5.8);
#6421=CIRCLE('',#9415,5.8);
#6422=CIRCLE('',#9418,5.);
#6423=CIRCLE('',#9421,5.);
#6424=CIRCLE('',#9424,5.);
#6425=CIRCLE('',#9427,5.);
#6426=CIRCLE('',#9445,5.8);
#6427=CIRCLE('',#9446,5.8);
#6428=CIRCLE('',#9447,5.8);
#6429=CIRCLE('',#9448,5.8);
#6430=CIRCLE('',#9449,5.8);
#6431=CIRCLE('',#9450,5.8);
#6432=CIRCLE('',#9451,5.8);
#6433=CIRCLE('',#9452,5.8);
#6434=CIRCLE('',#9454,5.);
#6435=CIRCLE('',#9457,5.);
#6436=CIRCLE('',#9460,5.);
#6437=CIRCLE('',#9463,5.);
#6438=CIRCLE('',#9483,40.);
#6439=CIRCLE('',#9485,12.);
#6440=CIRCLE('',#9487,40.);
#6441=CIRCLE('',#9490,3.99999999999984);
#6442=CIRCLE('',#9493,40.);
#6443=CIRCLE('',#9495,12.);
#6444=CIRCLE('',#9497,40.);
#6445=CIRCLE('',#9499,95.95837081397);
#6446=CIRCLE('',#9501,1.00000293445984);
#6447=CIRCLE('',#9504,0.999999997718883);
#6448=CIRCLE('',#9507,2.25407381409687);
#6449=CIRCLE('',#9510,2.34054134076094);
#6450=EDGE_LOOP('',(#1695));
#6451=EDGE_LOOP('',(#1696,#1697,#1698,#1699,#1700,#1701,#1702,#1703,#1704,
#1705,#1706,#1707,#1708,#1709,#1710,#1711,#1712,#1713,#1714,#1715,#1716,
#1717,#1718,#1719,#1720,#1721,#1722,#1723,#1724,#1725,#1726,#1727,#1728,
#1729,#1730,#1731,#1732,#1733,#1734,#1735,#1736,#1737,#1738,#1739));
#6452=EDGE_LOOP('',(#1740));
#6453=EDGE_LOOP('',(#1741));
#6454=EDGE_LOOP('',(#1742));
#6455=EDGE_LOOP('',(#1743,#1744,#1745,#1746,#1747,#1748,#1749,#1750,#1751,
#1752,#1753));
#6456=EDGE_LOOP('',(#1754));
#6457=EDGE_LOOP('',(#1755));
#6458=EDGE_LOOP('',(#1756));
#6459=EDGE_LOOP('',(#1757));
#6460=EDGE_LOOP('',(#1758));
#6461=EDGE_LOOP('',(#1759));
#6462=EDGE_LOOP('',(#1760));
#6463=EDGE_LOOP('',(#1761));
#6464=EDGE_LOOP('',(#1762));
#6465=EDGE_LOOP('',(#1763));
#6466=EDGE_LOOP('',(#1764));
#6467=EDGE_LOOP('',(#1765,#1766,#1767,#1768,#1769,#1770,#1771,#1772,#1773));
#6468=EDGE_LOOP('',(#1774,#1775,#1776,#1777,#1778,#1779,#1780,#1781,#1782,
#1783));
#6469=EDGE_LOOP('',(#1784));
#6470=EDGE_LOOP('',(#1785));
#6471=EDGE_LOOP('',(#1786,#1787,#1788,#1789,#1790,#1791,#1792,#1793,#1794,
#1795,#1796,#1797,#1798,#1799,#1800,#1801,#1802,#1803,#1804,#1805,#1806,
#1807,#1808,#1809,#1810,#1811,#1812,#1813,#1814,#1815,#1816,#1817,#1818,
#1819,#1820,#1821,#1822,#1823,#1824,#1825,#1826,#1827,#1828,#1829));
#6472=EDGE_LOOP('',(#1830,#1831,#1832,#1833));
#6473=EDGE_LOOP('',(#1834));
#6474=EDGE_LOOP('',(#1835));
#6475=EDGE_LOOP('',(#1836));
#6476=EDGE_LOOP('',(#1837));
#6477=EDGE_LOOP('',(#1838,#1839,#1840,#1841,#1842,#1843,#1844,#1845,#1846,
#1847,#1848));
#6478=EDGE_LOOP('',(#1849));
#6479=EDGE_LOOP('',(#1850,#1851,#1852,#1853,#1854,#1855,#1856,#1857,#1858,
#1859));
#6480=EDGE_LOOP('',(#1860,#1861,#1862,#1863,#1864,#1865,#1866,#1867,#1868));
#6481=EDGE_LOOP('',(#1869));
#6482=EDGE_LOOP('',(#1870,#1871,#1872,#1873));
#6483=EDGE_LOOP('',(#1874));
#6484=EDGE_LOOP('',(#1875));
#6485=EDGE_LOOP('',(#1876));
#6486=EDGE_LOOP('',(#1877));
#6487=EDGE_LOOP('',(#1878,#1879,#1880,#1881));
#6488=EDGE_LOOP('',(#1882));
#6489=EDGE_LOOP('',(#1883,#1884,#1885,#1886,#1887,#1888,#1889,#1890,#1891,
#1892,#1893,#1894,#1895,#1896,#1897,#1898));
#6490=EDGE_LOOP('',(#1899));
#6491=EDGE_LOOP('',(#1900));
#6492=EDGE_LOOP('',(#1901,#1902,#1903,#1904));
#6493=EDGE_LOOP('',(#1905,#1906,#1907,#1908));
#6494=EDGE_LOOP('',(#1909,#1910,#1911,#1912));
#6495=EDGE_LOOP('',(#1913,#1914,#1915,#1916));
#6496=EDGE_LOOP('',(#1917,#1918,#1919,#1920));
#6497=EDGE_LOOP('',(#1921,#1922,#1923,#1924));
#6498=EDGE_LOOP('',(#1925,#1926,#1927,#1928));
#6499=EDGE_LOOP('',(#1929,#1930,#1931,#1932));
#6500=EDGE_LOOP('',(#1933,#1934,#1935,#1936));
#6501=EDGE_LOOP('',(#1937,#1938,#1939,#1940));
#6502=EDGE_LOOP('',(#1941,#1942,#1943,#1944));
#6503=EDGE_LOOP('',(#1945,#1946,#1947,#1948));
#6504=EDGE_LOOP('',(#1949,#1950,#1951,#1952));
#6505=EDGE_LOOP('',(#1953,#1954,#1955,#1956));
#6506=EDGE_LOOP('',(#1957,#1958,#1959,#1960));
#6507=EDGE_LOOP('',(#1961,#1962,#1963,#1964));
#6508=EDGE_LOOP('',(#1965,#1966,#1967,#1968));
#6509=EDGE_LOOP('',(#1969,#1970,#1971,#1972));
#6510=EDGE_LOOP('',(#1973,#1974,#1975,#1976));
#6511=EDGE_LOOP('',(#1977));
#6512=EDGE_LOOP('',(#1978));
#6513=EDGE_LOOP('',(#1979));
#6514=EDGE_LOOP('',(#1980,#1981,#1982,#1983));
#6515=EDGE_LOOP('',(#1984,#1985,#1986,#1987));
#6516=EDGE_LOOP('',(#1988,#1989,#1990,#1991));
#6517=EDGE_LOOP('',(#1992,#1993,#1994,#1995));
#6518=EDGE_LOOP('',(#1996,#1997,#1998,#1999));
#6519=EDGE_LOOP('',(#2000,#2001,#2002,#2003));
#6520=EDGE_LOOP('',(#2004,#2005,#2006,#2007));
#6521=EDGE_LOOP('',(#2008,#2009,#2010,#2011));
#6522=EDGE_LOOP('',(#2012,#2013,#2014,#2015));
#6523=EDGE_LOOP('',(#2016,#2017,#2018,#2019));
#6524=EDGE_LOOP('',(#2020,#2021,#2022,#2023));
#6525=EDGE_LOOP('',(#2024));
#6526=EDGE_LOOP('',(#2025));
#6527=EDGE_LOOP('',(#2026));
#6528=EDGE_LOOP('',(#2027));
#6529=EDGE_LOOP('',(#2028));
#6530=EDGE_LOOP('',(#2029));
#6531=EDGE_LOOP('',(#2030));
#6532=EDGE_LOOP('',(#2031,#2032,#2033,#2034));
#6533=EDGE_LOOP('',(#2035,#2036,#2037,#2038));
#6534=EDGE_LOOP('',(#2039,#2040,#2041,#2042));
#6535=EDGE_LOOP('',(#2043,#2044,#2045,#2046));
#6536=EDGE_LOOP('',(#2047,#2048,#2049,#2050));
#6537=EDGE_LOOP('',(#2051,#2052,#2053,#2054));
#6538=EDGE_LOOP('',(#2055,#2056,#2057,#2058));
#6539=EDGE_LOOP('',(#2059,#2060,#2061,#2062));
#6540=EDGE_LOOP('',(#2063,#2064,#2065,#2066));
#6541=EDGE_LOOP('',(#2067));
#6542=EDGE_LOOP('',(#2068));
#6543=EDGE_LOOP('',(#2069));
#6544=EDGE_LOOP('',(#2070));
#6545=EDGE_LOOP('',(#2071));
#6546=EDGE_LOOP('',(#2072));
#6547=EDGE_LOOP('',(#2073));
#6548=EDGE_LOOP('',(#2074));
#6549=EDGE_LOOP('',(#2075,#2076,#2077,#2078));
#6550=EDGE_LOOP('',(#2079,#2080,#2081,#2082));
#6551=EDGE_LOOP('',(#2083,#2084,#2085,#2086));
#6552=EDGE_LOOP('',(#2087,#2088,#2089,#2090));
#6553=EDGE_LOOP('',(#2091,#2092,#2093,#2094));
#6554=EDGE_LOOP('',(#2095,#2096,#2097,#2098));
#6555=EDGE_LOOP('',(#2099,#2100,#2101,#2102));
#6556=EDGE_LOOP('',(#2103,#2104,#2105,#2106));
#6557=EDGE_LOOP('',(#2107,#2108,#2109,#2110));
#6558=EDGE_LOOP('',(#2111,#2112,#2113,#2114));
#6559=EDGE_LOOP('',(#2115));
#6560=EDGE_LOOP('',(#2116));
#6561=EDGE_LOOP('',(#2117));
#6562=EDGE_LOOP('',(#2118));
#6563=EDGE_LOOP('',(#2119));
#6564=EDGE_LOOP('',(#2120));
#6565=EDGE_LOOP('',(#2121));
#6566=EDGE_LOOP('',(#2122));
#6567=EDGE_LOOP('',(#2123));
#6568=EDGE_LOOP('',(#2124));
#6569=EDGE_LOOP('',(#2125,#2126,#2127,#2128));
#6570=EDGE_LOOP('',(#2129,#2130,#2131,#2132));
#6571=EDGE_LOOP('',(#2133,#2134,#2135,#2136));
#6572=EDGE_LOOP('',(#2137,#2138,#2139,#2140));
#6573=EDGE_LOOP('',(#2141,#2142,#2143,#2144));
#6574=EDGE_LOOP('',(#2145,#2146,#2147,#2148));
#6575=EDGE_LOOP('',(#2149,#2150,#2151,#2152));
#6576=EDGE_LOOP('',(#2153,#2154,#2155,#2156));
#6577=EDGE_LOOP('',(#2157,#2158,#2159,#2160));
#6578=EDGE_LOOP('',(#2161,#2162,#2163,#2164));
#6579=EDGE_LOOP('',(#2165,#2166,#2167,#2168));
#6580=EDGE_LOOP('',(#2169,#2170,#2171,#2172));
#6581=EDGE_LOOP('',(#2173,#2174,#2175,#2176));
#6582=EDGE_LOOP('',(#2177,#2178,#2179,#2180));
#6583=EDGE_LOOP('',(#2181,#2182,#2183,#2184));
#6584=EDGE_LOOP('',(#2185,#2186,#2187,#2188));
#6585=EDGE_LOOP('',(#2189,#2190,#2191,#2192));
#6586=EDGE_LOOP('',(#2193,#2194,#2195,#2196));
#6587=EDGE_LOOP('',(#2197,#2198,#2199,#2200));
#6588=EDGE_LOOP('',(#2201,#2202,#2203,#2204));
#6589=EDGE_LOOP('',(#2205,#2206,#2207,#2208));
#6590=EDGE_LOOP('',(#2209));
#6591=EDGE_LOOP('',(#2210));
#6592=EDGE_LOOP('',(#2211));
#6593=EDGE_LOOP('',(#2212));
#6594=EDGE_LOOP('',(#2213));
#6595=EDGE_LOOP('',(#2214));
#6596=EDGE_LOOP('',(#2215));
#6597=EDGE_LOOP('',(#2216));
#6598=EDGE_LOOP('',(#2217,#2218,#2219,#2220));
#6599=EDGE_LOOP('',(#2221,#2222,#2223,#2224));
#6600=EDGE_LOOP('',(#2225,#2226,#2227,#2228));
#6601=EDGE_LOOP('',(#2229,#2230,#2231,#2232));
#6602=EDGE_LOOP('',(#2233,#2234,#2235,#2236));
#6603=EDGE_LOOP('',(#2237,#2238,#2239,#2240));
#6604=EDGE_LOOP('',(#2241,#2242,#2243,#2244));
#6605=EDGE_LOOP('',(#2245,#2246,#2247,#2248));
#6606=EDGE_LOOP('',(#2249,#2250,#2251,#2252));
#6607=EDGE_LOOP('',(#2253,#2254,#2255,#2256));
#6608=EDGE_LOOP('',(#2257,#2258,#2259,#2260));
#6609=EDGE_LOOP('',(#2261));
#6610=EDGE_LOOP('',(#2262));
#6611=EDGE_LOOP('',(#2263,#2264,#2265,#2266));
#6612=EDGE_LOOP('',(#2267,#2268,#2269,#2270));
#6613=EDGE_LOOP('',(#2271,#2272,#2273,#2274));
#6614=EDGE_LOOP('',(#2275,#2276,#2277,#2278));
#6615=EDGE_LOOP('',(#2279,#2280,#2281,#2282));
#6616=EDGE_LOOP('',(#2283,#2284,#2285,#2286));
#6617=EDGE_LOOP('',(#2287,#2288,#2289,#2290));
#6618=EDGE_LOOP('',(#2291,#2292,#2293,#2294));
#6619=EDGE_LOOP('',(#2295,#2296,#2297,#2298));
#6620=EDGE_LOOP('',(#2299,#2300,#2301,#2302));
#6621=EDGE_LOOP('',(#2303,#2304,#2305,#2306));
#6622=EDGE_LOOP('',(#2307,#2308,#2309,#2310));
#6623=EDGE_LOOP('',(#2311,#2312,#2313,#2314));
#6624=EDGE_LOOP('',(#2315,#2316,#2317,#2318));
#6625=EDGE_LOOP('',(#2319,#2320,#2321,#2322));
#6626=EDGE_LOOP('',(#2323,#2324,#2325,#2326));
#6627=EDGE_LOOP('',(#2327,#2328,#2329,#2330));
#6628=EDGE_LOOP('',(#2331,#2332,#2333,#2334));
#6629=EDGE_LOOP('',(#2335,#2336,#2337,#2338));
#6630=EDGE_LOOP('',(#2339));
#6631=EDGE_LOOP('',(#2340));
#6632=EDGE_LOOP('',(#2341));
#6633=EDGE_LOOP('',(#2342));
#6634=EDGE_LOOP('',(#2343));
#6635=EDGE_LOOP('',(#2344));
#6636=EDGE_LOOP('',(#2345));
#6637=EDGE_LOOP('',(#2346));
#6638=EDGE_LOOP('',(#2347));
#6639=EDGE_LOOP('',(#2348));
#6640=EDGE_LOOP('',(#2349));
#6641=EDGE_LOOP('',(#2350));
#6642=EDGE_LOOP('',(#2351));
#6643=EDGE_LOOP('',(#2352));
#6644=EDGE_LOOP('',(#2353));
#6645=EDGE_LOOP('',(#2354));
#6646=EDGE_LOOP('',(#2355));
#6647=EDGE_LOOP('',(#2356));
#6648=EDGE_LOOP('',(#2357));
#6649=EDGE_LOOP('',(#2358));
#6650=EDGE_LOOP('',(#2359));
#6651=EDGE_LOOP('',(#2360));
#6652=EDGE_LOOP('',(#2361));
#6653=EDGE_LOOP('',(#2362));
#6654=EDGE_LOOP('',(#2363));
#6655=EDGE_LOOP('',(#2364));
#6656=EDGE_LOOP('',(#2365));
#6657=EDGE_LOOP('',(#2366));
#6658=EDGE_LOOP('',(#2367));
#6659=EDGE_LOOP('',(#2368));
#6660=EDGE_LOOP('',(#2369,#2370,#2371,#2372));
#6661=EDGE_LOOP('',(#2373,#2374,#2375,#2376));
#6662=EDGE_LOOP('',(#2377,#2378));
#6663=EDGE_LOOP('',(#2379));
#6664=EDGE_LOOP('',(#2380,#2381,#2382,#2383));
#6665=EDGE_LOOP('',(#2384,#2385,#2386,#2387));
#6666=EDGE_LOOP('',(#2388,#2389,#2390,#2391));
#6667=EDGE_LOOP('',(#2392,#2393,#2394,#2395));
#6668=EDGE_LOOP('',(#2396,#2397,#2398,#2399));
#6669=EDGE_LOOP('',(#2400,#2401,#2402,#2403));
#6670=EDGE_LOOP('',(#2404,#2405,#2406,#2407));
#6671=EDGE_LOOP('',(#2408,#2409,#2410,#2411));
#6672=EDGE_LOOP('',(#2412,#2413,#2414,#2415));
#6673=EDGE_LOOP('',(#2416,#2417,#2418,#2419));
#6674=EDGE_LOOP('',(#2420,#2421,#2422,#2423));
#6675=EDGE_LOOP('',(#2424,#2425,#2426,#2427));
#6676=EDGE_LOOP('',(#2428,#2429,#2430,#2431));
#6677=EDGE_LOOP('',(#2432,#2433,#2434,#2435));
#6678=EDGE_LOOP('',(#2436,#2437,#2438,#2439));
#6679=EDGE_LOOP('',(#2440));
#6680=EDGE_LOOP('',(#2441,#2442,#2443,#2444,#2445,#2446,#2447,#2448,#2449,
#2450,#2451,#2452,#2453,#2454,#2455,#2456));
#6681=EDGE_LOOP('',(#2457,#2458,#2459,#2460));
#6682=EDGE_LOOP('',(#2461,#2462,#2463,#2464,#2465,#2466,#2467,#2468,#2469,
#2470,#2471,#2472,#2473,#2474,#2475,#2476));
#6683=EDGE_LOOP('',(#2477));
#6684=EDGE_LOOP('',(#2478,#2479,#2480,#2481));
#6685=EDGE_LOOP('',(#2482,#2483,#2484,#2485));
#6686=EDGE_LOOP('',(#2486,#2487,#2488,#2489));
#6687=EDGE_LOOP('',(#2490,#2491,#2492,#2493));
#6688=EDGE_LOOP('',(#2494,#2495,#2496,#2497));
#6689=EDGE_LOOP('',(#2498,#2499,#2500,#2501));
#6690=EDGE_LOOP('',(#2502,#2503,#2504,#2505));
#6691=EDGE_LOOP('',(#2506,#2507,#2508,#2509));
#6692=EDGE_LOOP('',(#2510,#2511,#2512,#2513));
#6693=EDGE_LOOP('',(#2514,#2515,#2516,#2517));
#6694=EDGE_LOOP('',(#2518,#2519,#2520,#2521));
#6695=EDGE_LOOP('',(#2522,#2523,#2524,#2525));
#6696=EDGE_LOOP('',(#2526,#2527,#2528,#2529));
#6697=EDGE_LOOP('',(#2530,#2531,#2532,#2533));
#6698=EDGE_LOOP('',(#2534,#2535,#2536,#2537));
#6699=EDGE_LOOP('',(#2538,#2539,#2540,#2541));
#6700=EDGE_LOOP('',(#2542,#2543,#2544,#2545));
#6701=EDGE_LOOP('',(#2546,#2547,#2548,#2549));
#6702=EDGE_LOOP('',(#2550,#2551,#2552,#2553));
#6703=EDGE_LOOP('',(#2554,#2555,#2556,#2557));
#6704=EDGE_LOOP('',(#2558,#2559,#2560,#2561));
#6705=EDGE_LOOP('',(#2562,#2563,#2564,#2565));
#6706=EDGE_LOOP('',(#2566,#2567,#2568,#2569));
#6707=EDGE_LOOP('',(#2570,#2571,#2572,#2573));
#6708=EDGE_LOOP('',(#2574,#2575,#2576,#2577,#2578,#2579,#2580,#2581,#2582,
#2583,#2584,#2585,#2586,#2587,#2588,#2589));
#6709=EDGE_LOOP('',(#2590));
#6710=EDGE_LOOP('',(#2591,#2592,#2593,#2594));
#6711=EDGE_LOOP('',(#2595,#2596,#2597,#2598));
#6712=EDGE_LOOP('',(#2599,#2600,#2601,#2602));
#6713=EDGE_LOOP('',(#2603,#2604,#2605,#2606));
#6714=EDGE_LOOP('',(#2607,#2608,#2609,#2610));
#6715=EDGE_LOOP('',(#2611,#2612,#2613,#2614));
#6716=EDGE_LOOP('',(#2615,#2616,#2617,#2618));
#6717=EDGE_LOOP('',(#2619,#2620,#2621,#2622));
#6718=EDGE_LOOP('',(#2623,#2624,#2625,#2626));
#6719=EDGE_LOOP('',(#2627,#2628,#2629,#2630));
#6720=EDGE_LOOP('',(#2631,#2632,#2633,#2634));
#6721=EDGE_LOOP('',(#2635,#2636,#2637,#2638));
#6722=EDGE_LOOP('',(#2639,#2640,#2641,#2642));
#6723=EDGE_LOOP('',(#2643,#2644,#2645,#2646));
#6724=EDGE_LOOP('',(#2647,#2648,#2649,#2650));
#6725=EDGE_LOOP('',(#2651,#2652,#2653,#2654));
#6726=EDGE_LOOP('',(#2655,#2656,#2657,#2658));
#6727=EDGE_LOOP('',(#2659,#2660,#2661,#2662));
#6728=EDGE_LOOP('',(#2663,#2664,#2665,#2666));
#6729=EDGE_LOOP('',(#2667,#2668,#2669,#2670));
#6730=EDGE_LOOP('',(#2671,#2672,#2673,#2674));
#6731=EDGE_LOOP('',(#2675,#2676,#2677,#2678));
#6732=EDGE_LOOP('',(#2679,#2680,#2681,#2682));
#6733=EDGE_LOOP('',(#2683,#2684,#2685,#2686));
#6734=EDGE_LOOP('',(#2687,#2688,#2689,#2690));
#6735=EDGE_LOOP('',(#2691,#2692,#2693,#2694));
#6736=EDGE_LOOP('',(#2695,#2696,#2697,#2698));
#6737=EDGE_LOOP('',(#2699,#2700,#2701,#2702));
#6738=EDGE_LOOP('',(#2703,#2704,#2705,#2706));
#6739=EDGE_LOOP('',(#2707,#2708,#2709,#2710));
#6740=EDGE_LOOP('',(#2711,#2712,#2713,#2714));
#6741=EDGE_LOOP('',(#2715,#2716,#2717,#2718));
#6742=EDGE_LOOP('',(#2719,#2720,#2721,#2722));
#6743=EDGE_LOOP('',(#2723,#2724,#2725,#2726));
#6744=EDGE_LOOP('',(#2727,#2728,#2729,#2730));
#6745=EDGE_LOOP('',(#2731,#2732,#2733,#2734));
#6746=EDGE_LOOP('',(#2735,#2736,#2737,#2738));
#6747=EDGE_LOOP('',(#2739,#2740,#2741,#2742));
#6748=EDGE_LOOP('',(#2743,#2744,#2745,#2746));
#6749=EDGE_LOOP('',(#2747,#2748,#2749,#2750));
#6750=EDGE_LOOP('',(#2751,#2752,#2753,#2754));
#6751=EDGE_LOOP('',(#2755,#2756,#2757,#2758));
#6752=EDGE_LOOP('',(#2759,#2760,#2761,#2762));
#6753=EDGE_LOOP('',(#2763,#2764,#2765,#2766));
#6754=EDGE_LOOP('',(#2767,#2768,#2769,#2770));
#6755=EDGE_LOOP('',(#2771,#2772,#2773,#2774));
#6756=EDGE_LOOP('',(#2775,#2776,#2777,#2778));
#6757=EDGE_LOOP('',(#2779,#2780,#2781,#2782));
#6758=EDGE_LOOP('',(#2783,#2784,#2785,#2786));
#6759=EDGE_LOOP('',(#2787,#2788,#2789,#2790));
#6760=EDGE_LOOP('',(#2791,#2792,#2793,#2794));
#6761=EDGE_LOOP('',(#2795,#2796,#2797,#2798));
#6762=EDGE_LOOP('',(#2799,#2800,#2801,#2802));
#6763=EDGE_LOOP('',(#2803,#2804,#2805,#2806));
#6764=EDGE_LOOP('',(#2807,#2808,#2809,#2810));
#6765=EDGE_LOOP('',(#2811,#2812,#2813,#2814));
#6766=EDGE_LOOP('',(#2815,#2816,#2817,#2818));
#6767=EDGE_LOOP('',(#2819,#2820,#2821,#2822));
#6768=EDGE_LOOP('',(#2823,#2824,#2825,#2826));
#6769=EDGE_LOOP('',(#2827,#2828,#2829,#2830));
#6770=EDGE_LOOP('',(#2831,#2832,#2833,#2834));
#6771=EDGE_LOOP('',(#2835,#2836,#2837,#2838));
#6772=EDGE_LOOP('',(#2839,#2840,#2841,#2842));
#6773=EDGE_LOOP('',(#2843,#2844,#2845,#2846));
#6774=EDGE_LOOP('',(#2847,#2848,#2849,#2850));
#6775=EDGE_LOOP('',(#2851,#2852,#2853,#2854));
#6776=EDGE_LOOP('',(#2855,#2856,#2857,#2858));
#6777=EDGE_LOOP('',(#2859,#2860,#2861,#2862));
#6778=EDGE_LOOP('',(#2863));
#6779=EDGE_LOOP('',(#2864));
#6780=EDGE_LOOP('',(#2865));
#6781=EDGE_LOOP('',(#2866));
#6782=EDGE_LOOP('',(#2867));
#6783=EDGE_LOOP('',(#2868,#2869,#2870,#2871,#2872,#2873,#2874,#2875,#2876,
#2877,#2878,#2879,#2880,#2881,#2882,#2883,#2884,#2885,#2886,#2887,#2888,
#2889,#2890,#2891,#2892,#2893,#2894,#2895,#2896,#2897,#2898,#2899,#2900,
#2901,#2902,#2903,#2904,#2905,#2906,#2907,#2908,#2909,#2910,#2911));
#6784=EDGE_LOOP('',(#2912));
#6785=EDGE_LOOP('',(#2913,#2914,#2915,#2916,#2917,#2918,#2919,#2920,#2921,
#2922));
#6786=EDGE_LOOP('',(#2923,#2924,#2925,#2926,#2927,#2928,#2929,#2930,#2931));
#6787=EDGE_LOOP('',(#2932));
#6788=EDGE_LOOP('',(#2933));
#6789=EDGE_LOOP('',(#2934));
#6790=EDGE_LOOP('',(#2935));
#6791=EDGE_LOOP('',(#2936));
#6792=EDGE_LOOP('',(#2937));
#6793=EDGE_LOOP('',(#2938));
#6794=EDGE_LOOP('',(#2939,#2940,#2941,#2942,#2943,#2944,#2945,#2946,#2947,
#2948,#2949));
#6795=EDGE_LOOP('',(#2950));
#6796=EDGE_LOOP('',(#2951));
#6797=EDGE_LOOP('',(#2952));
#6798=EDGE_LOOP('',(#2953));
#6799=EDGE_LOOP('',(#2954));
#6800=EDGE_LOOP('',(#2955));
#6801=EDGE_LOOP('',(#2956));
#6802=EDGE_LOOP('',(#2957));
#6803=EDGE_LOOP('',(#2958,#2959,#2960,#2961,#2962,#2963,#2964,#2965,#2966,
#2967,#2968,#2969,#2970,#2971,#2972,#2973,#2974,#2975,#2976,#2977,#2978,
#2979,#2980,#2981,#2982,#2983,#2984,#2985,#2986,#2987,#2988,#2989,#2990,
#2991,#2992,#2993,#2994,#2995,#2996,#2997,#2998,#2999,#3000,#3001));
#6804=EDGE_LOOP('',(#3002));
#6805=EDGE_LOOP('',(#3003,#3004,#3005,#3006,#3007,#3008,#3009,#3010,#3011));
#6806=EDGE_LOOP('',(#3012,#3013,#3014,#3015,#3016,#3017,#3018,#3019,#3020,
#3021));
#6807=EDGE_LOOP('',(#3022));
#6808=EDGE_LOOP('',(#3023,#3024,#3025,#3026,#3027,#3028,#3029,#3030,#3031,
#3032,#3033));
#6809=EDGE_LOOP('',(#3034));
#6810=EDGE_LOOP('',(#3035));
#6811=EDGE_LOOP('',(#3036));
#6812=EDGE_LOOP('',(#3037));
#6813=EDGE_LOOP('',(#3038,#3039,#3040,#3041));
#6814=EDGE_LOOP('',(#3042,#3043,#3044,#3045));
#6815=EDGE_LOOP('',(#3046));
#6816=EDGE_LOOP('',(#3047));
#6817=EDGE_LOOP('',(#3048));
#6818=EDGE_LOOP('',(#3049));
#6819=EDGE_LOOP('',(#3050,#3051,#3052,#3053));
#6820=EDGE_LOOP('',(#3054));
#6821=EDGE_LOOP('',(#3055));
#6822=EDGE_LOOP('',(#3056));
#6823=EDGE_LOOP('',(#3057));
#6824=EDGE_LOOP('',(#3058));
#6825=EDGE_LOOP('',(#3059));
#6826=EDGE_LOOP('',(#3060));
#6827=EDGE_LOOP('',(#3061));
#6828=EDGE_LOOP('',(#3062));
#6829=EDGE_LOOP('',(#3063));
#6830=EDGE_LOOP('',(#3064));
#6831=EDGE_LOOP('',(#3065,#3066,#3067,#3068));
#6832=EDGE_LOOP('',(#3069,#3070,#3071,#3072));
#6833=EDGE_LOOP('',(#3073,#3074,#3075,#3076));
#6834=EDGE_LOOP('',(#3077,#3078,#3079,#3080));
#6835=EDGE_LOOP('',(#3081,#3082,#3083,#3084));
#6836=EDGE_LOOP('',(#3085,#3086,#3087,#3088));
#6837=EDGE_LOOP('',(#3089,#3090,#3091,#3092));
#6838=EDGE_LOOP('',(#3093,#3094,#3095,#3096));
#6839=EDGE_LOOP('',(#3097,#3098,#3099,#3100));
#6840=EDGE_LOOP('',(#3101,#3102,#3103,#3104));
#6841=EDGE_LOOP('',(#3105,#3106,#3107,#3108));
#6842=EDGE_LOOP('',(#3109));
#6843=EDGE_LOOP('',(#3110));
#6844=EDGE_LOOP('',(#3111));
#6845=EDGE_LOOP('',(#3112));
#6846=EDGE_LOOP('',(#3113));
#6847=EDGE_LOOP('',(#3114));
#6848=EDGE_LOOP('',(#3115));
#6849=EDGE_LOOP('',(#3116));
#6850=EDGE_LOOP('',(#3117));
#6851=EDGE_LOOP('',(#3118));
#6852=EDGE_LOOP('',(#3119));
#6853=EDGE_LOOP('',(#3120));
#6854=EDGE_LOOP('',(#3121));
#6855=EDGE_LOOP('',(#3122,#3123,#3124,#3125));
#6856=EDGE_LOOP('',(#3126,#3127,#3128,#3129));
#6857=EDGE_LOOP('',(#3130,#3131,#3132,#3133));
#6858=EDGE_LOOP('',(#3134,#3135,#3136,#3137));
#6859=EDGE_LOOP('',(#3138,#3139,#3140,#3141));
#6860=EDGE_LOOP('',(#3142,#3143,#3144,#3145));
#6861=EDGE_LOOP('',(#3146,#3147,#3148,#3149));
#6862=EDGE_LOOP('',(#3150,#3151,#3152,#3153));
#6863=EDGE_LOOP('',(#3154,#3155,#3156,#3157));
#6864=EDGE_LOOP('',(#3158,#3159,#3160,#3161));
#6865=EDGE_LOOP('',(#3162,#3163,#3164,#3165));
#6866=EDGE_LOOP('',(#3166,#3167,#3168,#3169));
#6867=EDGE_LOOP('',(#3170,#3171,#3172,#3173));
#6868=EDGE_LOOP('',(#3174,#3175,#3176,#3177));
#6869=EDGE_LOOP('',(#3178,#3179,#3180,#3181));
#6870=EDGE_LOOP('',(#3182,#3183,#3184,#3185));
#6871=EDGE_LOOP('',(#3186,#3187,#3188,#3189));
#6872=EDGE_LOOP('',(#3190,#3191,#3192,#3193));
#6873=EDGE_LOOP('',(#3194,#3195,#3196,#3197));
#6874=EDGE_LOOP('',(#3198,#3199,#3200,#3201));
#6875=EDGE_LOOP('',(#3202,#3203,#3204,#3205));
#6876=EDGE_LOOP('',(#3206,#3207,#3208,#3209));
#6877=EDGE_LOOP('',(#3210,#3211,#3212,#3213));
#6878=EDGE_LOOP('',(#3214,#3215,#3216,#3217));
#6879=EDGE_LOOP('',(#3218,#3219,#3220,#3221));
#6880=EDGE_LOOP('',(#3222,#3223,#3224,#3225));
#6881=EDGE_LOOP('',(#3226,#3227,#3228,#3229));
#6882=EDGE_LOOP('',(#3230,#3231,#3232,#3233));
#6883=EDGE_LOOP('',(#3234,#3235,#3236,#3237));
#6884=EDGE_LOOP('',(#3238,#3239,#3240,#3241));
#6885=EDGE_LOOP('',(#3242,#3243,#3244,#3245));
#6886=EDGE_LOOP('',(#3246,#3247,#3248,#3249));
#6887=EDGE_LOOP('',(#3250,#3251,#3252,#3253));
#6888=EDGE_LOOP('',(#3254,#3255,#3256,#3257));
#6889=EDGE_LOOP('',(#3258,#3259,#3260,#3261));
#6890=EDGE_LOOP('',(#3262,#3263,#3264,#3265));
#6891=EDGE_LOOP('',(#3266,#3267,#3268,#3269));
#6892=EDGE_LOOP('',(#3270,#3271,#3272,#3273));
#6893=EDGE_LOOP('',(#3274,#3275,#3276,#3277));
#6894=EDGE_LOOP('',(#3278,#3279,#3280,#3281));
#6895=EDGE_LOOP('',(#3282,#3283,#3284,#3285));
#6896=EDGE_LOOP('',(#3286,#3287,#3288,#3289));
#6897=EDGE_LOOP('',(#3290));
#6898=EDGE_LOOP('',(#3291));
#6899=EDGE_LOOP('',(#3292));
#6900=EDGE_LOOP('',(#3293));
#6901=EDGE_LOOP('',(#3294));
#6902=EDGE_LOOP('',(#3295));
#6903=EDGE_LOOP('',(#3296));
#6904=EDGE_LOOP('',(#3297));
#6905=EDGE_LOOP('',(#3298));
#6906=EDGE_LOOP('',(#3299));
#6907=EDGE_LOOP('',(#3300));
#6908=EDGE_LOOP('',(#3301));
#6909=EDGE_LOOP('',(#3302));
#6910=EDGE_LOOP('',(#3303));
#6911=EDGE_LOOP('',(#3304,#3305,#3306,#3307));
#6912=EDGE_LOOP('',(#3308,#3309,#3310,#3311));
#6913=EDGE_LOOP('',(#3312,#3313,#3314,#3315));
#6914=EDGE_LOOP('',(#3316,#3317,#3318,#3319));
#6915=EDGE_LOOP('',(#3320,#3321,#3322,#3323));
#6916=EDGE_LOOP('',(#3324,#3325,#3326,#3327));
#6917=EDGE_LOOP('',(#3328,#3329,#3330,#3331));
#6918=EDGE_LOOP('',(#3332,#3333,#3334,#3335));
#6919=EDGE_LOOP('',(#3336,#3337,#3338,#3339));
#6920=EDGE_LOOP('',(#3340,#3341,#3342,#3343));
#6921=EDGE_LOOP('',(#3344,#3345,#3346,#3347));
#6922=EDGE_LOOP('',(#3348));
#6923=EDGE_LOOP('',(#3349));
#6924=EDGE_LOOP('',(#3350));
#6925=EDGE_LOOP('',(#3351));
#6926=EDGE_LOOP('',(#3352));
#6927=EDGE_LOOP('',(#3353));
#6928=EDGE_LOOP('',(#3354));
#6929=EDGE_LOOP('',(#3355));
#6930=EDGE_LOOP('',(#3356));
#6931=EDGE_LOOP('',(#3357));
#6932=EDGE_LOOP('',(#3358));
#6933=EDGE_LOOP('',(#3359));
#6934=EDGE_LOOP('',(#3360,#3361,#3362,#3363));
#6935=EDGE_LOOP('',(#3364,#3365,#3366,#3367));
#6936=EDGE_LOOP('',(#3368,#3369,#3370,#3371));
#6937=EDGE_LOOP('',(#3372,#3373,#3374,#3375));
#6938=EDGE_LOOP('',(#3376,#3377,#3378,#3379));
#6939=EDGE_LOOP('',(#3380,#3381,#3382,#3383));
#6940=EDGE_LOOP('',(#3384,#3385,#3386,#3387));
#6941=EDGE_LOOP('',(#3388,#3389,#3390,#3391));
#6942=EDGE_LOOP('',(#3392,#3393,#3394,#3395));
#6943=EDGE_LOOP('',(#3396,#3397,#3398,#3399));
#6944=EDGE_LOOP('',(#3400,#3401,#3402,#3403));
#6945=EDGE_LOOP('',(#3404,#3405,#3406,#3407));
#6946=EDGE_LOOP('',(#3408,#3409,#3410,#3411));
#6947=EDGE_LOOP('',(#3412,#3413,#3414,#3415));
#6948=EDGE_LOOP('',(#3416,#3417,#3418,#3419));
#6949=EDGE_LOOP('',(#3420,#3421,#3422,#3423));
#6950=EDGE_LOOP('',(#3424,#3425,#3426,#3427));
#6951=EDGE_LOOP('',(#3428,#3429,#3430,#3431));
#6952=EDGE_LOOP('',(#3432,#3433,#3434,#3435));
#6953=EDGE_LOOP('',(#3436,#3437,#3438,#3439));
#6954=EDGE_LOOP('',(#3440,#3441,#3442,#3443));
#6955=EDGE_LOOP('',(#3444,#3445,#3446,#3447));
#6956=EDGE_LOOP('',(#3448,#3449,#3450,#3451));
#6957=EDGE_LOOP('',(#3452,#3453,#3454,#3455));
#6958=EDGE_LOOP('',(#3456,#3457,#3458,#3459));
#6959=EDGE_LOOP('',(#3460,#3461,#3462,#3463));
#6960=EDGE_LOOP('',(#3464,#3465,#3466,#3467));
#6961=EDGE_LOOP('',(#3468,#3469,#3470,#3471));
#6962=EDGE_LOOP('',(#3472,#3473,#3474,#3475));
#6963=EDGE_LOOP('',(#3476,#3477,#3478,#3479));
#6964=EDGE_LOOP('',(#3480,#3481,#3482,#3483));
#6965=EDGE_LOOP('',(#3484,#3485,#3486,#3487));
#6966=EDGE_LOOP('',(#3488,#3489,#3490,#3491));
#6967=EDGE_LOOP('',(#3492,#3493,#3494,#3495));
#6968=EDGE_LOOP('',(#3496,#3497,#3498,#3499));
#6969=EDGE_LOOP('',(#3500,#3501,#3502,#3503));
#6970=EDGE_LOOP('',(#3504,#3505,#3506,#3507));
#6971=EDGE_LOOP('',(#3508,#3509,#3510,#3511));
#6972=EDGE_LOOP('',(#3512,#3513,#3514,#3515));
#6973=EDGE_LOOP('',(#3516,#3517,#3518,#3519));
#6974=EDGE_LOOP('',(#3520));
#6975=EDGE_LOOP('',(#3521));
#6976=EDGE_LOOP('',(#3522,#3523,#3524,#3525));
#6977=EDGE_LOOP('',(#3526,#3527,#3528,#3529));
#6978=EDGE_LOOP('',(#3530,#3531,#3532,#3533));
#6979=EDGE_LOOP('',(#3534));
#6980=EDGE_LOOP('',(#3535));
#6981=EDGE_LOOP('',(#3536));
#6982=EDGE_LOOP('',(#3537));
#6983=EDGE_LOOP('',(#3538));
#6984=EDGE_LOOP('',(#3539));
#6985=EDGE_LOOP('',(#3540));
#6986=EDGE_LOOP('',(#3541));
#6987=EDGE_LOOP('',(#3542));
#6988=EDGE_LOOP('',(#3543));
#6989=EDGE_LOOP('',(#3544));
#6990=EDGE_LOOP('',(#3545));
#6991=EDGE_LOOP('',(#3546));
#6992=EDGE_LOOP('',(#3547));
#6993=EDGE_LOOP('',(#3548));
#6994=EDGE_LOOP('',(#3549));
#6995=EDGE_LOOP('',(#3550));
#6996=EDGE_LOOP('',(#3551));
#6997=EDGE_LOOP('',(#3552));
#6998=EDGE_LOOP('',(#3553));
#6999=EDGE_LOOP('',(#3554));
#7000=EDGE_LOOP('',(#3555,#3556));
#7001=EDGE_LOOP('',(#3557,#3558,#3559,#3560));
#7002=EDGE_LOOP('',(#3561,#3562,#3563,#3564));
#7003=EDGE_LOOP('',(#3565,#3566,#3567,#3568));
#7004=EDGE_LOOP('',(#3569,#3570,#3571,#3572));
#7005=EDGE_LOOP('',(#3573,#3574,#3575,#3576));
#7006=EDGE_LOOP('',(#3577));
#7007=EDGE_LOOP('',(#3578,#3579,#3580,#3581,#3582,#3583,#3584,#3585,#3586,
#3587,#3588,#3589,#3590,#3591,#3592,#3593));
#7008=EDGE_LOOP('',(#3594,#3595,#3596,#3597));
#7009=EDGE_LOOP('',(#3598,#3599,#3600,#3601));
#7010=EDGE_LOOP('',(#3602,#3603,#3604,#3605));
#7011=EDGE_LOOP('',(#3606));
#7012=EDGE_LOOP('',(#3607,#3608,#3609,#3610,#3611,#3612,#3613,#3614,#3615,
#3616,#3617,#3618,#3619,#3620,#3621,#3622));
#7013=EDGE_LOOP('',(#3623,#3624,#3625,#3626));
#7014=EDGE_LOOP('',(#3627,#3628,#3629,#3630));
#7015=EDGE_LOOP('',(#3631,#3632,#3633,#3634));
#7016=EDGE_LOOP('',(#3635,#3636,#3637,#3638));
#7017=EDGE_LOOP('',(#3639,#3640,#3641,#3642));
#7018=EDGE_LOOP('',(#3643,#3644,#3645,#3646));
#7019=EDGE_LOOP('',(#3647,#3648,#3649,#3650));
#7020=EDGE_LOOP('',(#3651,#3652,#3653,#3654));
#7021=EDGE_LOOP('',(#3655,#3656,#3657,#3658,#3659,#3660,#3661,#3662,#3663,
#3664,#3665,#3666,#3667,#3668,#3669,#3670));
#7022=EDGE_LOOP('',(#3671));
#7023=EDGE_LOOP('',(#3672,#3673,#3674,#3675));
#7024=EDGE_LOOP('',(#3676,#3677,#3678,#3679));
#7025=EDGE_LOOP('',(#3680,#3681,#3682,#3683));
#7026=EDGE_LOOP('',(#3684,#3685,#3686,#3687));
#7027=EDGE_LOOP('',(#3688,#3689,#3690,#3691));
#7028=EDGE_LOOP('',(#3692,#3693,#3694,#3695));
#7029=EDGE_LOOP('',(#3696,#3697,#3698,#3699));
#7030=EDGE_LOOP('',(#3700,#3701,#3702,#3703));
#7031=EDGE_LOOP('',(#3704,#3705,#3706,#3707));
#7032=EDGE_LOOP('',(#3708,#3709,#3710,#3711));
#7033=EDGE_LOOP('',(#3712,#3713,#3714,#3715));
#7034=EDGE_LOOP('',(#3716,#3717,#3718,#3719));
#7035=EDGE_LOOP('',(#3720,#3721,#3722,#3723));
#7036=EDGE_LOOP('',(#3724,#3725,#3726,#3727));
#7037=EDGE_LOOP('',(#3728,#3729,#3730,#3731));
#7038=EDGE_LOOP('',(#3732,#3733,#3734,#3735));
#7039=EDGE_LOOP('',(#3736,#3737,#3738,#3739));
#7040=EDGE_LOOP('',(#3740,#3741,#3742,#3743));
#7041=EDGE_LOOP('',(#3744,#3745,#3746,#3747));
#7042=EDGE_LOOP('',(#3748,#3749,#3750,#3751));
#7043=EDGE_LOOP('',(#3752,#3753,#3754,#3755));
#7044=EDGE_LOOP('',(#3756,#3757,#3758,#3759));
#7045=EDGE_LOOP('',(#3760,#3761,#3762,#3763));
#7046=EDGE_LOOP('',(#3764,#3765,#3766,#3767));
#7047=EDGE_LOOP('',(#3768,#3769,#3770,#3771,#3772,#3773,#3774,#3775,#3776,
#3777,#3778,#3779,#3780,#3781,#3782,#3783));
#7048=EDGE_LOOP('',(#3784));
#7049=EDGE_LOOP('',(#3785,#3786,#3787,#3788));
#7050=EDGE_LOOP('',(#3789,#3790,#3791,#3792));
#7051=EDGE_LOOP('',(#3793,#3794,#3795,#3796));
#7052=EDGE_LOOP('',(#3797,#3798,#3799,#3800));
#7053=EDGE_LOOP('',(#3801,#3802,#3803,#3804));
#7054=EDGE_LOOP('',(#3805,#3806,#3807,#3808));
#7055=EDGE_LOOP('',(#3809,#3810,#3811,#3812));
#7056=EDGE_LOOP('',(#3813,#3814,#3815,#3816));
#7057=EDGE_LOOP('',(#3817,#3818,#3819,#3820));
#7058=EDGE_LOOP('',(#3821,#3822,#3823,#3824));
#7059=EDGE_LOOP('',(#3825,#3826,#3827,#3828));
#7060=EDGE_LOOP('',(#3829,#3830,#3831,#3832));
#7061=EDGE_LOOP('',(#3833,#3834,#3835,#3836));
#7062=EDGE_LOOP('',(#3837,#3838,#3839,#3840));
#7063=EDGE_LOOP('',(#3841,#3842,#3843,#3844));
#7064=EDGE_LOOP('',(#3845,#3846,#3847,#3848));
#7065=EDGE_LOOP('',(#3849,#3850,#3851,#3852));
#7066=EDGE_LOOP('',(#3853,#3854,#3855,#3856));
#7067=EDGE_LOOP('',(#3857,#3858,#3859,#3860));
#7068=EDGE_LOOP('',(#3861,#3862,#3863,#3864));
#7069=EDGE_LOOP('',(#3865,#3866,#3867,#3868));
#7070=EDGE_LOOP('',(#3869,#3870,#3871,#3872));
#7071=EDGE_LOOP('',(#3873,#3874,#3875,#3876));
#7072=EDGE_LOOP('',(#3877,#3878,#3879,#3880));
#7073=EDGE_LOOP('',(#3881,#3882,#3883,#3884));
#7074=EDGE_LOOP('',(#3885,#3886,#3887,#3888));
#7075=EDGE_LOOP('',(#3889,#3890,#3891,#3892));
#7076=EDGE_LOOP('',(#3893,#3894,#3895,#3896));
#7077=EDGE_LOOP('',(#3897,#3898,#3899,#3900));
#7078=EDGE_LOOP('',(#3901,#3902,#3903,#3904));
#7079=EDGE_LOOP('',(#3905,#3906,#3907,#3908));
#7080=EDGE_LOOP('',(#3909,#3910,#3911,#3912));
#7081=EDGE_LOOP('',(#3913,#3914,#3915,#3916));
#7082=EDGE_LOOP('',(#3917,#3918,#3919,#3920));
#7083=EDGE_LOOP('',(#3921,#3922,#3923,#3924));
#7084=EDGE_LOOP('',(#3925,#3926,#3927,#3928));
#7085=EDGE_LOOP('',(#3929,#3930,#3931,#3932));
#7086=EDGE_LOOP('',(#3933,#3934,#3935,#3936));
#7087=EDGE_LOOP('',(#3937,#3938,#3939,#3940));
#7088=EDGE_LOOP('',(#3941,#3942,#3943,#3944));
#7089=EDGE_LOOP('',(#3945,#3946,#3947,#3948));
#7090=EDGE_LOOP('',(#3949,#3950,#3951,#3952));
#7091=EDGE_LOOP('',(#3953,#3954,#3955,#3956));
#7092=EDGE_LOOP('',(#3957,#3958,#3959,#3960));
#7093=EDGE_LOOP('',(#3961,#3962,#3963,#3964));
#7094=EDGE_LOOP('',(#3965,#3966,#3967,#3968));
#7095=EDGE_LOOP('',(#3969,#3970,#3971,#3972));
#7096=EDGE_LOOP('',(#3973,#3974,#3975,#3976));
#7097=EDGE_LOOP('',(#3977,#3978,#3979,#3980));
#7098=EDGE_LOOP('',(#3981,#3982,#3983,#3984));
#7099=EDGE_LOOP('',(#3985,#3986,#3987,#3988));
#7100=EDGE_LOOP('',(#3989,#3990,#3991,#3992));
#7101=EDGE_LOOP('',(#3993,#3994,#3995,#3996));
#7102=EDGE_LOOP('',(#3997,#3998,#3999,#4000));
#7103=EDGE_LOOP('',(#4001,#4002,#4003,#4004));
#7104=EDGE_LOOP('',(#4005,#4006,#4007,#4008));
#7105=EDGE_LOOP('',(#4009,#4010,#4011,#4012));
#7106=EDGE_LOOP('',(#4013,#4014,#4015,#4016));
#7107=EDGE_LOOP('',(#4017,#4018,#4019,#4020));
#7108=EDGE_LOOP('',(#4021,#4022,#4023,#4024));
#7109=EDGE_LOOP('',(#4025,#4026,#4027,#4028));
#7110=EDGE_LOOP('',(#4029,#4030,#4031,#4032));
#7111=EDGE_LOOP('',(#4033,#4034,#4035,#4036));
#7112=FACE_BOUND('',#6450,.T.);
#7113=FACE_BOUND('',#6451,.T.);
#7114=FACE_BOUND('',#6452,.T.);
#7115=FACE_BOUND('',#6453,.T.);
#7116=FACE_BOUND('',#6454,.T.);
#7117=FACE_BOUND('',#6455,.T.);
#7118=FACE_BOUND('',#6456,.T.);
#7119=FACE_BOUND('',#6457,.T.);
#7120=FACE_BOUND('',#6458,.T.);
#7121=FACE_BOUND('',#6459,.T.);
#7122=FACE_BOUND('',#6460,.T.);
#7123=FACE_BOUND('',#6461,.T.);
#7124=FACE_BOUND('',#6462,.T.);
#7125=FACE_BOUND('',#6463,.T.);
#7126=FACE_BOUND('',#6464,.T.);
#7127=FACE_BOUND('',#6465,.T.);
#7128=FACE_BOUND('',#6466,.T.);
#7129=FACE_BOUND('',#6467,.T.);
#7130=FACE_BOUND('',#6468,.T.);
#7131=FACE_BOUND('',#6469,.T.);
#7132=FACE_BOUND('',#6470,.T.);
#7133=FACE_BOUND('',#6471,.T.);
#7134=FACE_BOUND('',#6472,.T.);
#7135=FACE_BOUND('',#6473,.T.);
#7136=FACE_BOUND('',#6474,.T.);
#7137=FACE_BOUND('',#6475,.T.);
#7138=FACE_BOUND('',#6476,.T.);
#7139=FACE_BOUND('',#6477,.T.);
#7140=FACE_BOUND('',#6478,.T.);
#7141=FACE_BOUND('',#6479,.T.);
#7142=FACE_BOUND('',#6480,.T.);
#7143=FACE_BOUND('',#6481,.T.);
#7144=FACE_BOUND('',#6482,.T.);
#7145=FACE_BOUND('',#6483,.T.);
#7146=FACE_BOUND('',#6484,.T.);
#7147=FACE_BOUND('',#6485,.T.);
#7148=FACE_BOUND('',#6486,.T.);
#7149=FACE_BOUND('',#6487,.T.);
#7150=FACE_BOUND('',#6488,.T.);
#7151=FACE_BOUND('',#6489,.T.);
#7152=FACE_BOUND('',#6490,.T.);
#7153=FACE_BOUND('',#6491,.T.);
#7154=FACE_BOUND('',#6492,.T.);
#7155=FACE_BOUND('',#6493,.T.);
#7156=FACE_BOUND('',#6494,.T.);
#7157=FACE_BOUND('',#6495,.T.);
#7158=FACE_BOUND('',#6496,.T.);
#7159=FACE_BOUND('',#6497,.T.);
#7160=FACE_BOUND('',#6498,.T.);
#7161=FACE_BOUND('',#6499,.T.);
#7162=FACE_BOUND('',#6500,.T.);
#7163=FACE_BOUND('',#6501,.T.);
#7164=FACE_BOUND('',#6502,.T.);
#7165=FACE_BOUND('',#6503,.T.);
#7166=FACE_BOUND('',#6504,.T.);
#7167=FACE_BOUND('',#6505,.T.);
#7168=FACE_BOUND('',#6506,.T.);
#7169=FACE_BOUND('',#6507,.T.);
#7170=FACE_BOUND('',#6508,.T.);
#7171=FACE_BOUND('',#6509,.T.);
#7172=FACE_BOUND('',#6510,.T.);
#7173=FACE_BOUND('',#6511,.T.);
#7174=FACE_BOUND('',#6512,.T.);
#7175=FACE_BOUND('',#6513,.T.);
#7176=FACE_BOUND('',#18,.T.);
#7177=FACE_BOUND('',#6514,.T.);
#7178=FACE_BOUND('',#6515,.T.);
#7179=FACE_BOUND('',#6516,.T.);
#7180=FACE_BOUND('',#6517,.T.);
#7181=FACE_BOUND('',#6518,.T.);
#7182=FACE_BOUND('',#6519,.T.);
#7183=FACE_BOUND('',#6520,.T.);
#7184=FACE_BOUND('',#6521,.T.);
#7185=FACE_BOUND('',#6522,.T.);
#7186=FACE_BOUND('',#6523,.T.);
#7187=FACE_BOUND('',#6524,.T.);
#7188=FACE_BOUND('',#6525,.T.);
#7189=FACE_BOUND('',#6526,.T.);
#7190=FACE_BOUND('',#6527,.T.);
#7191=FACE_BOUND('',#19,.T.);
#7192=FACE_BOUND('',#6528,.T.);
#7193=FACE_BOUND('',#6529,.T.);
#7194=FACE_BOUND('',#6530,.T.);
#7195=FACE_BOUND('',#6531,.T.);
#7196=FACE_BOUND('',#6532,.T.);
#7197=FACE_BOUND('',#6533,.T.);
#7198=FACE_BOUND('',#6534,.T.);
#7199=FACE_BOUND('',#6535,.T.);
#7200=FACE_BOUND('',#6536,.T.);
#7201=FACE_BOUND('',#6537,.T.);
#7202=FACE_BOUND('',#6538,.T.);
#7203=FACE_BOUND('',#6539,.T.);
#7204=FACE_BOUND('',#6540,.T.);
#7205=FACE_BOUND('',#6541,.T.);
#7206=FACE_BOUND('',#6542,.T.);
#7207=FACE_BOUND('',#6543,.T.);
#7208=FACE_BOUND('',#6544,.T.);
#7209=FACE_BOUND('',#6545,.T.);
#7210=FACE_BOUND('',#6546,.T.);
#7211=FACE_BOUND('',#6547,.T.);
#7212=FACE_BOUND('',#6548,.T.);
#7213=FACE_BOUND('',#6549,.T.);
#7214=FACE_BOUND('',#6550,.T.);
#7215=FACE_BOUND('',#6551,.T.);
#7216=FACE_BOUND('',#6552,.T.);
#7217=FACE_BOUND('',#6553,.T.);
#7218=FACE_BOUND('',#6554,.T.);
#7219=FACE_BOUND('',#6555,.T.);
#7220=FACE_BOUND('',#6556,.T.);
#7221=FACE_BOUND('',#6557,.T.);
#7222=FACE_BOUND('',#6558,.T.);
#7223=FACE_BOUND('',#6559,.T.);
#7224=FACE_BOUND('',#6560,.T.);
#7225=FACE_BOUND('',#6561,.T.);
#7226=FACE_BOUND('',#6562,.T.);
#7227=FACE_BOUND('',#6563,.T.);
#7228=FACE_BOUND('',#6564,.T.);
#7229=FACE_BOUND('',#6565,.T.);
#7230=FACE_BOUND('',#6566,.T.);
#7231=FACE_BOUND('',#6567,.T.);
#7232=FACE_BOUND('',#6568,.T.);
#7233=FACE_BOUND('',#6569,.T.);
#7234=FACE_BOUND('',#6570,.T.);
#7235=FACE_BOUND('',#6571,.T.);
#7236=FACE_BOUND('',#6572,.T.);
#7237=FACE_BOUND('',#6573,.T.);
#7238=FACE_BOUND('',#6574,.T.);
#7239=FACE_BOUND('',#6575,.T.);
#7240=FACE_BOUND('',#6576,.T.);
#7241=FACE_BOUND('',#6577,.T.);
#7242=FACE_BOUND('',#6578,.T.);
#7243=FACE_BOUND('',#6579,.T.);
#7244=FACE_BOUND('',#6580,.T.);
#7245=FACE_BOUND('',#6581,.T.);
#7246=FACE_BOUND('',#6582,.T.);
#7247=FACE_BOUND('',#6583,.T.);
#7248=FACE_BOUND('',#6584,.T.);
#7249=FACE_BOUND('',#6585,.T.);
#7250=FACE_BOUND('',#6586,.T.);
#7251=FACE_BOUND('',#6587,.T.);
#7252=FACE_BOUND('',#6588,.T.);
#7253=FACE_BOUND('',#6589,.T.);
#7254=FACE_BOUND('',#6590,.T.);
#7255=FACE_BOUND('',#6591,.T.);
#7256=FACE_BOUND('',#6592,.T.);
#7257=FACE_BOUND('',#6593,.T.);
#7258=FACE_BOUND('',#6594,.T.);
#7259=FACE_BOUND('',#6595,.T.);
#7260=FACE_BOUND('',#6596,.T.);
#7261=FACE_BOUND('',#6597,.T.);
#7262=FACE_BOUND('',#6598,.T.);
#7263=FACE_BOUND('',#6599,.T.);
#7264=FACE_BOUND('',#6600,.T.);
#7265=FACE_BOUND('',#6601,.T.);
#7266=FACE_BOUND('',#6602,.T.);
#7267=FACE_BOUND('',#6603,.T.);
#7268=FACE_BOUND('',#6604,.T.);
#7269=FACE_BOUND('',#6605,.T.);
#7270=FACE_BOUND('',#6606,.T.);
#7271=FACE_BOUND('',#6607,.T.);
#7272=FACE_BOUND('',#6608,.T.);
#7273=FACE_BOUND('',#6609,.T.);
#7274=FACE_BOUND('',#6610,.T.);
#7275=FACE_BOUND('',#6611,.T.);
#7276=FACE_BOUND('',#6612,.T.);
#7277=FACE_BOUND('',#6613,.T.);
#7278=FACE_BOUND('',#6614,.T.);
#7279=FACE_BOUND('',#6615,.T.);
#7280=FACE_BOUND('',#6616,.T.);
#7281=FACE_BOUND('',#6617,.T.);
#7282=FACE_BOUND('',#6618,.T.);
#7283=FACE_BOUND('',#6619,.T.);
#7284=FACE_BOUND('',#6620,.T.);
#7285=FACE_BOUND('',#6621,.T.);
#7286=FACE_BOUND('',#6622,.T.);
#7287=FACE_BOUND('',#6623,.T.);
#7288=FACE_BOUND('',#6624,.T.);
#7289=FACE_BOUND('',#6625,.T.);
#7290=FACE_BOUND('',#6626,.T.);
#7291=FACE_BOUND('',#6627,.T.);
#7292=FACE_BOUND('',#6628,.T.);
#7293=FACE_BOUND('',#6629,.T.);
#7294=FACE_BOUND('',#6630,.T.);
#7295=FACE_BOUND('',#6631,.T.);
#7296=FACE_BOUND('',#6632,.T.);
#7297=FACE_BOUND('',#6633,.T.);
#7298=FACE_BOUND('',#6634,.T.);
#7299=FACE_BOUND('',#6635,.T.);
#7300=FACE_BOUND('',#6636,.T.);
#7301=FACE_BOUND('',#6637,.T.);
#7302=FACE_BOUND('',#6638,.T.);
#7303=FACE_BOUND('',#6639,.T.);
#7304=FACE_BOUND('',#6640,.T.);
#7305=FACE_BOUND('',#6641,.T.);
#7306=FACE_BOUND('',#6642,.T.);
#7307=FACE_BOUND('',#6643,.T.);
#7308=FACE_BOUND('',#6644,.T.);
#7309=FACE_BOUND('',#6645,.T.);
#7310=FACE_BOUND('',#6646,.T.);
#7311=FACE_BOUND('',#6647,.T.);
#7312=FACE_BOUND('',#6648,.T.);
#7313=FACE_BOUND('',#6649,.T.);
#7314=FACE_BOUND('',#6650,.T.);
#7315=FACE_BOUND('',#6651,.T.);
#7316=FACE_BOUND('',#6652,.T.);
#7317=FACE_BOUND('',#6653,.T.);
#7318=FACE_BOUND('',#6654,.T.);
#7319=FACE_BOUND('',#6655,.T.);
#7320=FACE_BOUND('',#6656,.T.);
#7321=FACE_BOUND('',#6657,.T.);
#7322=FACE_BOUND('',#6658,.T.);
#7323=FACE_BOUND('',#6659,.T.);
#7324=FACE_BOUND('',#6660,.T.);
#7325=FACE_BOUND('',#6661,.T.);
#7326=FACE_BOUND('',#6662,.T.);
#7327=FACE_BOUND('',#6663,.T.);
#7328=FACE_BOUND('',#6664,.T.);
#7329=FACE_BOUND('',#6665,.T.);
#7330=FACE_BOUND('',#6666,.T.);
#7331=FACE_BOUND('',#6667,.T.);
#7332=FACE_BOUND('',#6668,.T.);
#7333=FACE_BOUND('',#6669,.T.);
#7334=FACE_BOUND('',#6670,.T.);
#7335=FACE_BOUND('',#6671,.T.);
#7336=FACE_BOUND('',#6672,.T.);
#7337=FACE_BOUND('',#6673,.T.);
#7338=FACE_BOUND('',#6674,.T.);
#7339=FACE_BOUND('',#6675,.T.);
#7340=FACE_BOUND('',#6676,.T.);
#7341=FACE_BOUND('',#6677,.T.);
#7342=FACE_BOUND('',#6678,.T.);
#7343=FACE_BOUND('',#6679,.T.);
#7344=FACE_BOUND('',#6680,.T.);
#7345=FACE_BOUND('',#6681,.T.);
#7346=FACE_BOUND('',#6682,.T.);
#7347=FACE_BOUND('',#6683,.T.);
#7348=FACE_BOUND('',#6684,.T.);
#7349=FACE_BOUND('',#6685,.T.);
#7350=FACE_BOUND('',#6686,.T.);
#7351=FACE_BOUND('',#6687,.T.);
#7352=FACE_BOUND('',#6688,.T.);
#7353=FACE_BOUND('',#6689,.T.);
#7354=FACE_BOUND('',#6690,.T.);
#7355=FACE_BOUND('',#6691,.T.);
#7356=FACE_BOUND('',#6692,.T.);
#7357=FACE_BOUND('',#6693,.T.);
#7358=FACE_BOUND('',#6694,.T.);
#7359=FACE_BOUND('',#6695,.T.);
#7360=FACE_BOUND('',#6696,.T.);
#7361=FACE_BOUND('',#6697,.T.);
#7362=FACE_BOUND('',#6698,.T.);
#7363=FACE_BOUND('',#6699,.T.);
#7364=FACE_BOUND('',#6700,.T.);
#7365=FACE_BOUND('',#6701,.T.);
#7366=FACE_BOUND('',#6702,.T.);
#7367=FACE_BOUND('',#6703,.T.);
#7368=FACE_BOUND('',#6704,.T.);
#7369=FACE_BOUND('',#6705,.T.);
#7370=FACE_BOUND('',#6706,.T.);
#7371=FACE_BOUND('',#6707,.T.);
#7372=FACE_BOUND('',#6708,.T.);
#7373=FACE_BOUND('',#6709,.T.);
#7374=FACE_BOUND('',#6710,.T.);
#7375=FACE_BOUND('',#6711,.T.);
#7376=FACE_BOUND('',#6712,.T.);
#7377=FACE_BOUND('',#6713,.T.);
#7378=FACE_BOUND('',#6714,.T.);
#7379=FACE_BOUND('',#6715,.T.);
#7380=FACE_BOUND('',#6716,.T.);
#7381=FACE_BOUND('',#6717,.T.);
#7382=FACE_BOUND('',#6718,.T.);
#7383=FACE_BOUND('',#6719,.T.);
#7384=FACE_BOUND('',#6720,.T.);
#7385=FACE_BOUND('',#6721,.T.);
#7386=FACE_BOUND('',#6722,.T.);
#7387=FACE_BOUND('',#6723,.T.);
#7388=FACE_BOUND('',#6724,.T.);
#7389=FACE_BOUND('',#6725,.T.);
#7390=FACE_BOUND('',#6726,.T.);
#7391=FACE_BOUND('',#6727,.T.);
#7392=FACE_BOUND('',#6728,.T.);
#7393=FACE_BOUND('',#6729,.T.);
#7394=FACE_BOUND('',#6730,.T.);
#7395=FACE_BOUND('',#6731,.T.);
#7396=FACE_BOUND('',#6732,.T.);
#7397=FACE_BOUND('',#6733,.T.);
#7398=FACE_BOUND('',#6734,.T.);
#7399=FACE_BOUND('',#6735,.T.);
#7400=FACE_BOUND('',#6736,.T.);
#7401=FACE_BOUND('',#6737,.T.);
#7402=FACE_BOUND('',#6738,.T.);
#7403=FACE_BOUND('',#6739,.T.);
#7404=FACE_BOUND('',#6740,.T.);
#7405=FACE_BOUND('',#6741,.T.);
#7406=FACE_BOUND('',#6742,.T.);
#7407=FACE_BOUND('',#6743,.T.);
#7408=FACE_BOUND('',#6744,.T.);
#7409=FACE_BOUND('',#6745,.T.);
#7410=FACE_BOUND('',#6746,.T.);
#7411=FACE_BOUND('',#6747,.T.);
#7412=FACE_BOUND('',#6748,.T.);
#7413=FACE_BOUND('',#6749,.T.);
#7414=FACE_BOUND('',#6750,.T.);
#7415=FACE_BOUND('',#6751,.T.);
#7416=FACE_BOUND('',#6752,.T.);
#7417=FACE_BOUND('',#6753,.T.);
#7418=FACE_BOUND('',#6754,.T.);
#7419=FACE_BOUND('',#6755,.T.);
#7420=FACE_BOUND('',#6756,.T.);
#7421=FACE_BOUND('',#6757,.T.);
#7422=FACE_BOUND('',#6758,.T.);
#7423=FACE_BOUND('',#6759,.T.);
#7424=FACE_BOUND('',#6760,.T.);
#7425=FACE_BOUND('',#6761,.T.);
#7426=FACE_BOUND('',#6762,.T.);
#7427=FACE_BOUND('',#6763,.T.);
#7428=FACE_BOUND('',#6764,.T.);
#7429=FACE_BOUND('',#6765,.T.);
#7430=FACE_BOUND('',#6766,.T.);
#7431=FACE_BOUND('',#6767,.T.);
#7432=FACE_BOUND('',#6768,.T.);
#7433=FACE_BOUND('',#6769,.T.);
#7434=FACE_BOUND('',#6770,.T.);
#7435=FACE_BOUND('',#6771,.T.);
#7436=FACE_BOUND('',#6772,.T.);
#7437=FACE_BOUND('',#6773,.T.);
#7438=FACE_BOUND('',#6774,.T.);
#7439=FACE_BOUND('',#6775,.T.);
#7440=FACE_BOUND('',#6776,.T.);
#7441=FACE_BOUND('',#6777,.T.);
#7442=FACE_BOUND('',#6778,.T.);
#7443=FACE_BOUND('',#6779,.T.);
#7444=FACE_BOUND('',#6780,.T.);
#7445=FACE_BOUND('',#6781,.T.);
#7446=FACE_BOUND('',#6782,.T.);
#7447=FACE_BOUND('',#6783,.T.);
#7448=FACE_BOUND('',#6784,.T.);
#7449=FACE_BOUND('',#6785,.T.);
#7450=FACE_BOUND('',#6786,.T.);
#7451=FACE_BOUND('',#6787,.T.);
#7452=FACE_BOUND('',#6788,.T.);
#7453=FACE_BOUND('',#6789,.T.);
#7454=FACE_BOUND('',#6790,.T.);
#7455=FACE_BOUND('',#6791,.T.);
#7456=FACE_BOUND('',#6792,.T.);
#7457=FACE_BOUND('',#6793,.T.);
#7458=FACE_BOUND('',#6794,.T.);
#7459=FACE_BOUND('',#6795,.T.);
#7460=FACE_BOUND('',#6796,.T.);
#7461=FACE_BOUND('',#6797,.T.);
#7462=FACE_BOUND('',#6798,.T.);
#7463=FACE_BOUND('',#6799,.T.);
#7464=FACE_BOUND('',#6800,.T.);
#7465=FACE_BOUND('',#6801,.T.);
#7466=FACE_BOUND('',#6802,.T.);
#7467=FACE_BOUND('',#6803,.T.);
#7468=FACE_BOUND('',#6804,.T.);
#7469=FACE_BOUND('',#6805,.T.);
#7470=FACE_BOUND('',#6806,.T.);
#7471=FACE_BOUND('',#6807,.T.);
#7472=FACE_BOUND('',#6808,.T.);
#7473=FACE_BOUND('',#6809,.T.);
#7474=FACE_BOUND('',#6810,.T.);
#7475=FACE_BOUND('',#6811,.T.);
#7476=FACE_BOUND('',#6812,.T.);
#7477=FACE_BOUND('',#6813,.T.);
#7478=FACE_BOUND('',#6814,.T.);
#7479=FACE_BOUND('',#6815,.T.);
#7480=FACE_BOUND('',#6816,.T.);
#7481=FACE_BOUND('',#6817,.T.);
#7482=FACE_BOUND('',#6818,.T.);
#7483=FACE_BOUND('',#6819,.T.);
#7484=FACE_BOUND('',#6820,.T.);
#7485=FACE_BOUND('',#6821,.T.);
#7486=FACE_BOUND('',#6822,.T.);
#7487=FACE_BOUND('',#6823,.T.);
#7488=FACE_BOUND('',#6824,.T.);
#7489=FACE_BOUND('',#6825,.T.);
#7490=FACE_BOUND('',#6826,.T.);
#7491=FACE_BOUND('',#6827,.T.);
#7492=FACE_BOUND('',#6828,.T.);
#7493=FACE_BOUND('',#6829,.T.);
#7494=FACE_BOUND('',#6830,.T.);
#7495=FACE_BOUND('',#20,.T.);
#7496=FACE_BOUND('',#6831,.T.);
#7497=FACE_BOUND('',#6832,.T.);
#7498=FACE_BOUND('',#6833,.T.);
#7499=FACE_BOUND('',#6834,.T.);
#7500=FACE_BOUND('',#6835,.T.);
#7501=FACE_BOUND('',#6836,.T.);
#7502=FACE_BOUND('',#6837,.T.);
#7503=FACE_BOUND('',#6838,.T.);
#7504=FACE_BOUND('',#6839,.T.);
#7505=FACE_BOUND('',#6840,.T.);
#7506=FACE_BOUND('',#6841,.T.);
#7507=FACE_BOUND('',#6842,.T.);
#7508=FACE_BOUND('',#21,.T.);
#7509=FACE_BOUND('',#6843,.T.);
#7510=FACE_BOUND('',#6844,.T.);
#7511=FACE_BOUND('',#6845,.T.);
#7512=FACE_BOUND('',#6846,.T.);
#7513=FACE_BOUND('',#6847,.T.);
#7514=FACE_BOUND('',#6848,.T.);
#7515=FACE_BOUND('',#6849,.T.);
#7516=FACE_BOUND('',#6850,.T.);
#7517=FACE_BOUND('',#6851,.T.);
#7518=FACE_BOUND('',#6852,.T.);
#7519=FACE_BOUND('',#6853,.T.);
#7520=FACE_BOUND('',#6854,.T.);
#7521=FACE_BOUND('',#6855,.T.);
#7522=FACE_BOUND('',#6856,.T.);
#7523=FACE_BOUND('',#6857,.T.);
#7524=FACE_BOUND('',#6858,.T.);
#7525=FACE_BOUND('',#6859,.T.);
#7526=FACE_BOUND('',#6860,.T.);
#7527=FACE_BOUND('',#6861,.T.);
#7528=FACE_BOUND('',#6862,.T.);
#7529=FACE_BOUND('',#6863,.T.);
#7530=FACE_BOUND('',#6864,.T.);
#7531=FACE_BOUND('',#6865,.T.);
#7532=FACE_BOUND('',#6866,.T.);
#7533=FACE_BOUND('',#6867,.T.);
#7534=FACE_BOUND('',#6868,.T.);
#7535=FACE_BOUND('',#6869,.T.);
#7536=FACE_BOUND('',#6870,.T.);
#7537=FACE_BOUND('',#6871,.T.);
#7538=FACE_BOUND('',#6872,.T.);
#7539=FACE_BOUND('',#6873,.T.);
#7540=FACE_BOUND('',#6874,.T.);
#7541=FACE_BOUND('',#6875,.T.);
#7542=FACE_BOUND('',#6876,.T.);
#7543=FACE_BOUND('',#6877,.T.);
#7544=FACE_BOUND('',#6878,.T.);
#7545=FACE_BOUND('',#6879,.T.);
#7546=FACE_BOUND('',#6880,.T.);
#7547=FACE_BOUND('',#6881,.T.);
#7548=FACE_BOUND('',#6882,.T.);
#7549=FACE_BOUND('',#6883,.T.);
#7550=FACE_BOUND('',#6884,.T.);
#7551=FACE_BOUND('',#6885,.T.);
#7552=FACE_BOUND('',#6886,.T.);
#7553=FACE_BOUND('',#6887,.T.);
#7554=FACE_BOUND('',#6888,.T.);
#7555=FACE_BOUND('',#6889,.T.);
#7556=FACE_BOUND('',#6890,.T.);
#7557=FACE_BOUND('',#6891,.T.);
#7558=FACE_BOUND('',#6892,.T.);
#7559=FACE_BOUND('',#6893,.T.);
#7560=FACE_BOUND('',#6894,.T.);
#7561=FACE_BOUND('',#6895,.T.);
#7562=FACE_BOUND('',#6896,.T.);
#7563=FACE_BOUND('',#6897,.T.);
#7564=FACE_BOUND('',#6898,.T.);
#7565=FACE_BOUND('',#6899,.T.);
#7566=FACE_BOUND('',#6900,.T.);
#7567=FACE_BOUND('',#6901,.T.);
#7568=FACE_BOUND('',#6902,.T.);
#7569=FACE_BOUND('',#6903,.T.);
#7570=FACE_BOUND('',#6904,.T.);
#7571=FACE_BOUND('',#6905,.T.);
#7572=FACE_BOUND('',#6906,.T.);
#7573=FACE_BOUND('',#6907,.T.);
#7574=FACE_BOUND('',#6908,.T.);
#7575=FACE_BOUND('',#6909,.T.);
#7576=FACE_BOUND('',#6910,.T.);
#7577=FACE_BOUND('',#6911,.T.);
#7578=FACE_BOUND('',#6912,.T.);
#7579=FACE_BOUND('',#6913,.T.);
#7580=FACE_BOUND('',#6914,.T.);
#7581=FACE_BOUND('',#6915,.T.);
#7582=FACE_BOUND('',#6916,.T.);
#7583=FACE_BOUND('',#6917,.T.);
#7584=FACE_BOUND('',#6918,.T.);
#7585=FACE_BOUND('',#6919,.T.);
#7586=FACE_BOUND('',#6920,.T.);
#7587=FACE_BOUND('',#6921,.T.);
#7588=FACE_BOUND('',#6922,.T.);
#7589=FACE_BOUND('',#6923,.T.);
#7590=FACE_BOUND('',#6924,.T.);
#7591=FACE_BOUND('',#6925,.T.);
#7592=FACE_BOUND('',#6926,.T.);
#7593=FACE_BOUND('',#6927,.T.);
#7594=FACE_BOUND('',#6928,.T.);
#7595=FACE_BOUND('',#6929,.T.);
#7596=FACE_BOUND('',#6930,.T.);
#7597=FACE_BOUND('',#6931,.T.);
#7598=FACE_BOUND('',#6932,.T.);
#7599=FACE_BOUND('',#6933,.T.);
#7600=FACE_BOUND('',#6934,.T.);
#7601=FACE_BOUND('',#6935,.T.);
#7602=FACE_BOUND('',#6936,.T.);
#7603=FACE_BOUND('',#6937,.T.);
#7604=FACE_BOUND('',#6938,.T.);
#7605=FACE_BOUND('',#6939,.T.);
#7606=FACE_BOUND('',#6940,.T.);
#7607=FACE_BOUND('',#6941,.T.);
#7608=FACE_BOUND('',#6942,.T.);
#7609=FACE_BOUND('',#6943,.T.);
#7610=FACE_BOUND('',#6944,.T.);
#7611=FACE_BOUND('',#6945,.T.);
#7612=FACE_BOUND('',#6946,.T.);
#7613=FACE_BOUND('',#6947,.T.);
#7614=FACE_BOUND('',#6948,.T.);
#7615=FACE_BOUND('',#6949,.T.);
#7616=FACE_BOUND('',#6950,.T.);
#7617=FACE_BOUND('',#6951,.T.);
#7618=FACE_BOUND('',#6952,.T.);
#7619=FACE_BOUND('',#6953,.T.);
#7620=FACE_BOUND('',#6954,.T.);
#7621=FACE_BOUND('',#6955,.T.);
#7622=FACE_BOUND('',#6956,.T.);
#7623=FACE_BOUND('',#6957,.T.);
#7624=FACE_BOUND('',#6958,.T.);
#7625=FACE_BOUND('',#6959,.T.);
#7626=FACE_BOUND('',#6960,.T.);
#7627=FACE_BOUND('',#6961,.T.);
#7628=FACE_BOUND('',#6962,.T.);
#7629=FACE_BOUND('',#6963,.T.);
#7630=FACE_BOUND('',#6964,.T.);
#7631=FACE_BOUND('',#6965,.T.);
#7632=FACE_BOUND('',#6966,.T.);
#7633=FACE_BOUND('',#6967,.T.);
#7634=FACE_BOUND('',#6968,.T.);
#7635=FACE_BOUND('',#6969,.T.);
#7636=FACE_BOUND('',#6970,.T.);
#7637=FACE_BOUND('',#6971,.T.);
#7638=FACE_BOUND('',#6972,.T.);
#7639=FACE_BOUND('',#6973,.T.);
#7640=FACE_BOUND('',#6974,.T.);
#7641=FACE_BOUND('',#6975,.T.);
#7642=FACE_BOUND('',#6976,.T.);
#7643=FACE_BOUND('',#6977,.T.);
#7644=FACE_BOUND('',#6978,.T.);
#7645=FACE_BOUND('',#6979,.T.);
#7646=FACE_BOUND('',#6980,.T.);
#7647=FACE_BOUND('',#6981,.T.);
#7648=FACE_BOUND('',#6982,.T.);
#7649=FACE_BOUND('',#6983,.T.);
#7650=FACE_BOUND('',#6984,.T.);
#7651=FACE_BOUND('',#6985,.T.);
#7652=FACE_BOUND('',#6986,.T.);
#7653=FACE_BOUND('',#6987,.T.);
#7654=FACE_BOUND('',#6988,.T.);
#7655=FACE_BOUND('',#6989,.T.);
#7656=FACE_BOUND('',#6990,.T.);
#7657=FACE_BOUND('',#6991,.T.);
#7658=FACE_BOUND('',#6992,.T.);
#7659=FACE_BOUND('',#6993,.T.);
#7660=FACE_BOUND('',#6994,.T.);
#7661=FACE_BOUND('',#6995,.T.);
#7662=FACE_BOUND('',#6996,.T.);
#7663=FACE_BOUND('',#6997,.T.);
#7664=FACE_BOUND('',#6998,.T.);
#7665=FACE_BOUND('',#6999,.T.);
#7666=FACE_BOUND('',#7000,.T.);
#7667=FACE_BOUND('',#7001,.T.);
#7668=FACE_BOUND('',#7002,.T.);
#7669=FACE_BOUND('',#7003,.T.);
#7670=FACE_BOUND('',#7004,.T.);
#7671=FACE_BOUND('',#7005,.T.);
#7672=FACE_BOUND('',#7006,.T.);
#7673=FACE_BOUND('',#7007,.T.);
#7674=FACE_BOUND('',#7008,.T.);
#7675=FACE_BOUND('',#7009,.T.);
#7676=FACE_BOUND('',#7010,.T.);
#7677=FACE_BOUND('',#7011,.T.);
#7678=FACE_BOUND('',#7012,.T.);
#7679=FACE_BOUND('',#7013,.T.);
#7680=FACE_BOUND('',#7014,.T.);
#7681=FACE_BOUND('',#7015,.T.);
#7682=FACE_BOUND('',#7016,.T.);
#7683=FACE_BOUND('',#7017,.T.);
#7684=FACE_BOUND('',#7018,.T.);
#7685=FACE_BOUND('',#7019,.T.);
#7686=FACE_BOUND('',#7020,.T.);
#7687=FACE_BOUND('',#7021,.T.);
#7688=FACE_BOUND('',#7022,.T.);
#7689=FACE_BOUND('',#7023,.T.);
#7690=FACE_BOUND('',#7024,.T.);
#7691=FACE_BOUND('',#7025,.T.);
#7692=FACE_BOUND('',#7026,.T.);
#7693=FACE_BOUND('',#7027,.T.);
#7694=FACE_BOUND('',#7028,.T.);
#7695=FACE_BOUND('',#7029,.T.);
#7696=FACE_BOUND('',#7030,.T.);
#7697=FACE_BOUND('',#7031,.T.);
#7698=FACE_BOUND('',#7032,.T.);
#7699=FACE_BOUND('',#7033,.T.);
#7700=FACE_BOUND('',#7034,.T.);
#7701=FACE_BOUND('',#7035,.T.);
#7702=FACE_BOUND('',#7036,.T.);
#7703=FACE_BOUND('',#7037,.T.);
#7704=FACE_BOUND('',#7038,.T.);
#7705=FACE_BOUND('',#7039,.T.);
#7706=FACE_BOUND('',#7040,.T.);
#7707=FACE_BOUND('',#7041,.T.);
#7708=FACE_BOUND('',#7042,.T.);
#7709=FACE_BOUND('',#7043,.T.);
#7710=FACE_BOUND('',#7044,.T.);
#7711=FACE_BOUND('',#7045,.T.);
#7712=FACE_BOUND('',#7046,.T.);
#7713=FACE_BOUND('',#7047,.T.);
#7714=FACE_BOUND('',#7048,.T.);
#7715=FACE_BOUND('',#7049,.T.);
#7716=FACE_BOUND('',#7050,.T.);
#7717=FACE_BOUND('',#7051,.T.);
#7718=FACE_BOUND('',#7052,.T.);
#7719=FACE_BOUND('',#7053,.T.);
#7720=FACE_BOUND('',#7054,.T.);
#7721=FACE_BOUND('',#7055,.T.);
#7722=FACE_BOUND('',#7056,.T.);
#7723=FACE_BOUND('',#7057,.T.);
#7724=FACE_BOUND('',#7058,.T.);
#7725=FACE_BOUND('',#7059,.T.);
#7726=FACE_BOUND('',#7060,.T.);
#7727=FACE_BOUND('',#7061,.T.);
#7728=FACE_BOUND('',#7062,.T.);
#7729=FACE_BOUND('',#7063,.T.);
#7730=FACE_BOUND('',#7064,.T.);
#7731=FACE_BOUND('',#7065,.T.);
#7732=FACE_BOUND('',#7066,.T.);
#7733=FACE_BOUND('',#7067,.T.);
#7734=FACE_BOUND('',#7068,.T.);
#7735=FACE_BOUND('',#7069,.T.);
#7736=FACE_BOUND('',#7070,.T.);
#7737=FACE_BOUND('',#7071,.T.);
#7738=FACE_BOUND('',#7072,.T.);
#7739=FACE_BOUND('',#7073,.T.);
#7740=FACE_BOUND('',#7074,.T.);
#7741=FACE_BOUND('',#7075,.T.);
#7742=FACE_BOUND('',#7076,.T.);
#7743=FACE_BOUND('',#7077,.T.);
#7744=FACE_BOUND('',#7078,.T.);
#7745=FACE_BOUND('',#7079,.T.);
#7746=FACE_BOUND('',#7080,.T.);
#7747=FACE_BOUND('',#7081,.T.);
#7748=FACE_BOUND('',#7082,.T.);
#7749=FACE_BOUND('',#7083,.T.);
#7750=FACE_BOUND('',#7084,.T.);
#7751=FACE_BOUND('',#7085,.T.);
#7752=FACE_BOUND('',#7086,.T.);
#7753=FACE_BOUND('',#7087,.T.);
#7754=FACE_BOUND('',#7088,.T.);
#7755=FACE_BOUND('',#7089,.T.);
#7756=FACE_BOUND('',#7090,.T.);
#7757=FACE_BOUND('',#7091,.T.);
#7758=FACE_BOUND('',#7092,.T.);
#7759=FACE_BOUND('',#7093,.T.);
#7760=FACE_BOUND('',#7094,.T.);
#7761=FACE_BOUND('',#7095,.T.);
#7762=FACE_BOUND('',#7096,.T.);
#7763=FACE_BOUND('',#7097,.T.);
#7764=FACE_BOUND('',#7098,.T.);
#7765=FACE_BOUND('',#7099,.T.);
#7766=FACE_BOUND('',#7100,.T.);
#7767=FACE_BOUND('',#7101,.T.);
#7768=FACE_BOUND('',#7102,.T.);
#7769=FACE_BOUND('',#7103,.T.);
#7770=FACE_BOUND('',#7104,.T.);
#7771=FACE_BOUND('',#7105,.T.);
#7772=FACE_BOUND('',#7106,.T.);
#7773=FACE_BOUND('',#7107,.T.);
#7774=FACE_BOUND('',#7108,.T.);
#7775=FACE_BOUND('',#7109,.T.);
#7776=FACE_BOUND('',#7110,.T.);
#7777=FACE_BOUND('',#7111,.T.);
#7778=PLANE('',#8511);
#7779=PLANE('',#8576);
#7780=PLANE('',#8642);
#7781=PLANE('',#8655);
#7782=PLANE('',#8659);
#7783=PLANE('',#8662);
#7784=PLANE('',#8665);
#7785=PLANE('',#8670);
#7786=PLANE('',#8677);
#7787=PLANE('',#8680);
#7788=PLANE('',#8684);
#7789=PLANE('',#8692);
#7790=PLANE('',#8695);
#7791=PLANE('',#8700);
#7792=PLANE('',#8716);
#7793=PLANE('',#8723);
#7794=PLANE('',#8726);
#7795=PLANE('',#8741);
#7796=PLANE('',#8744);
#7797=PLANE('',#8747);
#7798=PLANE('',#8766);
#7799=PLANE('',#8768);
#7800=PLANE('',#8770);
#7801=PLANE('',#8772);
#7802=PLANE('',#8774);
#7803=PLANE('',#8776);
#7804=PLANE('',#8780);
#7805=PLANE('',#8783);
#7806=PLANE('',#8785);
#7807=PLANE('',#8801);
#7808=PLANE('',#8804);
#7809=PLANE('',#8806);
#7810=PLANE('',#8813);
#7811=PLANE('',#8815);
#7812=PLANE('',#8817);
#7813=PLANE('',#8818);
#7814=PLANE('',#8821);
#7815=PLANE('',#8823);
#7816=PLANE('',#8847);
#7817=PLANE('',#8848);
#7818=PLANE('',#8849);
#7819=PLANE('',#8850);
#7820=PLANE('',#8851);
#7821=PLANE('',#8854);
#7822=PLANE('',#8855);
#7823=PLANE('',#8858);
#7824=PLANE('',#8861);
#7825=PLANE('',#8864);
#7826=PLANE('',#8873);
#7827=PLANE('',#8877);
#7828=PLANE('',#8878);
#7829=PLANE('',#8879);
#7830=PLANE('',#8887);
#7831=PLANE('',#8896);
#7832=PLANE('',#8899);
#7833=PLANE('',#8902);
#7834=PLANE('',#8905);
#7835=PLANE('',#8909);
#7836=PLANE('',#8911);
#7837=PLANE('',#8913);
#7838=PLANE('',#8915);
#7839=PLANE('',#8917);
#7840=PLANE('',#8919);
#7841=PLANE('',#8921);
#7842=PLANE('',#8923);
#7843=PLANE('',#8924);
#7844=PLANE('',#8933);
#7845=PLANE('',#8936);
#7846=PLANE('',#8939);
#7847=PLANE('',#8942);
#7848=PLANE('',#8946);
#7849=PLANE('',#8948);
#7850=PLANE('',#8950);
#7851=PLANE('',#8952);
#7852=PLANE('',#8954);
#7853=PLANE('',#8956);
#7854=PLANE('',#8958);
#7855=PLANE('',#8960);
#7856=PLANE('',#8963);
#7857=PLANE('',#8966);
#7858=PLANE('',#8969);
#7859=PLANE('',#8980);
#7860=PLANE('',#8983);
#7861=PLANE('',#8990);
#7862=PLANE('',#8993);
#7863=PLANE('',#8996);
#7864=PLANE('',#8998);
#7865=PLANE('',#9000);
#7866=PLANE('',#9002);
#7867=PLANE('',#9004);
#7868=PLANE('',#9008);
#7869=PLANE('',#9010);
#7870=PLANE('',#9016);
#7871=PLANE('',#9018);
#7872=PLANE('',#9023);
#7873=PLANE('',#9088);
#7874=PLANE('',#9175);
#7875=PLANE('',#9180);
#7876=PLANE('',#9183);
#7877=PLANE('',#9197);
#7878=PLANE('',#9202);
#7879=PLANE('',#9205);
#7880=PLANE('',#9222);
#7881=PLANE('',#9225);
#7882=PLANE('',#9228);
#7883=PLANE('',#9229);
#7884=PLANE('',#9233);
#7885=PLANE('',#9237);
#7886=PLANE('',#9240);
#7887=PLANE('',#9247);
#7888=PLANE('',#9252);
#7889=PLANE('',#9255);
#7890=PLANE('',#9258);
#7891=PLANE('',#9261);
#7892=PLANE('',#9264);
#7893=PLANE('',#9285);
#7894=PLANE('',#9288);
#7895=PLANE('',#9290);
#7896=PLANE('',#9303);
#7897=PLANE('',#9306);
#7898=PLANE('',#9308);
#7899=PLANE('',#9317);
#7900=PLANE('',#9319);
#7901=PLANE('',#9321);
#7902=PLANE('',#9322);
#7903=PLANE('',#9324);
#7904=PLANE('',#9326);
#7905=PLANE('',#9328);
#7906=PLANE('',#9332);
#7907=PLANE('',#9335);
#7908=PLANE('',#9337);
#7909=PLANE('',#9339);
#7910=PLANE('',#9341);
#7911=PLANE('',#9348);
#7912=PLANE('',#9350);
#7913=PLANE('',#9353);
#7914=PLANE('',#9354);
#7915=PLANE('',#9355);
#7916=PLANE('',#9365);
#7917=PLANE('',#9366);
#7918=PLANE('',#9373);
#7919=PLANE('',#9374);
#7920=PLANE('',#9383);
#7921=PLANE('',#9386);
#7922=PLANE('',#9395);
#7923=PLANE('',#9398);
#7924=PLANE('',#9401);
#7925=PLANE('',#9404);
#7926=PLANE('',#9407);
#7927=PLANE('',#9416);
#7928=PLANE('',#9419);
#7929=PLANE('',#9422);
#7930=PLANE('',#9425);
#7931=PLANE('',#9429);
#7932=PLANE('',#9431);
#7933=PLANE('',#9433);
#7934=PLANE('',#9435);
#7935=PLANE('',#9437);
#7936=PLANE('',#9439);
#7937=PLANE('',#9441);
#7938=PLANE('',#9443);
#7939=PLANE('',#9444);
#7940=PLANE('',#9455);
#7941=PLANE('',#9458);
#7942=PLANE('',#9461);
#7943=PLANE('',#9464);
#7944=PLANE('',#9465);
#7945=PLANE('',#9467);
#7946=PLANE('',#9469);
#7947=PLANE('',#9471);
#7948=PLANE('',#9473);
#7949=PLANE('',#9475);
#7950=PLANE('',#9477);
#7951=PLANE('',#9479);
#7952=PLANE('',#9481);
#7953=PLANE('',#9488);
#7954=PLANE('',#9491);
#7955=PLANE('',#9502);
#7956=PLANE('',#9505);
#7957=PLANE('',#9508);
#7958=PLANE('',#9511);
#7959=PLANE('',#9513);
#7960=PLANE('',#9515);
#7961=PLANE('',#9521);
#7962=PLANE('',#9523);
#7963=PLANE('',#9527);
#7964=PLANE('',#9528);
#7965=PLANE('',#9530);
#7966=ADVANCED_FACE('',(#7112,#7113,#7114,#7115,#7116,#7117,#7118,#7119,
#7120,#7121,#7122,#7123,#7124,#7125,#7126,#7127,#7128,#7129,#7130,#7131),
#7778,.F.);
#7967=ADVANCED_FACE('',(#7132,#7133,#7134,#7135,#7136,#7137,#7138,#7139,
#7140,#7141,#7142,#7143),#7779,.T.);
#7968=ADVANCED_FACE('',(#7144),#186,.T.);
#7969=ADVANCED_FACE('',(#7145,#7146),#187,.F.);
#7970=ADVANCED_FACE('',(#7147,#7148),#26,.F.);
#7971=ADVANCED_FACE('',(#7149),#27,.T.);
#7972=ADVANCED_FACE('',(#7150,#7151),#7780,.F.);
#7973=ADVANCED_FACE('',(#7152,#7153),#188,.T.);
#7974=ADVANCED_FACE('',(#7154),#7781,.T.);
#7975=ADVANCED_FACE('',(#7155),#189,.F.);
#7976=ADVANCED_FACE('',(#7156),#7782,.T.);
#7977=ADVANCED_FACE('',(#7157),#190,.F.);
#7978=ADVANCED_FACE('',(#7158),#7783,.T.);
#7979=ADVANCED_FACE('',(#7159),#191,.T.);
#7980=ADVANCED_FACE('',(#7160),#7784,.T.);
#7981=ADVANCED_FACE('',(#7161),#192,.T.);
#7982=ADVANCED_FACE('',(#7162),#193,.T.);
#7983=ADVANCED_FACE('',(#7163),#7785,.T.);
#7984=ADVANCED_FACE('',(#7164),#194,.T.);
#7985=ADVANCED_FACE('',(#7165),#195,.F.);
#7986=ADVANCED_FACE('',(#7166),#196,.T.);
#7987=ADVANCED_FACE('',(#7167),#7786,.T.);
#7988=ADVANCED_FACE('',(#7168),#197,.T.);
#7989=ADVANCED_FACE('',(#7169),#7787,.T.);
#7990=ADVANCED_FACE('',(#7170),#198,.T.);
#7991=ADVANCED_FACE('',(#7171),#7788,.T.);
#7992=ADVANCED_FACE('',(#7172),#199,.T.);
#7993=ADVANCED_FACE('',(#7173,#7174),#200,.F.);
#7994=ADVANCED_FACE('',(#7175,#7176),#201,.F.);
#7995=ADVANCED_FACE('',(#7177),#202,.F.);
#7996=ADVANCED_FACE('',(#7178),#7789,.T.);
#7997=ADVANCED_FACE('',(#7179),#203,.F.);
#7998=ADVANCED_FACE('',(#7180),#7790,.T.);
#7999=ADVANCED_FACE('',(#7181),#204,.F.);
#8000=ADVANCED_FACE('',(#7182),#205,.T.);
#8001=ADVANCED_FACE('',(#7183),#7791,.T.);
#8002=ADVANCED_FACE('',(#7184),#206,.F.);
#8003=ADVANCED_FACE('',(#7185),#207,.T.);
#8004=ADVANCED_FACE('',(#7186),#208,.F.);
#8005=ADVANCED_FACE('',(#7187),#209,.T.);
#8006=ADVANCED_FACE('',(#7188,#7189),#210,.F.);
#8007=ADVANCED_FACE('',(#7190,#7191),#211,.F.);
#8008=ADVANCED_FACE('',(#7192,#7193),#212,.F.);
#8009=ADVANCED_FACE('',(#7194,#7195),#213,.F.);
#8010=ADVANCED_FACE('',(#7196),#7792,.T.);
#8011=ADVANCED_FACE('',(#7197),#214,.F.);
#8012=ADVANCED_FACE('',(#7198),#215,.T.);
#8013=ADVANCED_FACE('',(#7199),#216,.F.);
#8014=ADVANCED_FACE('',(#7200),#7793,.T.);
#8015=ADVANCED_FACE('',(#7201),#217,.F.);
#8016=ADVANCED_FACE('',(#7202),#7794,.T.);
#8017=ADVANCED_FACE('',(#7203),#218,.F.);
#8018=ADVANCED_FACE('',(#7204),#219,.T.);
#8019=ADVANCED_FACE('',(#7205,#7206),#220,.F.);
#8020=ADVANCED_FACE('',(#7207,#7208),#221,.F.);
#8021=ADVANCED_FACE('',(#7209,#7210),#222,.F.);
#8022=ADVANCED_FACE('',(#7211,#7212),#223,.F.);
#8023=ADVANCED_FACE('',(#7213),#224,.F.);
#8024=ADVANCED_FACE('',(#7214),#7795,.T.);
#8025=ADVANCED_FACE('',(#7215),#225,.F.);
#8026=ADVANCED_FACE('',(#7216),#7796,.T.);
#8027=ADVANCED_FACE('',(#7217),#226,.F.);
#8028=ADVANCED_FACE('',(#7218),#7797,.T.);
#8029=ADVANCED_FACE('',(#7219),#227,.F.);
#8030=ADVANCED_FACE('',(#7220),#228,.T.);
#8031=ADVANCED_FACE('',(#7221),#229,.F.);
#8032=ADVANCED_FACE('',(#7222),#230,.T.);
#8033=ADVANCED_FACE('',(#7223,#7224),#231,.F.);
#8034=ADVANCED_FACE('',(#7225,#7226),#232,.F.);
#8035=ADVANCED_FACE('',(#7227,#7228),#233,.F.);
#8036=ADVANCED_FACE('',(#7229,#7230),#234,.F.);
#8037=ADVANCED_FACE('',(#7231,#7232),#235,.F.);
#8038=ADVANCED_FACE('',(#7233),#7798,.T.);
#8039=ADVANCED_FACE('',(#7234),#28,.F.);
#8040=ADVANCED_FACE('',(#7235),#7799,.T.);
#8041=ADVANCED_FACE('',(#7236),#29,.F.);
#8042=ADVANCED_FACE('',(#7237),#7800,.T.);
#8043=ADVANCED_FACE('',(#7238),#30,.T.);
#8044=ADVANCED_FACE('',(#7239),#7801,.T.);
#8045=ADVANCED_FACE('',(#7240),#31,.T.);
#8046=ADVANCED_FACE('',(#7241),#7802,.T.);
#8047=ADVANCED_FACE('',(#7242),#32,.T.);
#8048=ADVANCED_FACE('',(#7243),#7803,.T.);
#8049=ADVANCED_FACE('',(#7244),#33,.T.);
#8050=ADVANCED_FACE('',(#7245),#34,.F.);
#8051=ADVANCED_FACE('',(#7246),#35,.T.);
#8052=ADVANCED_FACE('',(#7247),#7804,.T.);
#8053=ADVANCED_FACE('',(#7248),#36,.T.);
#8054=ADVANCED_FACE('',(#7249),#37,.T.);
#8055=ADVANCED_FACE('',(#7250),#7805,.T.);
#8056=ADVANCED_FACE('',(#7251),#38,.T.);
#8057=ADVANCED_FACE('',(#7252),#7806,.T.);
#8058=ADVANCED_FACE('',(#7253),#39,.F.);
#8059=ADVANCED_FACE('',(#7254,#7255),#236,.F.);
#8060=ADVANCED_FACE('',(#7256,#7257),#237,.F.);
#8061=ADVANCED_FACE('',(#7258,#7259),#238,.F.);
#8062=ADVANCED_FACE('',(#7260,#7261),#239,.F.);
#8063=ADVANCED_FACE('',(#7262),#40,.F.);
#8064=ADVANCED_FACE('',(#7263),#41,.T.);
#8065=ADVANCED_FACE('',(#7264),#42,.F.);
#8066=ADVANCED_FACE('',(#7265),#43,.T.);
#8067=ADVANCED_FACE('',(#7266),#44,.F.);
#8068=ADVANCED_FACE('',(#7267),#7807,.T.);
#8069=ADVANCED_FACE('',(#7268),#45,.T.);
#8070=ADVANCED_FACE('',(#7269),#46,.F.);
#8071=ADVANCED_FACE('',(#7270),#7808,.T.);
#8072=ADVANCED_FACE('',(#7271),#47,.F.);
#8073=ADVANCED_FACE('',(#7272),#7809,.T.);
#8074=ADVANCED_FACE('',(#7273,#7274),#48,.F.);
#8075=ADVANCED_FACE('',(#7275),#49,.F.);
#8076=ADVANCED_FACE('',(#7276),#50,.T.);
#8077=ADVANCED_FACE('',(#7277),#51,.F.);
#8078=ADVANCED_FACE('',(#7278),#52,.T.);
#8079=ADVANCED_FACE('',(#7279),#53,.F.);
#8080=ADVANCED_FACE('',(#7280),#7810,.T.);
#8081=ADVANCED_FACE('',(#7281),#54,.F.);
#8082=ADVANCED_FACE('',(#7282),#7811,.T.);
#8083=ADVANCED_FACE('',(#7283),#55,.F.);
#8084=ADVANCED_FACE('',(#7284),#7812,.T.);
#8085=ADVANCED_FACE('',(#7285),#7813,.T.);
#8086=ADVANCED_FACE('',(#7286),#56,.T.);
#8087=ADVANCED_FACE('',(#7287),#57,.F.);
#8088=ADVANCED_FACE('',(#7288),#7814,.T.);
#8089=ADVANCED_FACE('',(#7289),#58,.F.);
#8090=ADVANCED_FACE('',(#7290),#7815,.T.);
#8091=ADVANCED_FACE('',(#7291),#59,.F.);
#8092=ADVANCED_FACE('',(#7292),#60,.T.);
#8093=ADVANCED_FACE('',(#7293),#61,.F.);
#8094=ADVANCED_FACE('',(#7294,#7295),#62,.T.);
#8095=ADVANCED_FACE('',(#7296,#7297),#63,.F.);
#8096=ADVANCED_FACE('',(#7298,#7299),#64,.F.);
#8097=ADVANCED_FACE('',(#7300,#7301),#65,.F.);
#8098=ADVANCED_FACE('',(#7302,#7303),#66,.F.);
#8099=ADVANCED_FACE('',(#7304,#7305),#67,.F.);
#8100=ADVANCED_FACE('',(#7306,#7307),#68,.F.);
#8101=ADVANCED_FACE('',(#7308,#7309),#69,.F.);
#8102=ADVANCED_FACE('',(#7310,#7311),#70,.F.);
#8103=ADVANCED_FACE('',(#7312,#7313),#71,.F.);
#8104=ADVANCED_FACE('',(#7314,#7315),#72,.F.);
#8105=ADVANCED_FACE('',(#7316,#7317),#73,.F.);
#8106=ADVANCED_FACE('',(#7318,#7319),#240,.T.);
#8107=ADVANCED_FACE('',(#7320),#7816,.T.);
#8108=ADVANCED_FACE('',(#7321),#7817,.T.);
#8109=ADVANCED_FACE('',(#7322),#7818,.T.);
#8110=ADVANCED_FACE('',(#7323),#7819,.T.);
#8111=ADVANCED_FACE('',(#7324),#7820,.T.);
#8112=ADVANCED_FACE('',(#7325),#241,.F.);
#8113=ADVANCED_FACE('',(#7326,#7327),#74,.T.);
#8114=ADVANCED_FACE('',(#7328),#7821,.F.);
#8115=ADVANCED_FACE('',(#7329),#7822,.F.);
#8116=ADVANCED_FACE('',(#7330),#75,.F.);
#8117=ADVANCED_FACE('',(#7331),#7823,.F.);
#8118=ADVANCED_FACE('',(#7332),#76,.F.);
#8119=ADVANCED_FACE('',(#7333),#7824,.F.);
#8120=ADVANCED_FACE('',(#7334),#77,.F.);
#8121=ADVANCED_FACE('',(#7335),#7825,.F.);
#8122=ADVANCED_FACE('',(#7336),#78,.F.);
#8123=ADVANCED_FACE('',(#7337),#79,.F.);
#8124=ADVANCED_FACE('',(#7338),#80,.F.);
#8125=ADVANCED_FACE('',(#7339),#7826,.F.);
#8126=ADVANCED_FACE('',(#7340),#81,.F.);
#8127=ADVANCED_FACE('',(#7341),#7827,.F.);
#8128=ADVANCED_FACE('',(#7342),#7828,.F.);
#8129=ADVANCED_FACE('',(#7343,#7344),#7829,.F.);
#8130=ADVANCED_FACE('',(#7345),#82,.F.);
#8131=ADVANCED_FACE('',(#7346,#7347),#7830,.T.);
#8132=ADVANCED_FACE('',(#7348),#7831,.F.);
#8133=ADVANCED_FACE('',(#7349),#83,.F.);
#8134=ADVANCED_FACE('',(#7350),#7832,.F.);
#8135=ADVANCED_FACE('',(#7351),#84,.F.);
#8136=ADVANCED_FACE('',(#7352),#7833,.F.);
#8137=ADVANCED_FACE('',(#7353),#85,.F.);
#8138=ADVANCED_FACE('',(#7354),#7834,.F.);
#8139=ADVANCED_FACE('',(#7355),#86,.F.);
#8140=ADVANCED_FACE('',(#7356),#242,.F.);
#8141=ADVANCED_FACE('',(#7357),#7835,.T.);
#8142=ADVANCED_FACE('',(#7358),#243,.F.);
#8143=ADVANCED_FACE('',(#7359),#7836,.T.);
#8144=ADVANCED_FACE('',(#7360),#244,.F.);
#8145=ADVANCED_FACE('',(#7361),#7837,.T.);
#8146=ADVANCED_FACE('',(#7362),#245,.F.);
#8147=ADVANCED_FACE('',(#7363),#7838,.T.);
#8148=ADVANCED_FACE('',(#7364),#246,.F.);
#8149=ADVANCED_FACE('',(#7365),#7839,.T.);
#8150=ADVANCED_FACE('',(#7366),#247,.F.);
#8151=ADVANCED_FACE('',(#7367),#7840,.T.);
#8152=ADVANCED_FACE('',(#7368),#248,.F.);
#8153=ADVANCED_FACE('',(#7369),#7841,.T.);
#8154=ADVANCED_FACE('',(#7370),#249,.F.);
#8155=ADVANCED_FACE('',(#7371),#7842,.T.);
#8156=ADVANCED_FACE('',(#7372,#7373),#7843,.T.);
#8157=ADVANCED_FACE('',(#7374),#7844,.F.);
#8158=ADVANCED_FACE('',(#7375),#87,.F.);
#8159=ADVANCED_FACE('',(#7376),#7845,.F.);
#8160=ADVANCED_FACE('',(#7377),#88,.F.);
#8161=ADVANCED_FACE('',(#7378),#7846,.F.);
#8162=ADVANCED_FACE('',(#7379),#89,.F.);
#8163=ADVANCED_FACE('',(#7380),#7847,.F.);
#8164=ADVANCED_FACE('',(#7381),#90,.F.);
#8165=ADVANCED_FACE('',(#7382),#250,.F.);
#8166=ADVANCED_FACE('',(#7383),#7848,.T.);
#8167=ADVANCED_FACE('',(#7384),#251,.F.);
#8168=ADVANCED_FACE('',(#7385),#7849,.T.);
#8169=ADVANCED_FACE('',(#7386),#252,.F.);
#8170=ADVANCED_FACE('',(#7387),#7850,.T.);
#8171=ADVANCED_FACE('',(#7388),#253,.F.);
#8172=ADVANCED_FACE('',(#7389),#7851,.T.);
#8173=ADVANCED_FACE('',(#7390),#254,.F.);
#8174=ADVANCED_FACE('',(#7391),#7852,.T.);
#8175=ADVANCED_FACE('',(#7392),#255,.F.);
#8176=ADVANCED_FACE('',(#7393),#7853,.T.);
#8177=ADVANCED_FACE('',(#7394),#256,.F.);
#8178=ADVANCED_FACE('',(#7395),#7854,.T.);
#8179=ADVANCED_FACE('',(#7396),#257,.F.);
#8180=ADVANCED_FACE('',(#7397),#7855,.T.);
#8181=ADVANCED_FACE('',(#7398),#91,.T.);
#8182=ADVANCED_FACE('',(#7399),#7856,.T.);
#8183=ADVANCED_FACE('',(#7400),#92,.T.);
#8184=ADVANCED_FACE('',(#7401),#7857,.T.);
#8185=ADVANCED_FACE('',(#7402),#93,.T.);
#8186=ADVANCED_FACE('',(#7403),#7858,.T.);
#8187=ADVANCED_FACE('',(#7404),#94,.T.);
#8188=ADVANCED_FACE('',(#7405),#95,.F.);
#8189=ADVANCED_FACE('',(#7406),#96,.F.);
#8190=ADVANCED_FACE('',(#7407),#97,.T.);
#8191=ADVANCED_FACE('',(#7408),#98,.F.);
#8192=ADVANCED_FACE('',(#7409),#7859,.T.);
#8193=ADVANCED_FACE('',(#7410),#99,.T.);
#8194=ADVANCED_FACE('',(#7411),#7860,.T.);
#8195=ADVANCED_FACE('',(#7412),#100,.F.);
#8196=ADVANCED_FACE('',(#7413),#101,.T.);
#8197=ADVANCED_FACE('',(#7414),#102,.F.);
#8198=ADVANCED_FACE('',(#7415),#7861,.T.);
#8199=ADVANCED_FACE('',(#7416),#103,.F.);
#8200=ADVANCED_FACE('',(#7417),#7862,.T.);
#8201=ADVANCED_FACE('',(#7418),#104,.F.);
#8202=ADVANCED_FACE('',(#7419),#7863,.T.);
#8203=ADVANCED_FACE('',(#7420),#258,.T.);
#8204=ADVANCED_FACE('',(#7421),#7864,.T.);
#8205=ADVANCED_FACE('',(#7422),#259,.T.);
#8206=ADVANCED_FACE('',(#7423),#7865,.T.);
#8207=ADVANCED_FACE('',(#7424),#260,.F.);
#8208=ADVANCED_FACE('',(#7425),#7866,.T.);
#8209=ADVANCED_FACE('',(#7426),#261,.F.);
#8210=ADVANCED_FACE('',(#7427),#7867,.T.);
#8211=ADVANCED_FACE('',(#7428),#262,.F.);
#8212=ADVANCED_FACE('',(#7429),#263,.T.);
#8213=ADVANCED_FACE('',(#7430),#264,.F.);
#8214=ADVANCED_FACE('',(#7431),#7868,.T.);
#8215=ADVANCED_FACE('',(#7432),#265,.T.);
#8216=ADVANCED_FACE('',(#7433),#7869,.T.);
#8217=ADVANCED_FACE('',(#7434),#266,.F.);
#8218=ADVANCED_FACE('',(#7435),#267,.T.);
#8219=ADVANCED_FACE('',(#7436),#268,.F.);
#8220=ADVANCED_FACE('',(#7437),#269,.F.);
#8221=ADVANCED_FACE('',(#7438),#270,.T.);
#8222=ADVANCED_FACE('',(#7439),#7870,.T.);
#8223=ADVANCED_FACE('',(#7440),#271,.T.);
#8224=ADVANCED_FACE('',(#7441),#7871,.T.);
#8225=ADVANCED_FACE('',(#7442,#7443),#105,.F.);
#8226=ADVANCED_FACE('',(#7444,#7445),#272,.F.);
#8227=ADVANCED_FACE('',(#7446,#7447,#7448,#7449,#7450,#7451,#7452,#7453,
#7454,#7455,#7456,#7457,#7458,#7459,#7460,#7461,#7462,#7463,#7464,#7465),
#7872,.T.);
#8228=ADVANCED_FACE('',(#7466,#7467,#7468,#7469,#7470,#7471,#7472,#7473,
#7474,#7475,#7476,#7477),#7873,.F.);
#8229=ADVANCED_FACE('',(#7478),#273,.T.);
#8230=ADVANCED_FACE('',(#7479,#7480),#274,.F.);
#8231=ADVANCED_FACE('',(#7481,#7482),#106,.F.);
#8232=ADVANCED_FACE('',(#7483),#107,.T.);
#8233=ADVANCED_FACE('',(#7484,#7485),#275,.F.);
#8234=ADVANCED_FACE('',(#7486,#7487),#276,.F.);
#8235=ADVANCED_FACE('',(#7488,#7489),#277,.F.);
#8236=ADVANCED_FACE('',(#7490,#7491),#278,.F.);
#8237=ADVANCED_FACE('',(#7492,#7493),#279,.F.);
#8238=ADVANCED_FACE('',(#7494,#7495),#280,.F.);
#8239=ADVANCED_FACE('',(#7496),#281,.F.);
#8240=ADVANCED_FACE('',(#7497),#282,.T.);
#8241=ADVANCED_FACE('',(#7498),#283,.F.);
#8242=ADVANCED_FACE('',(#7499),#284,.T.);
#8243=ADVANCED_FACE('',(#7500),#285,.F.);
#8244=ADVANCED_FACE('',(#7501),#7874,.F.);
#8245=ADVANCED_FACE('',(#7502),#286,.T.);
#8246=ADVANCED_FACE('',(#7503),#287,.F.);
#8247=ADVANCED_FACE('',(#7504),#7875,.F.);
#8248=ADVANCED_FACE('',(#7505),#288,.F.);
#8249=ADVANCED_FACE('',(#7506),#7876,.F.);
#8250=ADVANCED_FACE('',(#7507,#7508),#289,.F.);
#8251=ADVANCED_FACE('',(#7509,#7510),#290,.F.);
#8252=ADVANCED_FACE('',(#7511,#7512),#291,.F.);
#8253=ADVANCED_FACE('',(#7513,#7514),#292,.F.);
#8254=ADVANCED_FACE('',(#7515,#7516),#293,.F.);
#8255=ADVANCED_FACE('',(#7517,#7518),#294,.F.);
#8256=ADVANCED_FACE('',(#7519,#7520),#295,.F.);
#8257=ADVANCED_FACE('',(#7521),#7877,.F.);
#8258=ADVANCED_FACE('',(#7522),#296,.T.);
#8259=ADVANCED_FACE('',(#7523),#297,.F.);
#8260=ADVANCED_FACE('',(#7524),#7878,.F.);
#8261=ADVANCED_FACE('',(#7525),#298,.F.);
#8262=ADVANCED_FACE('',(#7526),#7879,.F.);
#8263=ADVANCED_FACE('',(#7527),#299,.F.);
#8264=ADVANCED_FACE('',(#7528),#300,.T.);
#8265=ADVANCED_FACE('',(#7529),#301,.F.);
#8266=ADVANCED_FACE('',(#7530),#302,.F.);
#8267=ADVANCED_FACE('',(#7531),#303,.T.);
#8268=ADVANCED_FACE('',(#7532),#304,.F.);
#8269=ADVANCED_FACE('',(#7533),#305,.T.);
#8270=ADVANCED_FACE('',(#7534),#306,.F.);
#8271=ADVANCED_FACE('',(#7535),#7880,.F.);
#8272=ADVANCED_FACE('',(#7536),#307,.F.);
#8273=ADVANCED_FACE('',(#7537),#7881,.F.);
#8274=ADVANCED_FACE('',(#7538),#308,.F.);
#8275=ADVANCED_FACE('',(#7539),#7882,.F.);
#8276=ADVANCED_FACE('',(#7540),#7883,.F.);
#8277=ADVANCED_FACE('',(#7541),#309,.T.);
#8278=ADVANCED_FACE('',(#7542),#7884,.F.);
#8279=ADVANCED_FACE('',(#7543),#310,.T.);
#8280=ADVANCED_FACE('',(#7544),#7885,.F.);
#8281=ADVANCED_FACE('',(#7545),#311,.T.);
#8282=ADVANCED_FACE('',(#7546),#7886,.F.);
#8283=ADVANCED_FACE('',(#7547),#312,.T.);
#8284=ADVANCED_FACE('',(#7548),#313,.F.);
#8285=ADVANCED_FACE('',(#7549),#314,.T.);
#8286=ADVANCED_FACE('',(#7550),#7887,.F.);
#8287=ADVANCED_FACE('',(#7551),#315,.T.);
#8288=ADVANCED_FACE('',(#7552),#316,.T.);
#8289=ADVANCED_FACE('',(#7553),#7888,.F.);
#8290=ADVANCED_FACE('',(#7554),#317,.T.);
#8291=ADVANCED_FACE('',(#7555),#7889,.F.);
#8292=ADVANCED_FACE('',(#7556),#318,.F.);
#8293=ADVANCED_FACE('',(#7557),#7890,.F.);
#8294=ADVANCED_FACE('',(#7558),#319,.F.);
#8295=ADVANCED_FACE('',(#7559),#7891,.F.);
#8296=ADVANCED_FACE('',(#7560),#320,.F.);
#8297=ADVANCED_FACE('',(#7561),#7892,.F.);
#8298=ADVANCED_FACE('',(#7562),#321,.F.);
#8299=ADVANCED_FACE('',(#7563,#7564),#108,.F.);
#8300=ADVANCED_FACE('',(#7565,#7566),#109,.F.);
#8301=ADVANCED_FACE('',(#7567,#7568),#110,.F.);
#8302=ADVANCED_FACE('',(#7569,#7570),#111,.F.);
#8303=ADVANCED_FACE('',(#7571,#7572),#112,.F.);
#8304=ADVANCED_FACE('',(#7573,#7574),#113,.F.);
#8305=ADVANCED_FACE('',(#7575,#7576),#114,.F.);
#8306=ADVANCED_FACE('',(#7577),#115,.F.);
#8307=ADVANCED_FACE('',(#7578),#116,.T.);
#8308=ADVANCED_FACE('',(#7579),#117,.F.);
#8309=ADVANCED_FACE('',(#7580),#118,.T.);
#8310=ADVANCED_FACE('',(#7581),#119,.F.);
#8311=ADVANCED_FACE('',(#7582),#7893,.F.);
#8312=ADVANCED_FACE('',(#7583),#120,.T.);
#8313=ADVANCED_FACE('',(#7584),#121,.F.);
#8314=ADVANCED_FACE('',(#7585),#7894,.F.);
#8315=ADVANCED_FACE('',(#7586),#122,.F.);
#8316=ADVANCED_FACE('',(#7587),#7895,.F.);
#8317=ADVANCED_FACE('',(#7588,#7589),#123,.F.);
#8318=ADVANCED_FACE('',(#7590,#7591),#124,.F.);
#8319=ADVANCED_FACE('',(#7592,#7593),#125,.F.);
#8320=ADVANCED_FACE('',(#7594,#7595),#126,.F.);
#8321=ADVANCED_FACE('',(#7596,#7597),#127,.F.);
#8322=ADVANCED_FACE('',(#7598,#7599),#128,.F.);
#8323=ADVANCED_FACE('',(#7600),#7896,.F.);
#8324=ADVANCED_FACE('',(#7601),#129,.T.);
#8325=ADVANCED_FACE('',(#7602),#130,.F.);
#8326=ADVANCED_FACE('',(#7603),#7897,.F.);
#8327=ADVANCED_FACE('',(#7604),#131,.F.);
#8328=ADVANCED_FACE('',(#7605),#7898,.F.);
#8329=ADVANCED_FACE('',(#7606),#132,.F.);
#8330=ADVANCED_FACE('',(#7607),#133,.T.);
#8331=ADVANCED_FACE('',(#7608),#134,.F.);
#8332=ADVANCED_FACE('',(#7609),#135,.F.);
#8333=ADVANCED_FACE('',(#7610),#136,.T.);
#8334=ADVANCED_FACE('',(#7611),#137,.F.);
#8335=ADVANCED_FACE('',(#7612),#138,.T.);
#8336=ADVANCED_FACE('',(#7613),#139,.F.);
#8337=ADVANCED_FACE('',(#7614),#7899,.F.);
#8338=ADVANCED_FACE('',(#7615),#140,.F.);
#8339=ADVANCED_FACE('',(#7616),#7900,.F.);
#8340=ADVANCED_FACE('',(#7617),#141,.F.);
#8341=ADVANCED_FACE('',(#7618),#7901,.F.);
#8342=ADVANCED_FACE('',(#7619),#7902,.F.);
#8343=ADVANCED_FACE('',(#7620),#142,.T.);
#8344=ADVANCED_FACE('',(#7621),#7903,.F.);
#8345=ADVANCED_FACE('',(#7622),#143,.T.);
#8346=ADVANCED_FACE('',(#7623),#7904,.F.);
#8347=ADVANCED_FACE('',(#7624),#144,.T.);
#8348=ADVANCED_FACE('',(#7625),#7905,.F.);
#8349=ADVANCED_FACE('',(#7626),#145,.T.);
#8350=ADVANCED_FACE('',(#7627),#146,.F.);
#8351=ADVANCED_FACE('',(#7628),#147,.T.);
#8352=ADVANCED_FACE('',(#7629),#7906,.F.);
#8353=ADVANCED_FACE('',(#7630),#148,.T.);
#8354=ADVANCED_FACE('',(#7631),#149,.T.);
#8355=ADVANCED_FACE('',(#7632),#7907,.F.);
#8356=ADVANCED_FACE('',(#7633),#150,.T.);
#8357=ADVANCED_FACE('',(#7634),#7908,.F.);
#8358=ADVANCED_FACE('',(#7635),#151,.F.);
#8359=ADVANCED_FACE('',(#7636),#7909,.F.);
#8360=ADVANCED_FACE('',(#7637),#152,.F.);
#8361=ADVANCED_FACE('',(#7638),#7910,.F.);
#8362=ADVANCED_FACE('',(#7639),#153,.F.);
#8363=ADVANCED_FACE('',(#7640,#7641),#322,.T.);
#8364=ADVANCED_FACE('',(#7642),#154,.F.);
#8365=ADVANCED_FACE('',(#7643),#7911,.F.);
#8366=ADVANCED_FACE('',(#7644),#155,.F.);
#8367=ADVANCED_FACE('',(#7645),#7912,.F.);
#8368=ADVANCED_FACE('',(#7646,#7647),#323,.F.);
#8369=ADVANCED_FACE('',(#7648,#7649),#324,.F.);
#8370=ADVANCED_FACE('',(#7650),#7913,.F.);
#8371=ADVANCED_FACE('',(#7651),#7914,.F.);
#8372=ADVANCED_FACE('',(#7652),#7915,.F.);
#8373=ADVANCED_FACE('',(#7653,#7654),#325,.F.);
#8374=ADVANCED_FACE('',(#7655,#7656),#326,.F.);
#8375=ADVANCED_FACE('',(#7657,#7658),#327,.F.);
#8376=ADVANCED_FACE('',(#7659,#7660),#328,.F.);
#8377=ADVANCED_FACE('',(#7661,#7662),#156,.T.);
#8378=ADVANCED_FACE('',(#7663,#7664),#329,.T.);
#8379=ADVANCED_FACE('',(#7665,#7666),#157,.T.);
#8380=ADVANCED_FACE('',(#7667),#7916,.F.);
#8381=ADVANCED_FACE('',(#7668),#7917,.F.);
#8382=ADVANCED_FACE('',(#7669),#158,.F.);
#8383=ADVANCED_FACE('',(#7670),#159,.F.);
#8384=ADVANCED_FACE('',(#7671),#7918,.F.);
#8385=ADVANCED_FACE('',(#7672,#7673),#7919,.T.);
#8386=ADVANCED_FACE('',(#7674),#160,.F.);
#8387=ADVANCED_FACE('',(#7675),#7920,.F.);
#8388=ADVANCED_FACE('',(#7676),#161,.F.);
#8389=ADVANCED_FACE('',(#7677,#7678),#7921,.T.);
#8390=ADVANCED_FACE('',(#7679),#7922,.F.);
#8391=ADVANCED_FACE('',(#7680),#162,.F.);
#8392=ADVANCED_FACE('',(#7681),#7923,.F.);
#8393=ADVANCED_FACE('',(#7682),#163,.F.);
#8394=ADVANCED_FACE('',(#7683),#7924,.F.);
#8395=ADVANCED_FACE('',(#7684),#164,.F.);
#8396=ADVANCED_FACE('',(#7685),#7925,.F.);
#8397=ADVANCED_FACE('',(#7686),#165,.F.);
#8398=ADVANCED_FACE('',(#7687,#7688),#7926,.F.);
#8399=ADVANCED_FACE('',(#7689),#7927,.F.);
#8400=ADVANCED_FACE('',(#7690),#166,.F.);
#8401=ADVANCED_FACE('',(#7691),#7928,.F.);
#8402=ADVANCED_FACE('',(#7692),#167,.F.);
#8403=ADVANCED_FACE('',(#7693),#7929,.F.);
#8404=ADVANCED_FACE('',(#7694),#168,.F.);
#8405=ADVANCED_FACE('',(#7695),#7930,.F.);
#8406=ADVANCED_FACE('',(#7696),#169,.F.);
#8407=ADVANCED_FACE('',(#7697),#330,.F.);
#8408=ADVANCED_FACE('',(#7698),#7931,.T.);
#8409=ADVANCED_FACE('',(#7699),#331,.F.);
#8410=ADVANCED_FACE('',(#7700),#7932,.T.);
#8411=ADVANCED_FACE('',(#7701),#332,.F.);
#8412=ADVANCED_FACE('',(#7702),#7933,.T.);
#8413=ADVANCED_FACE('',(#7703),#333,.F.);
#8414=ADVANCED_FACE('',(#7704),#7934,.T.);
#8415=ADVANCED_FACE('',(#7705),#334,.F.);
#8416=ADVANCED_FACE('',(#7706),#7935,.T.);
#8417=ADVANCED_FACE('',(#7707),#335,.F.);
#8418=ADVANCED_FACE('',(#7708),#7936,.T.);
#8419=ADVANCED_FACE('',(#7709),#336,.F.);
#8420=ADVANCED_FACE('',(#7710),#7937,.T.);
#8421=ADVANCED_FACE('',(#7711),#337,.F.);
#8422=ADVANCED_FACE('',(#7712),#7938,.T.);
#8423=ADVANCED_FACE('',(#7713,#7714),#7939,.F.);
#8424=ADVANCED_FACE('',(#7715),#170,.F.);
#8425=ADVANCED_FACE('',(#7716),#7940,.F.);
#8426=ADVANCED_FACE('',(#7717),#171,.F.);
#8427=ADVANCED_FACE('',(#7718),#7941,.F.);
#8428=ADVANCED_FACE('',(#7719),#172,.F.);
#8429=ADVANCED_FACE('',(#7720),#7942,.F.);
#8430=ADVANCED_FACE('',(#7721),#173,.F.);
#8431=ADVANCED_FACE('',(#7722),#7943,.F.);
#8432=ADVANCED_FACE('',(#7723),#7944,.T.);
#8433=ADVANCED_FACE('',(#7724),#338,.F.);
#8434=ADVANCED_FACE('',(#7725),#7945,.T.);
#8435=ADVANCED_FACE('',(#7726),#339,.F.);
#8436=ADVANCED_FACE('',(#7727),#7946,.T.);
#8437=ADVANCED_FACE('',(#7728),#340,.F.);
#8438=ADVANCED_FACE('',(#7729),#7947,.T.);
#8439=ADVANCED_FACE('',(#7730),#341,.F.);
#8440=ADVANCED_FACE('',(#7731),#7948,.T.);
#8441=ADVANCED_FACE('',(#7732),#342,.F.);
#8442=ADVANCED_FACE('',(#7733),#7949,.T.);
#8443=ADVANCED_FACE('',(#7734),#343,.F.);
#8444=ADVANCED_FACE('',(#7735),#7950,.T.);
#8445=ADVANCED_FACE('',(#7736),#344,.F.);
#8446=ADVANCED_FACE('',(#7737),#7951,.T.);
#8447=ADVANCED_FACE('',(#7738),#345,.F.);
#8448=ADVANCED_FACE('',(#7739),#7952,.F.);
#8449=ADVANCED_FACE('',(#7740),#174,.F.);
#8450=ADVANCED_FACE('',(#7741),#175,.T.);
#8451=ADVANCED_FACE('',(#7742),#176,.F.);
#8452=ADVANCED_FACE('',(#7743),#7953,.F.);
#8453=ADVANCED_FACE('',(#7744),#177,.T.);
#8454=ADVANCED_FACE('',(#7745),#7954,.F.);
#8455=ADVANCED_FACE('',(#7746),#178,.F.);
#8456=ADVANCED_FACE('',(#7747),#179,.T.);
#8457=ADVANCED_FACE('',(#7748),#180,.F.);
#8458=ADVANCED_FACE('',(#7749),#181,.F.);
#8459=ADVANCED_FACE('',(#7750),#182,.T.);
#8460=ADVANCED_FACE('',(#7751),#7955,.F.);
#8461=ADVANCED_FACE('',(#7752),#183,.T.);
#8462=ADVANCED_FACE('',(#7753),#7956,.F.);
#8463=ADVANCED_FACE('',(#7754),#184,.T.);
#8464=ADVANCED_FACE('',(#7755),#7957,.F.);
#8465=ADVANCED_FACE('',(#7756),#185,.T.);
#8466=ADVANCED_FACE('',(#7757),#7958,.F.);
#8467=ADVANCED_FACE('',(#7758),#346,.F.);
#8468=ADVANCED_FACE('',(#7759),#7959,.T.);
#8469=ADVANCED_FACE('',(#7760),#347,.T.);
#8470=ADVANCED_FACE('',(#7761),#7960,.F.);
#8471=ADVANCED_FACE('',(#7762),#348,.T.);
#8472=ADVANCED_FACE('',(#7763),#349,.F.);
#8473=ADVANCED_FACE('',(#7764),#350,.F.);
#8474=ADVANCED_FACE('',(#7765),#351,.T.);
#8475=ADVANCED_FACE('',(#7766),#352,.F.);
#8476=ADVANCED_FACE('',(#7767),#7961,.T.);
#8477=ADVANCED_FACE('',(#7768),#353,.T.);
#8478=ADVANCED_FACE('',(#7769),#7962,.T.);
#8479=ADVANCED_FACE('',(#7770),#354,.F.);
#8480=ADVANCED_FACE('',(#7771),#355,.T.);
#8481=ADVANCED_FACE('',(#7772),#356,.F.);
#8482=ADVANCED_FACE('',(#7773),#7963,.T.);
#8483=ADVANCED_FACE('',(#7774),#7964,.T.);
#8484=ADVANCED_FACE('',(#7775),#357,.T.);
#8485=ADVANCED_FACE('',(#7776),#7965,.T.);
#8486=ADVANCED_FACE('',(#7777),#358,.T.);
#8487=CLOSED_SHELL('',(#7966,#7967,#7968,#7969,#7970,#7971,#7972,#7973,
#7974,#7975,#7976,#7977,#7978,#7979,#7980,#7981,#7982,#7983,#7984,#7985,
#7986,#7987,#7988,#7989,#7990,#7991,#7992,#7993,#7994,#7995,#7996,#7997,
#7998,#7999,#8000,#8001,#8002,#8003,#8004,#8005,#8006,#8007,#8008,#8009,
#8010,#8011,#8012,#8013,#8014,#8015,#8016,#8017,#8018,#8019,#8020,#8021,
#8022,#8023,#8024,#8025,#8026,#8027,#8028,#8029,#8030,#8031,#8032,#8033,
#8034,#8035,#8036,#8037,#8038,#8039,#8040,#8041,#8042,#8043,#8044,#8045,
#8046,#8047,#8048,#8049,#8050,#8051,#8052,#8053,#8054,#8055,#8056,#8057,
#8058,#8059,#8060,#8061,#8062,#8063,#8064,#8065,#8066,#8067,#8068,#8069,
#8070,#8071,#8072,#8073,#8074,#8075,#8076,#8077,#8078,#8079,#8080,#8081,
#8082,#8083,#8084,#8085,#8086,#8087,#8088,#8089,#8090,#8091,#8092,#8093,
#8094,#8095,#8096,#8097,#8098,#8099,#8100,#8101,#8102,#8103,#8104,#8105,
#8106,#8107,#8108,#8109,#8110,#8111,#8112,#8113,#8114,#8115,#8116,#8117,
#8118,#8119,#8120,#8121,#8122,#8123,#8124,#8125,#8126,#8127,#8128,#8129,
#8130,#8131,#8132,#8133,#8134,#8135,#8136,#8137,#8138,#8139,#8140,#8141,
#8142,#8143,#8144,#8145,#8146,#8147,#8148,#8149,#8150,#8151,#8152,#8153,
#8154,#8155,#8156,#8157,#8158,#8159,#8160,#8161,#8162,#8163,#8164,#8165,
#8166,#8167,#8168,#8169,#8170,#8171,#8172,#8173,#8174,#8175,#8176,#8177,
#8178,#8179,#8180,#8181,#8182,#8183,#8184,#8185,#8186,#8187,#8188,#8189,
#8190,#8191,#8192,#8193,#8194,#8195,#8196,#8197,#8198,#8199,#8200,#8201,
#8202,#8203,#8204,#8205,#8206,#8207,#8208,#8209,#8210,#8211,#8212,#8213,
#8214,#8215,#8216,#8217,#8218,#8219,#8220,#8221,#8222,#8223,#8224,#8225,
#8226));
#8488=CLOSED_SHELL('',(#8227,#8228,#8229,#8230,#8231,#8232,#8233,#8234,
#8235,#8236,#8237,#8238,#8239,#8240,#8241,#8242,#8243,#8244,#8245,#8246,
#8247,#8248,#8249,#8250,#8251,#8252,#8253,#8254,#8255,#8256,#8257,#8258,
#8259,#8260,#8261,#8262,#8263,#8264,#8265,#8266,#8267,#8268,#8269,#8270,
#8271,#8272,#8273,#8274,#8275,#8276,#8277,#8278,#8279,#8280,#8281,#8282,
#8283,#8284,#8285,#8286,#8287,#8288,#8289,#8290,#8291,#8292,#8293,#8294,
#8295,#8296,#8297,#8298,#8299,#8300,#8301,#8302,#8303,#8304,#8305,#8306,
#8307,#8308,#8309,#8310,#8311,#8312,#8313,#8314,#8315,#8316,#8317,#8318,
#8319,#8320,#8321,#8322,#8323,#8324,#8325,#8326,#8327,#8328,#8329,#8330,
#8331,#8332,#8333,#8334,#8335,#8336,#8337,#8338,#8339,#8340,#8341,#8342,
#8343,#8344,#8345,#8346,#8347,#8348,#8349,#8350,#8351,#8352,#8353,#8354,
#8355,#8356,#8357,#8358,#8359,#8360,#8361,#8362,#8363,#8364,#8365,#8366,
#8367,#8368,#8369,#8370,#8371,#8372,#8373,#8374,#8375,#8376,#8377,#8378,
#8379,#8380,#8381,#8382,#8383,#8384,#8385,#8386,#8387,#8388,#8389,#8390,
#8391,#8392,#8393,#8394,#8395,#8396,#8397,#8398,#8399,#8400,#8401,#8402,
#8403,#8404,#8405,#8406,#8407,#8408,#8409,#8410,#8411,#8412,#8413,#8414,
#8415,#8416,#8417,#8418,#8419,#8420,#8421,#8422,#8423,#8424,#8425,#8426,
#8427,#8428,#8429,#8430,#8431,#8432,#8433,#8434,#8435,#8436,#8437,#8438,
#8439,#8440,#8441,#8442,#8443,#8444,#8445,#8446,#8447,#8448,#8449,#8450,
#8451,#8452,#8453,#8454,#8455,#8456,#8457,#8458,#8459,#8460,#8461,#8462,
#8463,#8464,#8465,#8466,#8467,#8468,#8469,#8470,#8471,#8472,#8473,#8474,
#8475,#8476,#8477,#8478,#8479,#8480,#8481,#8482,#8483,#8484,#8485,#8486));
#8489=STYLED_ITEM('',(#8491),#8504);
#8490=STYLED_ITEM('',(#8492),#8505);
#8491=PRESENTATION_STYLE_ASSIGNMENT((#8493));
#8492=PRESENTATION_STYLE_ASSIGNMENT((#8494));
#8493=SURFACE_STYLE_USAGE(.BOTH.,#8495);
#8494=SURFACE_STYLE_USAGE(.BOTH.,#8496);
#8495=SURFACE_SIDE_STYLE('',(#8497));
#8496=SURFACE_SIDE_STYLE('',(#8498));
#8497=SURFACE_STYLE_FILL_AREA(#8499);
#8498=SURFACE_STYLE_FILL_AREA(#8500);
#8499=FILL_AREA_STYLE('',(#8501));
#8500=FILL_AREA_STYLE('',(#8502));
#8501=FILL_AREA_STYLE_COLOUR('',#8503);
#8502=FILL_AREA_STYLE_COLOUR('',#8503);
#8503=COLOUR_RGB('',0.188235294117647,0.188235294117647,0.188235294117647);
#8504=MANIFOLD_SOLID_BREP('Chassis_R_688_Bearing',#8487);
#8505=MANIFOLD_SOLID_BREP('Chassis_L_688_Bearing',#8488);
#8506=SHAPE_DEFINITION_REPRESENTATION(#14708,#8508);
#8507=SHAPE_DEFINITION_REPRESENTATION(#14709,#8509);
#8508=SHAPE_REPRESENTATION('Chassis_R_688_Bearing',(#8510),#14698);
#8509=SHAPE_REPRESENTATION('Chassis_L_688_Bearing',(#9022),#14699);
#8510=AXIS2_PLACEMENT_3D('',#12244,#9532,#9533);
#8511=AXIS2_PLACEMENT_3D('',#12245,#9534,#9535);
#8512=AXIS2_PLACEMENT_3D('',#12246,#9536,#9537);
#8513=AXIS2_PLACEMENT_3D('',#12248,#9538,#9539);
#8514=AXIS2_PLACEMENT_3D('',#12251,#9540,#9541);
#8515=AXIS2_PLACEMENT_3D('',#12253,#9542,#9543);
#8516=AXIS2_PLACEMENT_3D('',#12257,#9545,#9546);
#8517=AXIS2_PLACEMENT_3D('',#12259,#9547,#9548);
#8518=AXIS2_PLACEMENT_3D('',#12261,#9549,#9550);
#8519=AXIS2_PLACEMENT_3D('',#12265,#9552,#9553);
#8520=AXIS2_PLACEMENT_3D('',#12269,#9555,#9556);
#8521=AXIS2_PLACEMENT_3D('',#12273,#9558,#9559);
#8522=AXIS2_PLACEMENT_3D('',#12277,#9561,#9562);
#8523=AXIS2_PLACEMENT_3D('',#12281,#9564,#9565);
#8524=AXIS2_PLACEMENT_3D('',#12285,#9567,#9568);
#8525=AXIS2_PLACEMENT_3D('',#12289,#9570,#9571);
#8526=AXIS2_PLACEMENT_3D('',#12293,#9573,#9574);
#8527=AXIS2_PLACEMENT_3D('',#12297,#9576,#9577);
#8528=AXIS2_PLACEMENT_3D('',#12299,#9578,#9579);
#8529=AXIS2_PLACEMENT_3D('',#12301,#9580,#9581);
#8530=AXIS2_PLACEMENT_3D('',#12303,#9582,#9583);
#8531=AXIS2_PLACEMENT_3D('',#12305,#9584,#9585);
#8532=AXIS2_PLACEMENT_3D('',#12309,#9587,#9588);
#8533=AXIS2_PLACEMENT_3D('',#12313,#9590,#9591);
#8534=AXIS2_PLACEMENT_3D('',#12315,#9592,#9593);
#8535=AXIS2_PLACEMENT_3D('',#12317,#9594,#9595);
#8536=AXIS2_PLACEMENT_3D('',#12321,#9597,#9598);
#8537=AXIS2_PLACEMENT_3D('',#12325,#9600,#9601);
#8538=AXIS2_PLACEMENT_3D('',#12329,#9603,#9604);
#8539=AXIS2_PLACEMENT_3D('',#12333,#9606,#9607);
#8540=AXIS2_PLACEMENT_3D('',#12336,#9609,#9610);
#8541=AXIS2_PLACEMENT_3D('',#12338,#9611,#9612);
#8542=AXIS2_PLACEMENT_3D('',#12340,#9613,#9614);
#8543=AXIS2_PLACEMENT_3D('',#12342,#9615,#9616);
#8544=AXIS2_PLACEMENT_3D('',#12347,#9618,#9619);
#8545=AXIS2_PLACEMENT_3D('',#12351,#9621,#9622);
#8546=AXIS2_PLACEMENT_3D('',#12353,#9623,#9624);
#8547=AXIS2_PLACEMENT_3D('',#12357,#9626,#9627);
#8548=AXIS2_PLACEMENT_3D('',#12359,#9628,#9629);
#8549=AXIS2_PLACEMENT_3D('',#12361,#9630,#9631);
#8550=AXIS2_PLACEMENT_3D('',#12363,#9632,#9633);
#8551=AXIS2_PLACEMENT_3D('',#12364,#9634,#9635);
#8552=AXIS2_PLACEMENT_3D('',#12366,#9636,#9637);
#8553=AXIS2_PLACEMENT_3D('',#12368,#9638,#9639);
#8554=AXIS2_PLACEMENT_3D('',#12370,#9640,#9641);
#8555=AXIS2_PLACEMENT_3D('',#12372,#9642,#9643);
#8556=AXIS2_PLACEMENT_3D('',#12374,#9644,#9645);
#8557=AXIS2_PLACEMENT_3D('',#12376,#9646,#9647);
#8558=AXIS2_PLACEMENT_3D('',#12378,#9648,#9649);
#8559=AXIS2_PLACEMENT_3D('',#12380,#9650,#9651);
#8560=AXIS2_PLACEMENT_3D('',#12382,#9652,#9653);
#8561=AXIS2_PLACEMENT_3D('',#12384,#9654,#9655);
#8562=AXIS2_PLACEMENT_3D('',#12389,#9657,#9658);
#8563=AXIS2_PLACEMENT_3D('',#12391,#9659,#9660);
#8564=AXIS2_PLACEMENT_3D('',#12393,#9661,#9662);
#8565=AXIS2_PLACEMENT_3D('',#12397,#9664,#9665);
#8566=AXIS2_PLACEMENT_3D('',#12401,#9667,#9668);
#8567=AXIS2_PLACEMENT_3D('',#12403,#9669,#9670);
#8568=AXIS2_PLACEMENT_3D('',#12404,#9671,#9672);
#8569=AXIS2_PLACEMENT_3D('',#12409,#9674,#9675);
#8570=AXIS2_PLACEMENT_3D('',#12413,#9677,#9678);
#8571=AXIS2_PLACEMENT_3D('',#12417,#9680,#9681);
#8572=AXIS2_PLACEMENT_3D('',#12419,#9682,#9683);
#8573=AXIS2_PLACEMENT_3D('',#12421,#9684,#9685);
#8574=AXIS2_PLACEMENT_3D('',#12423,#9686,#9687);
#8575=AXIS2_PLACEMENT_3D('',#12424,#9688,#9689);
#8576=AXIS2_PLACEMENT_3D('',#12426,#9690,#9691);
#8577=AXIS2_PLACEMENT_3D('',#12427,#9692,#9693);
#8578=AXIS2_PLACEMENT_3D('',#12429,#9694,#9695);
#8579=AXIS2_PLACEMENT_3D('',#12432,#9696,#9697);
#8580=AXIS2_PLACEMENT_3D('',#12436,#9699,#9700);
#8581=AXIS2_PLACEMENT_3D('',#12440,#9702,#9703);
#8582=AXIS2_PLACEMENT_3D('',#12444,#9705,#9706);
#8583=AXIS2_PLACEMENT_3D('',#12448,#9708,#9709);
#8584=AXIS2_PLACEMENT_3D('',#12452,#9711,#9712);
#8585=AXIS2_PLACEMENT_3D('',#12454,#9713,#9714);
#8586=AXIS2_PLACEMENT_3D('',#12456,#9715,#9716);
#8587=AXIS2_PLACEMENT_3D('',#12460,#9718,#9719);
#8588=AXIS2_PLACEMENT_3D('',#12464,#9721,#9722);
#8589=AXIS2_PLACEMENT_3D('',#12466,#9723,#9724);
#8590=AXIS2_PLACEMENT_3D('',#12468,#9725,#9726);
#8591=AXIS2_PLACEMENT_3D('',#12470,#9727,#9728);
#8592=AXIS2_PLACEMENT_3D('',#12472,#9729,#9730);
#8593=AXIS2_PLACEMENT_3D('',#12476,#9732,#9733);
#8594=AXIS2_PLACEMENT_3D('',#12480,#9735,#9736);
#8595=AXIS2_PLACEMENT_3D('',#12484,#9738,#9739);
#8596=AXIS2_PLACEMENT_3D('',#12488,#9741,#9742);
#8597=AXIS2_PLACEMENT_3D('',#12492,#9744,#9745);
#8598=AXIS2_PLACEMENT_3D('',#12496,#9747,#9748);
#8599=AXIS2_PLACEMENT_3D('',#12500,#9750,#9751);
#8600=AXIS2_PLACEMENT_3D('',#12504,#9753,#9754);
#8601=AXIS2_PLACEMENT_3D('',#12508,#9756,#9757);
#8602=AXIS2_PLACEMENT_3D('',#12510,#9758,#9759);
#8603=AXIS2_PLACEMENT_3D('',#12512,#9760,#9761);
#8604=AXIS2_PLACEMENT_3D('',#12516,#9763,#9764);
#8605=AXIS2_PLACEMENT_3D('',#12517,#9765,#9766);
#8606=AXIS2_PLACEMENT_3D('',#12520,#9767,#9768);
#8607=AXIS2_PLACEMENT_3D('',#12521,#9769,#9770);
#8608=AXIS2_PLACEMENT_3D('',#12522,#9771,#9772);
#8609=AXIS2_PLACEMENT_3D('',#12523,#9773,#9774);
#8610=AXIS2_PLACEMENT_3D('',#12525,#9775,#9776);
#8611=AXIS2_PLACEMENT_3D('',#12527,#9777,#9778);
#8612=AXIS2_PLACEMENT_3D('',#12529,#9779,#9780);
#8613=AXIS2_PLACEMENT_3D('',#12531,#9781,#9782);
#8614=AXIS2_PLACEMENT_3D('',#12534,#9783,#9784);
#8615=AXIS2_PLACEMENT_3D('',#12536,#9785,#9786);
#8616=AXIS2_PLACEMENT_3D('',#12538,#9787,#9788);
#8617=AXIS2_PLACEMENT_3D('',#12540,#9789,#9790);
#8618=AXIS2_PLACEMENT_3D('',#12544,#9792,#9793);
#8619=AXIS2_PLACEMENT_3D('',#12546,#9794,#9795);
#8620=AXIS2_PLACEMENT_3D('',#12550,#9797,#9798);
#8621=AXIS2_PLACEMENT_3D('',#12553,#9800,#9801);
#8622=AXIS2_PLACEMENT_3D('',#12555,#9802,#9803);
#8623=AXIS2_PLACEMENT_3D('',#12558,#9804,#9805);
#8624=AXIS2_PLACEMENT_3D('',#12560,#9806,#9807);
#8625=AXIS2_PLACEMENT_3D('',#12562,#9808,#9809);
#8626=AXIS2_PLACEMENT_3D('',#12564,#9810,#9811);
#8627=AXIS2_PLACEMENT_3D('',#12568,#9813,#9814);
#8628=AXIS2_PLACEMENT_3D('',#12572,#9816,#9817);
#8629=AXIS2_PLACEMENT_3D('',#12578,#9820,#9821);
#8630=AXIS2_PLACEMENT_3D('',#12580,#9822,#9823);
#8631=AXIS2_PLACEMENT_3D('',#12584,#9825,#9826);
#8632=AXIS2_PLACEMENT_3D('',#12588,#9828,#9829);
#8633=AXIS2_PLACEMENT_3D('',#12590,#9830,#9831);
#8634=AXIS2_PLACEMENT_3D('',#12592,#9832,#9833);
#8635=AXIS2_PLACEMENT_3D('',#12593,#9834,#9835);
#8636=AXIS2_PLACEMENT_3D('',#12595,#9836,#9837);
#8637=AXIS2_PLACEMENT_3D('',#12596,#9838,#9839);
#8638=AXIS2_PLACEMENT_3D('',#12601,#9842,#9843);
#8639=AXIS2_PLACEMENT_3D('',#12602,#9844,#9845);
#8640=AXIS2_PLACEMENT_3D('',#12604,#9846,#9847);
#8641=AXIS2_PLACEMENT_3D('',#12605,#9848,#9849);
#8642=AXIS2_PLACEMENT_3D('',#12608,#9852,#9853);
#8643=AXIS2_PLACEMENT_3D('',#12609,#9854,#9855);
#8644=AXIS2_PLACEMENT_3D('',#12611,#9856,#9857);
#8645=AXIS2_PLACEMENT_3D('',#12616,#9859,#9860);
#8646=AXIS2_PLACEMENT_3D('',#12620,#9862,#9863);
#8647=AXIS2_PLACEMENT_3D('',#12624,#9865,#9866);
#8648=AXIS2_PLACEMENT_3D('',#12628,#9868,#9869);
#8649=AXIS2_PLACEMENT_3D('',#12632,#9871,#9872);
#8650=AXIS2_PLACEMENT_3D('',#12636,#9874,#9875);
#8651=AXIS2_PLACEMENT_3D('',#12640,#9877,#9878);
#8652=AXIS2_PLACEMENT_3D('',#12643,#9880,#9881);
#8653=AXIS2_PLACEMENT_3D('',#12644,#9882,#9883);
#8654=AXIS2_PLACEMENT_3D('',#12646,#9884,#9885);
#8655=AXIS2_PLACEMENT_3D('',#12648,#9886,#9887);
#8656=AXIS2_PLACEMENT_3D('',#12653,#9890,#9891);
#8657=AXIS2_PLACEMENT_3D('',#12654,#9892,#9893);
#8658=AXIS2_PLACEMENT_3D('',#12657,#9895,#9896);
#8659=AXIS2_PLACEMENT_3D('',#12658,#9897,#9898);
#8660=AXIS2_PLACEMENT_3D('',#12662,#9901,#9902);
#8661=AXIS2_PLACEMENT_3D('',#12665,#9904,#9905);
#8662=AXIS2_PLACEMENT_3D('',#12666,#9906,#9907);
#8663=AXIS2_PLACEMENT_3D('',#12672,#9911,#9912);
#8664=AXIS2_PLACEMENT_3D('',#12673,#9913,#9914);
#8665=AXIS2_PLACEMENT_3D('',#12676,#9916,#9917);
#8666=AXIS2_PLACEMENT_3D('',#12680,#9920,#9921);
#8667=AXIS2_PLACEMENT_3D('',#12681,#9922,#9923);
#8668=AXIS2_PLACEMENT_3D('',#12682,#9924,#9925);
#8669=AXIS2_PLACEMENT_3D('',#12683,#9926,#9927);
#8670=AXIS2_PLACEMENT_3D('',#12686,#9929,#9930);
#8671=AXIS2_PLACEMENT_3D('',#12690,#9933,#9934);
#8672=AXIS2_PLACEMENT_3D('',#12691,#9935,#9936);
#8673=AXIS2_PLACEMENT_3D('',#12694,#9938,#9939);
#8674=AXIS2_PLACEMENT_3D('',#12697,#9941,#9942);
#8675=AXIS2_PLACEMENT_3D('',#12698,#9943,#9944);
#8676=AXIS2_PLACEMENT_3D('',#12699,#9945,#9946);
#8677=AXIS2_PLACEMENT_3D('',#12702,#9948,#9949);
#8678=AXIS2_PLACEMENT_3D('',#12706,#9952,#9953);
#8679=AXIS2_PLACEMENT_3D('',#12707,#9954,#9955);
#8680=AXIS2_PLACEMENT_3D('',#12710,#9957,#9958);
#8681=AXIS2_PLACEMENT_3D('',#12713,#9960,#9961);
#8682=AXIS2_PLACEMENT_3D('',#12714,#9962,#9963);
#8683=AXIS2_PLACEMENT_3D('',#12715,#9964,#9965);
#8684=AXIS2_PLACEMENT_3D('',#12718,#9967,#9968);
#8685=AXIS2_PLACEMENT_3D('',#12722,#9971,#9972);
#8686=AXIS2_PLACEMENT_3D('',#12723,#9973,#9974);
#8687=AXIS2_PLACEMENT_3D('',#12724,#9975,#9976);
#8688=AXIS2_PLACEMENT_3D('',#12725,#9977,#9978);
#8689=AXIS2_PLACEMENT_3D('',#12727,#9979,#9980);
#8690=AXIS2_PLACEMENT_3D('',#12729,#9981,#9982);
#8691=AXIS2_PLACEMENT_3D('',#12732,#9984,#9985);
#8692=AXIS2_PLACEMENT_3D('',#12735,#9987,#9988);
#8693=AXIS2_PLACEMENT_3D('',#12739,#9991,#9992);
#8694=AXIS2_PLACEMENT_3D('',#12740,#9993,#9994);
#8695=AXIS2_PLACEMENT_3D('',#12743,#9996,#9997);
#8696=AXIS2_PLACEMENT_3D('',#12747,#10000,#10001);
#8697=AXIS2_PLACEMENT_3D('',#12748,#10002,#10003);
#8698=AXIS2_PLACEMENT_3D('',#12751,#10005,#10006);
#8699=AXIS2_PLACEMENT_3D('',#12752,#10007,#10008);
#8700=AXIS2_PLACEMENT_3D('',#12755,#10010,#10011);
#8701=AXIS2_PLACEMENT_3D('',#12759,#10014,#10015);
#8702=AXIS2_PLACEMENT_3D('',#12760,#10016,#10017);
#8703=AXIS2_PLACEMENT_3D('',#12763,#10019,#10020);
#8704=AXIS2_PLACEMENT_3D('',#12764,#10021,#10022);
#8705=AXIS2_PLACEMENT_3D('',#12767,#10024,#10025);
#8706=AXIS2_PLACEMENT_3D('',#12768,#10026,#10027);
#8707=AXIS2_PLACEMENT_3D('',#12771,#10029,#10030);
#8708=AXIS2_PLACEMENT_3D('',#12772,#10031,#10032);
#8709=AXIS2_PLACEMENT_3D('',#12773,#10033,#10034);
#8710=AXIS2_PLACEMENT_3D('',#12774,#10035,#10036);
#8711=AXIS2_PLACEMENT_3D('',#12776,#10037,#10038);
#8712=AXIS2_PLACEMENT_3D('',#12778,#10039,#10040);
#8713=AXIS2_PLACEMENT_3D('',#12779,#10041,#10042);
#8714=AXIS2_PLACEMENT_3D('',#12781,#10043,#10044);
#8715=AXIS2_PLACEMENT_3D('',#12782,#10045,#10046);
#8716=AXIS2_PLACEMENT_3D('',#12784,#10047,#10048);
#8717=AXIS2_PLACEMENT_3D('',#12790,#10052,#10053);
#8718=AXIS2_PLACEMENT_3D('',#12791,#10054,#10055);
#8719=AXIS2_PLACEMENT_3D('',#12794,#10057,#10058);
#8720=AXIS2_PLACEMENT_3D('',#12795,#10059,#10060);
#8721=AXIS2_PLACEMENT_3D('',#12798,#10062,#10063);
#8722=AXIS2_PLACEMENT_3D('',#12799,#10064,#10065);
#8723=AXIS2_PLACEMENT_3D('',#12802,#10067,#10068);
#8724=AXIS2_PLACEMENT_3D('',#12806,#10071,#10072);
#8725=AXIS2_PLACEMENT_3D('',#12807,#10073,#10074);
#8726=AXIS2_PLACEMENT_3D('',#12810,#10076,#10077);
#8727=AXIS2_PLACEMENT_3D('',#12814,#10080,#10081);
#8728=AXIS2_PLACEMENT_3D('',#12815,#10082,#10083);
#8729=AXIS2_PLACEMENT_3D('',#12818,#10085,#10086);
#8730=AXIS2_PLACEMENT_3D('',#12819,#10087,#10088);
#8731=AXIS2_PLACEMENT_3D('',#12820,#10089,#10090);
#8732=AXIS2_PLACEMENT_3D('',#12821,#10091,#10092);
#8733=AXIS2_PLACEMENT_3D('',#12823,#10093,#10094);
#8734=AXIS2_PLACEMENT_3D('',#12824,#10095,#10096);
#8735=AXIS2_PLACEMENT_3D('',#12826,#10097,#10098);
#8736=AXIS2_PLACEMENT_3D('',#12827,#10099,#10100);
#8737=AXIS2_PLACEMENT_3D('',#12829,#10101,#10102);
#8738=AXIS2_PLACEMENT_3D('',#12830,#10103,#10104);
#8739=AXIS2_PLACEMENT_3D('',#12832,#10105,#10106);
#8740=AXIS2_PLACEMENT_3D('',#12835,#10108,#10109);
#8741=AXIS2_PLACEMENT_3D('',#12838,#10111,#10112);
#8742=AXIS2_PLACEMENT_3D('',#12842,#10115,#10116);
#8743=AXIS2_PLACEMENT_3D('',#12843,#10117,#10118);
#8744=AXIS2_PLACEMENT_3D('',#12846,#10120,#10121);
#8745=AXIS2_PLACEMENT_3D('',#12850,#10124,#10125);
#8746=AXIS2_PLACEMENT_3D('',#12851,#10126,#10127);
#8747=AXIS2_PLACEMENT_3D('',#12854,#10129,#10130);
#8748=AXIS2_PLACEMENT_3D('',#12858,#10133,#10134);
#8749=AXIS2_PLACEMENT_3D('',#12859,#10135,#10136);
#8750=AXIS2_PLACEMENT_3D('',#12862,#10138,#10139);
#8751=AXIS2_PLACEMENT_3D('',#12863,#10140,#10141);
#8752=AXIS2_PLACEMENT_3D('',#12866,#10143,#10144);
#8753=AXIS2_PLACEMENT_3D('',#12867,#10145,#10146);
#8754=AXIS2_PLACEMENT_3D('',#12870,#10148,#10149);
#8755=AXIS2_PLACEMENT_3D('',#12871,#10150,#10151);
#8756=AXIS2_PLACEMENT_3D('',#12872,#10152,#10153);
#8757=AXIS2_PLACEMENT_3D('',#12873,#10154,#10155);
#8758=AXIS2_PLACEMENT_3D('',#12875,#10156,#10157);
#8759=AXIS2_PLACEMENT_3D('',#12876,#10158,#10159);
#8760=AXIS2_PLACEMENT_3D('',#12878,#10160,#10161);
#8761=AXIS2_PLACEMENT_3D('',#12879,#10162,#10163);
#8762=AXIS2_PLACEMENT_3D('',#12881,#10164,#10165);
#8763=AXIS2_PLACEMENT_3D('',#12882,#10166,#10167);
#8764=AXIS2_PLACEMENT_3D('',#12884,#10168,#10169);
#8765=AXIS2_PLACEMENT_3D('',#12885,#10170,#10171);
#8766=AXIS2_PLACEMENT_3D('',#12887,#10172,#10173);
#8767=AXIS2_PLACEMENT_3D('',#12892,#10177,#10178);
#8768=AXIS2_PLACEMENT_3D('',#12894,#10180,#10181);
#8769=AXIS2_PLACEMENT_3D('',#12896,#10183,#10184);
#8770=AXIS2_PLACEMENT_3D('',#12898,#10186,#10187);
#8771=AXIS2_PLACEMENT_3D('',#12900,#10189,#10190);
#8772=AXIS2_PLACEMENT_3D('',#12902,#10192,#10193);
#8773=AXIS2_PLACEMENT_3D('',#12904,#10195,#10196);
#8774=AXIS2_PLACEMENT_3D('',#12906,#10198,#10199);
#8775=AXIS2_PLACEMENT_3D('',#12908,#10201,#10202);
#8776=AXIS2_PLACEMENT_3D('',#12910,#10204,#10205);
#8777=AXIS2_PLACEMENT_3D('',#12912,#10207,#10208);
#8778=AXIS2_PLACEMENT_3D('',#12914,#10210,#10211);
#8779=AXIS2_PLACEMENT_3D('',#12916,#10213,#10214);
#8780=AXIS2_PLACEMENT_3D('',#12918,#10216,#10217);
#8781=AXIS2_PLACEMENT_3D('',#12920,#10219,#10220);
#8782=AXIS2_PLACEMENT_3D('',#12921,#10221,#10222);
#8783=AXIS2_PLACEMENT_3D('',#12923,#10224,#10225);
#8784=AXIS2_PLACEMENT_3D('',#12925,#10227,#10228);
#8785=AXIS2_PLACEMENT_3D('',#12927,#10230,#10231);
#8786=AXIS2_PLACEMENT_3D('',#12929,#10233,#10234);
#8787=AXIS2_PLACEMENT_3D('',#12930,#10235,#10236);
#8788=AXIS2_PLACEMENT_3D('',#12933,#10238,#10239);
#8789=AXIS2_PLACEMENT_3D('',#12934,#10240,#10241);
#8790=AXIS2_PLACEMENT_3D('',#12936,#10242,#10243);
#8791=AXIS2_PLACEMENT_3D('',#12937,#10244,#10245);
#8792=AXIS2_PLACEMENT_3D('',#12939,#10246,#10247);
#8793=AXIS2_PLACEMENT_3D('',#12940,#10248,#10249);
#8794=AXIS2_PLACEMENT_3D('',#12942,#10250,#10251);
#8795=AXIS2_PLACEMENT_3D('',#12943,#10252,#10253);
#8796=AXIS2_PLACEMENT_3D('',#12945,#10254,#10255);
#8797=AXIS2_PLACEMENT_3D('',#12948,#10258,#10259);
#8798=AXIS2_PLACEMENT_3D('',#12950,#10261,#10262);
#8799=AXIS2_PLACEMENT_3D('',#12952,#10264,#10265);
#8800=AXIS2_PLACEMENT_3D('',#12954,#10267,#10268);
#8801=AXIS2_PLACEMENT_3D('',#12956,#10270,#10271);
#8802=AXIS2_PLACEMENT_3D('',#12958,#10273,#10274);
#8803=AXIS2_PLACEMENT_3D('',#12960,#10276,#10277);
#8804=AXIS2_PLACEMENT_3D('',#12962,#10279,#10280);
#8805=AXIS2_PLACEMENT_3D('',#12964,#10282,#10283);
#8806=AXIS2_PLACEMENT_3D('',#12966,#10285,#10286);
#8807=AXIS2_PLACEMENT_3D('',#12967,#10287,#10288);
#8808=AXIS2_PLACEMENT_3D('',#12968,#10289,#10290);
#8809=AXIS2_PLACEMENT_3D('',#12971,#10293,#10294);
#8810=AXIS2_PLACEMENT_3D('',#12973,#10296,#10297);
#8811=AXIS2_PLACEMENT_3D('',#12975,#10299,#10300);
#8812=AXIS2_PLACEMENT_3D('',#12977,#10302,#10303);
#8813=AXIS2_PLACEMENT_3D('',#12979,#10305,#10306);
#8814=AXIS2_PLACEMENT_3D('',#12981,#10308,#10309);
#8815=AXIS2_PLACEMENT_3D('',#12983,#10311,#10312);
#8816=AXIS2_PLACEMENT_3D('',#12985,#10314,#10315);
#8817=AXIS2_PLACEMENT_3D('',#12987,#10317,#10318);
#8818=AXIS2_PLACEMENT_3D('',#12988,#10319,#10320);
#8819=AXIS2_PLACEMENT_3D('',#12991,#10323,#10324);
#8820=AXIS2_PLACEMENT_3D('',#12993,#10326,#10327);
#8821=AXIS2_PLACEMENT_3D('',#12995,#10329,#10330);
#8822=AXIS2_PLACEMENT_3D('',#12997,#10332,#10333);
#8823=AXIS2_PLACEMENT_3D('',#12999,#10335,#10336);
#8824=AXIS2_PLACEMENT_3D('',#13001,#10338,#10339);
#8825=AXIS2_PLACEMENT_3D('',#13003,#10341,#10342);
#8826=AXIS2_PLACEMENT_3D('',#13005,#10344,#10345);
#8827=AXIS2_PLACEMENT_3D('',#13006,#10346,#10347);
#8828=AXIS2_PLACEMENT_3D('',#13007,#10348,#10349);
#8829=AXIS2_PLACEMENT_3D('',#13009,#10350,#10351);
#8830=AXIS2_PLACEMENT_3D('',#13010,#10352,#10353);
#8831=AXIS2_PLACEMENT_3D('',#13012,#10354,#10355);
#8832=AXIS2_PLACEMENT_3D('',#13013,#10356,#10357);
#8833=AXIS2_PLACEMENT_3D('',#13014,#10358,#10359);
#8834=AXIS2_PLACEMENT_3D('',#13015,#10360,#10361);
#8835=AXIS2_PLACEMENT_3D('',#13016,#10362,#10363);
#8836=AXIS2_PLACEMENT_3D('',#13018,#10364,#10365);
#8837=AXIS2_PLACEMENT_3D('',#13019,#10366,#10367);
#8838=AXIS2_PLACEMENT_3D('',#13021,#10368,#10369);
#8839=AXIS2_PLACEMENT_3D('',#13022,#10370,#10371);
#8840=AXIS2_PLACEMENT_3D('',#13024,#10372,#10373);
#8841=AXIS2_PLACEMENT_3D('',#13025,#10374,#10375);
#8842=AXIS2_PLACEMENT_3D('',#13026,#10376,#10377);
#8843=AXIS2_PLACEMENT_3D('',#13027,#10378,#10379);
#8844=AXIS2_PLACEMENT_3D('',#13028,#10380,#10381);
#8845=AXIS2_PLACEMENT_3D('',#13030,#10382,#10383);
#8846=AXIS2_PLACEMENT_3D('',#13031,#10384,#10385);
#8847=AXIS2_PLACEMENT_3D('',#13033,#10386,#10387);
#8848=AXIS2_PLACEMENT_3D('',#13034,#10388,#10389);
#8849=AXIS2_PLACEMENT_3D('',#13035,#10390,#10391);
#8850=AXIS2_PLACEMENT_3D('',#13036,#10392,#10393);
#8851=AXIS2_PLACEMENT_3D('',#13037,#10394,#10395);
#8852=AXIS2_PLACEMENT_3D('',#13041,#10396,#10397);
#8853=AXIS2_PLACEMENT_3D('',#13043,#10399,#10400);
#8854=AXIS2_PLACEMENT_3D('',#13044,#10401,#10402);
#8855=AXIS2_PLACEMENT_3D('',#13053,#10407,#10408);
#8856=AXIS2_PLACEMENT_3D('',#13059,#10412,#10413);
#8857=AXIS2_PLACEMENT_3D('',#13060,#10414,#10415);
#8858=AXIS2_PLACEMENT_3D('',#13063,#10417,#10418);
#8859=AXIS2_PLACEMENT_3D('',#13069,#10422,#10423);
#8860=AXIS2_PLACEMENT_3D('',#13070,#10424,#10425);
#8861=AXIS2_PLACEMENT_3D('',#13073,#10427,#10428);
#8862=AXIS2_PLACEMENT_3D('',#13079,#10432,#10433);
#8863=AXIS2_PLACEMENT_3D('',#13080,#10434,#10435);
#8864=AXIS2_PLACEMENT_3D('',#13081,#10436,#10437);
#8865=AXIS2_PLACEMENT_3D('',#13085,#10440,#10441);
#8866=AXIS2_PLACEMENT_3D('',#13086,#10442,#10443);
#8867=AXIS2_PLACEMENT_3D('',#13087,#10444,#10445);
#8868=AXIS2_PLACEMENT_3D('',#13088,#10446,#10447);
#8869=AXIS2_PLACEMENT_3D('',#13092,#10449,#10450);
#8870=AXIS2_PLACEMENT_3D('',#13093,#10451,#10452);
#8871=AXIS2_PLACEMENT_3D('',#13094,#10453,#10454);
#8872=AXIS2_PLACEMENT_3D('',#13096,#10455,#10456);
#8873=AXIS2_PLACEMENT_3D('',#13099,#10458,#10459);
#8874=AXIS2_PLACEMENT_3D('',#13105,#10463,#10464);
#8875=AXIS2_PLACEMENT_3D('',#13106,#10465,#10466);
#8876=AXIS2_PLACEMENT_3D('',#13110,#10468,#10469);
#8877=AXIS2_PLACEMENT_3D('',#13111,#10470,#10471);
#8878=AXIS2_PLACEMENT_3D('',#13117,#10475,#10476);
#8879=AXIS2_PLACEMENT_3D('',#13123,#10480,#10481);
#8880=AXIS2_PLACEMENT_3D('',#13124,#10482,#10483);
#8881=AXIS2_PLACEMENT_3D('',#13126,#10484,#10485);
#8882=AXIS2_PLACEMENT_3D('',#13130,#10487,#10488);
#8883=AXIS2_PLACEMENT_3D('',#13134,#10490,#10491);
#8884=AXIS2_PLACEMENT_3D('',#13138,#10493,#10494);
#8885=AXIS2_PLACEMENT_3D('',#13141,#10496,#10497);
#8886=AXIS2_PLACEMENT_3D('',#13142,#10498,#10499);
#8887=AXIS2_PLACEMENT_3D('',#13145,#10501,#10502);
#8888=AXIS2_PLACEMENT_3D('',#13149,#10504,#10505);
#8889=AXIS2_PLACEMENT_3D('',#13153,#10507,#10508);
#8890=AXIS2_PLACEMENT_3D('',#13157,#10510,#10511);
#8891=AXIS2_PLACEMENT_3D('',#13161,#10513,#10514);
#8892=AXIS2_PLACEMENT_3D('',#13165,#10516,#10517);
#8893=AXIS2_PLACEMENT_3D('',#13169,#10519,#10520);
#8894=AXIS2_PLACEMENT_3D('',#13173,#10522,#10523);
#8895=AXIS2_PLACEMENT_3D('',#13177,#10525,#10526);
#8896=AXIS2_PLACEMENT_3D('',#13178,#10527,#10528);
#8897=AXIS2_PLACEMENT_3D('',#13182,#10531,#10532);
#8898=AXIS2_PLACEMENT_3D('',#13183,#10533,#10534);
#8899=AXIS2_PLACEMENT_3D('',#13186,#10536,#10537);
#8900=AXIS2_PLACEMENT_3D('',#13190,#10540,#10541);
#8901=AXIS2_PLACEMENT_3D('',#13191,#10542,#10543);
#8902=AXIS2_PLACEMENT_3D('',#13194,#10545,#10546);
#8903=AXIS2_PLACEMENT_3D('',#13198,#10549,#10550);
#8904=AXIS2_PLACEMENT_3D('',#13199,#10551,#10552);
#8905=AXIS2_PLACEMENT_3D('',#13202,#10554,#10555);
#8906=AXIS2_PLACEMENT_3D('',#13206,#10558,#10559);
#8907=AXIS2_PLACEMENT_3D('',#13207,#10560,#10561);
#8908=AXIS2_PLACEMENT_3D('',#13208,#10562,#10563);
#8909=AXIS2_PLACEMENT_3D('',#13211,#10566,#10567);
#8910=AXIS2_PLACEMENT_3D('',#13213,#10569,#10570);
#8911=AXIS2_PLACEMENT_3D('',#13215,#10572,#10573);
#8912=AXIS2_PLACEMENT_3D('',#13217,#10575,#10576);
#8913=AXIS2_PLACEMENT_3D('',#13219,#10578,#10579);
#8914=AXIS2_PLACEMENT_3D('',#13221,#10581,#10582);
#8915=AXIS2_PLACEMENT_3D('',#13223,#10584,#10585);
#8916=AXIS2_PLACEMENT_3D('',#13225,#10587,#10588);
#8917=AXIS2_PLACEMENT_3D('',#13227,#10590,#10591);
#8918=AXIS2_PLACEMENT_3D('',#13229,#10593,#10594);
#8919=AXIS2_PLACEMENT_3D('',#13231,#10596,#10597);
#8920=AXIS2_PLACEMENT_3D('',#13233,#10599,#10600);
#8921=AXIS2_PLACEMENT_3D('',#13235,#10602,#10603);
#8922=AXIS2_PLACEMENT_3D('',#13237,#10605,#10606);
#8923=AXIS2_PLACEMENT_3D('',#13239,#10608,#10609);
#8924=AXIS2_PLACEMENT_3D('',#13240,#10610,#10611);
#8925=AXIS2_PLACEMENT_3D('',#13244,#10613,#10614);
#8926=AXIS2_PLACEMENT_3D('',#13248,#10616,#10617);
#8927=AXIS2_PLACEMENT_3D('',#13252,#10619,#10620);
#8928=AXIS2_PLACEMENT_3D('',#13256,#10622,#10623);
#8929=AXIS2_PLACEMENT_3D('',#13260,#10625,#10626);
#8930=AXIS2_PLACEMENT_3D('',#13264,#10628,#10629);
#8931=AXIS2_PLACEMENT_3D('',#13268,#10631,#10632);
#8932=AXIS2_PLACEMENT_3D('',#13272,#10634,#10635);
#8933=AXIS2_PLACEMENT_3D('',#13273,#10636,#10637);
#8934=AXIS2_PLACEMENT_3D('',#13277,#10640,#10641);
#8935=AXIS2_PLACEMENT_3D('',#13278,#10642,#10643);
#8936=AXIS2_PLACEMENT_3D('',#13281,#10645,#10646);
#8937=AXIS2_PLACEMENT_3D('',#13285,#10649,#10650);
#8938=AXIS2_PLACEMENT_3D('',#13286,#10651,#10652);
#8939=AXIS2_PLACEMENT_3D('',#13289,#10654,#10655);
#8940=AXIS2_PLACEMENT_3D('',#13293,#10658,#10659);
#8941=AXIS2_PLACEMENT_3D('',#13294,#10660,#10661);
#8942=AXIS2_PLACEMENT_3D('',#13297,#10663,#10664);
#8943=AXIS2_PLACEMENT_3D('',#13301,#10667,#10668);
#8944=AXIS2_PLACEMENT_3D('',#13302,#10669,#10670);
#8945=AXIS2_PLACEMENT_3D('',#13303,#10671,#10672);
#8946=AXIS2_PLACEMENT_3D('',#13306,#10675,#10676);
#8947=AXIS2_PLACEMENT_3D('',#13308,#10678,#10679);
#8948=AXIS2_PLACEMENT_3D('',#13310,#10681,#10682);
#8949=AXIS2_PLACEMENT_3D('',#13312,#10684,#10685);
#8950=AXIS2_PLACEMENT_3D('',#13314,#10687,#10688);
#8951=AXIS2_PLACEMENT_3D('',#13316,#10690,#10691);
#8952=AXIS2_PLACEMENT_3D('',#13318,#10693,#10694);
#8953=AXIS2_PLACEMENT_3D('',#13320,#10696,#10697);
#8954=AXIS2_PLACEMENT_3D('',#13322,#10699,#10700);
#8955=AXIS2_PLACEMENT_3D('',#13324,#10702,#10703);
#8956=AXIS2_PLACEMENT_3D('',#13326,#10705,#10706);
#8957=AXIS2_PLACEMENT_3D('',#13328,#10708,#10709);
#8958=AXIS2_PLACEMENT_3D('',#13330,#10711,#10712);
#8959=AXIS2_PLACEMENT_3D('',#13332,#10714,#10715);
#8960=AXIS2_PLACEMENT_3D('',#13334,#10717,#10718);
#8961=AXIS2_PLACEMENT_3D('',#13335,#10719,#10720);
#8962=AXIS2_PLACEMENT_3D('',#13336,#10721,#10722);
#8963=AXIS2_PLACEMENT_3D('',#13339,#10724,#10725);
#8964=AXIS2_PLACEMENT_3D('',#13343,#10728,#10729);
#8965=AXIS2_PLACEMENT_3D('',#13344,#10730,#10731);
#8966=AXIS2_PLACEMENT_3D('',#13347,#10733,#10734);
#8967=AXIS2_PLACEMENT_3D('',#13351,#10737,#10738);
#8968=AXIS2_PLACEMENT_3D('',#13352,#10739,#10740);
#8969=AXIS2_PLACEMENT_3D('',#13355,#10742,#10743);
#8970=AXIS2_PLACEMENT_3D('',#13359,#10746,#10747);
#8971=AXIS2_PLACEMENT_3D('',#13360,#10748,#10749);
#8972=AXIS2_PLACEMENT_3D('',#13363,#10751,#10752);
#8973=AXIS2_PLACEMENT_3D('',#13364,#10753,#10754);
#8974=AXIS2_PLACEMENT_3D('',#13367,#10756,#10757);
#8975=AXIS2_PLACEMENT_3D('',#13368,#10758,#10759);
#8976=AXIS2_PLACEMENT_3D('',#13371,#10761,#10762);
#8977=AXIS2_PLACEMENT_3D('',#13372,#10763,#10764);
#8978=AXIS2_PLACEMENT_3D('',#13375,#10766,#10767);
#8979=AXIS2_PLACEMENT_3D('',#13376,#10768,#10769);
#8980=AXIS2_PLACEMENT_3D('',#13379,#10771,#10772);
#8981=AXIS2_PLACEMENT_3D('',#13383,#10775,#10776);
#8982=AXIS2_PLACEMENT_3D('',#13384,#10777,#10778);
#8983=AXIS2_PLACEMENT_3D('',#13387,#10780,#10781);
#8984=AXIS2_PLACEMENT_3D('',#13391,#10784,#10785);
#8985=AXIS2_PLACEMENT_3D('',#13392,#10786,#10787);
#8986=AXIS2_PLACEMENT_3D('',#13395,#10789,#10790);
#8987=AXIS2_PLACEMENT_3D('',#13396,#10791,#10792);
#8988=AXIS2_PLACEMENT_3D('',#13399,#10794,#10795);
#8989=AXIS2_PLACEMENT_3D('',#13400,#10796,#10797);
#8990=AXIS2_PLACEMENT_3D('',#13403,#10799,#10800);
#8991=AXIS2_PLACEMENT_3D('',#13407,#10803,#10804);
#8992=AXIS2_PLACEMENT_3D('',#13408,#10805,#10806);
#8993=AXIS2_PLACEMENT_3D('',#13411,#10808,#10809);
#8994=AXIS2_PLACEMENT_3D('',#13415,#10812,#10813);
#8995=AXIS2_PLACEMENT_3D('',#13416,#10814,#10815);
#8996=AXIS2_PLACEMENT_3D('',#13419,#10817,#10818);
#8997=AXIS2_PLACEMENT_3D('',#13421,#10820,#10821);
#8998=AXIS2_PLACEMENT_3D('',#13427,#10823,#10824);
#8999=AXIS2_PLACEMENT_3D('',#13429,#10826,#10827);
#9000=AXIS2_PLACEMENT_3D('',#13430,#10828,#10829);
#9001=AXIS2_PLACEMENT_3D('',#13432,#10831,#10832);
#9002=AXIS2_PLACEMENT_3D('',#13434,#10834,#10835);
#9003=AXIS2_PLACEMENT_3D('',#13436,#10837,#10838);
#9004=AXIS2_PLACEMENT_3D('',#13438,#10840,#10841);
#9005=AXIS2_PLACEMENT_3D('',#13440,#10843,#10844);
#9006=AXIS2_PLACEMENT_3D('',#13442,#10846,#10847);
#9007=AXIS2_PLACEMENT_3D('',#13444,#10849,#10850);
#9008=AXIS2_PLACEMENT_3D('',#13446,#10852,#10853);
#9009=AXIS2_PLACEMENT_3D('',#13448,#10855,#10856);
#9010=AXIS2_PLACEMENT_3D('',#13450,#10858,#10859);
#9011=AXIS2_PLACEMENT_3D('',#13452,#10861,#10862);
#9012=AXIS2_PLACEMENT_3D('',#13454,#10864,#10865);
#9013=AXIS2_PLACEMENT_3D('',#13456,#10867,#10868);
#9014=AXIS2_PLACEMENT_3D('',#13458,#10870,#10871);
#9015=AXIS2_PLACEMENT_3D('',#13460,#10873,#10874);
#9016=AXIS2_PLACEMENT_3D('',#13462,#10876,#10877);
#9017=AXIS2_PLACEMENT_3D('',#13464,#10879,#10880);
#9018=AXIS2_PLACEMENT_3D('',#13466,#10882,#10883);
#9019=AXIS2_PLACEMENT_3D('',#13467,#10884,#10885);
#9020=AXIS2_PLACEMENT_3D('',#13468,#10886,#10887);
#9021=AXIS2_PLACEMENT_3D('',#13470,#10888,#10889);
#9022=AXIS2_PLACEMENT_3D('',#13471,#10890,#10891);
#9023=AXIS2_PLACEMENT_3D('',#13472,#10892,#10893);
#9024=AXIS2_PLACEMENT_3D('',#13473,#10894,#10895);
#9025=AXIS2_PLACEMENT_3D('',#13475,#10896,#10897);
#9026=AXIS2_PLACEMENT_3D('',#13478,#10898,#10899);
#9027=AXIS2_PLACEMENT_3D('',#13482,#10901,#10902);
#9028=AXIS2_PLACEMENT_3D('',#13486,#10904,#10905);
#9029=AXIS2_PLACEMENT_3D('',#13490,#10907,#10908);
#9030=AXIS2_PLACEMENT_3D('',#13494,#10910,#10911);
#9031=AXIS2_PLACEMENT_3D('',#13498,#10913,#10914);
#9032=AXIS2_PLACEMENT_3D('',#13500,#10915,#10916);
#9033=AXIS2_PLACEMENT_3D('',#13502,#10917,#10918);
#9034=AXIS2_PLACEMENT_3D('',#13506,#10920,#10921);
#9035=AXIS2_PLACEMENT_3D('',#13510,#10923,#10924);
#9036=AXIS2_PLACEMENT_3D('',#13512,#10925,#10926);
#9037=AXIS2_PLACEMENT_3D('',#13514,#10927,#10928);
#9038=AXIS2_PLACEMENT_3D('',#13516,#10929,#10930);
#9039=AXIS2_PLACEMENT_3D('',#13518,#10931,#10932);
#9040=AXIS2_PLACEMENT_3D('',#13522,#10934,#10935);
#9041=AXIS2_PLACEMENT_3D('',#13526,#10937,#10938);
#9042=AXIS2_PLACEMENT_3D('',#13530,#10940,#10941);
#9043=AXIS2_PLACEMENT_3D('',#13534,#10943,#10944);
#9044=AXIS2_PLACEMENT_3D('',#13538,#10946,#10947);
#9045=AXIS2_PLACEMENT_3D('',#13542,#10949,#10950);
#9046=AXIS2_PLACEMENT_3D('',#13546,#10952,#10953);
#9047=AXIS2_PLACEMENT_3D('',#13550,#10955,#10956);
#9048=AXIS2_PLACEMENT_3D('',#13554,#10958,#10959);
#9049=AXIS2_PLACEMENT_3D('',#13556,#10960,#10961);
#9050=AXIS2_PLACEMENT_3D('',#13558,#10962,#10963);
#9051=AXIS2_PLACEMENT_3D('',#13562,#10965,#10966);
#9052=AXIS2_PLACEMENT_3D('',#13563,#10967,#10968);
#9053=AXIS2_PLACEMENT_3D('',#13565,#10969,#10970);
#9054=AXIS2_PLACEMENT_3D('',#13568,#10971,#10972);
#9055=AXIS2_PLACEMENT_3D('',#13570,#10973,#10974);
#9056=AXIS2_PLACEMENT_3D('',#13572,#10975,#10976);
#9057=AXIS2_PLACEMENT_3D('',#13574,#10977,#10978);
#9058=AXIS2_PLACEMENT_3D('',#13578,#10980,#10981);
#9059=AXIS2_PLACEMENT_3D('',#13582,#10983,#10984);
#9060=AXIS2_PLACEMENT_3D('',#13588,#10987,#10988);
#9061=AXIS2_PLACEMENT_3D('',#13590,#10989,#10990);
#9062=AXIS2_PLACEMENT_3D('',#13594,#10992,#10993);
#9063=AXIS2_PLACEMENT_3D('',#13598,#10995,#10996);
#9064=AXIS2_PLACEMENT_3D('',#13600,#10997,#10998);
#9065=AXIS2_PLACEMENT_3D('',#13602,#10999,#11000);
#9066=AXIS2_PLACEMENT_3D('',#13603,#11001,#11002);
#9067=AXIS2_PLACEMENT_3D('',#13605,#11003,#11004);
#9068=AXIS2_PLACEMENT_3D('',#13607,#11005,#11006);
#9069=AXIS2_PLACEMENT_3D('',#13609,#11007,#11008);
#9070=AXIS2_PLACEMENT_3D('',#13611,#11009,#11010);
#9071=AXIS2_PLACEMENT_3D('',#13613,#11011,#11012);
#9072=AXIS2_PLACEMENT_3D('',#13615,#11013,#11014);
#9073=AXIS2_PLACEMENT_3D('',#13617,#11015,#11016);
#9074=AXIS2_PLACEMENT_3D('',#13620,#11017,#11018);
#9075=AXIS2_PLACEMENT_3D('',#13622,#11019,#11020);
#9076=AXIS2_PLACEMENT_3D('',#13624,#11021,#11022);
#9077=AXIS2_PLACEMENT_3D('',#13626,#11023,#11024);
#9078=AXIS2_PLACEMENT_3D('',#13630,#11026,#11027);
#9079=AXIS2_PLACEMENT_3D('',#13632,#11028,#11029);
#9080=AXIS2_PLACEMENT_3D('',#13636,#11031,#11032);
#9081=AXIS2_PLACEMENT_3D('',#13639,#11034,#11035);
#9082=AXIS2_PLACEMENT_3D('',#13641,#11036,#11037);
#9083=AXIS2_PLACEMENT_3D('',#13643,#11038,#11039);
#9084=AXIS2_PLACEMENT_3D('',#13645,#11040,#11041);
#9085=AXIS2_PLACEMENT_3D('',#13647,#11042,#11043);
#9086=AXIS2_PLACEMENT_3D('',#13649,#11044,#11045);
#9087=AXIS2_PLACEMENT_3D('',#13651,#11046,#11047);
#9088=AXIS2_PLACEMENT_3D('',#13653,#11048,#11049);
#9089=AXIS2_PLACEMENT_3D('',#13654,#11050,#11051);
#9090=AXIS2_PLACEMENT_3D('',#13656,#11052,#11053);
#9091=AXIS2_PLACEMENT_3D('',#13659,#11054,#11055);
#9092=AXIS2_PLACEMENT_3D('',#13661,#11056,#11057);
#9093=AXIS2_PLACEMENT_3D('',#13665,#11059,#11060);
#9094=AXIS2_PLACEMENT_3D('',#13667,#11061,#11062);
#9095=AXIS2_PLACEMENT_3D('',#13669,#11063,#11064);
#9096=AXIS2_PLACEMENT_3D('',#13673,#11066,#11067);
#9097=AXIS2_PLACEMENT_3D('',#13677,#11069,#11070);
#9098=AXIS2_PLACEMENT_3D('',#13681,#11072,#11073);
#9099=AXIS2_PLACEMENT_3D('',#13685,#11075,#11076);
#9100=AXIS2_PLACEMENT_3D('',#13689,#11078,#11079);
#9101=AXIS2_PLACEMENT_3D('',#13693,#11081,#11082);
#9102=AXIS2_PLACEMENT_3D('',#13697,#11084,#11085);
#9103=AXIS2_PLACEMENT_3D('',#13701,#11087,#11088);
#9104=AXIS2_PLACEMENT_3D('',#13705,#11090,#11091);
#9105=AXIS2_PLACEMENT_3D('',#13707,#11092,#11093);
#9106=AXIS2_PLACEMENT_3D('',#13709,#11094,#11095);
#9107=AXIS2_PLACEMENT_3D('',#13711,#11096,#11097);
#9108=AXIS2_PLACEMENT_3D('',#13713,#11098,#11099);
#9109=AXIS2_PLACEMENT_3D('',#13717,#11101,#11102);
#9110=AXIS2_PLACEMENT_3D('',#13721,#11104,#11105);
#9111=AXIS2_PLACEMENT_3D('',#13723,#11106,#11107);
#9112=AXIS2_PLACEMENT_3D('',#13725,#11108,#11109);
#9113=AXIS2_PLACEMENT_3D('',#13729,#11111,#11112);
#9114=AXIS2_PLACEMENT_3D('',#13733,#11114,#11115);
#9115=AXIS2_PLACEMENT_3D('',#13737,#11117,#11118);
#9116=AXIS2_PLACEMENT_3D('',#13741,#11120,#11121);
#9117=AXIS2_PLACEMENT_3D('',#13744,#11123,#11124);
#9118=AXIS2_PLACEMENT_3D('',#13749,#11126,#11127);
#9119=AXIS2_PLACEMENT_3D('',#13751,#11128,#11129);
#9120=AXIS2_PLACEMENT_3D('',#13753,#11130,#11131);
#9121=AXIS2_PLACEMENT_3D('',#13757,#11133,#11134);
#9122=AXIS2_PLACEMENT_3D('',#13761,#11136,#11137);
#9123=AXIS2_PLACEMENT_3D('',#13763,#11138,#11139);
#9124=AXIS2_PLACEMENT_3D('',#13764,#11140,#11141);
#9125=AXIS2_PLACEMENT_3D('',#13769,#11143,#11144);
#9126=AXIS2_PLACEMENT_3D('',#13773,#11146,#11147);
#9127=AXIS2_PLACEMENT_3D('',#13777,#11149,#11150);
#9128=AXIS2_PLACEMENT_3D('',#13779,#11151,#11152);
#9129=AXIS2_PLACEMENT_3D('',#13781,#11153,#11154);
#9130=AXIS2_PLACEMENT_3D('',#13783,#11155,#11156);
#9131=AXIS2_PLACEMENT_3D('',#13784,#11157,#11158);
#9132=AXIS2_PLACEMENT_3D('',#13786,#11159,#11160);
#9133=AXIS2_PLACEMENT_3D('',#13791,#11162,#11163);
#9134=AXIS2_PLACEMENT_3D('',#13795,#11165,#11166);
#9135=AXIS2_PLACEMENT_3D('',#13797,#11167,#11168);
#9136=AXIS2_PLACEMENT_3D('',#13801,#11170,#11171);
#9137=AXIS2_PLACEMENT_3D('',#13803,#11172,#11173);
#9138=AXIS2_PLACEMENT_3D('',#13805,#11174,#11175);
#9139=AXIS2_PLACEMENT_3D('',#13807,#11176,#11177);
#9140=AXIS2_PLACEMENT_3D('',#13808,#11178,#11179);
#9141=AXIS2_PLACEMENT_3D('',#13810,#11180,#11181);
#9142=AXIS2_PLACEMENT_3D('',#13812,#11182,#11183);
#9143=AXIS2_PLACEMENT_3D('',#13814,#11184,#11185);
#9144=AXIS2_PLACEMENT_3D('',#13816,#11186,#11187);
#9145=AXIS2_PLACEMENT_3D('',#13819,#11188,#11189);
#9146=AXIS2_PLACEMENT_3D('',#13820,#11190,#11191);
#9147=AXIS2_PLACEMENT_3D('',#13821,#11192,#11193);
#9148=AXIS2_PLACEMENT_3D('',#13822,#11194,#11195);
#9149=AXIS2_PLACEMENT_3D('',#13823,#11196,#11197);
#9150=AXIS2_PLACEMENT_3D('',#13828,#11200,#11201);
#9151=AXIS2_PLACEMENT_3D('',#13829,#11202,#11203);
#9152=AXIS2_PLACEMENT_3D('',#13831,#11204,#11205);
#9153=AXIS2_PLACEMENT_3D('',#13832,#11206,#11207);
#9154=AXIS2_PLACEMENT_3D('',#13835,#11210,#11211);
#9155=AXIS2_PLACEMENT_3D('',#13836,#11212,#11213);
#9156=AXIS2_PLACEMENT_3D('',#13838,#11214,#11215);
#9157=AXIS2_PLACEMENT_3D('',#13839,#11216,#11217);
#9158=AXIS2_PLACEMENT_3D('',#13841,#11218,#11219);
#9159=AXIS2_PLACEMENT_3D('',#13842,#11220,#11221);
#9160=AXIS2_PLACEMENT_3D('',#13844,#11222,#11223);
#9161=AXIS2_PLACEMENT_3D('',#13845,#11224,#11225);
#9162=AXIS2_PLACEMENT_3D('',#13847,#11226,#11227);
#9163=AXIS2_PLACEMENT_3D('',#13848,#11228,#11229);
#9164=AXIS2_PLACEMENT_3D('',#13850,#11230,#11231);
#9165=AXIS2_PLACEMENT_3D('',#13852,#11232,#11233);
#9166=AXIS2_PLACEMENT_3D('',#13857,#11236,#11237);
#9167=AXIS2_PLACEMENT_3D('',#13858,#11238,#11239);
#9168=AXIS2_PLACEMENT_3D('',#13861,#11241,#11242);
#9169=AXIS2_PLACEMENT_3D('',#13862,#11243,#11244);
#9170=AXIS2_PLACEMENT_3D('',#13865,#11246,#11247);
#9171=AXIS2_PLACEMENT_3D('',#13866,#11248,#11249);
#9172=AXIS2_PLACEMENT_3D('',#13869,#11251,#11252);
#9173=AXIS2_PLACEMENT_3D('',#13870,#11253,#11254);
#9174=AXIS2_PLACEMENT_3D('',#13873,#11256,#11257);
#9175=AXIS2_PLACEMENT_3D('',#13874,#11258,#11259);
#9176=AXIS2_PLACEMENT_3D('',#13878,#11262,#11263);
#9177=AXIS2_PLACEMENT_3D('',#13881,#11265,#11266);
#9178=AXIS2_PLACEMENT_3D('',#13882,#11267,#11268);
#9179=AXIS2_PLACEMENT_3D('',#13885,#11270,#11271);
#9180=AXIS2_PLACEMENT_3D('',#13886,#11272,#11273);
#9181=AXIS2_PLACEMENT_3D('',#13890,#11276,#11277);
#9182=AXIS2_PLACEMENT_3D('',#13893,#11279,#11280);
#9183=AXIS2_PLACEMENT_3D('',#13894,#11281,#11282);
#9184=AXIS2_PLACEMENT_3D('',#13896,#11284,#11285);
#9185=AXIS2_PLACEMENT_3D('',#13898,#11286,#11287);
#9186=AXIS2_PLACEMENT_3D('',#13899,#11288,#11289);
#9187=AXIS2_PLACEMENT_3D('',#13901,#11290,#11291);
#9188=AXIS2_PLACEMENT_3D('',#13902,#11292,#11293);
#9189=AXIS2_PLACEMENT_3D('',#13904,#11294,#11295);
#9190=AXIS2_PLACEMENT_3D('',#13905,#11296,#11297);
#9191=AXIS2_PLACEMENT_3D('',#13907,#11298,#11299);
#9192=AXIS2_PLACEMENT_3D('',#13908,#11300,#11301);
#9193=AXIS2_PLACEMENT_3D('',#13910,#11302,#11303);
#9194=AXIS2_PLACEMENT_3D('',#13911,#11304,#11305);
#9195=AXIS2_PLACEMENT_3D('',#13913,#11306,#11307);
#9196=AXIS2_PLACEMENT_3D('',#13914,#11308,#11309);
#9197=AXIS2_PLACEMENT_3D('',#13916,#11310,#11311);
#9198=AXIS2_PLACEMENT_3D('',#13922,#11315,#11316);
#9199=AXIS2_PLACEMENT_3D('',#13925,#11318,#11319);
#9200=AXIS2_PLACEMENT_3D('',#13926,#11320,#11321);
#9201=AXIS2_PLACEMENT_3D('',#13929,#11323,#11324);
#9202=AXIS2_PLACEMENT_3D('',#13930,#11325,#11326);
#9203=AXIS2_PLACEMENT_3D('',#13934,#11329,#11330);
#9204=AXIS2_PLACEMENT_3D('',#13937,#11332,#11333);
#9205=AXIS2_PLACEMENT_3D('',#13938,#11334,#11335);
#9206=AXIS2_PLACEMENT_3D('',#13942,#11338,#11339);
#9207=AXIS2_PLACEMENT_3D('',#13945,#11341,#11342);
#9208=AXIS2_PLACEMENT_3D('',#13946,#11343,#11344);
#9209=AXIS2_PLACEMENT_3D('',#13949,#11346,#11347);
#9210=AXIS2_PLACEMENT_3D('',#13950,#11348,#11349);
#9211=AXIS2_PLACEMENT_3D('',#13951,#11350,#11351);
#9212=AXIS2_PLACEMENT_3D('',#13952,#11352,#11353);
#9213=AXIS2_PLACEMENT_3D('',#13957,#11356,#11357);
#9214=AXIS2_PLACEMENT_3D('',#13958,#11358,#11359);
#9215=AXIS2_PLACEMENT_3D('',#13961,#11361,#11362);
#9216=AXIS2_PLACEMENT_3D('',#13962,#11363,#11364);
#9217=AXIS2_PLACEMENT_3D('',#13965,#11366,#11367);
#9218=AXIS2_PLACEMENT_3D('',#13966,#11368,#11369);
#9219=AXIS2_PLACEMENT_3D('',#13969,#11371,#11372);
#9220=AXIS2_PLACEMENT_3D('',#13970,#11373,#11374);
#9221=AXIS2_PLACEMENT_3D('',#13973,#11376,#11377);
#9222=AXIS2_PLACEMENT_3D('',#13974,#11378,#11379);
#9223=AXIS2_PLACEMENT_3D('',#13978,#11382,#11383);
#9224=AXIS2_PLACEMENT_3D('',#13981,#11385,#11386);
#9225=AXIS2_PLACEMENT_3D('',#13982,#11387,#11388);
#9226=AXIS2_PLACEMENT_3D('',#13986,#11391,#11392);
#9227=AXIS2_PLACEMENT_3D('',#13989,#11394,#11395);
#9228=AXIS2_PLACEMENT_3D('',#13990,#11396,#11397);
#9229=AXIS2_PLACEMENT_3D('',#13992,#11399,#11400);
#9230=AXIS2_PLACEMENT_3D('',#13996,#11402,#11403);
#9231=AXIS2_PLACEMENT_3D('',#13998,#11405,#11406);
#9232=AXIS2_PLACEMENT_3D('',#13999,#11407,#11408);
#9233=AXIS2_PLACEMENT_3D('',#14002,#11410,#11411);
#9234=AXIS2_PLACEMENT_3D('',#14006,#11414,#11415);
#9235=AXIS2_PLACEMENT_3D('',#14007,#11416,#11417);
#9236=AXIS2_PLACEMENT_3D('',#14009,#11418,#11419);
#9237=AXIS2_PLACEMENT_3D('',#14010,#11420,#11421);
#9238=AXIS2_PLACEMENT_3D('',#14014,#11424,#11425);
#9239=AXIS2_PLACEMENT_3D('',#14017,#11427,#11428);
#9240=AXIS2_PLACEMENT_3D('',#14018,#11429,#11430);
#9241=AXIS2_PLACEMENT_3D('',#14022,#11433,#11434);
#9242=AXIS2_PLACEMENT_3D('',#14025,#11436,#11437);
#9243=AXIS2_PLACEMENT_3D('',#14026,#11438,#11439);
#9244=AXIS2_PLACEMENT_3D('',#14027,#11440,#11441);
#9245=AXIS2_PLACEMENT_3D('',#14030,#11443,#11444);
#9246=AXIS2_PLACEMENT_3D('',#14033,#11446,#11447);
#9247=AXIS2_PLACEMENT_3D('',#14034,#11448,#11449);
#9248=AXIS2_PLACEMENT_3D('',#14038,#11452,#11453);
#9249=AXIS2_PLACEMENT_3D('',#14039,#11454,#11455);
#9250=AXIS2_PLACEMENT_3D('',#14040,#11456,#11457);
#9251=AXIS2_PLACEMENT_3D('',#14043,#11459,#11460);
#9252=AXIS2_PLACEMENT_3D('',#14044,#11461,#11462);
#9253=AXIS2_PLACEMENT_3D('',#14048,#11465,#11466);
#9254=AXIS2_PLACEMENT_3D('',#14051,#11468,#11469);
#9255=AXIS2_PLACEMENT_3D('',#14052,#11470,#11471);
#9256=AXIS2_PLACEMENT_3D('',#14056,#11474,#11475);
#9257=AXIS2_PLACEMENT_3D('',#14057,#11476,#11477);
#9258=AXIS2_PLACEMENT_3D('',#14060,#11479,#11480);
#9259=AXIS2_PLACEMENT_3D('',#14064,#11483,#11484);
#9260=AXIS2_PLACEMENT_3D('',#14065,#11485,#11486);
#9261=AXIS2_PLACEMENT_3D('',#14068,#11488,#11489);
#9262=AXIS2_PLACEMENT_3D('',#14072,#11492,#11493);
#9263=AXIS2_PLACEMENT_3D('',#14075,#11495,#11496);
#9264=AXIS2_PLACEMENT_3D('',#14076,#11497,#11498);
#9265=AXIS2_PLACEMENT_3D('',#14082,#11502,#11503);
#9266=AXIS2_PLACEMENT_3D('',#14083,#11504,#11505);
#9267=AXIS2_PLACEMENT_3D('',#14084,#11506,#11507);
#9268=AXIS2_PLACEMENT_3D('',#14085,#11508,#11509);
#9269=AXIS2_PLACEMENT_3D('',#14087,#11510,#11511);
#9270=AXIS2_PLACEMENT_3D('',#14088,#11512,#11513);
#9271=AXIS2_PLACEMENT_3D('',#14090,#11514,#11515);
#9272=AXIS2_PLACEMENT_3D('',#14091,#11516,#11517);
#9273=AXIS2_PLACEMENT_3D('',#14092,#11518,#11519);
#9274=AXIS2_PLACEMENT_3D('',#14094,#11520,#11521);
#9275=AXIS2_PLACEMENT_3D('',#14095,#11522,#11523);
#9276=AXIS2_PLACEMENT_3D('',#14097,#11524,#11525);
#9277=AXIS2_PLACEMENT_3D('',#14098,#11526,#11527);
#9278=AXIS2_PLACEMENT_3D('',#14100,#11528,#11529);
#9279=AXIS2_PLACEMENT_3D('',#14101,#11530,#11531);
#9280=AXIS2_PLACEMENT_3D('',#14103,#11532,#11533);
#9281=AXIS2_PLACEMENT_3D('',#14106,#11536,#11537);
#9282=AXIS2_PLACEMENT_3D('',#14108,#11539,#11540);
#9283=AXIS2_PLACEMENT_3D('',#14110,#11542,#11543);
#9284=AXIS2_PLACEMENT_3D('',#14112,#11545,#11546);
#9285=AXIS2_PLACEMENT_3D('',#14114,#11548,#11549);
#9286=AXIS2_PLACEMENT_3D('',#14116,#11551,#11552);
#9287=AXIS2_PLACEMENT_3D('',#14118,#11554,#11555);
#9288=AXIS2_PLACEMENT_3D('',#14120,#11557,#11558);
#9289=AXIS2_PLACEMENT_3D('',#14122,#11560,#11561);
#9290=AXIS2_PLACEMENT_3D('',#14124,#11563,#11564);
#9291=AXIS2_PLACEMENT_3D('',#14125,#11565,#11566);
#9292=AXIS2_PLACEMENT_3D('',#14126,#11567,#11568);
#9293=AXIS2_PLACEMENT_3D('',#14128,#11569,#11570);
#9294=AXIS2_PLACEMENT_3D('',#14129,#11571,#11572);
#9295=AXIS2_PLACEMENT_3D('',#14131,#11573,#11574);
#9296=AXIS2_PLACEMENT_3D('',#14132,#11575,#11576);
#9297=AXIS2_PLACEMENT_3D('',#14134,#11577,#11578);
#9298=AXIS2_PLACEMENT_3D('',#14135,#11579,#11580);
#9299=AXIS2_PLACEMENT_3D('',#14137,#11581,#11582);
#9300=AXIS2_PLACEMENT_3D('',#14138,#11583,#11584);
#9301=AXIS2_PLACEMENT_3D('',#14140,#11585,#11586);
#9302=AXIS2_PLACEMENT_3D('',#14141,#11587,#11588);
#9303=AXIS2_PLACEMENT_3D('',#14143,#11589,#11590);
#9304=AXIS2_PLACEMENT_3D('',#14146,#11593,#11594);
#9305=AXIS2_PLACEMENT_3D('',#14148,#11596,#11597);
#9306=AXIS2_PLACEMENT_3D('',#14150,#11599,#11600);
#9307=AXIS2_PLACEMENT_3D('',#14152,#11602,#11603);
#9308=AXIS2_PLACEMENT_3D('',#14154,#11605,#11606);
#9309=AXIS2_PLACEMENT_3D('',#14156,#11608,#11609);
#9310=AXIS2_PLACEMENT_3D('',#14158,#11611,#11612);
#9311=AXIS2_PLACEMENT_3D('',#14160,#11614,#11615);
#9312=AXIS2_PLACEMENT_3D('',#14161,#11616,#11617);
#9313=AXIS2_PLACEMENT_3D('',#14164,#11620,#11621);
#9314=AXIS2_PLACEMENT_3D('',#14166,#11623,#11624);
#9315=AXIS2_PLACEMENT_3D('',#14168,#11626,#11627);
#9316=AXIS2_PLACEMENT_3D('',#14170,#11629,#11630);
#9317=AXIS2_PLACEMENT_3D('',#14172,#11632,#11633);
#9318=AXIS2_PLACEMENT_3D('',#14174,#11635,#11636);
#9319=AXIS2_PLACEMENT_3D('',#14176,#11638,#11639);
#9320=AXIS2_PLACEMENT_3D('',#14178,#11641,#11642);
#9321=AXIS2_PLACEMENT_3D('',#14180,#11644,#11645);
#9322=AXIS2_PLACEMENT_3D('',#14181,#11646,#11647);
#9323=AXIS2_PLACEMENT_3D('',#14184,#11650,#11651);
#9324=AXIS2_PLACEMENT_3D('',#14186,#11653,#11654);
#9325=AXIS2_PLACEMENT_3D('',#14188,#11656,#11657);
#9326=AXIS2_PLACEMENT_3D('',#14190,#11659,#11660);
#9327=AXIS2_PLACEMENT_3D('',#14192,#11662,#11663);
#9328=AXIS2_PLACEMENT_3D('',#14194,#11665,#11666);
#9329=AXIS2_PLACEMENT_3D('',#14196,#11668,#11669);
#9330=AXIS2_PLACEMENT_3D('',#14198,#11671,#11672);
#9331=AXIS2_PLACEMENT_3D('',#14200,#11674,#11675);
#9332=AXIS2_PLACEMENT_3D('',#14202,#11677,#11678);
#9333=AXIS2_PLACEMENT_3D('',#14204,#11680,#11681);
#9334=AXIS2_PLACEMENT_3D('',#14205,#11682,#11683);
#9335=AXIS2_PLACEMENT_3D('',#14207,#11685,#11686);
#9336=AXIS2_PLACEMENT_3D('',#14209,#11688,#11689);
#9337=AXIS2_PLACEMENT_3D('',#14211,#11691,#11692);
#9338=AXIS2_PLACEMENT_3D('',#14213,#11694,#11695);
#9339=AXIS2_PLACEMENT_3D('',#14215,#11697,#11698);
#9340=AXIS2_PLACEMENT_3D('',#14217,#11700,#11701);
#9341=AXIS2_PLACEMENT_3D('',#14219,#11703,#11704);
#9342=AXIS2_PLACEMENT_3D('',#14221,#11706,#11707);
#9343=AXIS2_PLACEMENT_3D('',#14223,#11709,#11710);
#9344=AXIS2_PLACEMENT_3D('',#14224,#11711,#11712);
#9345=AXIS2_PLACEMENT_3D('',#14226,#11713,#11714);
#9346=AXIS2_PLACEMENT_3D('',#14228,#11715,#11716);
#9347=AXIS2_PLACEMENT_3D('',#14229,#11717,#11718);
#9348=AXIS2_PLACEMENT_3D('',#14233,#11721,#11722);
#9349=AXIS2_PLACEMENT_3D('',#14235,#11724,#11725);
#9350=AXIS2_PLACEMENT_3D('',#14236,#11726,#11727);
#9351=AXIS2_PLACEMENT_3D('',#14237,#11728,#11729);
#9352=AXIS2_PLACEMENT_3D('',#14238,#11730,#11731);
#9353=AXIS2_PLACEMENT_3D('',#14239,#11732,#11733);
#9354=AXIS2_PLACEMENT_3D('',#14240,#11734,#11735);
#9355=AXIS2_PLACEMENT_3D('',#14241,#11736,#11737);
#9356=AXIS2_PLACEMENT_3D('',#14242,#11738,#11739);
#9357=AXIS2_PLACEMENT_3D('',#14243,#11740,#11741);
#9358=AXIS2_PLACEMENT_3D('',#14244,#11742,#11743);
#9359=AXIS2_PLACEMENT_3D('',#14245,#11744,#11745);
#9360=AXIS2_PLACEMENT_3D('',#14246,#11746,#11747);
#9361=AXIS2_PLACEMENT_3D('',#14247,#11748,#11749);
#9362=AXIS2_PLACEMENT_3D('',#14249,#11750,#11751);
#9363=AXIS2_PLACEMENT_3D('',#14250,#11752,#11753);
#9364=AXIS2_PLACEMENT_3D('',#14252,#11754,#11755);
#9365=AXIS2_PLACEMENT_3D('',#14253,#11756,#11757);
#9366=AXIS2_PLACEMENT_3D('',#14262,#11762,#11763);
#9367=AXIS2_PLACEMENT_3D('',#14271,#11768,#11769);
#9368=AXIS2_PLACEMENT_3D('',#14272,#11770,#11771);
#9369=AXIS2_PLACEMENT_3D('',#14277,#11773,#11774);
#9370=AXIS2_PLACEMENT_3D('',#14280,#11776,#11777);
#9371=AXIS2_PLACEMENT_3D('',#14281,#11778,#11779);
#9372=AXIS2_PLACEMENT_3D('',#14283,#11780,#11781);
#9373=AXIS2_PLACEMENT_3D('',#14286,#11783,#11784);
#9374=AXIS2_PLACEMENT_3D('',#14292,#11788,#11789);
#9375=AXIS2_PLACEMENT_3D('',#14293,#11790,#11791);
#9376=AXIS2_PLACEMENT_3D('',#14295,#11792,#11793);
#9377=AXIS2_PLACEMENT_3D('',#14296,#11794,#11795);
#9378=AXIS2_PLACEMENT_3D('',#14300,#11797,#11798);
#9379=AXIS2_PLACEMENT_3D('',#14304,#11800,#11801);
#9380=AXIS2_PLACEMENT_3D('',#14308,#11803,#11804);
#9381=AXIS2_PLACEMENT_3D('',#14312,#11807,#11808);
#9382=AXIS2_PLACEMENT_3D('',#14313,#11809,#11810);
#9383=AXIS2_PLACEMENT_3D('',#14314,#11811,#11812);
#9384=AXIS2_PLACEMENT_3D('',#14318,#11815,#11816);
#9385=AXIS2_PLACEMENT_3D('',#14319,#11817,#11818);
#9386=AXIS2_PLACEMENT_3D('',#14320,#11819,#11820);
#9387=AXIS2_PLACEMENT_3D('',#14321,#11821,#11822);
#9388=AXIS2_PLACEMENT_3D('',#14326,#11824,#11825);
#9389=AXIS2_PLACEMENT_3D('',#14330,#11827,#11828);
#9390=AXIS2_PLACEMENT_3D('',#14334,#11830,#11831);
#9391=AXIS2_PLACEMENT_3D('',#14338,#11833,#11834);
#9392=AXIS2_PLACEMENT_3D('',#14342,#11836,#11837);
#9393=AXIS2_PLACEMENT_3D('',#14346,#11839,#11840);
#9394=AXIS2_PLACEMENT_3D('',#14350,#11842,#11843);
#9395=AXIS2_PLACEMENT_3D('',#14353,#11845,#11846);
#9396=AXIS2_PLACEMENT_3D('',#14359,#11850,#11851);
#9397=AXIS2_PLACEMENT_3D('',#14360,#11852,#11853);
#9398=AXIS2_PLACEMENT_3D('',#14363,#11855,#11856);
#9399=AXIS2_PLACEMENT_3D('',#14367,#11859,#11860);
#9400=AXIS2_PLACEMENT_3D('',#14368,#11861,#11862);
#9401=AXIS2_PLACEMENT_3D('',#14371,#11864,#11865);
#9402=AXIS2_PLACEMENT_3D('',#14375,#11868,#11869);
#9403=AXIS2_PLACEMENT_3D('',#14376,#11870,#11871);
#9404=AXIS2_PLACEMENT_3D('',#14379,#11873,#11874);
#9405=AXIS2_PLACEMENT_3D('',#14383,#11877,#11878);
#9406=AXIS2_PLACEMENT_3D('',#14384,#11879,#11880);
#9407=AXIS2_PLACEMENT_3D('',#14387,#11882,#11883);
#9408=AXIS2_PLACEMENT_3D('',#14391,#11885,#11886);
#9409=AXIS2_PLACEMENT_3D('',#14395,#11888,#11889);
#9410=AXIS2_PLACEMENT_3D('',#14399,#11891,#11892);
#9411=AXIS2_PLACEMENT_3D('',#14403,#11894,#11895);
#9412=AXIS2_PLACEMENT_3D('',#14407,#11897,#11898);
#9413=AXIS2_PLACEMENT_3D('',#14411,#11900,#11901);
#9414=AXIS2_PLACEMENT_3D('',#14415,#11903,#11904);
#9415=AXIS2_PLACEMENT_3D('',#14419,#11906,#11907);
#9416=AXIS2_PLACEMENT_3D('',#14420,#11908,#11909);
#9417=AXIS2_PLACEMENT_3D('',#14424,#11912,#11913);
#9418=AXIS2_PLACEMENT_3D('',#14425,#11914,#11915);
#9419=AXIS2_PLACEMENT_3D('',#14428,#11917,#11918);
#9420=AXIS2_PLACEMENT_3D('',#14432,#11921,#11922);
#9421=AXIS2_PLACEMENT_3D('',#14433,#11923,#11924);
#9422=AXIS2_PLACEMENT_3D('',#14436,#11926,#11927);
#9423=AXIS2_PLACEMENT_3D('',#14440,#11930,#11931);
#9424=AXIS2_PLACEMENT_3D('',#14441,#11932,#11933);
#9425=AXIS2_PLACEMENT_3D('',#14444,#11935,#11936);
#9426=AXIS2_PLACEMENT_3D('',#14448,#11939,#11940);
#9427=AXIS2_PLACEMENT_3D('',#14449,#11941,#11942);
#9428=AXIS2_PLACEMENT_3D('',#14450,#11943,#11944);
#9429=AXIS2_PLACEMENT_3D('',#14453,#11947,#11948);
#9430=AXIS2_PLACEMENT_3D('',#14455,#11950,#11951);
#9431=AXIS2_PLACEMENT_3D('',#14457,#11953,#11954);
#9432=AXIS2_PLACEMENT_3D('',#14459,#11956,#11957);
#9433=AXIS2_PLACEMENT_3D('',#14461,#11959,#11960);
#9434=AXIS2_PLACEMENT_3D('',#14463,#11962,#11963);
#9435=AXIS2_PLACEMENT_3D('',#14465,#11965,#11966);
#9436=AXIS2_PLACEMENT_3D('',#14467,#11968,#11969);
#9437=AXIS2_PLACEMENT_3D('',#14469,#11971,#11972);
#9438=AXIS2_PLACEMENT_3D('',#14471,#11974,#11975);
#9439=AXIS2_PLACEMENT_3D('',#14473,#11977,#11978);
#9440=AXIS2_PLACEMENT_3D('',#14475,#11980,#11981);
#9441=AXIS2_PLACEMENT_3D('',#14477,#11983,#11984);
#9442=AXIS2_PLACEMENT_3D('',#14479,#11986,#11987);
#9443=AXIS2_PLACEMENT_3D('',#14481,#11989,#11990);
#9444=AXIS2_PLACEMENT_3D('',#14482,#11991,#11992);
#9445=AXIS2_PLACEMENT_3D('',#14483,#11993,#11994);
#9446=AXIS2_PLACEMENT_3D('',#14488,#11996,#11997);
#9447=AXIS2_PLACEMENT_3D('',#14492,#11999,#12000);
#9448=AXIS2_PLACEMENT_3D('',#14496,#12002,#12003);
#9449=AXIS2_PLACEMENT_3D('',#14500,#12005,#12006);
#9450=AXIS2_PLACEMENT_3D('',#14504,#12008,#12009);
#9451=AXIS2_PLACEMENT_3D('',#14508,#12011,#12012);
#9452=AXIS2_PLACEMENT_3D('',#14512,#12014,#12015);
#9453=AXIS2_PLACEMENT_3D('',#14515,#12017,#12018);
#9454=AXIS2_PLACEMENT_3D('',#14516,#12019,#12020);
#9455=AXIS2_PLACEMENT_3D('',#14519,#12022,#12023);
#9456=AXIS2_PLACEMENT_3D('',#14523,#12026,#12027);
#9457=AXIS2_PLACEMENT_3D('',#14524,#12028,#12029);
#9458=AXIS2_PLACEMENT_3D('',#14527,#12031,#12032);
#9459=AXIS2_PLACEMENT_3D('',#14531,#12035,#12036);
#9460=AXIS2_PLACEMENT_3D('',#14532,#12037,#12038);
#9461=AXIS2_PLACEMENT_3D('',#14535,#12040,#12041);
#9462=AXIS2_PLACEMENT_3D('',#14539,#12044,#12045);
#9463=AXIS2_PLACEMENT_3D('',#14540,#12046,#12047);
#9464=AXIS2_PLACEMENT_3D('',#14543,#12049,#12050);
#9465=AXIS2_PLACEMENT_3D('',#14545,#12052,#12053);
#9466=AXIS2_PLACEMENT_3D('',#14548,#12056,#12057);
#9467=AXIS2_PLACEMENT_3D('',#14550,#12059,#12060);
#9468=AXIS2_PLACEMENT_3D('',#14552,#12062,#12063);
#9469=AXIS2_PLACEMENT_3D('',#14554,#12065,#12066);
#9470=AXIS2_PLACEMENT_3D('',#14556,#12068,#12069);
#9471=AXIS2_PLACEMENT_3D('',#14558,#12071,#12072);
#9472=AXIS2_PLACEMENT_3D('',#14560,#12074,#12075);
#9473=AXIS2_PLACEMENT_3D('',#14562,#12077,#12078);
#9474=AXIS2_PLACEMENT_3D('',#14564,#12080,#12081);
#9475=AXIS2_PLACEMENT_3D('',#14566,#12083,#12084);
#9476=AXIS2_PLACEMENT_3D('',#14568,#12086,#12087);
#9477=AXIS2_PLACEMENT_3D('',#14570,#12089,#12090);
#9478=AXIS2_PLACEMENT_3D('',#14572,#12092,#12093);
#9479=AXIS2_PLACEMENT_3D('',#14574,#12095,#12096);
#9480=AXIS2_PLACEMENT_3D('',#14576,#12098,#12099);
#9481=AXIS2_PLACEMENT_3D('',#14577,#12100,#12101);
#9482=AXIS2_PLACEMENT_3D('',#14581,#12104,#12105);
#9483=AXIS2_PLACEMENT_3D('',#14582,#12106,#12107);
#9484=AXIS2_PLACEMENT_3D('',#14585,#12109,#12110);
#9485=AXIS2_PLACEMENT_3D('',#14586,#12111,#12112);
#9486=AXIS2_PLACEMENT_3D('',#14589,#12114,#12115);
#9487=AXIS2_PLACEMENT_3D('',#14590,#12116,#12117);
#9488=AXIS2_PLACEMENT_3D('',#14593,#12119,#12120);
#9489=AXIS2_PLACEMENT_3D('',#14597,#12123,#12124);
#9490=AXIS2_PLACEMENT_3D('',#14598,#12125,#12126);
#9491=AXIS2_PLACEMENT_3D('',#14601,#12128,#12129);
#9492=AXIS2_PLACEMENT_3D('',#14605,#12132,#12133);
#9493=AXIS2_PLACEMENT_3D('',#14606,#12134,#12135);
#9494=AXIS2_PLACEMENT_3D('',#14609,#12137,#12138);
#9495=AXIS2_PLACEMENT_3D('',#14610,#12139,#12140);
#9496=AXIS2_PLACEMENT_3D('',#14613,#12142,#12143);
#9497=AXIS2_PLACEMENT_3D('',#14614,#12144,#12145);
#9498=AXIS2_PLACEMENT_3D('',#14617,#12147,#12148);
#9499=AXIS2_PLACEMENT_3D('',#14618,#12149,#12150);
#9500=AXIS2_PLACEMENT_3D('',#14621,#12152,#12153);
#9501=AXIS2_PLACEMENT_3D('',#14622,#12154,#12155);
#9502=AXIS2_PLACEMENT_3D('',#14625,#12157,#12158);
#9503=AXIS2_PLACEMENT_3D('',#14629,#12161,#12162);
#9504=AXIS2_PLACEMENT_3D('',#14630,#12163,#12164);
#9505=AXIS2_PLACEMENT_3D('',#14633,#12166,#12167);
#9506=AXIS2_PLACEMENT_3D('',#14637,#12170,#12171);
#9507=AXIS2_PLACEMENT_3D('',#14638,#12172,#12173);
#9508=AXIS2_PLACEMENT_3D('',#14641,#12175,#12176);
#9509=AXIS2_PLACEMENT_3D('',#14645,#12179,#12180);
#9510=AXIS2_PLACEMENT_3D('',#14646,#12181,#12182);
#9511=AXIS2_PLACEMENT_3D('',#14649,#12184,#12185);
#9512=AXIS2_PLACEMENT_3D('',#14651,#12187,#12188);
#9513=AXIS2_PLACEMENT_3D('',#14653,#12190,#12191);
#9514=AXIS2_PLACEMENT_3D('',#14659,#12193,#12194);
#9515=AXIS2_PLACEMENT_3D('',#14661,#12196,#12197);
#9516=AXIS2_PLACEMENT_3D('',#14663,#12199,#12200);
#9517=AXIS2_PLACEMENT_3D('',#14665,#12202,#12203);
#9518=AXIS2_PLACEMENT_3D('',#14667,#12205,#12206);
#9519=AXIS2_PLACEMENT_3D('',#14669,#12208,#12209);
#9520=AXIS2_PLACEMENT_3D('',#14671,#12211,#12212);
#9521=AXIS2_PLACEMENT_3D('',#14673,#12214,#12215);
#9522=AXIS2_PLACEMENT_3D('',#14675,#12217,#12218);
#9523=AXIS2_PLACEMENT_3D('',#14677,#12220,#12221);
#9524=AXIS2_PLACEMENT_3D('',#14679,#12223,#12224);
#9525=AXIS2_PLACEMENT_3D('',#14681,#12226,#12227);
#9526=AXIS2_PLACEMENT_3D('',#14683,#12229,#12230);
#9527=AXIS2_PLACEMENT_3D('',#14685,#12232,#12233);
#9528=AXIS2_PLACEMENT_3D('',#14686,#12234,#12235);
#9529=AXIS2_PLACEMENT_3D('',#14691,#12236,#12237);
#9530=AXIS2_PLACEMENT_3D('',#14693,#12239,#12240);
#9531=AXIS2_PLACEMENT_3D('',#14695,#12242,#12243);
#9532=DIRECTION('',(0.,0.,1.));
#9533=DIRECTION('',(1.,0.,0.));
#9534=DIRECTION('',(0.,3.26217669195492E-47,1.));
#9535=DIRECTION('',(-1.23718212499398E-31,-1.,-2.95593225698405E-60));
#9536=DIRECTION('',(0.,-3.26217669195492E-47,-1.));
#9537=DIRECTION('',(-1.23718212499398E-31,-1.,-2.95593225698405E-60));
#9538=DIRECTION('',(0.,3.26217669195492E-47,1.));
#9539=DIRECTION('',(0.560847033621103,-0.827919443471652,2.70081951130951E-47));
#9540=DIRECTION('',(0.,3.26217669195492E-47,1.));
#9541=DIRECTION('',(-0.673469387736355,-0.73921511333442,-4.93038065763132E-32));
#9542=DIRECTION('',(0.,3.26217669195492E-47,1.));
#9543=DIRECTION('',(-1.,-2.22044604898168E-16,7.24348734673143E-63));
#9544=DIRECTION('',(2.45207245791063E-16,-1.,3.39518647581137E-32));
#9545=DIRECTION('',(0.,3.26217669195492E-47,1.));
#9546=DIRECTION('',(-0.645698096973796,0.763592802195266,-2.49097464146594E-47));
#9547=DIRECTION('',(0.,-3.26217669195492E-47,-1.));
#9548=DIRECTION('',(0.824773674152714,-0.565462984133031,1.84464016700205E-47));
#9549=DIRECTION('',(0.,3.26217669195492E-47,1.));
#9550=DIRECTION('',(-1.,-1.12103877145985E-44,3.6570265510341E-91));
#9551=DIRECTION('',(3.81916720471055E-13,-1.,-2.4651903288762E-32));
#9552=DIRECTION('',(0.,3.26217669195492E-47,1.));
#9553=DIRECTION('',(0.0261769483076693,0.999657324975563,-3.26105882547729E-47));
#9554=DIRECTION('',(-0.999657324975564,0.0261769483076054,0.));
#9555=DIRECTION('',(0.,3.26217669195492E-47,1.));
#9556=DIRECTION('',(0.0261769483078691,0.999657324975557,-3.26105882547727E-47));
#9557=DIRECTION('',(-0.999657324975557,0.0261769483078705,0.));
#9558=DIRECTION('',(0.,3.26217669195492E-47,1.));
#9559=DIRECTION('',(0.731339716696444,0.682013356747773,-2.22484807598452E-47));
#9560=DIRECTION('',(-0.999657324975564,0.0261769483076054,0.));
#9561=DIRECTION('',(0.,-3.26217669195492E-47,-1.));
#9562=DIRECTION('',(-0.0261769483078724,-0.999657324975557,3.26105882547727E-47));
#9563=DIRECTION('',(-2.34057741845823E-16,-1.,-3.68917433064879E-32));
#9564=DIRECTION('',(0.,-3.26217669195492E-47,-1.));
#9565=DIRECTION('',(1.,1.12103877145985E-44,-3.6570265510341E-91));
#9566=DIRECTION('',(0.999657324975557,0.0261769483078736,0.));
#9567=DIRECTION('',(0.,3.26217669195492E-47,1.));
#9568=DIRECTION('',(0.0261769483315051,-0.999657324974939,3.26105882547525E-47));
#9569=DIRECTION('',(0.999657324975557,0.0261769483078736,-8.53938306364541E-49));
#9570=DIRECTION('',(0.,3.26217669195492E-47,1.));
#9571=DIRECTION('',(-0.706036232298583,-0.708175711728114,2.31019430060804E-47));
#9572=DIRECTION('',(0.999657324975557,0.0261769483078736,-8.53938306364541E-49));
#9573=DIRECTION('',(0.,3.26217669195492E-47,1.));
#9574=DIRECTION('',(-1.,-3.8191672134225E-13,1.24587982663053E-59));
#9575=DIRECTION('',(3.81916720471055E-13,-1.,3.26217669195492E-47));
#9576=DIRECTION('',(0.,3.26217669195492E-47,1.));
#9577=DIRECTION('',(-0.524771446164189,-0.851243166956861,2.77690561843256E-47));
#9578=DIRECTION('',(0.,-3.26217669195492E-47,-1.));
#9579=DIRECTION('',(0.659709191398207,-0.751520979603845,2.45159422317879E-47));
#9580=DIRECTION('',(0.,-3.26217669195492E-47,-1.));
#9581=DIRECTION('',(0.982310944597867,-0.18725706428129,6.10865630502329E-48));
#9582=DIRECTION('',(0.,3.26217669195492E-47,1.));
#9583=DIRECTION('',(-1.,-3.24300857537294E-17,1.05792669863915E-63));
#9584=DIRECTION('',(0.,-3.26217669195492E-47,-1.));
#9585=DIRECTION('',(0.471594369833881,-0.881815598830609,2.87663829310748E-47));
#9586=DIRECTION('',(-0.831322227783701,-0.555790746228061,1.81308761794941E-47));
#9587=DIRECTION('',(0.,3.26217669195492E-47,1.));
#9588=DIRECTION('',(0.99896433829049,0.0455000090532139,-1.48429069017132E-48));
#9589=DIRECTION('',(-0.0455000090532045,0.998964338290491,-3.25879818046541E-47));
#9590=DIRECTION('',(0.,-3.26217669195492E-47,-1.));
#9591=DIRECTION('',(-0.989688381339376,-0.143237243208063,4.67265196213221E-48));
#9592=DIRECTION('',(0.,3.26217669195492E-47,1.));
#9593=DIRECTION('',(1.,3.24300857537294E-17,-1.05792669863915E-63));
#9594=DIRECTION('',(0.,-3.26217669195492E-47,-1.));
#9595=DIRECTION('',(-0.84098534310787,0.54105790140958,-1.76502647497637E-47));
#9596=DIRECTION('',(0.455984980675027,0.889987470360564,-2.90329638194215E-47));
#9597=DIRECTION('',(0.,-3.26217669195492E-47,-1.));
#9598=DIRECTION('',(-0.889987470360564,0.455984980675026,-1.48750357583958E-47));
#9599=DIRECTION('',(1.82306522737943E-15,1.,-3.26217669195492E-47));
#9600=DIRECTION('',(0.,-3.26217669195492E-47,-1.));
#9601=DIRECTION('',(-1.,-1.12103877145985E-44,3.6570265510341E-91));
#9602=DIRECTION('',(-0.282542347313974,0.959254826401363,-3.12925873633179E-47));
#9603=DIRECTION('',(0.,-3.26217669195492E-47,-1.));
#9604=DIRECTION('',(-0.959254826401363,-0.282542347313974,9.21703059897877E-48));
#9605=DIRECTION('',(-0.504598382821399,0.863354198492154,0.));
#9606=DIRECTION('',(0.,3.26217669195492E-47,1.));
#9607=DIRECTION('',(0.999951234174096,-0.00987569104936106,3.22162491581735E-49));
#9608=DIRECTION('',(1.23718212499398E-31,1.,2.95593225698405E-60));
#9609=DIRECTION('',(0.,-3.26217669195492E-47,-1.));
#9610=DIRECTION('',(-1.23718212499398E-31,-1.,3.26217669195492E-47));
#9611=DIRECTION('',(0.,-3.26217669195492E-47,-1.));
#9612=DIRECTION('',(-0.872478950442326,0.488651697055333,-1.59406817661812E-47));
#9613=DIRECTION('',(0.,-3.26217669195492E-47,-1.));
#9614=DIRECTION('',(-1.23718212499398E-31,-1.,3.26217669195492E-47));
#9615=DIRECTION('',(0.,-3.26217669195492E-47,-1.));
#9616=DIRECTION('',(-0.00262649649027629,-0.999996550752145,3.26216543989896E-47));
#9617=DIRECTION('',(0.282542347313973,-0.959254826401364,1.23259516440783E-32));
#9618=DIRECTION('',(0.,-3.26217669195492E-47,-1.));
#9619=DIRECTION('',(0.959254826401361,0.282542347313982,-9.21703059897904E-48));
#9620=DIRECTION('',(0.999657324975622,-0.0261769483054201,0.));
#9621=DIRECTION('',(0.,-3.26217669195492E-47,-1.));
#9622=DIRECTION('',(0.0261769483078738,0.999657324975557,-3.26105882547727E-47));
#9623=DIRECTION('',(0.,3.26217669195492E-47,1.));
#9624=DIRECTION('',(-5.55110948751977E-16,-1.,3.26217669195492E-47));
#9625=DIRECTION('',(1.,1.12103877145985E-44,0.));
#9626=DIRECTION('',(0.,-3.26217669195492E-47,-1.));
#9627=DIRECTION('',(1.23718212499398E-31,1.,-3.26217669195492E-47));
#9628=DIRECTION('',(0.,3.26217669195492E-47,1.));
#9629=DIRECTION('',(0.999557326615471,-0.0297514841534382,9.70545981564123E-49));
#9630=DIRECTION('',(0.,-3.26217669195492E-47,-1.));
#9631=DIRECTION('',(-0.999557326615471,0.0297514841534374,-9.70545981564097E-49));
#9632=DIRECTION('',(0.,3.26217669195492E-47,1.));
#9633=DIRECTION('',(0.00262649649027629,0.999996550752145,-3.26216543989896E-47));
#9634=DIRECTION('',(0.,-3.26217669195492E-47,-1.));
#9635=DIRECTION('',(-1.23718212499398E-31,-1.,3.26217669195492E-47));
#9636=DIRECTION('',(0.,-3.26217669195492E-47,-1.));
#9637=DIRECTION('',(-1.23718212499398E-31,-1.,3.26217669195492E-47));
#9638=DIRECTION('',(0.,-3.26217669195492E-47,-1.));
#9639=DIRECTION('',(-1.23718212499398E-31,-1.,3.26217669195492E-47));
#9640=DIRECTION('',(0.,-3.26217669195492E-47,-1.));
#9641=DIRECTION('',(-1.23718212499398E-31,-1.,3.26217669195492E-47));
#9642=DIRECTION('',(0.,-3.26217669195492E-47,-1.));
#9643=DIRECTION('',(-1.23718212499398E-31,-1.,3.26217669195492E-47));
#9644=DIRECTION('',(0.,-3.26217669195492E-47,-1.));
#9645=DIRECTION('',(-1.23718212499398E-31,-1.,3.26217669195492E-47));
#9646=DIRECTION('',(0.,-3.26217669195492E-47,-1.));
#9647=DIRECTION('',(-1.23718212499398E-31,-1.,3.26217669195492E-47));
#9648=DIRECTION('',(0.,-3.26217669195492E-47,-1.));
#9649=DIRECTION('',(-0.872478950442326,0.488651697055333,-1.59406817661812E-47));
#9650=DIRECTION('',(0.,-3.26217669195492E-47,-1.));
#9651=DIRECTION('',(-1.23718212499398E-31,-1.,3.26217669195492E-47));
#9652=DIRECTION('',(0.,-3.26217669195492E-47,-1.));
#9653=DIRECTION('',(-1.23718212499398E-31,-1.,3.26217669195492E-47));
#9654=DIRECTION('',(0.,-3.26217669195492E-47,-1.));
#9655=DIRECTION('',(-1.23718212499398E-31,-1.,3.26217669195492E-47));
#9656=DIRECTION('',(0.313102665759769,-0.949719285207016,1.23259516440783E-32));
#9657=DIRECTION('',(0.,-3.26217669195492E-47,-1.));
#9658=DIRECTION('',(0.949719285207015,0.313102665759773,-1.02139621843048E-47));
#9659=DIRECTION('',(0.,3.26217669195492E-47,1.));
#9660=DIRECTION('',(0.88118188463517,-0.472777417175154,1.54228347079144E-47));
#9661=DIRECTION('',(0.,-3.26217669195492E-47,-1.));
#9662=DIRECTION('',(-0.881181884635168,0.472777417175159,-1.54228347079145E-47));
#9663=DIRECTION('',(-0.889987470360563,0.455984980675029,0.));
#9664=DIRECTION('',(0.,-3.26217669195492E-47,-1.));
#9665=DIRECTION('',(-0.45598498067503,-0.889987470360562,2.90329638194215E-47));
#9666=DIRECTION('',(-0.455984980675027,-0.889987470360564,0.));
#9667=DIRECTION('',(0.,-3.26217669195492E-47,-1.));
#9668=DIRECTION('',(0.889987470360562,-0.45598498067503,1.4875035758396E-47));
#9669=DIRECTION('',(0.,3.26217669195492E-47,1.));
#9670=DIRECTION('',(-0.949719285207019,-0.313102665759762,1.02139621843045E-47));
#9671=DIRECTION('',(0.,-3.26217669195492E-47,-1.));
#9672=DIRECTION('',(-0.988536728446659,-0.15098058322836,4.92525339545316E-48));
#9673=DIRECTION('',(-0.999657323957825,-0.0261769871734537,0.));
#9674=DIRECTION('',(0.,-3.26217669195492E-47,-1.));
#9675=DIRECTION('',(0.0261769100249736,-0.99965732597803,3.26105882874751E-47));
#9676=DIRECTION('',(-0.455984980675027,-0.889987470360564,0.));
#9677=DIRECTION('',(0.,-3.26217669195492E-47,-1.));
#9678=DIRECTION('',(0.889987470360563,-0.455984980675029,1.48750357583959E-47));
#9679=DIRECTION('',(0.889987470360564,-0.455984980675026,0.));
#9680=DIRECTION('',(0.,-3.26217669195492E-47,-1.));
#9681=DIRECTION('',(0.455984980675024,0.889987470360565,-2.90329638194216E-47));
#9682=DIRECTION('',(0.,3.26217669195492E-47,1.));
#9683=DIRECTION('',(-1.23718212499398E-31,-1.,3.26217669195492E-47));
#9684=DIRECTION('',(0.,-3.26217669195492E-47,-1.));
#9685=DIRECTION('',(-0.775551273543349,0.631284580918376,-2.05936184586246E-47));
#9686=DIRECTION('',(0.,3.26217669195492E-47,1.));
#9687=DIRECTION('',(0.988536728730687,0.150980581368707,-4.92525333478799E-48));
#9688=DIRECTION('',(0.,-3.26217669195492E-47,-1.));
#9689=DIRECTION('',(-1.23718212499398E-31,-1.,3.26217669195492E-47));
#9690=DIRECTION('',(0.,3.26217669195492E-47,1.));
#9691=DIRECTION('',(-1.23718212499398E-31,-1.,-2.95593225698405E-60));
#9692=DIRECTION('',(0.,-3.26217669195492E-47,-1.));
#9693=DIRECTION('',(-1.23718212499398E-31,-1.,-2.95593225698405E-60));
#9694=DIRECTION('',(0.,3.26217669195492E-47,1.));
#9695=DIRECTION('',(-0.673469387736355,-0.73921511333442,-4.93038065763132E-32));
#9696=DIRECTION('',(0.,3.26217669195492E-47,1.));
#9697=DIRECTION('',(0.560847033621103,-0.827919443471652,2.70081951130951E-47));
#9698=DIRECTION('',(1.23718212499398E-31,1.,2.95593225698405E-60));
#9699=DIRECTION('',(0.,3.26217669195492E-47,1.));
#9700=DIRECTION('',(0.999951234174096,-0.00987569104936106,3.22162491581735E-49));
#9701=DIRECTION('',(-0.504598382821399,0.863354198492154,0.));
#9702=DIRECTION('',(0.,-3.26217669195492E-47,-1.));
#9703=DIRECTION('',(-0.959254826401364,-0.282542347313973,9.21703059897874E-48));
#9704=DIRECTION('',(-0.282542347313974,0.959254826401363,0.));
#9705=DIRECTION('',(0.,-3.26217669195492E-47,-1.));
#9706=DIRECTION('',(-1.,-1.12103877145985E-44,3.6570265510341E-91));
#9707=DIRECTION('',(1.82306522737943E-15,1.,1.23359304409728E-32));
#9708=DIRECTION('',(0.,-3.26217669195492E-47,-1.));
#9709=DIRECTION('',(-0.889987470360564,0.455984980675026,-1.48750357583958E-47));
#9710=DIRECTION('',(0.455984980675027,0.889987470360564,0.));
#9711=DIRECTION('',(0.,3.26217669195492E-47,1.));
#9712=DIRECTION('',(-0.84098534310787,0.54105790140958,0.));
#9713=DIRECTION('',(-5.04870979341448E-29,2.75115240695828E-28,1.));
#9714=DIRECTION('',(1.,3.24300857537294E-17,5.25907270147341E-29));
#9715=DIRECTION('',(0.,3.26217669195492E-47,1.));
#9716=DIRECTION('',(-0.989688381339376,-0.143237243208063,0.));
#9717=DIRECTION('',(-0.0455000090532045,0.998964338290491,4.16000867987643E-32));
#9718=DIRECTION('',(0.,3.26217669195492E-47,1.));
#9719=DIRECTION('',(0.99896433829049,0.0455000090532139,-1.48429069017132E-48));
#9720=DIRECTION('',(-0.831322227783701,-0.555790746228061,-2.46519032881566E-32));
#9721=DIRECTION('',(0.,3.26217669195492E-47,1.));
#9722=DIRECTION('',(0.471594369833881,-0.881815598830608,0.));
#9723=DIRECTION('',(-5.04870979341448E-29,2.75115240695828E-28,1.));
#9724=DIRECTION('',(1.,3.24300857537294E-17,5.25907270147341E-29));
#9725=DIRECTION('',(0.,3.26217669195492E-47,1.));
#9726=DIRECTION('',(0.982310944597866,-0.18725706428129,5.25190680441244E-48));
#9727=DIRECTION('',(0.,-3.26217669195492E-47,-1.));
#9728=DIRECTION('',(0.659709191398207,-0.751520979603845,2.45159422317879E-47));
#9729=DIRECTION('',(0.,3.26217669195492E-47,1.));
#9730=DIRECTION('',(0.524771446164189,0.851243166956861,-2.77690561843256E-47));
#9731=DIRECTION('',(3.81916720471055E-13,-1.,-2.4651903288762E-32));
#9732=DIRECTION('',(0.,3.26217669195492E-47,1.));
#9733=DIRECTION('',(-1.,-3.8191672134225E-13,1.24587982663053E-59));
#9734=DIRECTION('',(0.999657324975557,0.0261769483078736,0.));
#9735=DIRECTION('',(0.,3.26217669195492E-47,1.));
#9736=DIRECTION('',(-0.706036232298583,-0.708175711728114,2.31019430060804E-47));
#9737=DIRECTION('',(0.999657324975557,0.0261769483078736,0.));
#9738=DIRECTION('',(0.,3.26217669195492E-47,1.));
#9739=DIRECTION('',(0.0261769483315051,-0.999657324974939,3.26105882547525E-47));
#9740=DIRECTION('',(0.999657324975557,0.0261769483078736,0.));
#9741=DIRECTION('',(0.,-3.26217669195492E-47,-1.));
#9742=DIRECTION('',(1.,1.12103877145985E-44,-3.6570265510341E-91));
#9743=DIRECTION('',(-2.34057741845823E-16,-1.,-3.68917433064879E-32));
#9744=DIRECTION('',(0.,-3.26217669195492E-47,-1.));
#9745=DIRECTION('',(-0.0261769483078724,-0.999657324975557,3.26105882547727E-47));
#9746=DIRECTION('',(-0.999657324975564,0.0261769483076055,0.));
#9747=DIRECTION('',(0.,3.26217669195492E-47,1.));
#9748=DIRECTION('',(0.731339716696444,0.682013356747773,-2.22484807598452E-47));
#9749=DIRECTION('',(-0.999657324975557,0.0261769483078705,0.));
#9750=DIRECTION('',(0.,3.26217669195492E-47,1.));
#9751=DIRECTION('',(0.0261769483078692,0.999657324975557,-3.26105882547727E-47));
#9752=DIRECTION('',(-0.999657324975564,0.0261769483076055,0.));
#9753=DIRECTION('',(0.,3.26217669195492E-47,1.));
#9754=DIRECTION('',(0.0261769483076693,0.999657324975563,-3.26105882547729E-47));
#9755=DIRECTION('',(3.81916720471055E-13,-1.,-2.4651903288762E-32));
#9756=DIRECTION('',(0.,3.26217669195492E-47,1.));
#9757=DIRECTION('',(-1.,-1.12103877145985E-44,3.6570265510341E-91));
#9758=DIRECTION('',(0.,-3.26217669195492E-47,-1.));
#9759=DIRECTION('',(0.824773674152714,-0.565462984133031,1.84464016700205E-47));
#9760=DIRECTION('',(0.,3.26217669195492E-47,1.));
#9761=DIRECTION('',(-0.645698096973796,0.763592802195266,-2.49097464146594E-47));
#9762=DIRECTION('',(2.45207245791063E-16,-1.,3.39518647581137E-32));
#9763=DIRECTION('',(0.,3.26217669195492E-47,1.));
#9764=DIRECTION('',(-1.,-2.22044604898168E-16,7.24348734673143E-63));
#9765=DIRECTION('',(0.,-3.26217669195492E-47,-1.));
#9766=DIRECTION('',(-1.23718212499398E-31,-1.,3.26217669195492E-47));
#9767=DIRECTION('',(0.,-3.26217669195492E-47,-1.));
#9768=DIRECTION('',(-1.23718212499398E-31,-1.,3.26217669195492E-47));
#9769=DIRECTION('',(0.,-3.26217669195492E-47,-1.));
#9770=DIRECTION('',(-1.23718212499398E-31,-1.,3.26217669195492E-47));
#9771=DIRECTION('',(0.,-3.26217669195492E-47,-1.));
#9772=DIRECTION('',(-1.23718212499398E-31,-1.,3.26217669195492E-47));
#9773=DIRECTION('',(0.,-3.26217669195492E-47,-1.));
#9774=DIRECTION('',(-1.23718212499398E-31,-1.,3.26217669195492E-47));
#9775=DIRECTION('',(0.,-3.26217669195492E-47,-1.));
#9776=DIRECTION('',(-1.23718212499398E-31,-1.,3.26217669195492E-47));
#9777=DIRECTION('',(0.,-3.26217669195492E-47,-1.));
#9778=DIRECTION('',(-1.23718212499398E-31,-1.,3.26217669195492E-47));
#9779=DIRECTION('',(0.,-3.26217669195492E-47,-1.));
#9780=DIRECTION('',(-1.23718212499398E-31,-1.,3.26217669195492E-47));
#9781=DIRECTION('',(0.,-3.26217669195492E-47,-1.));
#9782=DIRECTION('',(-0.00262649649027629,-0.999996550752145,3.26216543989896E-47));
#9783=DIRECTION('',(0.,3.26217669195492E-47,1.));
#9784=DIRECTION('',(0.00262649649027629,0.999996550752145,-3.26216543989896E-47));
#9785=DIRECTION('',(0.,-3.26217669195492E-47,-1.));
#9786=DIRECTION('',(-0.999557326615471,0.0297514841534374,-9.70545981564096E-49));
#9787=DIRECTION('',(0.,3.26217669195492E-47,1.));
#9788=DIRECTION('',(0.999557326615471,-0.0297514841534382,9.70545981564123E-49));
#9789=DIRECTION('',(0.,-3.26217669195492E-47,-1.));
#9790=DIRECTION('',(1.23718212499398E-31,1.,-3.26217669195492E-47));
#9791=DIRECTION('',(1.,1.12103877145985E-44,0.));
#9792=DIRECTION('',(0.,3.26217669195492E-47,1.));
#9793=DIRECTION('',(-5.55110948751977E-16,-1.,3.26217669195492E-47));
#9794=DIRECTION('',(0.,-3.26217669195492E-47,-1.));
#9795=DIRECTION('',(0.0261769483078739,0.999657324975557,-3.26105882547727E-47));
#9796=DIRECTION('',(0.999657324975622,-0.0261769483054201,0.));
#9797=DIRECTION('',(0.,-3.26217669195492E-47,-1.));
#9798=DIRECTION('',(0.959254826401361,0.282542347313982,-9.21703059897904E-48));
#9799=DIRECTION('',(0.282542347313973,-0.959254826401364,1.23259516440783E-32));
#9800=DIRECTION('',(0.,-3.26217669195492E-47,-1.));
#9801=DIRECTION('',(-1.23718212499398E-31,-1.,3.26217669195492E-47));
#9802=DIRECTION('',(0.,-3.26217669195492E-47,-1.));
#9803=DIRECTION('',(-0.988536728446659,-0.15098058322836,4.92525339545316E-48));
#9804=DIRECTION('',(0.,3.26217669195492E-47,1.));
#9805=DIRECTION('',(0.988536728730687,0.150980581368707,-4.92525333478799E-48));
#9806=DIRECTION('',(0.,-3.26217669195492E-47,-1.));
#9807=DIRECTION('',(-0.775551273543349,0.631284580918376,-2.05936184586246E-47));
#9808=DIRECTION('',(0.,3.26217669195492E-47,1.));
#9809=DIRECTION('',(-1.23718212499398E-31,-1.,3.26217669195492E-47));
#9810=DIRECTION('',(0.,-3.26217669195492E-47,-1.));
#9811=DIRECTION('',(0.455984980675024,0.889987470360565,-2.90329638194216E-47));
#9812=DIRECTION('',(0.889987470360564,-0.455984980675026,0.));
#9813=DIRECTION('',(0.,-3.26217669195492E-47,-1.));
#9814=DIRECTION('',(0.889987470360563,-0.455984980675029,1.48750357583959E-47));
#9815=DIRECTION('',(-0.455984980675027,-0.889987470360564,0.));
#9816=DIRECTION('',(0.,-3.26217669195492E-47,-1.));
#9817=DIRECTION('',(0.0261769100249736,-0.99965732597803,3.26105882874751E-47));
#9818=DIRECTION('',(-0.999657324975557,-0.0261769483078736,0.));
#9819=DIRECTION('',(0.313102665759769,-0.949719285207016,1.23259516440783E-32));
#9820=DIRECTION('',(0.,3.26217669195492E-47,1.));
#9821=DIRECTION('',(-0.949719285207019,-0.313102665759762,1.02139621843045E-47));
#9822=DIRECTION('',(0.,-3.26217669195492E-47,-1.));
#9823=DIRECTION('',(0.889987470360562,-0.45598498067503,1.4875035758396E-47));
#9824=DIRECTION('',(-0.455984980675027,-0.889987470360564,0.));
#9825=DIRECTION('',(0.,-3.26217669195492E-47,-1.));
#9826=DIRECTION('',(-0.455984980675029,-0.889987470360563,2.90329638194215E-47));
#9827=DIRECTION('',(-0.889987470360563,0.455984980675029,0.));
#9828=DIRECTION('',(0.,-3.26217669195492E-47,-1.));
#9829=DIRECTION('',(-0.881181884635168,0.472777417175159,-1.54228347079145E-47));
#9830=DIRECTION('',(0.,3.26217669195492E-47,1.));
#9831=DIRECTION('',(0.88118188463517,-0.472777417175154,1.54228347079144E-47));
#9832=DIRECTION('',(0.,-3.26217669195492E-47,-1.));
#9833=DIRECTION('',(0.949719285207015,0.313102665759773,-1.02139621843048E-47));
#9834=DIRECTION('',(0.,-3.26217669195492E-47,-1.));
#9835=DIRECTION('',(-1.23718212499398E-31,-1.,3.26217669195492E-47));
#9836=DIRECTION('',(0.,3.26217669195492E-47,1.));
#9837=DIRECTION('',(-0.673469387736355,-0.73921511333442,-4.93038065763132E-32));
#9838=DIRECTION('',(0.,-3.26217669195492E-47,-1.));
#9839=DIRECTION('',(-0.673469387736355,-0.73921511333442,-4.93038065763132E-32));
#9840=DIRECTION('',(-0.47621477098993,-0.522704019394352,0.707106781186546));
#9841=DIRECTION('',(0.396578740681841,-0.585427452755,0.707106781186546));
#9842=DIRECTION('',(0.,-3.26217669195492E-47,-1.));
#9843=DIRECTION('',(-1.23718212499398E-31,-1.,-2.95593225698405E-60));
#9844=DIRECTION('',(0.,3.26217669195492E-47,1.));
#9845=DIRECTION('',(-1.23718212499398E-31,-1.,-2.95593225698405E-60));
#9846=DIRECTION('',(0.,3.26217669195492E-47,1.));
#9847=DIRECTION('',(-1.23718212499398E-31,-1.,-2.95593225698405E-60));
#9848=DIRECTION('',(0.,3.26217669195492E-47,1.));
#9849=DIRECTION('',(-0.673469387736355,-0.73921511333442,-4.93038065763132E-32));
#9850=DIRECTION('',(0.,3.26217669195492E-47,1.));
#9851=DIRECTION('',(0.,3.26217669195492E-47,1.));
#9852=DIRECTION('',(0.,-3.26217669195492E-47,-1.));
#9853=DIRECTION('',(1.23718212499398E-31,1.,-3.26217669195492E-47));
#9854=DIRECTION('',(0.,-3.26217669195492E-47,-1.));
#9855=DIRECTION('',(-1.23718212499398E-31,-1.,3.26217669195492E-47));
#9856=DIRECTION('',(0.,3.26217669195492E-47,1.));
#9857=DIRECTION('',(0.382683432365094,-0.923879532511285,0.));
#9858=DIRECTION('',(0.707106781186548,0.707106781186548,-1.51461293802434E-28));
#9859=DIRECTION('',(0.,3.26217669195492E-47,1.));
#9860=DIRECTION('',(0.923879532511286,-0.382683432365091,0.));
#9861=DIRECTION('',(-3.24300857537294E-17,1.,-2.75115240695828E-28));
#9862=DIRECTION('',(0.,3.26217669195492E-47,1.));
#9863=DIRECTION('',(0.923879532511289,0.382683432365085,0.));
#9864=DIRECTION('',(-0.707106781186547,0.707106781186548,-2.27191940703651E-28));
#9865=DIRECTION('',(0.,3.26217669195492E-47,1.));
#9866=DIRECTION('',(0.382683432365091,0.923879532511286,0.));
#9867=DIRECTION('',(-1.,-3.24300857537294E-17,-5.04870979341448E-29));
#9868=DIRECTION('',(0.,3.26217669195492E-47,1.));
#9869=DIRECTION('',(-0.382683432365091,0.923879532511286,0.));
#9870=DIRECTION('',(-0.707106781186548,-0.707106781186547,1.51461293802434E-28));
#9871=DIRECTION('',(0.,3.26217669195492E-47,1.));
#9872=DIRECTION('',(-0.923879532511286,0.382683432365091,0.));
#9873=DIRECTION('',(-1.31192877734793E-15,-1.,2.75115240695828E-28));
#9874=DIRECTION('',(0.,3.26217669195492E-47,1.));
#9875=DIRECTION('',(-0.923879532511286,-0.382683432365091,0.));
#9876=DIRECTION('',(0.707106781186548,-0.707106781186548,2.27191940703651E-28));
#9877=DIRECTION('',(0.,3.26217669195492E-47,1.));
#9878=DIRECTION('',(-0.382683432365091,-0.923879532511286,0.));
#9879=DIRECTION('',(1.,3.24300857537294E-17,5.04870979341448E-29));
#9880=DIRECTION('',(0.,-3.26217669195492E-47,-1.));
#9881=DIRECTION('',(-1.23718212499398E-31,-1.,3.26217669195492E-47));
#9882=DIRECTION('',(0.,-3.26217669195492E-47,-1.));
#9883=DIRECTION('',(-1.23718212499398E-31,-1.,3.26217669195492E-47));
#9884=DIRECTION('',(0.,3.26217669195492E-47,1.));
#9885=DIRECTION('',(-1.23718212499398E-31,-1.,3.26217669195492E-47));
#9886=DIRECTION('',(0.0185098976590776,0.706864473353029,-0.707106781186544));
#9887=DIRECTION('',(5.57980183341256E-18,0.707227945480631,0.706985596127139));
#9888=DIRECTION('',(0.999657324975564,-0.0261769483076055,0.));
#9889=DIRECTION('',(-0.018509897659077,-0.706864473353022,-0.707106781186551));
#9890=DIRECTION('',(-0.0185098976703004,-0.706864473350293,0.707106781188986));
#9891=DIRECTION('',(-0.0255494289136589,-0.706662595875301,-0.707089246328189));
#9892=DIRECTION('',(0.,-3.26217669195492E-47,-1.));
#9893=DIRECTION('',(-0.0261769483078724,-0.999657324975557,3.26105882547727E-47));
#9894=DIRECTION('',(0.707106781186544,1.11256261380165E-32,-0.707106781186551));
#9895=DIRECTION('',(0.,3.26217669195492E-47,1.));
#9896=DIRECTION('',(-0.0261769483078724,-0.999657324975557,3.26105882547727E-47));
#9897=DIRECTION('',(-0.707106781186548,0.,-0.707106781186548));
#9898=DIRECTION('',(-1.17028870922911E-16,1.,1.17028870922911E-16));
#9899=DIRECTION('',(2.34057741845823E-16,1.,3.68917433064879E-32));
#9900=DIRECTION('',(0.707106781186548,1.1125626138016E-32,-0.707106781186548));
#9901=DIRECTION('',(0.,-3.26217669195492E-47,-1.));
#9902=DIRECTION('',(1.,1.12103877145985E-44,-3.6570265510341E-91));
#9903=DIRECTION('',(-0.0185098976592595,0.70686447335302,-0.707106781186548));
#9904=DIRECTION('',(0.,3.26217669195492E-47,1.));
#9905=DIRECTION('',(1.,1.12103877145985E-44,-3.6570265510341E-91));
#9906=DIRECTION('',(0.610483608319679,0.356804938268777,-0.707106781186547));
#9907=DIRECTION('',(1.93988400284284E-16,0.892779025282403,0.450494852374366));
#9908=DIRECTION('',(0.610483608319676,0.35680493826878,0.707106781186548));
#9909=DIRECTION('',(0.610483608319682,0.356804938268774,0.707106781186546));
#9910=DIRECTION('',(0.504598382821399,-0.863354198492154,0.));
#9911=DIRECTION('',(0.,3.26217669195492E-47,1.));
#9912=DIRECTION('',(0.999951234174096,-0.00987569104936106,3.22162491581735E-49));
#9913=DIRECTION('',(0.,-3.26217669195492E-47,-1.));
#9914=DIRECTION('',(0.999951234174096,-0.00987569104936106,3.22162491581735E-49));
#9915=DIRECTION('',(0.707106781186548,1.1125626138016E-32,0.707106781186548));
#9916=DIRECTION('',(0.707106781186548,1.1125626138016E-32,-0.707106781186548));
#9917=DIRECTION('',(5.39921005625616E-32,1.,6.97261119368364E-32));
#9918=DIRECTION('',(0.707106781186544,1.11256261380165E-32,0.707106781186551));
#9919=DIRECTION('',(-1.23718212499398E-31,-1.,-2.95593225698405E-60));
#9920=DIRECTION('',(0.,3.26217669195492E-47,1.));
#9921=DIRECTION('',(0.560847033621103,-0.827919443471652,2.70081951130951E-47));
#9922=DIRECTION('',(0.,-3.26217669195492E-47,-1.));
#9923=DIRECTION('',(0.560847033621103,-0.827919443471652,2.70081951130951E-47));
#9924=DIRECTION('',(0.,3.26217669195492E-47,1.));
#9925=DIRECTION('',(-1.,-2.22044604898168E-16,7.24348734673143E-63));
#9926=DIRECTION('',(0.,-3.26217669195492E-47,-1.));
#9927=DIRECTION('',(-1.,-2.22044604898168E-16,7.24348734673143E-63));
#9928=DIRECTION('',(-0.707106781186551,-7.85046229341882E-15,0.707106781186544));
#9929=DIRECTION('',(-0.707106781186548,0.,-0.707106781186548));
#9930=DIRECTION('',(1.2260362289553E-16,1.,-1.2260362289553E-16));
#9931=DIRECTION('',(-2.45207245791063E-16,1.,-3.39518647581137E-32));
#9932=DIRECTION('',(-0.707106781186551,-1.53750155743574E-15,0.707106781186544));
#9933=DIRECTION('',(0.,3.26217669195492E-47,1.));
#9934=DIRECTION('',(-0.645698096973796,0.763592802195266,-2.49097464146594E-47));
#9935=DIRECTION('',(0.,-3.26217669195492E-47,-1.));
#9936=DIRECTION('',(-0.645698096973796,0.763592802195266,-2.49097464146594E-47));
#9937=DIRECTION('',(-0.58320305793753,0.399842710590452,0.707106781186543));
#9938=DIRECTION('',(0.,-3.26217669195492E-47,-1.));
#9939=DIRECTION('',(0.824773674152714,-0.565462984133031,1.84464016700205E-47));
#9940=DIRECTION('',(-0.492687290702304,-0.507207288571865,0.707106781186548));
#9941=DIRECTION('',(0.,3.26217669195492E-47,1.));
#9942=DIRECTION('',(0.824773674152714,-0.565462984133031,1.84464016700205E-47));
#9943=DIRECTION('',(0.,3.26217669195492E-47,1.));
#9944=DIRECTION('',(-1.,-1.12103877145985E-44,3.6570265510341E-91));
#9945=DIRECTION('',(0.,-3.26217669195492E-47,-1.));
#9946=DIRECTION('',(-1.,-1.12103877145985E-44,3.6570265510341E-91));
#9947=DIRECTION('',(-0.707106781186548,-2.7005590289361E-13,0.707106781186548));
#9948=DIRECTION('',(-0.707106781186548,0.,-0.707106781186548));
#9949=DIRECTION('',(1.90958360235528E-13,1.,-1.90958360235528E-13));
#9950=DIRECTION('',(-0.707106781186548,-2.7005590289361E-13,0.707106781186548));
#9951=DIRECTION('',(-3.81916720471055E-13,1.,4.77088284335696E-28));
#9952=DIRECTION('',(0.,3.26217669195492E-47,1.));
#9953=DIRECTION('',(0.0261769483076693,0.999657324975563,-3.26105882547729E-47));
#9954=DIRECTION('',(0.,-3.26217669195492E-47,-1.));
#9955=DIRECTION('',(0.0261769483076693,0.999657324975563,-3.26105882547729E-47));
#9956=DIRECTION('',(0.0185098976590774,0.706864473353022,0.707106781186551));
#9957=DIRECTION('',(0.0185098976590776,0.706864473353029,-0.707106781186544));
#9958=DIRECTION('',(5.57980183341256E-18,0.707227945480631,0.706985596127139));
#9959=DIRECTION('',(0.999657324975564,-0.0261769483076055,-8.50736678332086E-17));
#9960=DIRECTION('',(0.0185098977008648,0.706864473361097,-0.707106781177386));
#9961=DIRECTION('',(0.0110041454793384,0.707041082486956,0.707086852132002));
#9962=DIRECTION('',(0.,3.26217669195492E-47,1.));
#9963=DIRECTION('',(0.0261769483078691,0.999657324975557,-3.26105882547727E-47));
#9964=DIRECTION('',(0.,-3.26217669195492E-47,-1.));
#9965=DIRECTION('',(0.0261769483078691,0.999657324975557,-3.26105882547727E-47));
#9966=DIRECTION('',(0.0185098976592654,0.70686447335302,0.707106781186548));
#9967=DIRECTION('',(0.018509897659265,0.706864473353022,-0.707106781186547));
#9968=DIRECTION('',(4.25839126935501E-18,0.707227945480636,0.706985596127134));
#9969=DIRECTION('',(0.999657324975557,-0.0261769483078705,0.));
#9970=DIRECTION('',(0.0185098976592654,0.70686447335302,0.707106781186548));
#9971=DIRECTION('',(0.,3.26217669195492E-47,1.));
#9972=DIRECTION('',(0.731339716696444,0.682013356747773,-2.22484807598452E-47));
#9973=DIRECTION('',(0.,-3.26217669195492E-47,-1.));
#9974=DIRECTION('',(0.731339716696444,0.682013356747773,-2.22484807598452E-47));
#9975=DIRECTION('',(0.,-3.26217669195492E-47,-1.));
#9976=DIRECTION('',(-0.872478950442326,0.488651697055333,-1.59406817661812E-47));
#9977=DIRECTION('',(0.,3.26217669195492E-47,1.));
#9978=DIRECTION('',(-0.872478950442326,0.488651697055333,-1.59406817661812E-47));
#9979=DIRECTION('',(0.,-3.26217669195492E-47,-1.));
#9980=DIRECTION('',(-1.23718212499398E-31,-1.,3.26217669195492E-47));
#9981=DIRECTION('',(0.,-3.26217669195492E-47,-1.));
#9982=DIRECTION('',(-0.00262649649027629,-0.999996550752145,3.26216543989896E-47));
#9983=DIRECTION('',(0.00185721347903703,0.7071043422,0.707106781186547));
#9984=DIRECTION('',(0.,3.26217669195492E-47,1.));
#9985=DIRECTION('',(-0.00262649649027629,-0.999996550752145,3.26216543989896E-47));
#9986=DIRECTION('',(0.678295592634328,0.199787609758083,-0.707106781186546));
#9987=DIRECTION('',(-0.678295592634331,-0.199787609758076,-0.707106781186545));
#9988=DIRECTION('',(-1.38692100203205E-16,0.962326110938682,-0.271897878266144));
#9989=DIRECTION('',(-0.282542347313973,0.959254826401364,-1.23259516440783E-32));
#9990=DIRECTION('',(-0.678295592634327,-0.199787609758076,0.707106781186549));
#9991=DIRECTION('',(0.,-3.26217669195492E-47,-1.));
#9992=DIRECTION('',(0.959254826401361,0.282542347313982,-9.21703059897904E-48));
#9993=DIRECTION('',(0.,3.26217669195492E-47,1.));
#9994=DIRECTION('',(0.959254826401361,0.282542347313982,-9.21703059897904E-48));
#9995=DIRECTION('',(-0.0185098976575324,-0.706864473353066,0.707106781186548));
#9996=DIRECTION('',(-0.0185098976575322,-0.706864473353066,-0.707106781186548));
#9997=DIRECTION('',(1.8413236485573E-17,0.707227945480615,-0.706985596127155));
#9998=DIRECTION('',(-0.999657324975622,0.0261769483054201,0.));
#9999=DIRECTION('',(-0.0185098976592673,-0.70686447335302,0.707106781186548));
#10000=DIRECTION('',(0.,-3.26217669195492E-47,-1.));
#10001=DIRECTION('',(0.0261769483078739,0.999657324975557,-3.26105882547727E-47));
#10002=DIRECTION('',(0.,3.26217669195492E-47,1.));
#10003=DIRECTION('',(0.0261769483078739,0.999657324975557,-3.26105882547727E-47));
#10004=DIRECTION('',(0.698999869488609,-0.106766953938869,0.707106781187624));
#10005=DIRECTION('',(0.,3.26217669195492E-47,1.));
#10006=DIRECTION('',(-5.55110948751977E-16,-1.,3.26217669195492E-47));
#10007=DIRECTION('',(0.,-3.26217669195492E-47,-1.));
#10008=DIRECTION('',(-5.55110948751977E-16,-1.,3.26217669195492E-47));
#10009=DIRECTION('',(-9.86076131526263E-32,-0.707106781186548,0.707106781186548));
#10010=DIRECTION('',(-7.39557098644699E-32,-0.707106781186548,-0.707106781186548));
#10011=DIRECTION('',(9.86076131526263E-32,0.707106781186548,-0.707106781186548));
#10012=DIRECTION('',(-1.,-1.12103877145985E-44,0.));
#10013=DIRECTION('',(-9.86076131526263E-32,-0.707106781186548,0.707106781186548));
#10014=DIRECTION('',(0.,-3.26217669195492E-47,-1.));
#10015=DIRECTION('',(1.23718212499398E-31,1.,-3.26217669195492E-47));
#10016=DIRECTION('',(0.,3.26217669195492E-47,1.));
#10017=DIRECTION('',(1.23718212499398E-31,1.,-3.26217669195492E-47));
#10018=DIRECTION('',(0.654554312503828,0.267504489649527,0.707106781186538));
#10019=DIRECTION('',(0.,3.26217669195492E-47,1.));
#10020=DIRECTION('',(0.999557326615471,-0.0297514841534382,9.70545981564122E-49));
#10021=DIRECTION('',(0.,-3.26217669195492E-47,-1.));
#10022=DIRECTION('',(0.999557326615471,-0.0297514841534382,9.70545981564123E-49));
#10023=DIRECTION('',(0.706793763834491,-0.0210374761952614,0.707106781186553));
#10024=DIRECTION('',(0.,-3.26217669195492E-47,-1.));
#10025=DIRECTION('',(-0.999557326615471,0.0297514841534374,-9.70545981564097E-49));
#10026=DIRECTION('',(0.,3.26217669195492E-47,1.));
#10027=DIRECTION('',(-0.999557326615471,0.0297514841534374,-9.70545981564096E-49));
#10028=DIRECTION('',(-0.190400273155266,0.680990261297774,0.70710678118654));
#10029=DIRECTION('',(0.,3.26217669195492E-47,1.));
#10030=DIRECTION('',(0.00262649649027629,0.999996550752145,-3.26216543989896E-47));
#10031=DIRECTION('',(0.,-3.26217669195492E-47,-1.));
#10032=DIRECTION('',(0.00262649649027629,0.999996550752145,-3.26216543989896E-47));
#10033=DIRECTION('',(0.,-3.26217669195492E-47,-1.));
#10034=DIRECTION('',(-1.23718212499398E-31,-1.,3.26217669195492E-47));
#10035=DIRECTION('',(0.,3.26217669195492E-47,1.));
#10036=DIRECTION('',(-1.23718212499398E-31,-1.,3.26217669195492E-47));
#10037=DIRECTION('',(0.,-3.26217669195492E-47,-1.));
#10038=DIRECTION('',(-1.23718212499398E-31,-1.,3.26217669195492E-47));
#10039=DIRECTION('',(0.,-3.26217669195492E-47,-1.));
#10040=DIRECTION('',(-1.23718212499398E-31,-1.,3.26217669195492E-47));
#10041=DIRECTION('',(0.,3.26217669195492E-47,1.));
#10042=DIRECTION('',(-1.23718212499398E-31,-1.,3.26217669195492E-47));
#10043=DIRECTION('',(0.,-3.26217669195492E-47,-1.));
#10044=DIRECTION('',(-1.23718212499398E-31,-1.,3.26217669195492E-47));
#10045=DIRECTION('',(0.,3.26217669195492E-47,1.));
#10046=DIRECTION('',(-1.23718212499398E-31,-1.,3.26217669195492E-47));
#10047=DIRECTION('',(-0.671552946793522,-0.221397018166318,-0.707106781186548));
#10048=DIRECTION('',(1.9049684902281E-16,0.954316095105724,-0.298798913355056));
#10049=DIRECTION('',(-0.67155294679352,-0.221397018166317,0.70710678118655));
#10050=DIRECTION('',(-0.313102665759769,0.949719285207016,-1.23259516440783E-32));
#10051=DIRECTION('',(0.67155294679353,0.221397018166315,-0.707106781186541));
#10052=DIRECTION('',(0.,-3.26217669195492E-47,-1.));
#10053=DIRECTION('',(0.949719285207015,0.313102665759773,-1.02139621843048E-47));
#10054=DIRECTION('',(0.,3.26217669195492E-47,1.));
#10055=DIRECTION('',(0.949719285207015,0.313102665759773,-1.02139621843048E-47));
#10056=DIRECTION('',(0.66513811219628,-0.239981857030795,0.707106781186561));
#10057=DIRECTION('',(0.,3.26217669195492E-47,1.));
#10058=DIRECTION('',(0.88118188463517,-0.472777417175154,1.54228347079143E-47));
#10059=DIRECTION('',(0.,-3.26217669195492E-47,-1.));
#10060=DIRECTION('',(0.88118188463517,-0.472777417175154,1.54228347079144E-47));
#10061=DIRECTION('',(0.623089686084265,-0.334304117676413,0.707106781186553));
#10062=DIRECTION('',(0.,-3.26217669195492E-47,-1.));
#10063=DIRECTION('',(-0.881181884635168,0.472777417175159,-1.54228347079145E-47));
#10064=DIRECTION('',(0.,3.26217669195492E-47,1.));
#10065=DIRECTION('',(-0.881181884635168,0.472777417175159,-1.54228347079145E-47));
#10066=DIRECTION('',(0.322430071954501,0.629316175462948,0.707106781186621));
#10067=DIRECTION('',(0.322430071954531,0.629316175463018,-0.707106781186544));
#10068=DIRECTION('',(-1.20423127182531E-16,0.747001686788556,0.664822141580026));
#10069=DIRECTION('',(0.889987470360563,-0.455984980675029,0.));
#10070=DIRECTION('',(0.32243007195453,0.629316175463029,0.707106781186535));
#10071=DIRECTION('',(0.,-3.26217669195492E-47,-1.));
#10072=DIRECTION('',(-0.455984980675029,-0.889987470360563,2.90329638194215E-47));
#10073=DIRECTION('',(0.,3.26217669195492E-47,1.));
#10074=DIRECTION('',(-0.455984980675029,-0.889987470360563,2.90329638194215E-47));
#10075=DIRECTION('',(-0.629316175463015,0.322430071954528,0.707106781186549));
#10076=DIRECTION('',(-0.629316175463017,0.322430071954529,-0.707106781186547));
#10077=DIRECTION('',(1.27237524644791E-16,0.909872418088727,0.414888156978929));
#10078=DIRECTION('',(0.455984980675027,0.889987470360564,2.68031548330894E-16));
#10079=DIRECTION('',(-0.629316175463015,0.322430071954528,0.707106781186549));
#10080=DIRECTION('',(0.,-3.26217669195492E-47,-1.));
#10081=DIRECTION('',(0.889987470360562,-0.45598498067503,1.4875035758396E-47));
#10082=DIRECTION('',(0.,3.26217669195492E-47,1.));
#10083=DIRECTION('',(0.889987470360562,-0.45598498067503,1.4875035758396E-47));
#10084=DIRECTION('',(-0.203504528215131,-0.677189712706799,0.707106781186562));
#10085=DIRECTION('',(0.,3.26217669195492E-47,1.));
#10086=DIRECTION('',(-0.949719285207019,-0.313102665759762,1.02139621843045E-47));
#10087=DIRECTION('',(0.,-3.26217669195492E-47,-1.));
#10088=DIRECTION('',(-0.949719285207019,-0.313102665759762,1.02139621843045E-47));
#10089=DIRECTION('',(0.,-3.26217669195492E-47,-1.));
#10090=DIRECTION('',(-1.23718212499398E-31,-1.,3.26217669195492E-47));
#10091=DIRECTION('',(0.,3.26217669195492E-47,1.));
#10092=DIRECTION('',(-1.23718212499398E-31,-1.,3.26217669195492E-47));
#10093=DIRECTION('',(0.,-3.26217669195492E-47,-1.));
#10094=DIRECTION('',(-1.23718212499398E-31,-1.,3.26217669195492E-47));
#10095=DIRECTION('',(0.,3.26217669195492E-47,1.));
#10096=DIRECTION('',(-1.23718212499398E-31,-1.,3.26217669195492E-47));
#10097=DIRECTION('',(0.,-3.26217669195492E-47,-1.));
#10098=DIRECTION('',(-1.23718212499398E-31,-1.,3.26217669195492E-47));
#10099=DIRECTION('',(0.,3.26217669195492E-47,1.));
#10100=DIRECTION('',(-1.23718212499398E-31,-1.,3.26217669195492E-47));
#10101=DIRECTION('',(0.,-3.26217669195492E-47,-1.));
#10102=DIRECTION('',(-1.23718212499398E-31,-1.,3.26217669195492E-47));
#10103=DIRECTION('',(0.,3.26217669195492E-47,1.));
#10104=DIRECTION('',(-1.23718212499398E-31,-1.,3.26217669195492E-47));
#10105=DIRECTION('',(0.,-3.26217669195492E-47,-1.));
#10106=DIRECTION('',(-0.988536728446659,-0.15098058322836,4.92525339545316E-48));
#10107=DIRECTION('',(0.699001024136597,0.10675939422827,0.707106781186548));
#10108=DIRECTION('',(0.,3.26217669195492E-47,1.));
#10109=DIRECTION('',(-0.988536728446659,-0.15098058322836,4.92525339545316E-48));
#10110=DIRECTION('',(0.0185099251523526,-0.706864473052382,-0.707106780767398));
#10111=DIRECTION('',(-0.0185099251413823,0.706864472633372,-0.707106781186551));
#10112=DIRECTION('',(-2.59957889157717E-18,0.707227945840525,0.706985595767122));
#10113=DIRECTION('',(0.999657324975557,0.0261769483078736,-3.88789029577431E-8));
#10114=DIRECTION('',(-0.0185098705891689,0.706864474061872,0.707106781186551));
#10115=DIRECTION('',(0.,-3.26217669195492E-47,-1.));
#10116=DIRECTION('',(0.0261769100249736,-0.99965732597803,3.26105882874751E-47));
#10117=DIRECTION('',(0.,3.26217669195492E-47,1.));
#10118=DIRECTION('',(0.0261769100249736,-0.99965732597803,3.26105882874751E-47));
#10119=DIRECTION('',(-0.629316175463019,0.322430071954528,0.707106781186545));
#10120=DIRECTION('',(-0.629316175463017,0.322430071954529,-0.707106781186547));
#10121=DIRECTION('',(1.27237524644791E-16,0.909872418088727,0.414888156978929));
#10122=DIRECTION('',(0.455984980675027,0.889987470360564,0.));
#10123=DIRECTION('',(-0.629316175463015,0.322430071954529,0.707106781186548));
#10124=DIRECTION('',(0.,-3.26217669195492E-47,-1.));
#10125=DIRECTION('',(0.889987470360563,-0.455984980675029,1.48750357583959E-47));
#10126=DIRECTION('',(0.,3.26217669195492E-47,1.));
#10127=DIRECTION('',(0.889987470360563,-0.455984980675029,1.48750357583959E-47));
#10128=DIRECTION('',(-0.322430071954534,-0.629316175463011,0.70710678118655));
#10129=DIRECTION('',(-0.322430071954529,-0.629316175463019,-0.707106781186544));
#10130=DIRECTION('',(6.12136861098982E-17,0.747001686788555,-0.664822141580027));
#10131=DIRECTION('',(-0.889987470360564,0.455984980675026,0.));
#10132=DIRECTION('',(-0.322430071954526,-0.62931617546303,0.707106781186536));
#10133=DIRECTION('',(0.,-3.26217669195492E-47,-1.));
#10134=DIRECTION('',(0.455984980675024,0.889987470360565,-2.90329638194216E-47));
#10135=DIRECTION('',(0.,3.26217669195492E-47,1.));
#10136=DIRECTION('',(0.455984980675024,0.889987470360565,-2.90329638194216E-47));
#10137=DIRECTION('',(0.594910178789495,-0.382206592267415,0.707106781186534));
#10138=DIRECTION('',(0.,3.26217669195492E-47,1.));
#10139=DIRECTION('',(0.88118188463517,-0.472777417175154,1.54228347079143E-47));
#10140=DIRECTION('',(0.,-3.26217669195492E-47,-1.));
#10141=DIRECTION('',(-1.23718212499398E-31,-1.,3.26217669195492E-47));
#10142=DIRECTION('',(0.548397564680358,-0.446385608025901,0.707106781186547));
#10143=DIRECTION('',(0.,-3.26217669195492E-47,-1.));
#10144=DIRECTION('',(-0.775551273543349,0.631284580918376,-2.05936184586246E-47));
#10145=DIRECTION('',(0.,3.26217669195492E-47,1.));
#10146=DIRECTION('',(-0.775551273543349,0.631284580918376,-2.05936184586246E-47));
#10147=DIRECTION('',(0.130204449499623,0.695015684233461,0.707106781186543));
#10148=DIRECTION('',(0.,3.26217669195492E-47,1.));
#10149=DIRECTION('',(0.988536728730687,0.150980581368707,-4.92525333478799E-48));
#10150=DIRECTION('',(0.,-3.26217669195492E-47,-1.));
#10151=DIRECTION('',(0.988536728730687,0.150980581368707,-4.92525333478799E-48));
#10152=DIRECTION('',(0.,-3.26217669195492E-47,-1.));
#10153=DIRECTION('',(-1.23718212499398E-31,-1.,3.26217669195492E-47));
#10154=DIRECTION('',(0.,3.26217669195492E-47,1.));
#10155=DIRECTION('',(-1.23718212499398E-31,-1.,3.26217669195492E-47));
#10156=DIRECTION('',(0.,-3.26217669195492E-47,-1.));
#10157=DIRECTION('',(-1.23718212499398E-31,-1.,3.26217669195492E-47));
#10158=DIRECTION('',(0.,3.26217669195492E-47,1.));
#10159=DIRECTION('',(-1.23718212499398E-31,-1.,3.26217669195492E-47));
#10160=DIRECTION('',(0.,-3.26217669195492E-47,-1.));
#10161=DIRECTION('',(-0.872478950442326,0.488651697055333,-1.59406817661812E-47));
#10162=DIRECTION('',(0.,3.26217669195492E-47,1.));
#10163=DIRECTION('',(-0.872478950442326,0.488651697055333,-1.59406817661812E-47));
#10164=DIRECTION('',(0.,3.26217669195492E-47,1.));
#10165=DIRECTION('',(-1.23718212499398E-31,-1.,3.26217669195492E-47));
#10166=DIRECTION('',(0.,-3.26217669195492E-47,-1.));
#10167=DIRECTION('',(-1.23718212499398E-31,-1.,3.26217669195492E-47));
#10168=DIRECTION('',(0.,3.26217669195492E-47,1.));
#10169=DIRECTION('',(-1.23718212499398E-31,-1.,3.26217669195492E-47));
#10170=DIRECTION('',(0.,-3.26217669195492E-47,-1.));
#10171=DIRECTION('',(-1.23718212499398E-31,-1.,3.26217669195492E-47));
#10172=DIRECTION('',(0.0261769483078736,-0.999657324975557,4.93038065763132E-32));
#10173=DIRECTION('',(0.999657324975557,0.0261769483078736,-8.35758807447409E-50));
#10174=DIRECTION('',(-0.999657324975557,-0.0261769483078736,0.));
#10175=DIRECTION('',(0.,3.26217669195492E-47,1.));
#10176=DIRECTION('',(0.,3.26217669195492E-47,1.));
#10177=DIRECTION('',(0.,3.26217669195492E-47,1.));
#10178=DIRECTION('',(1.,1.12103877145985E-44,-3.6570265510341E-91));
#10179=DIRECTION('',(0.,3.26217669195492E-47,1.));
#10180=DIRECTION('',(-1.,0.,0.));
#10181=DIRECTION('',(0.,-1.,-3.68917433064879E-32));
#10182=DIRECTION('',(0.,3.26217669195492E-47,1.));
#10183=DIRECTION('',(0.,3.26217669195492E-47,1.));
#10184=DIRECTION('',(-0.0261769483078724,-0.999657324975557,3.26105882547727E-47));
#10185=DIRECTION('',(0.,3.26217669195492E-47,1.));
#10186=DIRECTION('',(0.0261769483076055,0.999657324975564,4.00593428432545E-32));
#10187=DIRECTION('',(-0.999657324975564,0.0261769483076055,-4.06389837640524E-50));
#10188=DIRECTION('',(0.,3.26217669195492E-47,1.));
#10189=DIRECTION('',(0.,3.26217669195492E-47,1.));
#10190=DIRECTION('',(0.731339716696444,0.682013356747773,-2.22484807598452E-47));
#10191=DIRECTION('',(0.,3.26217669195492E-47,1.));
#10192=DIRECTION('',(0.0261769483078705,0.999657324975557,-2.08000433993821E-32));
#10193=DIRECTION('',(-0.999657324975557,0.0261769483078705,-8.34175699669057E-50));
#10194=DIRECTION('',(0.,3.26217669195492E-47,1.));
#10195=DIRECTION('',(0.,3.26217669195492E-47,1.));
#10196=DIRECTION('',(0.0261769483078692,0.999657324975557,-3.26105882547727E-47));
#10197=DIRECTION('',(0.,3.26217669195492E-47,1.));
#10198=DIRECTION('',(0.0261769483076055,0.999657324975564,4.00593428432545E-32));
#10199=DIRECTION('',(-0.999657324975564,0.0261769483076055,-4.06389837640524E-50));
#10200=DIRECTION('',(0.,3.26217669195492E-47,1.));
#10201=DIRECTION('',(0.,3.26217669195492E-47,1.));
#10202=DIRECTION('',(0.0261769483076693,0.999657324975563,-3.26105882547729E-47));
#10203=DIRECTION('',(0.,3.26217669195492E-47,1.));
#10204=DIRECTION('',(-1.,0.,0.));
#10205=DIRECTION('',(0.,-1.,-2.4651903288762E-32));
#10206=DIRECTION('',(0.,3.26217669195492E-47,1.));
#10207=DIRECTION('',(0.,3.26217669195492E-47,1.));
#10208=DIRECTION('',(-1.,-1.12103877145985E-44,3.6570265510341E-91));
#10209=DIRECTION('',(0.,3.26217669195492E-47,1.));
#10210=DIRECTION('',(0.,3.26217669195492E-47,1.));
#10211=DIRECTION('',(0.824773674152714,-0.565462984133031,1.84464016700205E-47));
#10212=DIRECTION('',(0.,3.26217669195492E-47,1.));
#10213=DIRECTION('',(0.,3.26217669195492E-47,1.));
#10214=DIRECTION('',(-0.645698096973796,0.763592802195266,-2.49097464146594E-47));
#10215=DIRECTION('',(0.,3.26217669195492E-47,1.));
#10216=DIRECTION('',(-1.,0.,0.));
#10217=DIRECTION('',(0.,-1.,3.39518647581137E-32));
#10218=DIRECTION('',(0.,3.26217669195492E-47,1.));
#10219=DIRECTION('',(0.,3.26217669195492E-47,1.));
#10220=DIRECTION('',(-1.,-2.22044604898168E-16,7.24348734673143E-63));
#10221=DIRECTION('',(0.,3.26217669195492E-47,1.));
#10222=DIRECTION('',(0.560847033621103,-0.827919443471652,2.70081951130951E-47));
#10223=DIRECTION('',(0.,3.26217669195492E-47,1.));
#10224=DIRECTION('',(1.,1.12103877145985E-44,0.));
#10225=DIRECTION('',(-1.12103877145985E-44,1.,2.95593225698405E-60));
#10226=DIRECTION('',(0.,3.26217669195492E-47,1.));
#10227=DIRECTION('',(0.,3.26217669195492E-47,1.));
#10228=DIRECTION('',(0.999951234174096,-0.00987569104936106,3.22162491581735E-49));
#10229=DIRECTION('',(0.,3.26217669195492E-47,1.));
#10230=DIRECTION('',(0.863354198492154,0.504598382821399,-4.93038065763132E-32));
#10231=DIRECTION('',(-0.504598382821399,0.863354198492154,3.05024842593984E-48));
#10232=DIRECTION('',(0.,3.26217669195492E-47,1.));
#10233=DIRECTION('',(0.,3.26217669195492E-47,1.));
#10234=DIRECTION('',(-0.959254826401364,-0.282542347313973,9.21703059897874E-48));
#10235=DIRECTION('',(0.,3.26217669195492E-47,1.));
#10236=DIRECTION('',(-0.959254826401364,-0.282542347313973,9.21703059897874E-48));
#10237=DIRECTION('',(0.,3.26217669195492E-47,1.));
#10238=DIRECTION('',(0.,3.26217669195492E-47,1.));
#10239=DIRECTION('',(-1.23718212499398E-31,-1.,3.26217669195492E-47));
#10240=DIRECTION('',(0.,-3.26217669195492E-47,-1.));
#10241=DIRECTION('',(-1.23718212499398E-31,-1.,3.26217669195492E-47));
#10242=DIRECTION('',(0.,3.26217669195492E-47,1.));
#10243=DIRECTION('',(-1.23718212499398E-31,-1.,3.26217669195492E-47));
#10244=DIRECTION('',(0.,-3.26217669195492E-47,-1.));
#10245=DIRECTION('',(-1.23718212499398E-31,-1.,3.26217669195492E-47));
#10246=DIRECTION('',(0.,3.26217669195492E-47,1.));
#10247=DIRECTION('',(-1.23718212499398E-31,-1.,3.26217669195492E-47));
#10248=DIRECTION('',(0.,-3.26217669195492E-47,-1.));
#10249=DIRECTION('',(-1.23718212499398E-31,-1.,3.26217669195492E-47));
#10250=DIRECTION('',(0.,3.26217669195492E-47,1.));
#10251=DIRECTION('',(-1.23718212499398E-31,-1.,3.26217669195492E-47));
#10252=DIRECTION('',(0.,-3.26217669195492E-47,-1.));
#10253=DIRECTION('',(-1.23718212499398E-31,-1.,3.26217669195492E-47));
#10254=DIRECTION('',(0.,3.26217669195492E-47,1.));
#10255=DIRECTION('',(-0.00262649649027629,-0.999996550752145,3.26216543989896E-47));
#10256=DIRECTION('',(0.,3.26217669195492E-47,1.));
#10257=DIRECTION('',(0.,3.26217669195492E-47,1.));
#10258=DIRECTION('',(0.,3.26217669195492E-47,1.));
#10259=DIRECTION('',(0.00262649649027629,0.999996550752145,-3.26216543989896E-47));
#10260=DIRECTION('',(0.,3.26217669195492E-47,1.));
#10261=DIRECTION('',(0.,3.26217669195492E-47,1.));
#10262=DIRECTION('',(-0.999557326615471,0.0297514841534374,-9.70545981564096E-49));
#10263=DIRECTION('',(0.,3.26217669195492E-47,1.));
#10264=DIRECTION('',(0.,3.26217669195492E-47,1.));
#10265=DIRECTION('',(0.999557326615471,-0.0297514841534382,9.70545981564123E-49));
#10266=DIRECTION('',(0.,3.26217669195492E-47,1.));
#10267=DIRECTION('',(0.,3.26217669195492E-47,1.));
#10268=DIRECTION('',(1.23718212499398E-31,1.,-3.26217669195492E-47));
#10269=DIRECTION('',(0.,3.26217669195492E-47,1.));
#10270=DIRECTION('',(-1.23718212499398E-31,-1.,-2.95593225698405E-60));
#10271=DIRECTION('',(1.,-1.23718212499398E-31,-3.65702655103411E-91));
#10272=DIRECTION('',(0.,3.26217669195492E-47,1.));
#10273=DIRECTION('',(0.,3.26217669195492E-47,1.));
#10274=DIRECTION('',(-5.55110948751977E-16,-1.,3.26217669195492E-47));
#10275=DIRECTION('',(0.,3.26217669195492E-47,1.));
#10276=DIRECTION('',(0.,3.26217669195492E-47,1.));
#10277=DIRECTION('',(0.0261769483078739,0.999657324975557,-3.26105882547727E-47));
#10278=DIRECTION('',(0.,3.26217669195492E-47,1.));
#10279=DIRECTION('',(-0.0261769483054201,-0.999657324975622,-1.92592994438723E-32));
#10280=DIRECTION('',(0.999657324975622,-0.0261769483054201,-4.1701247943589E-50));
#10281=DIRECTION('',(0.,3.26217669195492E-47,1.));
#10282=DIRECTION('',(0.,3.26217669195492E-47,1.));
#10283=DIRECTION('',(0.959254826401361,0.282542347313982,-9.21703059897904E-48));
#10284=DIRECTION('',(0.,3.26217669195492E-47,1.));
#10285=DIRECTION('',(-0.959254826401364,-0.282542347313973,-4.93038065763132E-32));
#10286=DIRECTION('',(0.282542347313973,-0.959254826401364,1.23259516440783E-32));
#10287=DIRECTION('',(0.,3.26217669195492E-47,1.));
#10288=DIRECTION('',(-1.23718212499398E-31,-1.,3.26217669195492E-47));
#10289=DIRECTION('',(0.,3.26217669195492E-47,1.));
#10290=DIRECTION('',(-0.988536728446659,-0.15098058322836,4.92525339545316E-48));
#10291=DIRECTION('',(0.,3.26217669195492E-47,1.));
#10292=DIRECTION('',(0.,3.26217669195492E-47,1.));
#10293=DIRECTION('',(0.,3.26217669195492E-47,1.));
#10294=DIRECTION('',(0.988536728730687,0.150980581368707,-4.92525333478799E-48));
#10295=DIRECTION('',(0.,3.26217669195492E-47,1.));
#10296=DIRECTION('',(0.,3.26217669195492E-47,1.));
#10297=DIRECTION('',(-0.775551273543349,0.631284580918376,-2.05936184586246E-47));
#10298=DIRECTION('',(0.,3.26217669195492E-47,1.));
#10299=DIRECTION('',(0.,3.26217669195492E-47,1.));
#10300=DIRECTION('',(0.88118188463517,-0.472777417175154,1.54228347079144E-47));
#10301=DIRECTION('',(0.,3.26217669195492E-47,1.));
#10302=DIRECTION('',(0.,3.26217669195492E-47,1.));
#10303=DIRECTION('',(0.455984980675024,0.889987470360565,-2.90329638194216E-47));
#10304=DIRECTION('',(0.,3.26217669195492E-47,1.));
#10305=DIRECTION('',(-0.455984980675026,-0.889987470360564,2.46519032881566E-32));
#10306=DIRECTION('',(0.889987470360564,-0.455984980675026,4.25957759707759E-49));
#10307=DIRECTION('',(0.,3.26217669195492E-47,1.));
#10308=DIRECTION('',(0.,3.26217669195492E-47,1.));
#10309=DIRECTION('',(0.889987470360563,-0.455984980675029,1.48750357583959E-47));
#10310=DIRECTION('',(0.,3.26217669195492E-47,1.));
#10311=DIRECTION('',(-0.889987470360564,0.455984980675027,0.));
#10312=DIRECTION('',(-0.455984980675027,-0.889987470360564,0.));
#10313=DIRECTION('',(0.,3.26217669195492E-47,1.));
#10314=DIRECTION('',(0.,3.26217669195492E-47,1.));
#10315=DIRECTION('',(0.0261769100249736,-0.99965732597803,3.26105882874751E-47));
#10316=DIRECTION('',(0.,3.26217669195492E-47,1.));
#10317=DIRECTION('',(-0.0261769483078736,0.999657324975557,-4.93038065763132E-32));
#10318=DIRECTION('',(-0.999657324975557,-0.0261769483078736,8.35758807447409E-50));
#10319=DIRECTION('',(-0.949719285207017,-0.313102665759769,0.));
#10320=DIRECTION('',(0.313102665759769,-0.949719285207016,1.23259516440783E-32));
#10321=DIRECTION('',(0.,3.26217669195492E-47,1.));
#10322=DIRECTION('',(0.,3.26217669195492E-47,1.));
#10323=DIRECTION('',(0.,3.26217669195492E-47,1.));
#10324=DIRECTION('',(-0.949719285207019,-0.313102665759762,1.02139621843045E-47));
#10325=DIRECTION('',(0.,3.26217669195492E-47,1.));
#10326=DIRECTION('',(0.,3.26217669195492E-47,1.));
#10327=DIRECTION('',(0.889987470360562,-0.45598498067503,1.4875035758396E-47));
#10328=DIRECTION('',(0.,3.26217669195492E-47,1.));
#10329=DIRECTION('',(-0.889987470360564,0.455984980675027,0.));
#10330=DIRECTION('',(-0.455984980675027,-0.889987470360564,0.));
#10331=DIRECTION('',(0.,3.26217669195492E-47,1.));
#10332=DIRECTION('',(0.,3.26217669195492E-47,1.));
#10333=DIRECTION('',(-0.455984980675029,-0.889987470360563,2.90329638194215E-47));
#10334=DIRECTION('',(0.,3.26217669195492E-47,1.));
#10335=DIRECTION('',(0.455984980675029,0.889987470360563,-2.46519032881566E-32));
#10336=DIRECTION('',(-0.889987470360563,0.455984980675029,3.0445742041179E-49));
#10337=DIRECTION('',(0.,3.26217669195492E-47,1.));
#10338=DIRECTION('',(0.,3.26217669195492E-47,1.));
#10339=DIRECTION('',(-0.881181884635168,0.472777417175159,-1.54228347079145E-47));
#10340=DIRECTION('',(0.,3.26217669195492E-47,1.));
#10341=DIRECTION('',(0.,3.26217669195492E-47,1.));
#10342=DIRECTION('',(0.88118188463517,-0.472777417175154,1.54228347079144E-47));
#10343=DIRECTION('',(0.,3.26217669195492E-47,1.));
#10344=DIRECTION('',(0.,3.26217669195492E-47,1.));
#10345=DIRECTION('',(0.949719285207015,0.313102665759773,-1.02139621843048E-47));
#10346=DIRECTION('',(0.,3.26217669195492E-47,1.));
#10347=DIRECTION('',(-1.23718212499398E-31,-1.,3.26217669195492E-47));
#10348=DIRECTION('',(0.,3.26217669195492E-47,1.));
#10349=DIRECTION('',(-1.23718212499398E-31,-1.,3.26217669195492E-47));
#10350=DIRECTION('',(0.,3.26217669195492E-47,1.));
#10351=DIRECTION('',(-0.872478950442326,0.488651697055333,-1.59406817661812E-47));
#10352=DIRECTION('',(0.,3.26217669195492E-47,1.));
#10353=DIRECTION('',(1.23718212499398E-31,1.,-3.26217669195492E-47));
#10354=DIRECTION('',(0.,-3.26217669195492E-47,-1.));
#10355=DIRECTION('',(-1.23718212499398E-31,-1.,3.26217669195492E-47));
#10356=DIRECTION('',(0.,-3.26217669195492E-47,-1.));
#10357=DIRECTION('',(-1.23718212499398E-31,-1.,3.26217669195492E-47));
#10358=DIRECTION('',(0.,-3.26217669195492E-47,-1.));
#10359=DIRECTION('',(-1.23718212499398E-31,-1.,3.26217669195492E-47));
#10360=DIRECTION('',(0.,3.26217669195492E-47,1.));
#10361=DIRECTION('',(-1.23718212499398E-31,-1.,3.26217669195492E-47));
#10362=DIRECTION('',(0.,-3.26217669195492E-47,-1.));
#10363=DIRECTION('',(-1.23718212499398E-31,-1.,3.26217669195492E-47));
#10364=DIRECTION('',(0.,3.26217669195492E-47,1.));
#10365=DIRECTION('',(-1.23718212499398E-31,-1.,3.26217669195492E-47));
#10366=DIRECTION('',(0.,3.26217669195492E-47,1.));
#10367=DIRECTION('',(-1.23718212499398E-31,-1.,3.26217669195492E-47));
#10368=DIRECTION('',(0.,3.26217669195492E-47,1.));
#10369=DIRECTION('',(-1.23718212499398E-31,-1.,3.26217669195492E-47));
#10370=DIRECTION('',(0.,3.26217669195492E-47,1.));
#10371=DIRECTION('',(-1.23718212499398E-31,-1.,3.26217669195492E-47));
#10372=DIRECTION('',(0.,-3.26217669195492E-47,-1.));
#10373=DIRECTION('',(-1.23718212499398E-31,-1.,3.26217669195492E-47));
#10374=DIRECTION('',(0.,-3.26217669195492E-47,-1.));
#10375=DIRECTION('',(-1.23718212499398E-31,-1.,3.26217669195492E-47));
#10376=DIRECTION('',(0.,-3.26217669195492E-47,-1.));
#10377=DIRECTION('',(-1.23718212499398E-31,-1.,3.26217669195492E-47));
#10378=DIRECTION('',(0.,3.26217669195492E-47,1.));
#10379=DIRECTION('',(-0.872478950442326,0.488651697055333,-1.59406817661812E-47));
#10380=DIRECTION('',(0.,3.26217669195492E-47,1.));
#10381=DIRECTION('',(1.23718212499398E-31,1.,-3.26217669195492E-47));
#10382=DIRECTION('',(0.,-3.26217669195492E-47,-1.));
#10383=DIRECTION('',(-1.23718212499398E-31,-1.,3.26217669195492E-47));
#10384=DIRECTION('',(0.,-3.26217669195492E-47,-1.));
#10385=DIRECTION('',(-1.23718212499398E-31,-1.,3.26217669195492E-47));
#10386=DIRECTION('',(0.,-3.26217669195492E-47,-1.));
#10387=DIRECTION('',(1.23718212499398E-31,1.,-3.26217669195492E-47));
#10388=DIRECTION('',(0.,-3.26217669195492E-47,-1.));
#10389=DIRECTION('',(1.23718212499398E-31,1.,-3.26217669195492E-47));
#10390=DIRECTION('',(0.,-3.26217669195492E-47,-1.));
#10391=DIRECTION('',(1.23718212499398E-31,1.,-3.26217669195492E-47));
#10392=DIRECTION('',(0.,-3.26217669195492E-47,-1.));
#10393=DIRECTION('',(1.23718212499398E-31,1.,-3.26217669195492E-47));
#10394=DIRECTION('',(0.0185098976592672,-0.706864473353022,-0.707106781186547));
#10395=DIRECTION('',(-3.50842857870055E-18,0.707227945480636,-0.706985596127134));
#10396=DIRECTION('',(0.,-3.26217669195492E-47,-1.));
#10397=DIRECTION('',(-0.959254826401364,-0.282542347313973,9.21703059897874E-48));
#10398=DIRECTION('',(0.678295592634327,0.199787609758076,0.707106781186549));
#10399=DIRECTION('',(0.,3.26217669195492E-47,1.));
#10400=DIRECTION('',(-1.23718212499398E-31,-1.,3.26217669195492E-47));
#10401=DIRECTION('',(3.24300857537294E-17,-1.,0.));
#10402=DIRECTION('',(1.,3.24300857537294E-17,5.04870979341448E-29));
#10403=DIRECTION('',(-1.,-3.24300857537294E-17,1.05792669863915E-63));
#10404=DIRECTION('',(0.,0.,1.));
#10405=DIRECTION('',(1.,3.24300857537294E-17,5.04870979341448E-29));
#10406=DIRECTION('',(0.,0.,-1.));
#10407=DIRECTION('',(1.,3.24300857537294E-17,0.));
#10408=DIRECTION('',(-3.24300857537294E-17,1.,-2.75115240695828E-28));
#10409=DIRECTION('',(3.24300857537294E-17,-1.,3.26217669195492E-47));
#10410=DIRECTION('',(0.,0.,1.));
#10411=DIRECTION('',(0.,0.,-1.));
#10412=DIRECTION('',(0.,0.,1.));
#10413=DIRECTION('',(0.923879532511286,-0.382683432365091,0.));
#10414=DIRECTION('',(0.,-3.26217669195492E-47,-1.));
#10415=DIRECTION('',(0.923879532511286,-0.382683432365091,0.));
#10416=DIRECTION('',(0.,0.,1.));
#10417=DIRECTION('',(-0.707106781186548,-0.707106781186548,0.));
#10418=DIRECTION('',(0.707106781186548,-0.707106781186548,2.27191940703651E-28));
#10419=DIRECTION('',(-0.707106781186548,0.707106781186548,-2.30670726031002E-47));
#10420=DIRECTION('',(0.,0.,1.));
#10421=DIRECTION('',(0.,0.,-1.));
#10422=DIRECTION('',(0.,0.,1.));
#10423=DIRECTION('',(-0.923879532511286,-0.382683432365091,0.));
#10424=DIRECTION('',(0.,-3.26217669195492E-47,-1.));
#10425=DIRECTION('',(-0.923879532511286,-0.382683432365091,0.));
#10426=DIRECTION('',(0.,0.,1.));
#10427=DIRECTION('',(3.24300857537294E-17,-1.,0.));
#10428=DIRECTION('',(1.,3.24300857537294E-17,5.04870979341448E-29));
#10429=DIRECTION('',(-1.,-3.24300857537294E-17,1.05792669863915E-63));
#10430=DIRECTION('',(0.,0.,1.));
#10431=DIRECTION('',(0.,0.,-1.));
#10432=DIRECTION('',(0.,0.,1.));
#10433=DIRECTION('',(-0.382683432365091,-0.923879532511286,0.));
#10434=DIRECTION('',(0.,-3.26217669195492E-47,-1.));
#10435=DIRECTION('',(-0.382683432365091,-0.923879532511286,0.));
#10436=DIRECTION('',(0.707106781186548,-0.707106781186548,0.));
#10437=DIRECTION('',(0.707106781186548,0.707106781186548,-1.51461293802434E-28));
#10438=DIRECTION('',(-0.707106781186548,-0.707106781186548,2.30670726031002E-47));
#10439=DIRECTION('',(0.,0.,-1.));
#10440=DIRECTION('',(0.,0.,1.));
#10441=DIRECTION('',(0.382683432365094,-0.923879532511285,0.));
#10442=DIRECTION('',(0.,-3.26217669195492E-47,-1.));
#10443=DIRECTION('',(0.382683432365094,-0.923879532511285,0.));
#10444=DIRECTION('',(0.,0.,1.));
#10445=DIRECTION('',(0.382683432365094,-0.923879532511285,0.));
#10446=DIRECTION('',(0.,-3.26217669195492E-47,-1.));
#10447=DIRECTION('',(0.382683432365094,-0.923879532511285,0.));
#10448=DIRECTION('',(0.,0.,-1.));
#10449=DIRECTION('',(0.,3.26217669195492E-47,1.));
#10450=DIRECTION('',(0.382683432365094,-0.923879532511285,0.));
#10451=DIRECTION('',(0.,0.,1.));
#10452=DIRECTION('',(-0.382683432365091,-0.923879532511286,0.));
#10453=DIRECTION('',(0.,-3.26217669195492E-47,-1.));
#10454=DIRECTION('',(-0.382683432365091,-0.923879532511286,0.));
#10455=DIRECTION('',(0.,3.26217669195492E-47,1.));
#10456=DIRECTION('',(-0.382683432365091,-0.923879532511286,0.));
#10457=DIRECTION('',(0.,0.,1.));
#10458=DIRECTION('',(0.707106781186548,-0.707106781186548,0.));
#10459=DIRECTION('',(0.707106781186548,0.707106781186548,-1.51461293802434E-28));
#10460=DIRECTION('',(-0.707106781186548,-0.707106781186548,2.30670726031002E-47));
#10461=DIRECTION('',(0.,0.,1.));
#10462=DIRECTION('',(0.707106781186548,0.707106781186548,-1.51461293802434E-28));
#10463=DIRECTION('',(0.,0.,1.));
#10464=DIRECTION('',(0.923879532511286,-0.382683432365091,0.));
#10465=DIRECTION('',(0.,-3.26217669195492E-47,-1.));
#10466=DIRECTION('',(0.923879532511286,-0.382683432365091,0.));
#10467=DIRECTION('',(0.,0.,-1.));
#10468=DIRECTION('',(0.,3.26217669195492E-47,1.));
#10469=DIRECTION('',(0.923879532511286,-0.382683432365091,0.));
#10470=DIRECTION('',(1.,0.,0.));
#10471=DIRECTION('',(0.,1.,-2.75115240695828E-28));
#10472=DIRECTION('',(-6.397493457971E-16,-1.,3.26217669195492E-47));
#10473=DIRECTION('',(0.,0.,1.));
#10474=DIRECTION('',(6.397493457971E-16,1.,-2.75115240695828E-28));
#10475=DIRECTION('',(-0.707106781186548,-0.707106781186548,0.));
#10476=DIRECTION('',(0.707106781186548,-0.707106781186548,2.27191940703651E-28));
#10477=DIRECTION('',(-0.707106781186548,0.707106781186548,-2.30670726031002E-47));
#10478=DIRECTION('',(0.707106781186548,-0.707106781186548,2.27191940703651E-28));
#10479=DIRECTION('',(0.,0.,-1.));
#10480=DIRECTION('',(0.,-3.26217669195492E-47,-1.));
#10481=DIRECTION('',(1.23718212499398E-31,1.,-3.26217669195492E-47));
#10482=DIRECTION('',(0.,3.26217669195492E-47,1.));
#10483=DIRECTION('',(-0.923879532511289,-0.382683432365085,0.));
#10484=DIRECTION('',(0.,3.26217669195492E-47,1.));
#10485=DIRECTION('',(0.923879532511289,0.382683432365085,0.));
#10486=DIRECTION('',(-0.707106781186548,0.707106781186548,-2.27191940703651E-28));
#10487=DIRECTION('',(0.,3.26217669195492E-47,1.));
#10488=DIRECTION('',(0.382683432365091,0.923879532511286,0.));
#10489=DIRECTION('',(-1.,-3.24300857537294E-17,-5.04870979341448E-29));
#10490=DIRECTION('',(0.,3.26217669195492E-47,1.));
#10491=DIRECTION('',(-0.382683432365094,0.923879532511285,0.));
#10492=DIRECTION('',(-0.707106781186548,-0.707106781186548,1.51461293802434E-28));
#10493=DIRECTION('',(0.,3.26217669195492E-47,1.));
#10494=DIRECTION('',(-0.923879532511286,0.382683432365091,0.));
#10495=DIRECTION('',(-6.397493457971E-16,-1.,2.75115240695828E-28));
#10496=DIRECTION('',(0.,0.,1.));
#10497=DIRECTION('',(-0.923879532511289,-0.382683432365085,0.));
#10498=DIRECTION('',(0.,-3.26217669195492E-47,-1.));
#10499=DIRECTION('',(-0.923879532511289,-0.382683432365085,0.));
#10500=DIRECTION('',(0.,0.,1.));
#10501=DIRECTION('',(0.,3.26217669195492E-47,1.));
#10502=DIRECTION('',(-1.23718212499398E-31,-1.,3.26217669195492E-47));
#10503=DIRECTION('',(-6.397493457971E-16,-1.,3.26217669195492E-47));
#10504=DIRECTION('',(0.,3.26217669195492E-47,1.));
#10505=DIRECTION('',(-0.923879532511286,0.382683432365091,-1.24838097345871E-47));
#10506=DIRECTION('',(-0.707106781186548,-0.707106781186548,2.30670726031002E-47));
#10507=DIRECTION('',(0.,3.26217669195492E-47,1.));
#10508=DIRECTION('',(-0.382683432365094,0.923879532511285,-3.01385827713252E-47));
#10509=DIRECTION('',(-1.,-3.24300857537294E-17,1.05792669863915E-63));
#10510=DIRECTION('',(0.,3.26217669195492E-47,1.));
#10511=DIRECTION('',(0.382683432365091,0.923879532511286,-3.01385827713253E-47));
#10512=DIRECTION('',(-0.707106781186548,0.707106781186548,-2.30670726031002E-47));
#10513=DIRECTION('',(0.,3.26217669195492E-47,1.));
#10514=DIRECTION('',(0.923879532511289,0.382683432365085,-1.24838097345869E-47));
#10515=DIRECTION('',(6.397493457971E-16,1.,-3.26217669195492E-47));
#10516=DIRECTION('',(0.,3.26217669195492E-47,1.));
#10517=DIRECTION('',(0.923879532511286,-0.382683432365091,1.24838097345871E-47));
#10518=DIRECTION('',(0.707106781186548,0.707106781186548,-2.30670726031002E-47));
#10519=DIRECTION('',(0.,3.26217669195492E-47,1.));
#10520=DIRECTION('',(0.382683432365094,-0.923879532511285,3.01385827713252E-47));
#10521=DIRECTION('',(1.,3.24300857537294E-17,-1.05792669863915E-63));
#10522=DIRECTION('',(0.,3.26217669195492E-47,1.));
#10523=DIRECTION('',(-0.382683432365091,-0.923879532511286,3.01385827713253E-47));
#10524=DIRECTION('',(0.707106781186548,-0.707106781186548,2.30670726031002E-47));
#10525=DIRECTION('',(0.,3.26217669195492E-47,1.));
#10526=DIRECTION('',(-0.923879532511289,-0.382683432365085,1.24838097345869E-47));
#10527=DIRECTION('',(-1.,0.,0.));
#10528=DIRECTION('',(0.,-1.,2.75115240695828E-28));
#10529=DIRECTION('',(6.397493457971E-16,1.,-3.26217669195492E-47));
#10530=DIRECTION('',(0.,0.,-1.));
#10531=DIRECTION('',(0.,0.,1.));
#10532=DIRECTION('',(-0.923879532511286,0.382683432365091,0.));
#10533=DIRECTION('',(0.,-3.26217669195492E-47,-1.));
#10534=DIRECTION('',(-0.923879532511286,0.382683432365091,0.));
#10535=DIRECTION('',(0.,0.,1.));
#10536=DIRECTION('',(-0.707106781186548,0.707106781186548,0.));
#10537=DIRECTION('',(-0.707106781186548,-0.707106781186548,1.51461293802434E-28));
#10538=DIRECTION('',(0.707106781186548,0.707106781186548,-2.30670726031002E-47));
#10539=DIRECTION('',(0.,0.,-1.));
#10540=DIRECTION('',(0.,0.,1.));
#10541=DIRECTION('',(-0.382683432365094,0.923879532511285,0.));
#10542=DIRECTION('',(0.,-3.26217669195492E-47,-1.));
#10543=DIRECTION('',(-0.382683432365094,0.923879532511285,0.));
#10544=DIRECTION('',(0.,0.,1.));
#10545=DIRECTION('',(-3.24300857537294E-17,1.,0.));
#10546=DIRECTION('',(-1.,-3.24300857537294E-17,-5.04870979341448E-29));
#10547=DIRECTION('',(1.,3.24300857537294E-17,-1.05792669863915E-63));
#10548=DIRECTION('',(0.,0.,-1.));
#10549=DIRECTION('',(0.,0.,1.));
#10550=DIRECTION('',(0.382683432365091,0.923879532511286,0.));
#10551=DIRECTION('',(0.,-3.26217669195492E-47,-1.));
#10552=DIRECTION('',(0.382683432365091,0.923879532511286,0.));
#10553=DIRECTION('',(0.,0.,1.));
#10554=DIRECTION('',(0.707106781186548,0.707106781186548,0.));
#10555=DIRECTION('',(-0.707106781186548,0.707106781186548,-2.27191940703651E-28));
#10556=DIRECTION('',(0.707106781186548,-0.707106781186548,2.30670726031002E-47));
#10557=DIRECTION('',(0.,0.,-1.));
#10558=DIRECTION('',(0.,0.,1.));
#10559=DIRECTION('',(0.923879532511289,0.382683432365085,0.));
#10560=DIRECTION('',(0.,-3.26217669195492E-47,-1.));
#10561=DIRECTION('',(0.923879532511289,0.382683432365085,0.));
#10562=DIRECTION('',(0.,0.,1.));
#10563=DIRECTION('',(-0.923879532511289,-0.382683432365085,6.70426819079663E-48));
#10564=DIRECTION('',(-0.500000000000029,-0.500000000000013,0.707106781186518));
#10565=DIRECTION('',(0.70710678118654,0.,-0.707106781186555));
#10566=DIRECTION('',(0.499999999999975,0.499999999999975,0.707106781186582));
#10567=DIRECTION('',(0.816496580927753,0.,-0.577350269189588));
#10568=DIRECTION('',(-0.49999999999995,-0.5,0.707106781186585));
#10569=DIRECTION('',(0.,0.,1.));
#10570=DIRECTION('',(-0.382683432365091,-0.923879532511286,1.6185535192008E-47));
#10571=DIRECTION('',(0.,-0.707106781186548,0.707106781186547));
#10572=DIRECTION('',(0.,0.707106781186548,0.707106781186548));
#10573=DIRECTION('',(1.,-1.62150428768646E-17,1.62150428768646E-17));
#10574=DIRECTION('',(0.,-0.70710678118654,0.707106781186555));
#10575=DIRECTION('',(0.,0.,1.));
#10576=DIRECTION('',(0.382683432365094,-0.923879532511285,1.61855351920079E-47));
#10577=DIRECTION('',(0.50000000000004,-0.499999999999977,0.707106781186535));
#10578=DIRECTION('',(-0.499999999999979,0.499999999999979,0.707106781186577));
#10579=DIRECTION('',(0.816496580927748,0.,0.577350269189594));
#10580=DIRECTION('',(0.500000000000052,-0.499999999999942,0.707106781186552));
#10581=DIRECTION('',(0.,0.,1.));
#10582=DIRECTION('',(0.923879532511286,-0.382683432365091,6.70426819079674E-48));
#10583=DIRECTION('',(0.70710678118654,0.,0.707106781186555));
#10584=DIRECTION('',(-0.707106781186548,0.,0.707106781186548));
#10585=DIRECTION('',(0.707106781186548,0.,0.707106781186548));
#10586=DIRECTION('',(0.70710678118654,0.,0.707106781186555));
#10587=DIRECTION('',(0.,0.,1.));
#10588=DIRECTION('',(0.923879532511289,0.382683432365085,-6.70426819079663E-48));
#10589=DIRECTION('',(0.500000000000032,0.5,0.707106781186524));
#10590=DIRECTION('',(-0.499999999999975,-0.499999999999975,0.707106781186582));
#10591=DIRECTION('',(0.816496580927753,0.,0.577350269189588));
#10592=DIRECTION('',(0.49999999999995,0.5,0.707106781186585));
#10593=DIRECTION('',(0.,0.,1.));
#10594=DIRECTION('',(0.382683432365091,0.923879532511286,-1.6185535192008E-47));
#10595=DIRECTION('',(0.,0.707106781186548,0.707106781186547));
#10596=DIRECTION('',(0.,-0.707106781186548,0.707106781186548));
#10597=DIRECTION('',(1.,-1.62150428768646E-17,-1.62150428768646E-17));
#10598=DIRECTION('',(0.,0.70710678118654,0.707106781186555));
#10599=DIRECTION('',(0.,0.,1.));
#10600=DIRECTION('',(-0.382683432365094,0.923879532511285,-1.61855351920079E-47));
#10601=DIRECTION('',(-0.500000000000032,0.5,0.707106781186524));
#10602=DIRECTION('',(0.499999999999975,-0.499999999999975,0.707106781186582));
#10603=DIRECTION('',(0.816496580927753,0.,-0.577350269189588));
#10604=DIRECTION('',(-0.500000000000052,0.499999999999942,0.707106781186552));
#10605=DIRECTION('',(0.,0.,1.));
#10606=DIRECTION('',(-0.923879532511286,0.382683432365091,-6.70426819079674E-48));
#10607=DIRECTION('',(-0.70710678118654,0.,0.707106781186555));
#10608=DIRECTION('',(0.707106781186548,0.,0.707106781186548));
#10609=DIRECTION('',(0.707106781186548,0.,-0.707106781186548));
#10610=DIRECTION('',(0.,3.26217669195492E-47,1.));
#10611=DIRECTION('',(-1.23718212499398E-31,-1.,3.26217669195492E-47));
#10612=DIRECTION('',(-1.31192877734793E-15,-1.,3.26217669195492E-47));
#10613=DIRECTION('',(0.,3.26217669195492E-47,1.));
#10614=DIRECTION('',(-0.923879532511286,0.382683432365091,-1.24838097345871E-47));
#10615=DIRECTION('',(-0.707106781186548,-0.707106781186547,2.30670726031002E-47));
#10616=DIRECTION('',(0.,3.26217669195492E-47,1.));
#10617=DIRECTION('',(-0.382683432365091,0.923879532511286,-3.01385827713252E-47));
#10618=DIRECTION('',(-1.,-3.24300857537294E-17,1.05792669863915E-63));
#10619=DIRECTION('',(0.,3.26217669195492E-47,1.));
#10620=DIRECTION('',(0.382683432365091,0.923879532511286,-3.01385827713252E-47));
#10621=DIRECTION('',(-0.707106781186547,0.707106781186548,-2.30670726031002E-47));
#10622=DIRECTION('',(0.,3.26217669195492E-47,1.));
#10623=DIRECTION('',(0.923879532511289,0.382683432365085,-1.24838097345869E-47));
#10624=DIRECTION('',(-3.24300857537294E-17,1.,-3.26217669195492E-47));
#10625=DIRECTION('',(0.,3.26217669195492E-47,1.));
#10626=DIRECTION('',(0.923879532511286,-0.382683432365091,1.24838097345871E-47));
#10627=DIRECTION('',(0.707106781186548,0.707106781186548,-2.30670726031002E-47));
#10628=DIRECTION('',(0.,3.26217669195492E-47,1.));
#10629=DIRECTION('',(0.382683432365094,-0.923879532511285,3.01385827713252E-47));
#10630=DIRECTION('',(1.,3.24300857537294E-17,-1.05792669863915E-63));
#10631=DIRECTION('',(0.,3.26217669195492E-47,1.));
#10632=DIRECTION('',(-0.382683432365091,-0.923879532511286,3.01385827713252E-47));
#10633=DIRECTION('',(0.707106781186548,-0.707106781186548,2.30670726031002E-47));
#10634=DIRECTION('',(0.,3.26217669195492E-47,1.));
#10635=DIRECTION('',(-0.923879532511286,-0.382683432365091,1.24838097345871E-47));
#10636=DIRECTION('',(-1.,0.,0.));
#10637=DIRECTION('',(0.,-1.,2.75115240695828E-28));
#10638=DIRECTION('',(1.31192877734793E-15,1.,-3.26217669195492E-47));
#10639=DIRECTION('',(0.,0.,-1.));
#10640=DIRECTION('',(0.,0.,1.));
#10641=DIRECTION('',(-0.923879532511286,0.382683432365091,0.));
#10642=DIRECTION('',(0.,-3.26217669195492E-47,-1.));
#10643=DIRECTION('',(-0.923879532511286,0.382683432365091,0.));
#10644=DIRECTION('',(0.,0.,1.));
#10645=DIRECTION('',(-0.707106781186548,0.707106781186548,0.));
#10646=DIRECTION('',(-0.707106781186548,-0.707106781186548,1.51461293802434E-28));
#10647=DIRECTION('',(0.707106781186548,0.707106781186547,-2.30670726031002E-47));
#10648=DIRECTION('',(0.,0.,-1.));
#10649=DIRECTION('',(0.,0.,1.));
#10650=DIRECTION('',(-0.382683432365091,0.923879532511286,0.));
#10651=DIRECTION('',(0.,-3.26217669195492E-47,-1.));
#10652=DIRECTION('',(-0.382683432365091,0.923879532511286,0.));
#10653=DIRECTION('',(0.,0.,1.));
#10654=DIRECTION('',(-3.24300857537294E-17,1.,0.));
#10655=DIRECTION('',(-1.,-3.24300857537294E-17,-5.04870979341448E-29));
#10656=DIRECTION('',(1.,3.24300857537294E-17,-1.05792669863915E-63));
#10657=DIRECTION('',(0.,0.,-1.));
#10658=DIRECTION('',(0.,0.,1.));
#10659=DIRECTION('',(0.382683432365091,0.923879532511286,0.));
#10660=DIRECTION('',(0.,-3.26217669195492E-47,-1.));
#10661=DIRECTION('',(0.382683432365091,0.923879532511286,0.));
#10662=DIRECTION('',(0.,0.,1.));
#10663=DIRECTION('',(0.707106781186548,0.707106781186548,0.));
#10664=DIRECTION('',(-0.707106781186548,0.707106781186548,-2.27191940703651E-28));
#10665=DIRECTION('',(0.707106781186547,-0.707106781186548,2.30670726031002E-47));
#10666=DIRECTION('',(0.,0.,-1.));
#10667=DIRECTION('',(0.,0.,1.));
#10668=DIRECTION('',(0.923879532511289,0.382683432365085,0.));
#10669=DIRECTION('',(0.,-3.26217669195492E-47,-1.));
#10670=DIRECTION('',(0.923879532511289,0.382683432365085,0.));
#10671=DIRECTION('',(0.,0.,1.));
#10672=DIRECTION('',(-0.923879532511286,-0.382683432365091,6.70426819079674E-48));
#10673=DIRECTION('',(-0.500000000000056,-0.49999999999993,0.707106781186557));
#10674=DIRECTION('',(0.70710678118654,0.,-0.707106781186555));
#10675=DIRECTION('',(0.499999999999991,0.499999999999991,0.70710678118656));
#10676=DIRECTION('',(0.816496580927736,0.,-0.577350269189612));
#10677=DIRECTION('',(-0.499999999999954,-0.499999999999985,0.707106781186591));
#10678=DIRECTION('',(0.,0.,1.));
#10679=DIRECTION('',(-0.382683432365091,-0.923879532511286,1.6185535192008E-47));
#10680=DIRECTION('',(0.,-0.707106781186524,0.707106781186571));
#10681=DIRECTION('',(0.,0.707106781186548,0.707106781186548));
#10682=DIRECTION('',(1.,-1.62150428768657E-17,1.62150428768657E-17));
#10683=DIRECTION('',(0.,-0.707106781186524,0.707106781186571));
#10684=DIRECTION('',(0.,0.,1.));
#10685=DIRECTION('',(0.382683432365094,-0.923879532511285,1.61855351920079E-47));
#10686=DIRECTION('',(0.500000000000032,-0.5,0.707106781186524));
#10687=DIRECTION('',(-0.499999999999975,0.499999999999975,0.707106781186582));
#10688=DIRECTION('',(0.816496580927753,0.,0.577350269189588));
#10689=DIRECTION('',(0.499999999999954,-0.499999999999985,0.707106781186591));
#10690=DIRECTION('',(0.,0.,1.));
#10691=DIRECTION('',(0.923879532511286,-0.382683432365091,6.70426819079674E-48));
#10692=DIRECTION('',(0.70710678118654,0.,0.707106781186555));
#10693=DIRECTION('',(-0.707106781186548,0.,0.707106781186548));
#10694=DIRECTION('',(0.707106781186548,0.,0.707106781186548));
#10695=DIRECTION('',(0.70710678118654,0.,0.707106781186555));
#10696=DIRECTION('',(0.,0.,1.));
#10697=DIRECTION('',(0.923879532511289,0.382683432365085,-6.70426819079663E-48));
#10698=DIRECTION('',(0.50000000000004,0.499999999999977,0.707106781186535));
#10699=DIRECTION('',(-0.499999999999984,-0.499999999999983,0.707106781186571));
#10700=DIRECTION('',(0.816496580927744,0.,0.5773502691896));
#10701=DIRECTION('',(0.499999999999954,0.499999999999985,0.707106781186591));
#10702=DIRECTION('',(0.,0.,1.));
#10703=DIRECTION('',(0.382683432365091,0.923879532511286,-1.6185535192008E-47));
#10704=DIRECTION('',(0.,0.707106781186556,0.707106781186539));
#10705=DIRECTION('',(0.,-0.707106781186548,0.707106781186548));
#10706=DIRECTION('',(1.,-1.62150428768643E-17,-1.62150428768643E-17));
#10707=DIRECTION('',(0.,0.707106781186524,0.707106781186571));
#10708=DIRECTION('',(0.,0.,1.));
#10709=DIRECTION('',(-0.382683432365091,0.923879532511286,-1.6185535192008E-47));
#10710=DIRECTION('',(-0.500000000000032,0.5,0.707106781186524));
#10711=DIRECTION('',(0.499999999999983,-0.499999999999984,0.707106781186571));
#10712=DIRECTION('',(0.816496580927745,0.,-0.5773502691896));
#10713=DIRECTION('',(-0.499999999999954,0.499999999999985,0.707106781186591));
#10714=DIRECTION('',(0.,0.,1.));
#10715=DIRECTION('',(-0.923879532511286,0.382683432365091,-6.70426819079674E-48));
#10716=DIRECTION('',(-0.70710678118654,0.,0.707106781186555));
#10717=DIRECTION('',(0.707106781186548,0.,0.707106781186548));
#10718=DIRECTION('',(0.707106781186548,0.,-0.707106781186548));
#10719=DIRECTION('',(0.,3.26217669195492E-47,1.));
#10720=DIRECTION('',(0.0261769483315051,-0.999657324974939,3.26105882547525E-47));
#10721=DIRECTION('',(0.,-3.26217669195492E-47,-1.));
#10722=DIRECTION('',(0.0261769483315051,-0.999657324974939,3.26105882547525E-47));
#10723=DIRECTION('',(0.,3.26217669195492E-47,1.));
#10724=DIRECTION('',(0.0261769483078736,-0.999657324975557,4.93038065763132E-32));
#10725=DIRECTION('',(0.999657324975557,0.0261769483078736,-8.35758807447409E-50));
#10726=DIRECTION('',(-0.999657324975557,-0.0261769483078736,8.53938306364541E-49));
#10727=DIRECTION('',(0.,3.26217669195492E-47,1.));
#10728=DIRECTION('',(0.,3.26217669195492E-47,1.));
#10729=DIRECTION('',(-0.706036232298583,-0.708175711728114,2.31019430060804E-47));
#10730=DIRECTION('',(0.,-3.26217669195492E-47,-1.));
#10731=DIRECTION('',(-0.706036232298583,-0.708175711728114,2.31019430060804E-47));
#10732=DIRECTION('',(0.,3.26217669195492E-47,1.));
#10733=DIRECTION('',(0.0261769483078736,-0.999657324975557,4.93038065763132E-32));
#10734=DIRECTION('',(0.999657324975557,0.0261769483078736,-8.35758807447409E-50));
#10735=DIRECTION('',(-0.999657324975557,-0.0261769483078736,8.53938306364541E-49));
#10736=DIRECTION('',(0.,3.26217669195492E-47,1.));
#10737=DIRECTION('',(0.,3.26217669195492E-47,1.));
#10738=DIRECTION('',(-1.,-3.8191672134225E-13,1.24587982663053E-59));
#10739=DIRECTION('',(0.,-3.26217669195492E-47,-1.));
#10740=DIRECTION('',(-1.,-3.8191672134225E-13,1.24587982663053E-59));
#10741=DIRECTION('',(0.,3.26217669195492E-47,1.));
#10742=DIRECTION('',(-1.,0.,0.));
#10743=DIRECTION('',(0.,-1.,-2.4651903288762E-32));
#10744=DIRECTION('',(-3.81916720471055E-13,1.,-3.26217669195492E-47));
#10745=DIRECTION('',(0.,3.26217669195492E-47,1.));
#10746=DIRECTION('',(0.,3.26217669195492E-47,1.));
#10747=DIRECTION('',(0.524771446164189,0.851243166956861,-2.77690561843256E-47));
#10748=DIRECTION('',(0.,-3.26217669195492E-47,-1.));
#10749=DIRECTION('',(-0.524771446164189,-0.851243166956861,2.77690561843256E-47));
#10750=DIRECTION('',(0.,3.26217669195492E-47,1.));
#10751=DIRECTION('',(0.,3.26217669195492E-47,1.));
#10752=DIRECTION('',(0.659709191398207,-0.751520979603845,2.45159422317879E-47));
#10753=DIRECTION('',(0.,3.26217669195492E-47,1.));
#10754=DIRECTION('',(0.659709191398207,-0.751520979603845,2.45159422317879E-47));
#10755=DIRECTION('',(0.,3.26217669195492E-47,1.));
#10756=DIRECTION('',(-2.01129338923311E-48,-3.85973279095972E-47,-1.));
#10757=DIRECTION('',(0.982310944597866,-0.18725706428129,5.25190680441244E-48));
#10758=DIRECTION('',(0.,3.26217669195492E-47,1.));
#10759=DIRECTION('',(0.982310944597866,-0.18725706428129,5.25190680441244E-48));
#10760=DIRECTION('',(0.,0.,-1.));
#10761=DIRECTION('',(0.,0.,1.));
#10762=DIRECTION('',(1.,3.24300857537294E-17,0.));
#10763=DIRECTION('',(0.,-3.26217669195492E-47,-1.));
#10764=DIRECTION('',(-1.,-3.24300857537294E-17,0.));
#10765=DIRECTION('',(0.,0.,1.));
#10766=DIRECTION('',(0.,0.,1.));
#10767=DIRECTION('',(0.471594369833881,-0.881815598830608,0.));
#10768=DIRECTION('',(0.,3.26217669195492E-47,1.));
#10769=DIRECTION('',(0.471594369833881,-0.881815598830608,0.));
#10770=DIRECTION('',(0.,0.,-1.));
#10771=DIRECTION('',(-0.555790746228061,0.831322227783701,0.));
#10772=DIRECTION('',(-0.831322227783701,-0.555790746228061,-2.46519032881566E-32));
#10773=DIRECTION('',(0.831322227783701,0.555790746228061,-1.81308761794941E-47));
#10774=DIRECTION('',(0.,3.26217669195492E-47,1.));
#10775=DIRECTION('',(0.,3.26217669195492E-47,1.));
#10776=DIRECTION('',(0.99896433829049,0.0455000090532139,-1.48429069017132E-48));
#10777=DIRECTION('',(0.,-3.26217669195492E-47,-1.));
#10778=DIRECTION('',(0.99896433829049,0.0455000090532139,-1.48429069017132E-48));
#10779=DIRECTION('',(0.,3.26217669195492E-47,1.));
#10780=DIRECTION('',(0.998964338290491,0.0455000090532045,0.));
#10781=DIRECTION('',(-0.0455000090532045,0.998964338290491,4.16000867987643E-32));
#10782=DIRECTION('',(0.0455000090532045,-0.998964338290491,3.25879818046541E-47));
#10783=DIRECTION('',(0.,0.,1.));
#10784=DIRECTION('',(0.,0.,-1.));
#10785=DIRECTION('',(-0.989688381339376,-0.143237243208063,0.));
#10786=DIRECTION('',(0.,3.26217669195492E-47,1.));
#10787=DIRECTION('',(-0.989688381339376,-0.143237243208063,0.));
#10788=DIRECTION('',(0.,0.,-1.));
#10789=DIRECTION('',(0.,0.,1.));
#10790=DIRECTION('',(1.,3.24300857537294E-17,0.));
#10791=DIRECTION('',(0.,-3.26217669195492E-47,-1.));
#10792=DIRECTION('',(1.,3.24300857537294E-17,0.));
#10793=DIRECTION('',(0.,0.,1.));
#10794=DIRECTION('',(0.,0.,1.));
#10795=DIRECTION('',(-0.84098534310787,0.54105790140958,0.));
#10796=DIRECTION('',(0.,3.26217669195492E-47,1.));
#10797=DIRECTION('',(-0.84098534310787,0.54105790140958,0.));
#10798=DIRECTION('',(0.,0.,-1.));
#10799=DIRECTION('',(0.889987470360564,-0.455984980675027,0.));
#10800=DIRECTION('',(0.455984980675027,0.889987470360564,0.));
#10801=DIRECTION('',(-0.455984980675027,-0.889987470360564,2.90329638194215E-47));
#10802=DIRECTION('',(0.,3.26217669195492E-47,1.));
#10803=DIRECTION('',(0.,3.26217669195492E-47,1.));
#10804=DIRECTION('',(-0.889987470360564,0.455984980675026,-1.48750357583958E-47));
#10805=DIRECTION('',(0.,3.26217669195492E-47,1.));
#10806=DIRECTION('',(-0.889987470360564,0.455984980675026,-1.48750357583958E-47));
#10807=DIRECTION('',(0.,3.26217669195492E-47,1.));
#10808=DIRECTION('',(1.,0.,0.));
#10809=DIRECTION('',(0.,1.,1.23359304409728E-32));
#10810=DIRECTION('',(-1.82306522737943E-15,-1.,3.26217669195492E-47));
#10811=DIRECTION('',(0.,3.26217669195492E-47,1.));
#10812=DIRECTION('',(0.,3.26217669195492E-47,1.));
#10813=DIRECTION('',(-1.,-1.12103877145985E-44,3.6570265510341E-91));
#10814=DIRECTION('',(0.,3.26217669195492E-47,1.));
#10815=DIRECTION('',(-1.,-1.12103877145985E-44,3.6570265510341E-91));
#10816=DIRECTION('',(0.,3.26217669195492E-47,1.));
#10817=DIRECTION('',(0.959254826401363,0.282542347313974,0.));
#10818=DIRECTION('',(-0.282542347313974,0.959254826401363,0.));
#10819=DIRECTION('',(0.282542347313974,-0.959254826401363,3.12925873633179E-47));
#10820=DIRECTION('',(0.,0.,1.));
#10821=DIRECTION('',(-0.706036232298583,-0.708175711728114,2.31019430060804E-47));
#10822=DIRECTION('',(-0.0185098976593056,0.706864473359734,-0.707106781179835));
#10823=DIRECTION('',(0.0185098976592674,-0.70686447335303,-0.707106781186539));
#10824=DIRECTION('',(-0.999657559667063,0.,-0.0261679842649804));
#10825=DIRECTION('',(-0.0185098976595419,0.706864473360297,-0.707106781179267));
#10826=DIRECTION('',(0.,0.,1.));
#10827=DIRECTION('',(0.0261769483315051,-0.999657324974939,3.26105882547525E-47));
#10828=DIRECTION('',(0.678295592634334,0.199787609758077,-0.707106781186542));
#10829=DIRECTION('',(-0.721655922340229,0.,-0.692251926506003));
#10830=DIRECTION('',(-0.678295592634317,-0.199787609758079,-0.707106781186557));
#10831=DIRECTION('',(0.,0.,-1.));
#10832=DIRECTION('',(-1.,-1.12103877145985E-44,3.6570265510341E-91));
#10833=DIRECTION('',(-0.707106781186603,0.,-0.707106781186492));
#10834=DIRECTION('',(0.707106781186548,0.,-0.707106781186548));
#10835=DIRECTION('',(-0.707106781186548,0.,-0.707106781186548));
#10836=DIRECTION('',(-0.707106781186728,0.,-0.707106781186367));
#10837=DIRECTION('',(0.,0.,-1.));
#10838=DIRECTION('',(-0.889987470360564,0.455984980675026,-1.48750357583958E-47));
#10839=DIRECTION('',(-0.629316175462633,0.322430071954268,-0.707106781187007));
#10840=DIRECTION('',(0.629316175462913,-0.322430071954475,-0.707106781186664));
#10841=DIRECTION('',(-0.747001686788667,0.,-0.664822141579901));
#10842=DIRECTION('',(-0.629316175462986,0.322430071954565,-0.707106781186557));
#10843=DIRECTION('',(0.,0.,-1.));
#10844=DIRECTION('',(-0.84098534310787,0.54105790140958,-8.86903850610019E-48));
#10845=DIRECTION('',(-0.554284944442766,0.439053755665659,-0.707106781186519));
#10846=DIRECTION('',(0.,0.,1.));
#10847=DIRECTION('',(-1.,-3.24300857537294E-17,5.19997868822634E-64));
#10848=DIRECTION('',(-0.686511026040256,-0.169418449778279,-0.707106781186463));
#10849=DIRECTION('',(0.,0.,-1.));
#10850=DIRECTION('',(-0.989688381339376,-0.143237243208063,2.34794949340972E-48));
#10851=DIRECTION('',(-0.706374457768749,-0.0321733649455437,-0.707106781186538));
#10852=DIRECTION('',(0.706374457768729,0.0321733649455698,-0.707106781186557));
#10853=DIRECTION('',(-0.707473037651202,0.,-0.706740334915577));
#10854=DIRECTION('',(-0.706374457768998,-0.0321733649456578,-0.707106781186284));
#10855=DIRECTION('',(0.,0.,1.));
#10856=DIRECTION('',(0.99896433829049,0.0455000090532139,-1.48429069017132E-48));
#10857=DIRECTION('',(0.393003405578544,-0.587833584616875,-0.707106781186648));
#10858=DIRECTION('',(-0.393003405578649,0.587833584617045,-0.707106781186448));
#10859=DIRECTION('',(-0.874069990403971,0.,0.485800012222315));
#10860=DIRECTION('',(0.393003405578544,-0.587833584616875,-0.707106781186648));
#10861=DIRECTION('',(0.,0.,-1.));
#10862=DIRECTION('',(0.471594369833881,-0.881815598830609,1.44547496320326E-47));
#10863=DIRECTION('',(0.27071758415216,-0.653231956988318,-0.707106781186569));
#10864=DIRECTION('',(0.,0.,1.));
#10865=DIRECTION('',(-1.,-3.24300857537294E-17,5.19997868822634E-64));
#10866=DIRECTION('',(0.706148687428,-0.0367971635281548,-0.707106781186544));
#10867=DIRECTION('',(0.,0.,-1.));
#10868=DIRECTION('',(0.982310944597867,-0.18725706428129,5.68241277238108E-48));
#10869=DIRECTION('',(0.670163469787016,-0.225568002524447,-0.707106781186659));
#10870=DIRECTION('',(0.,0.,-1.));
#10871=DIRECTION('',(0.659709191398207,-0.751520979603846,2.45159422317879E-47));
#10872=DIRECTION('',(0.466484842849156,-0.531405580881895,-0.707106781186247));
#10873=DIRECTION('',(0.,0.,1.));
#10874=DIRECTION('',(-0.524771446164189,-0.851243166956861,2.77690561843256E-47));
#10875=DIRECTION('',(0.70710678118654,2.51214793389407E-13,-0.707106781186555));
#10876=DIRECTION('',(-0.707106781186548,0.,-0.707106781186548));
#10877=DIRECTION('',(1.90958360235528E-13,1.,-1.90958360235528E-13));
#10878=DIRECTION('',(0.707106781186665,0.,-0.70710678118643));
#10879=DIRECTION('',(0.,0.,1.));
#10880=DIRECTION('',(-1.,-3.8191672134225E-13,1.24587982663053E-59));
#10881=DIRECTION('',(-0.0185098976592352,0.706864473352824,-0.707106781186745));
#10882=DIRECTION('',(0.0185098976592672,-0.706864473353022,-0.707106781186547));
#10883=DIRECTION('',(-3.50842857870055E-18,0.707227945480636,-0.706985596127134));
#10884=DIRECTION('',(0.,3.26217669195492E-47,1.));
#10885=DIRECTION('',(-1.23718212499398E-31,-1.,3.26217669195492E-47));
#10886=DIRECTION('',(0.,3.26217669195492E-47,1.));
#10887=DIRECTION('',(-1.23718212499398E-31,-1.,3.26217669195492E-47));
#10888=DIRECTION('',(0.,0.,-1.));
#10889=DIRECTION('',(-1.23718212499398E-31,-1.,3.26217669195492E-47));
#10890=DIRECTION('',(0.,0.,1.));
#10891=DIRECTION('',(1.,0.,0.));
#10892=DIRECTION('',(0.,2.61794459577546E-46,-1.));
#10893=DIRECTION('',(3.5047748364599E-31,-1.,8.37376873078215E-60));
#10894=DIRECTION('',(0.,-2.61794459577546E-46,1.));
#10895=DIRECTION('',(3.5047748364599E-31,-1.,8.37376873078215E-60));
#10896=DIRECTION('',(0.,2.61794459577546E-46,-1.));
#10897=DIRECTION('',(0.673469387736355,-0.73921511333442,1.97215226305253E-31));
#10898=DIRECTION('',(0.,2.61794459577546E-46,-1.));
#10899=DIRECTION('',(-0.560847033621103,-0.827919443471652,-2.16744723277404E-46));
#10900=DIRECTION('',(-3.5047748364599E-31,1.,-8.37376873078215E-60));
#10901=DIRECTION('',(0.,2.61794459577546E-46,-1.));
#10902=DIRECTION('',(-0.999951234174096,-0.00987569104936106,-2.58540120122229E-48));
#10903=DIRECTION('',(0.504598382821399,0.863354198492154,1.97215226305253E-31));
#10904=DIRECTION('',(0.,-2.61794459577546E-46,1.));
#10905=DIRECTION('',(0.959254826401363,-0.282542347313974,-7.39680211228331E-47));
#10906=DIRECTION('',(0.282542347313974,0.959254826401363,7.39557098644699E-32));
#10907=DIRECTION('',(0.,-2.61794459577546E-46,1.));
#10908=DIRECTION('',(1.,5.74606645684432E-32,1.50428836276622E-77));
#10909=DIRECTION('',(-1.82306522737943E-15,1.,-1.87404272601147E-32));
#10910=DIRECTION('',(0.,-2.61794459577546E-46,1.));
#10911=DIRECTION('',(0.889987470360564,0.455984980675026,1.19374341591296E-46));
#10912=DIRECTION('',(0.455984980675027,-0.889987470360564,-2.32993788833831E-46));
#10913=DIRECTION('',(0.,2.61794459577546E-46,-1.));
#10914=DIRECTION('',(0.840985343107876,0.54105790140957,1.4164596089968E-46));
#10915=DIRECTION('',(0.,-2.61794459577546E-46,1.));
#10916=DIRECTION('',(-1.,-3.24300857537294E-17,-8.49001677395105E-63));
#10917=DIRECTION('',(0.,2.61794459577546E-46,-1.));
#10918=DIRECTION('',(0.989688381339376,-0.143237243208064,-3.74987166770326E-47));
#10919=DIRECTION('',(-0.0455000090532045,-0.998964338290491,-2.6152332908E-46));
#10920=DIRECTION('',(0.,-2.61794459577546E-46,1.));
#10921=DIRECTION('',(-0.99896433829049,0.0455000090532139,1.19116502808596E-47));
#10922=DIRECTION('',(-0.831322227783701,0.555790746228061,1.45502938046976E-46));
#10923=DIRECTION('',(0.,2.61794459577546E-46,-1.));
#10924=DIRECTION('',(-0.471594369833866,-0.881815598830617,-2.30854438142911E-46));
#10925=DIRECTION('',(0.,-2.61794459577546E-46,1.));
#10926=DIRECTION('',(1.,3.24300857537294E-17,8.49001677395105E-63));
#10927=DIRECTION('',(0.,2.61794459577546E-46,-1.));
#10928=DIRECTION('',(-0.982310944597867,-0.187257064281289,-4.9022861945598E-47));
#10929=DIRECTION('',(0.,2.61794459577546E-46,-1.));
#10930=DIRECTION('',(-0.659709191398207,-0.751520979603846,-1.96744028716577E-46));
#10931=DIRECTION('',(0.,-2.61794459577546E-46,1.));
#10932=DIRECTION('',(0.524771446164189,-0.851243166956861,-2.2285074486255E-46));
#10933=DIRECTION('',(3.81916720471055E-13,1.,2.61794459577546E-46));
#10934=DIRECTION('',(0.,-2.61794459577546E-46,1.));
#10935=DIRECTION('',(1.,-3.8191672134225E-13,-9.99836816674226E-59));
#10936=DIRECTION('',(0.999657324975557,-0.0261769483078736,-6.85298003564913E-48));
#10937=DIRECTION('',(0.,-2.61794459577546E-46,1.));
#10938=DIRECTION('',(0.706036232298583,-0.708175711728114,-1.85396477737806E-46));
#10939=DIRECTION('',(0.999657324975557,-0.0261769483078736,-6.85298003564913E-48));
#10940=DIRECTION('',(0.,-2.61794459577546E-46,1.));
#10941=DIRECTION('',(-0.0261769483315051,-0.999657324974939,-2.61704749154549E-46));
#10942=DIRECTION('',(0.999657324975557,-0.0261769483078736,-6.85298003564913E-48));
#10943=DIRECTION('',(0.,-2.61794459577546E-46,1.));
#10944=DIRECTION('',(-1.,-5.74606645684432E-32,-1.50428836276622E-77));
#10945=DIRECTION('',(2.34057741845823E-16,-1.,-7.62253587091521E-32));
#10946=DIRECTION('',(0.,-2.61794459577546E-46,1.));
#10947=DIRECTION('',(0.0261769483078724,-0.999657324975557,-2.61704749154711E-46));
#10948=DIRECTION('',(0.999657324975564,0.0261769483076055,3.94430452610506E-31));
#10949=DIRECTION('',(0.,2.61794459577546E-46,-1.));
#10950=DIRECTION('',(-0.731339716696444,0.682013356747773,1.78547318154451E-46));
#10951=DIRECTION('',(0.999657324975557,0.0261769483078705,1.97215226305253E-31));
#10952=DIRECTION('',(0.,2.61794459577546E-46,-1.));
#10953=DIRECTION('',(-0.0261769483078691,0.999657324975557,2.61704749154711E-46));
#10954=DIRECTION('',(0.999657324975564,0.0261769483076056,-4.96035504587613E-19));
#10955=DIRECTION('',(0.,2.61794459577546E-46,-1.));
#10956=DIRECTION('',(-0.0261769483076693,0.999657324975563,2.61704749154713E-46));
#10957=DIRECTION('',(-3.81916720471055E-13,-1.,-1.86689626095985E-30));
#10958=DIRECTION('',(0.,2.61794459577546E-46,-1.));
#10959=DIRECTION('',(1.,5.74606645684432E-32,1.50428836276622E-77));
#10960=DIRECTION('',(0.,-2.61794459577546E-46,1.));
#10961=DIRECTION('',(-0.824773674152714,-0.565462984133031,-1.48035076342213E-46));
#10962=DIRECTION('',(0.,2.61794459577546E-46,-1.));
#10963=DIRECTION('',(0.645698096973796,0.763592802195266,1.99904364988014E-46));
#10964=DIRECTION('',(-2.45207245791063E-16,-1.,-1.40539637654631E-32));
#10965=DIRECTION('',(0.,2.61794459577546E-46,-1.));
#10966=DIRECTION('',(1.,-2.22044604898168E-16,-5.81300473414256E-62));
#10967=DIRECTION('',(0.,2.61794459577546E-46,-1.));
#10968=DIRECTION('',(3.5047748364599E-31,-1.,-2.61794459577546E-46));
#10969=DIRECTION('',(0.,-2.61794459577546E-46,1.));
#10970=DIRECTION('',(0.988536728446659,-0.15098058322836,-3.95258801929712E-47));
#10971=DIRECTION('',(0.,2.61794459577546E-46,-1.));
#10972=DIRECTION('',(-0.988536728730687,0.150980581368707,3.95258797061244E-47));
#10973=DIRECTION('',(0.,-2.61794459577546E-46,1.));
#10974=DIRECTION('',(0.775551273543349,0.631284580918376,1.65266805701164E-46));
#10975=DIRECTION('',(0.,2.61794459577546E-46,-1.));
#10976=DIRECTION('',(1.,5.74606645684432E-32,1.50428836276622E-77));
#10977=DIRECTION('',(0.,-2.61794459577546E-46,1.));
#10978=DIRECTION('',(-0.455984980675024,0.889987470360565,2.32993788833831E-46));
#10979=DIRECTION('',(-0.889987470360564,-0.455984980675026,1.97215226305253E-31));
#10980=DIRECTION('',(0.,-2.61794459577546E-46,1.));
#10981=DIRECTION('',(-0.889987470360563,-0.455984980675029,-1.19374341591297E-46));
#10982=DIRECTION('',(0.455984980675027,-0.889987470360564,9.86076131526265E-32));
#10983=DIRECTION('',(0.,-2.61794459577546E-46,1.));
#10984=DIRECTION('',(-0.0261769100249736,-0.99965732597803,-2.61704749417153E-46));
#10985=DIRECTION('',(0.999657323957825,-0.0261769871734537,3.94430452610506E-31));
#10986=DIRECTION('',(-0.313102665759769,-0.949719285207016,-1.97215226305253E-31));
#10987=DIRECTION('',(0.,2.61794459577546E-46,-1.));
#10988=DIRECTION('',(0.949719285207019,-0.313102665759762,-8.19685431748659E-47));
#10989=DIRECTION('',(0.,-2.61794459577546E-46,1.));
#10990=DIRECTION('',(-0.889987470360562,-0.45598498067503,-1.19374341591297E-46));
#10991=DIRECTION('',(0.455984980675027,-0.889987470360564,2.75901238791109E-17));
#10992=DIRECTION('',(0.,-2.61794459577546E-46,1.));
#10993=DIRECTION('',(0.45598498067503,-0.889987470360562,-2.32993788833831E-46));
#10994=DIRECTION('',(0.889987470360563,0.455984980675029,0.));
#10995=DIRECTION('',(0.,-2.61794459577546E-46,1.));
#10996=DIRECTION('',(0.881181884635168,0.472777417175159,1.23770508429839E-46));
#10997=DIRECTION('',(0.,2.61794459577546E-46,-1.));
#10998=DIRECTION('',(-0.88118188463517,-0.472777417175154,-1.23770508429837E-46));
#10999=DIRECTION('',(0.,-2.61794459577546E-46,1.));
#11000=DIRECTION('',(-0.949719285207015,0.313102665759773,8.19685431748688E-47));
#11001=DIRECTION('',(0.,-2.61794459577546E-46,1.));
#11002=DIRECTION('',(3.5047748364599E-31,-1.,-2.61794459577546E-46));
#11003=DIRECTION('',(0.,-2.61794459577546E-46,1.));
#11004=DIRECTION('',(3.5047748364599E-31,-1.,-2.61794459577546E-46));
#11005=DIRECTION('',(0.,-2.61794459577546E-46,1.));
#11006=DIRECTION('',(3.5047748364599E-31,-1.,-2.61794459577546E-46));
#11007=DIRECTION('',(0.,-2.61794459577546E-46,1.));
#11008=DIRECTION('',(3.5047748364599E-31,-1.,-2.61794459577546E-46));
#11009=DIRECTION('',(0.,-2.61794459577546E-46,1.));
#11010=DIRECTION('',(3.5047748364599E-31,-1.,-2.61794459577546E-46));
#11011=DIRECTION('',(0.,2.61794459577546E-46,-1.));
#11012=DIRECTION('',(3.50476556077081E-31,-1.,-2.61794459577546E-46));
#11013=DIRECTION('',(0.,-2.61794459577546E-46,1.));
#11014=DIRECTION('',(3.5047748364599E-31,-1.,-2.61794459577546E-46));
#11015=DIRECTION('',(0.,-2.61794459577546E-46,1.));
#11016=DIRECTION('',(0.00262649649027629,-0.999996550752145,-2.61793556583568E-46));
#11017=DIRECTION('',(0.,2.61794459577546E-46,-1.));
#11018=DIRECTION('',(-0.00262649649027629,0.999996550752145,2.61793556583568E-46));
#11019=DIRECTION('',(0.,-2.61794459577546E-46,1.));
#11020=DIRECTION('',(0.999557326615471,0.0297514841534374,7.78877371557907E-48));
#11021=DIRECTION('',(0.,2.61794459577546E-46,-1.));
#11022=DIRECTION('',(-0.999557326615471,-0.0297514841534382,-7.78877371557928E-48));
#11023=DIRECTION('',(0.,-2.61794459577546E-46,1.));
#11024=DIRECTION('',(-3.5047748364599E-31,1.,2.61794459577546E-46));
#11025=DIRECTION('',(-1.,-5.74606645684432E-32,0.));
#11026=DIRECTION('',(0.,2.61794459577546E-46,-1.));
#11027=DIRECTION('',(5.55110948751977E-16,-1.,-2.61794459577546E-46));
#11028=DIRECTION('',(0.,-2.61794459577546E-46,1.));
#11029=DIRECTION('',(-0.0261769483078738,0.999657324975557,2.61704749154711E-46));
#11030=DIRECTION('',(-0.999657324975622,-0.0261769483054201,-2.9582283945788E-31));
#11031=DIRECTION('',(0.,-2.61794459577546E-46,1.));
#11032=DIRECTION('',(-0.959254826401361,0.282542347313982,7.39680211228352E-47));
#11033=DIRECTION('',(-0.282542347313973,-0.959254826401364,-1.4791141972894E-31));
#11034=DIRECTION('',(0.,-2.61794459577546E-46,1.));
#11035=DIRECTION('',(3.5047748364599E-31,-1.,-2.61794459577546E-46));
#11036=DIRECTION('',(0.,-2.61794459577546E-46,1.));
#11037=DIRECTION('',(3.5047748364599E-31,-1.,-2.61794459577546E-46));
#11038=DIRECTION('',(0.,-2.61794459577546E-46,1.));
#11039=DIRECTION('',(3.5047748364599E-31,-1.,-2.61794459577546E-46));
#11040=DIRECTION('',(0.,-2.61794459577546E-46,1.));
#11041=DIRECTION('',(3.5047748364599E-31,-1.,-2.61794459577546E-46));
#11042=DIRECTION('',(0.,-2.61794459577546E-46,1.));
#11043=DIRECTION('',(3.5047748364599E-31,-1.,-2.61794459577546E-46));
#11044=DIRECTION('',(0.,2.61794459577546E-46,-1.));
#11045=DIRECTION('',(3.50473357563604E-31,-1.,-2.61794459577546E-46));
#11046=DIRECTION('',(0.,2.61794459577546E-46,-1.));
#11047=DIRECTION('',(3.5047748364599E-31,-1.,-2.61794459577546E-46));
#11048=DIRECTION('',(0.,2.61794459577546E-46,-1.));
#11049=DIRECTION('',(3.5047748364599E-31,-1.,8.37376873078215E-60));
#11050=DIRECTION('',(0.,-2.61794459577546E-46,1.));
#11051=DIRECTION('',(3.5047748364599E-31,-1.,8.37376873078215E-60));
#11052=DIRECTION('',(0.,2.61794459577546E-46,-1.));
#11053=DIRECTION('',(-0.560847033621103,-0.827919443471652,-2.16744723277404E-46));
#11054=DIRECTION('',(0.,2.61794459577546E-46,-1.));
#11055=DIRECTION('',(0.673469387736355,-0.73921511333442,1.97215226305253E-31));
#11056=DIRECTION('',(0.,2.61794459577546E-46,-1.));
#11057=DIRECTION('',(1.,-2.22044604898168E-16,-5.81300473414256E-62));
#11058=DIRECTION('',(-2.45207245791063E-16,-1.,-1.40539637654631E-32));
#11059=DIRECTION('',(0.,2.61794459577546E-46,-1.));
#11060=DIRECTION('',(0.645698096973796,0.763592802195266,1.99904364988014E-46));
#11061=DIRECTION('',(0.,-2.61794459577546E-46,1.));
#11062=DIRECTION('',(-0.824773674152714,-0.565462984133031,-1.48035076342213E-46));
#11063=DIRECTION('',(0.,2.61794459577546E-46,-1.));
#11064=DIRECTION('',(1.,5.74606645684432E-32,1.50428836276622E-77));
#11065=DIRECTION('',(-3.81916720471055E-13,-1.,6.64838894005968E-33));
#11066=DIRECTION('',(0.,2.61794459577546E-46,-1.));
#11067=DIRECTION('',(-0.0261769483076693,0.999657324975563,2.61704749154713E-46));
#11068=DIRECTION('',(0.999657324975564,0.0261769483076055,3.94430452610506E-31));
#11069=DIRECTION('',(0.,2.61794459577546E-46,-1.));
#11070=DIRECTION('',(-0.0261769483078692,0.999657324975557,2.61704749154711E-46));
#11071=DIRECTION('',(0.999657324975557,0.0261769483078705,1.97215226305253E-31));
#11072=DIRECTION('',(0.,2.61794459577546E-46,-1.));
#11073=DIRECTION('',(-0.731339716696444,0.682013356747773,1.78547318154451E-46));
#11074=DIRECTION('',(0.999657324975564,0.0261769483076055,3.94430452610506E-31));
#11075=DIRECTION('',(0.,-2.61794459577546E-46,1.));
#11076=DIRECTION('',(0.0261769483078724,-0.999657324975557,-2.61704749154711E-46));
#11077=DIRECTION('',(2.34057741845823E-16,-1.,-7.62253587091521E-32));
#11078=DIRECTION('',(0.,-2.61794459577546E-46,1.));
#11079=DIRECTION('',(-1.,-5.74606645684432E-32,-1.50428836276622E-77));
#11080=DIRECTION('',(-0.999657324975557,0.0261769483078736,-1.97215226305253E-31));
#11081=DIRECTION('',(0.,2.61794459577546E-46,-1.));
#11082=DIRECTION('',(-0.0261769483315051,-0.999657324974939,-2.61704749154549E-46));
#11083=DIRECTION('',(-0.999657324975557,0.0261769483078736,-1.97215226305253E-31));
#11084=DIRECTION('',(0.,2.61794459577546E-46,-1.));
#11085=DIRECTION('',(0.706036232298583,-0.708175711728114,-1.85396477737806E-46));
#11086=DIRECTION('',(-0.999657324975557,0.0261769483078736,-1.97215226305253E-31));
#11087=DIRECTION('',(0.,2.61794459577546E-46,-1.));
#11088=DIRECTION('',(1.,-3.8191672134225E-13,-9.99836816674226E-59));
#11089=DIRECTION('',(-3.81916720471055E-13,-1.,6.64838894005968E-33));
#11090=DIRECTION('',(0.,2.61794459577546E-46,-1.));
#11091=DIRECTION('',(-0.524771446164189,0.851243166956861,2.2285074486255E-46));
#11092=DIRECTION('',(0.,-2.61794459577546E-46,1.));
#11093=DIRECTION('',(-0.659709191398207,-0.751520979603845,-1.96744028716577E-46));
#11094=DIRECTION('',(0.,-2.61794459577546E-46,1.));
#11095=DIRECTION('',(-0.982310944597867,-0.187257064281289,0.));
#11096=DIRECTION('',(-2.52435489670724E-29,-2.83003849748038E-29,1.));
#11097=DIRECTION('',(1.,3.24300857537294E-17,2.10362908058936E-29));
#11098=DIRECTION('',(0.,-2.61794459577546E-46,1.));
#11099=DIRECTION('',(-0.471594369833865,-0.881815598830617,0.));
#11100=DIRECTION('',(0.831322227783701,-0.555790746228061,6.90253292068385E-31));
#11101=DIRECTION('',(0.,2.61794459577546E-46,-1.));
#11102=DIRECTION('',(-0.99896433829049,0.0455000090532139,1.19116502808596E-47));
#11103=DIRECTION('',(0.0455000090532045,0.998964338290491,-1.23259516440783E-32));
#11104=DIRECTION('',(0.,-2.61794459577546E-46,1.));
#11105=DIRECTION('',(0.989688381339376,-0.143237243208064,0.));
#11106=DIRECTION('',(-2.52435489670724E-29,-2.83003849748038E-29,1.));
#11107=DIRECTION('',(1.,3.24300857537294E-17,2.10362908058936E-29));
#11108=DIRECTION('',(0.,-2.61794459577546E-46,1.));
#11109=DIRECTION('',(0.840985343107876,0.54105790140957,0.));
#11110=DIRECTION('',(-0.455984980675027,0.889987470360564,-1.97215226305253E-31));
#11111=DIRECTION('',(0.,-2.61794459577546E-46,1.));
#11112=DIRECTION('',(0.889987470360564,0.455984980675026,1.19374341591296E-46));
#11113=DIRECTION('',(-1.82306522737943E-15,1.,-1.87404272601147E-32));
#11114=DIRECTION('',(0.,-2.61794459577546E-46,1.));
#11115=DIRECTION('',(1.,5.74606645684432E-32,1.50428836276622E-77));
#11116=DIRECTION('',(0.282542347313974,0.959254826401363,7.39557098644699E-32));
#11117=DIRECTION('',(0.,-2.61794459577546E-46,1.));
#11118=DIRECTION('',(0.959254826401364,-0.282542347313973,-7.39680211228328E-47));
#11119=DIRECTION('',(0.504598382821399,0.863354198492154,1.97215226305253E-31));
#11120=DIRECTION('',(0.,2.61794459577546E-46,-1.));
#11121=DIRECTION('',(-0.999951234174096,-0.00987569104936106,-2.58540120122229E-48));
#11122=DIRECTION('',(-3.5047748364599E-31,1.,-8.37376873078215E-60));
#11123=DIRECTION('',(0.,-2.61794459577546E-46,1.));
#11124=DIRECTION('',(3.5047748364599E-31,-1.,-2.61794459577546E-46));
#11125=DIRECTION('',(-0.313102665759769,-0.949719285207016,-1.97215226305253E-31));
#11126=DIRECTION('',(0.,-2.61794459577546E-46,1.));
#11127=DIRECTION('',(-0.949719285207015,0.313102665759773,8.19685431748688E-47));
#11128=DIRECTION('',(0.,2.61794459577546E-46,-1.));
#11129=DIRECTION('',(-0.88118188463517,-0.472777417175154,-1.23770508429837E-46));
#11130=DIRECTION('',(0.,-2.61794459577546E-46,1.));
#11131=DIRECTION('',(0.881181884635168,0.472777417175159,1.23770508429839E-46));
#11132=DIRECTION('',(0.889987470360563,0.455984980675029,0.));
#11133=DIRECTION('',(0.,-2.61794459577546E-46,1.));
#11134=DIRECTION('',(0.455984980675029,-0.889987470360563,-2.32993788833831E-46));
#11135=DIRECTION('',(0.455984980675027,-0.889987470360564,0.));
#11136=DIRECTION('',(0.,-2.61794459577546E-46,1.));
#11137=DIRECTION('',(-0.889987470360562,-0.45598498067503,-1.19374341591297E-46));
#11138=DIRECTION('',(0.,2.61794459577546E-46,-1.));
#11139=DIRECTION('',(0.949719285207019,-0.313102665759762,-8.19685431748659E-47));
#11140=DIRECTION('',(0.,-2.61794459577546E-46,1.));
#11141=DIRECTION('',(0.988536728446659,-0.15098058322836,-3.95258801929712E-47));
#11142=DIRECTION('',(0.999657324975557,-0.0261769483078736,1.97215226305253E-31));
#11143=DIRECTION('',(0.,-2.61794459577546E-46,1.));
#11144=DIRECTION('',(-0.0261769100249736,-0.99965732597803,-2.61704749417153E-46));
#11145=DIRECTION('',(0.455984980675027,-0.889987470360564,0.));
#11146=DIRECTION('',(0.,-2.61794459577546E-46,1.));
#11147=DIRECTION('',(-0.889987470360563,-0.455984980675029,-1.19374341591297E-46));
#11148=DIRECTION('',(-0.889987470360564,-0.455984980675026,1.97215226305253E-31));
#11149=DIRECTION('',(0.,-2.61794459577546E-46,1.));
#11150=DIRECTION('',(-0.455984980675024,0.889987470360565,2.32993788833831E-46));
#11151=DIRECTION('',(0.,2.61794459577546E-46,-1.));
#11152=DIRECTION('',(1.,5.74606645684432E-32,1.50428836276622E-77));
#11153=DIRECTION('',(0.,-2.61794459577546E-46,1.));
#11154=DIRECTION('',(0.775551273543349,0.631284580918376,1.65266805701164E-46));
#11155=DIRECTION('',(0.,2.61794459577546E-46,-1.));
#11156=DIRECTION('',(-0.988536728730687,0.150980581368707,3.95258797061243E-47));
#11157=DIRECTION('',(0.,-2.61794459577546E-46,1.));
#11158=DIRECTION('',(3.5047748364599E-31,-1.,-2.61794459577546E-46));
#11159=DIRECTION('',(0.,-2.61794459577546E-46,1.));
#11160=DIRECTION('',(0.00262649649027629,-0.999996550752145,-2.61793556583568E-46));
#11161=DIRECTION('',(-0.282542347313973,-0.959254826401364,-1.4791141972894E-31));
#11162=DIRECTION('',(0.,-2.61794459577546E-46,1.));
#11163=DIRECTION('',(-0.959254826401361,0.282542347313982,7.39680211228352E-47));
#11164=DIRECTION('',(-0.999657324975622,-0.0261769483054201,-2.9582283945788E-31));
#11165=DIRECTION('',(0.,-2.61794459577546E-46,1.));
#11166=DIRECTION('',(-0.0261769483078739,0.999657324975557,2.61704749154711E-46));
#11167=DIRECTION('',(0.,2.61794459577546E-46,-1.));
#11168=DIRECTION('',(5.55110948751977E-16,-1.,-2.61794459577546E-46));
#11169=DIRECTION('',(-1.,-5.74606645684432E-32,0.));
#11170=DIRECTION('',(0.,-2.61794459577546E-46,1.));
#11171=DIRECTION('',(-3.5047748364599E-31,1.,2.61794459577546E-46));
#11172=DIRECTION('',(0.,2.61794459577546E-46,-1.));
#11173=DIRECTION('',(-0.999557326615471,-0.0297514841534382,-7.78877371557928E-48));
#11174=DIRECTION('',(0.,-2.61794459577546E-46,1.));
#11175=DIRECTION('',(0.999557326615471,0.0297514841534374,7.78877371557907E-48));
#11176=DIRECTION('',(0.,2.61794459577546E-46,-1.));
#11177=DIRECTION('',(-0.00262649649027629,0.999996550752145,2.61793556583568E-46));
#11178=DIRECTION('',(0.,-2.61794459577546E-46,1.));
#11179=DIRECTION('',(3.5047748364599E-31,-1.,-2.61794459577546E-46));
#11180=DIRECTION('',(0.,-2.61794459577546E-46,1.));
#11181=DIRECTION('',(3.5047748364599E-31,-1.,-2.61794459577546E-46));
#11182=DIRECTION('',(0.,-2.61794459577546E-46,1.));
#11183=DIRECTION('',(3.5047748364599E-31,-1.,-2.61794459577546E-46));
#11184=DIRECTION('',(0.,-2.61794459577546E-46,1.));
#11185=DIRECTION('',(3.5047748364599E-31,-1.,-2.61794459577546E-46));
#11186=DIRECTION('',(0.,-2.61794459577546E-46,1.));
#11187=DIRECTION('',(3.5047748364599E-31,-1.,-2.61794459577546E-46));
#11188=DIRECTION('',(0.,-2.61794459577546E-46,1.));
#11189=DIRECTION('',(3.5047748364599E-31,-1.,-2.61794459577546E-46));
#11190=DIRECTION('',(0.,-2.61794459577546E-46,1.));
#11191=DIRECTION('',(3.5047748364599E-31,-1.,-2.61794459577546E-46));
#11192=DIRECTION('',(0.,-2.61794459577546E-46,1.));
#11193=DIRECTION('',(3.5047748364599E-31,-1.,-2.61794459577546E-46));
#11194=DIRECTION('',(0.,-2.61794459577546E-46,1.));
#11195=DIRECTION('',(0.673469387736355,-0.73921511333442,1.97215226305253E-31));
#11196=DIRECTION('',(0.,-2.61794459577546E-46,1.));
#11197=DIRECTION('',(0.673469387736355,-0.73921511333442,1.97215226305253E-31));
#11198=DIRECTION('',(-0.396578740681841,-0.585427452755,0.707106781186546));
#11199=DIRECTION('',(0.47621477098993,-0.522704019394352,0.707106781186546));
#11200=DIRECTION('',(0.,2.61794459577546E-46,-1.));
#11201=DIRECTION('',(3.5047748364599E-31,-1.,8.37376873078215E-60));
#11202=DIRECTION('',(0.,2.61794459577546E-46,-1.));
#11203=DIRECTION('',(3.5047748364599E-31,-1.,8.37376873078215E-60));
#11204=DIRECTION('',(0.,2.61794459577546E-46,-1.));
#11205=DIRECTION('',(3.5047748364599E-31,-1.,8.37376873078215E-60));
#11206=DIRECTION('',(0.,2.61794459577546E-46,-1.));
#11207=DIRECTION('',(0.673469387736355,-0.73921511333442,1.97215226305253E-31));
#11208=DIRECTION('',(0.,-2.61794459577546E-46,1.));
#11209=DIRECTION('',(0.,-2.61794459577546E-46,1.));
#11210=DIRECTION('',(0.,2.61794459577546E-46,-1.));
#11211=DIRECTION('',(3.50473357563604E-31,-1.,-2.61794459577546E-46));
#11212=DIRECTION('',(0.,-2.61794459577546E-46,1.));
#11213=DIRECTION('',(3.50473357563604E-31,-1.,-2.61794459577546E-46));
#11214=DIRECTION('',(0.,2.61794459577546E-46,-1.));
#11215=DIRECTION('',(3.5047748364599E-31,-1.,-2.61794459577546E-46));
#11216=DIRECTION('',(0.,2.61794459577546E-46,-1.));
#11217=DIRECTION('',(3.5047748364599E-31,-1.,-2.61794459577546E-46));
#11218=DIRECTION('',(0.,2.61794459577546E-46,-1.));
#11219=DIRECTION('',(3.5047748364599E-31,-1.,-2.61794459577546E-46));
#11220=DIRECTION('',(0.,2.61794459577546E-46,-1.));
#11221=DIRECTION('',(3.5047748364599E-31,-1.,-2.61794459577546E-46));
#11222=DIRECTION('',(0.,2.61794459577546E-46,-1.));
#11223=DIRECTION('',(3.5047748364599E-31,-1.,-2.61794459577546E-46));
#11224=DIRECTION('',(0.,2.61794459577546E-46,-1.));
#11225=DIRECTION('',(3.5047748364599E-31,-1.,-2.61794459577546E-46));
#11226=DIRECTION('',(0.,2.61794459577546E-46,-1.));
#11227=DIRECTION('',(3.5047748364599E-31,-1.,-2.61794459577546E-46));
#11228=DIRECTION('',(0.,2.61794459577546E-46,-1.));
#11229=DIRECTION('',(3.5047748364599E-31,-1.,-2.61794459577546E-46));
#11230=DIRECTION('',(0.,2.61794459577546E-46,-1.));
#11231=DIRECTION('',(3.5047748364599E-31,-1.,-2.61794459577546E-46));
#11232=DIRECTION('',(0.,2.61794459577546E-46,-1.));
#11233=DIRECTION('',(0.00262649649027629,-0.999996550752145,-2.61793556583568E-46));
#11234=DIRECTION('',(-0.00185721347903704,0.7071043422,0.707106781186547));
#11235=DIRECTION('',(-0.678295592634328,0.199787609758083,-0.707106781186546));
#11236=DIRECTION('',(0.,2.61794459577546E-46,-1.));
#11237=DIRECTION('',(0.00262649649027629,-0.999996550752145,-2.61793556583568E-46));
#11238=DIRECTION('',(0.,-2.61794459577546E-46,1.));
#11239=DIRECTION('',(-0.00262649649027629,0.999996550752145,2.61793556583568E-46));
#11240=DIRECTION('',(0.190400273155266,0.680990261297774,0.70710678118654));
#11241=DIRECTION('',(0.,-2.61794459577546E-46,1.));
#11242=DIRECTION('',(-0.00262649649027629,0.999996550752145,2.61793556583568E-46));
#11243=DIRECTION('',(0.,2.61794459577546E-46,-1.));
#11244=DIRECTION('',(0.999557326615471,0.0297514841534374,7.78877371557907E-48));
#11245=DIRECTION('',(-0.706793763834491,-0.0210374761952614,0.707106781186553));
#11246=DIRECTION('',(0.,2.61794459577546E-46,-1.));
#11247=DIRECTION('',(0.999557326615471,0.0297514841534374,7.78877371557907E-48));
#11248=DIRECTION('',(0.,-2.61794459577546E-46,1.));
#11249=DIRECTION('',(-0.999557326615471,-0.0297514841534382,-7.78877371557928E-48));
#11250=DIRECTION('',(-0.654554312503828,0.267504489649527,0.707106781186538));
#11251=DIRECTION('',(0.,-2.61794459577546E-46,1.));
#11252=DIRECTION('',(-0.999557326615471,-0.0297514841534382,-7.78877371557928E-48));
#11253=DIRECTION('',(0.,2.61794459577546E-46,-1.));
#11254=DIRECTION('',(-3.5047748364599E-31,1.,2.61794459577546E-46));
#11255=DIRECTION('',(9.86076131526263E-32,-0.707106781186548,0.707106781186548));
#11256=DIRECTION('',(0.,2.61794459577546E-46,-1.));
#11257=DIRECTION('',(-3.5047748364599E-31,1.,2.61794459577546E-46));
#11258=DIRECTION('',(-3.94430452610506E-31,0.707106781186548,0.707106781186548));
#11259=DIRECTION('',(-9.86076131526263E-32,0.707106781186548,-0.707106781186548));
#11260=DIRECTION('',(9.86076131526263E-32,-0.707106781186548,0.707106781186548));
#11261=DIRECTION('',(1.,5.74606645684432E-32,0.));
#11262=DIRECTION('',(0.,-2.61794459577546E-46,1.));
#11263=DIRECTION('',(5.55110948751977E-16,-1.,-2.61794459577546E-46));
#11264=DIRECTION('',(-0.698999869488609,-0.106766953938869,0.707106781187624));
#11265=DIRECTION('',(0.,-2.61794459577546E-46,1.));
#11266=DIRECTION('',(5.55110948751977E-16,-1.,-2.61794459577546E-46));
#11267=DIRECTION('',(0.,2.61794459577546E-46,-1.));
#11268=DIRECTION('',(-0.0261769483078739,0.999657324975557,2.61704749154711E-46));
#11269=DIRECTION('',(0.0185098976592674,-0.70686447335302,0.707106781186548));
#11270=DIRECTION('',(0.,2.61794459577546E-46,-1.));
#11271=DIRECTION('',(-0.0261769483078739,0.999657324975557,2.61704749154711E-46));
#11272=DIRECTION('',(-0.0185098976575322,0.706864473353066,0.707106781186548));
#11273=DIRECTION('',(-1.8413236485573E-17,0.707227945480615,-0.706985596127155));
#11274=DIRECTION('',(0.0185098976575324,-0.706864473353066,0.707106781186548));
#11275=DIRECTION('',(0.999657324975622,0.0261769483054201,2.9582283945788E-31));
#11276=DIRECTION('',(0.,2.61794459577546E-46,-1.));
#11277=DIRECTION('',(-0.959254826401361,0.282542347313982,7.39680211228352E-47));
#11278=DIRECTION('',(0.678295592634327,-0.199787609758076,0.707106781186549));
#11279=DIRECTION('',(0.,2.61794459577546E-46,-1.));
#11280=DIRECTION('',(-0.959254826401361,0.282542347313982,7.39680211228352E-47));
#11281=DIRECTION('',(-0.678295592634331,0.199787609758076,0.707106781186545));
#11282=DIRECTION('',(1.38692100203205E-16,0.962326110938682,-0.271897878266144));
#11283=DIRECTION('',(0.282542347313973,0.959254826401364,1.4791141972894E-31));
#11284=DIRECTION('',(0.,2.61794459577546E-46,-1.));
#11285=DIRECTION('',(3.5047748364599E-31,-1.,-2.61794459577546E-46));
#11286=DIRECTION('',(0.,2.61794459577546E-46,-1.));
#11287=DIRECTION('',(3.50476556077081E-31,-1.,-2.61794459577546E-46));
#11288=DIRECTION('',(0.,-2.61794459577546E-46,1.));
#11289=DIRECTION('',(3.50476556077081E-31,-1.,-2.61794459577546E-46));
#11290=DIRECTION('',(0.,2.61794459577546E-46,-1.));
#11291=DIRECTION('',(3.5047748364599E-31,-1.,-2.61794459577546E-46));
#11292=DIRECTION('',(0.,2.61794459577546E-46,-1.));
#11293=DIRECTION('',(3.5047748364599E-31,-1.,-2.61794459577546E-46));
#11294=DIRECTION('',(0.,2.61794459577546E-46,-1.));
#11295=DIRECTION('',(3.5047748364599E-31,-1.,-2.61794459577546E-46));
#11296=DIRECTION('',(0.,2.61794459577546E-46,-1.));
#11297=DIRECTION('',(3.5047748364599E-31,-1.,-2.61794459577546E-46));
#11298=DIRECTION('',(0.,2.61794459577546E-46,-1.));
#11299=DIRECTION('',(3.5047748364599E-31,-1.,-2.61794459577546E-46));
#11300=DIRECTION('',(0.,2.61794459577546E-46,-1.));
#11301=DIRECTION('',(3.5047748364599E-31,-1.,-2.61794459577546E-46));
#11302=DIRECTION('',(0.,2.61794459577546E-46,-1.));
#11303=DIRECTION('',(3.5047748364599E-31,-1.,-2.61794459577546E-46));
#11304=DIRECTION('',(0.,2.61794459577546E-46,-1.));
#11305=DIRECTION('',(3.5047748364599E-31,-1.,-2.61794459577546E-46));
#11306=DIRECTION('',(0.,2.61794459577546E-46,-1.));
#11307=DIRECTION('',(3.5047748364599E-31,-1.,-2.61794459577546E-46));
#11308=DIRECTION('',(0.,2.61794459577546E-46,-1.));
#11309=DIRECTION('',(3.5047748364599E-31,-1.,-2.61794459577546E-46));
#11310=DIRECTION('',(-0.671552946793522,0.221397018166318,0.707106781186548));
#11311=DIRECTION('',(-1.9049684902281E-16,0.954316095105724,-0.298798913355056));
#11312=DIRECTION('',(0.67155294679352,-0.221397018166317,0.70710678118655));
#11313=DIRECTION('',(-0.67155294679353,0.221397018166315,-0.707106781186541));
#11314=DIRECTION('',(0.313102665759769,0.949719285207016,1.97215226305253E-31));
#11315=DIRECTION('',(0.,-2.61794459577546E-46,1.));
#11316=DIRECTION('',(0.949719285207019,-0.313102665759762,-8.19685431748659E-47));
#11317=DIRECTION('',(0.203504528215131,-0.677189712706799,0.707106781186562));
#11318=DIRECTION('',(0.,-2.61794459577546E-46,1.));
#11319=DIRECTION('',(0.949719285207019,-0.313102665759762,-8.19685431748659E-47));
#11320=DIRECTION('',(0.,2.61794459577546E-46,-1.));
#11321=DIRECTION('',(-0.889987470360562,-0.45598498067503,-1.19374341591297E-46));
#11322=DIRECTION('',(0.629316175463015,0.322430071954528,0.707106781186549));
#11323=DIRECTION('',(0.,2.61794459577546E-46,-1.));
#11324=DIRECTION('',(-0.889987470360562,-0.45598498067503,-1.19374341591297E-46));
#11325=DIRECTION('',(-0.629316175463017,-0.322430071954529,0.707106781186547));
#11326=DIRECTION('',(-1.27237524644791E-16,0.909872418088727,0.414888156978929));
#11327=DIRECTION('',(0.629316175463015,0.322430071954528,0.707106781186549));
#11328=DIRECTION('',(-0.455984980675027,0.889987470360564,3.51629178650817E-16));
#11329=DIRECTION('',(0.,2.61794459577546E-46,-1.));
#11330=DIRECTION('',(0.455984980675029,-0.889987470360563,-2.32993788833831E-46));
#11331=DIRECTION('',(-0.32243007195453,0.629316175463029,0.707106781186535));
#11332=DIRECTION('',(0.,2.61794459577546E-46,-1.));
#11333=DIRECTION('',(0.455984980675029,-0.889987470360563,-2.32993788833831E-46));
#11334=DIRECTION('',(0.322430071954531,-0.629316175463018,0.707106781186544));
#11335=DIRECTION('',(1.20423127182531E-16,0.747001686788556,0.664822141580026));
#11336=DIRECTION('',(-0.322430071954501,0.629316175462948,0.707106781186621));
#11337=DIRECTION('',(-0.889987470360563,-0.455984980675029,0.));
#11338=DIRECTION('',(0.,2.61794459577546E-46,-1.));
#11339=DIRECTION('',(0.881181884635168,0.472777417175159,1.23770508429839E-46));
#11340=DIRECTION('',(-0.623089686084265,-0.334304117676413,0.707106781186552));
#11341=DIRECTION('',(0.,2.61794459577546E-46,-1.));
#11342=DIRECTION('',(0.881181884635168,0.472777417175159,1.23770508429839E-46));
#11343=DIRECTION('',(0.,-2.61794459577546E-46,1.));
#11344=DIRECTION('',(-0.88118188463517,-0.472777417175154,-1.23770508429837E-46));
#11345=DIRECTION('',(-0.66513811219628,-0.239981857030795,0.707106781186561));
#11346=DIRECTION('',(0.,-2.61794459577546E-46,1.));
#11347=DIRECTION('',(-0.88118188463517,-0.472777417175154,-1.23770508429837E-46));
#11348=DIRECTION('',(0.,2.61794459577546E-46,-1.));
#11349=DIRECTION('',(-0.949719285207015,0.313102665759773,8.19685431748688E-47));
#11350=DIRECTION('',(0.,2.61794459577546E-46,-1.));
#11351=DIRECTION('',(-0.949719285207015,0.313102665759773,8.19685431748688E-47));
#11352=DIRECTION('',(0.,2.61794459577546E-46,-1.));
#11353=DIRECTION('',(0.988536728446659,-0.15098058322836,-3.95258801929712E-47));
#11354=DIRECTION('',(-0.699001024136598,0.10675939422827,0.707106781186548));
#11355=DIRECTION('',(-0.0185099251523526,-0.706864473052382,-0.707106780767398));
#11356=DIRECTION('',(0.,2.61794459577546E-46,-1.));
#11357=DIRECTION('',(0.988536728446659,-0.15098058322836,-3.95258801929712E-47));
#11358=DIRECTION('',(0.,-2.61794459577546E-46,1.));
#11359=DIRECTION('',(-0.988536728730687,0.150980581368707,3.95258797061244E-47));
#11360=DIRECTION('',(-0.130204449499623,0.695015684233461,0.707106781186543));
#11361=DIRECTION('',(0.,-2.61794459577546E-46,1.));
#11362=DIRECTION('',(-0.988536728730687,0.150980581368707,3.95258797061243E-47));
#11363=DIRECTION('',(0.,2.61794459577546E-46,-1.));
#11364=DIRECTION('',(0.775551273543349,0.631284580918376,1.65266805701164E-46));
#11365=DIRECTION('',(-0.548397564680358,-0.446385608025901,0.707106781186547));
#11366=DIRECTION('',(0.,2.61794459577546E-46,-1.));
#11367=DIRECTION('',(0.775551273543349,0.631284580918376,1.65266805701164E-46));
#11368=DIRECTION('',(0.,-2.61794459577546E-46,1.));
#11369=DIRECTION('',(-0.88118188463517,-0.472777417175154,-1.23770508429837E-46));
#11370=DIRECTION('',(-0.594910178789495,-0.382206592267415,0.707106781186534));
#11371=DIRECTION('',(0.,-2.61794459577546E-46,1.));
#11372=DIRECTION('',(-1.,-5.74606645684432E-32,-1.50428836276622E-77));
#11373=DIRECTION('',(0.,2.61794459577546E-46,-1.));
#11374=DIRECTION('',(-0.455984980675024,0.889987470360565,2.32993788833831E-46));
#11375=DIRECTION('',(0.322430071954526,-0.62931617546303,0.707106781186536));
#11376=DIRECTION('',(0.,2.61794459577546E-46,-1.));
#11377=DIRECTION('',(-0.455984980675024,0.889987470360565,2.32993788833831E-46));
#11378=DIRECTION('',(-0.322430071954529,0.629316175463019,0.707106781186544));
#11379=DIRECTION('',(-6.12136861098982E-17,0.747001686788555,-0.664822141580027));
#11380=DIRECTION('',(0.322430071954534,-0.629316175463011,0.70710678118655));
#11381=DIRECTION('',(0.889987470360564,0.455984980675026,-1.97215226305253E-31));
#11382=DIRECTION('',(0.,2.61794459577546E-46,-1.));
#11383=DIRECTION('',(-0.889987470360563,-0.455984980675029,-1.19374341591297E-46));
#11384=DIRECTION('',(0.629316175463015,0.322430071954529,0.707106781186548));
#11385=DIRECTION('',(0.,2.61794459577546E-46,-1.));
#11386=DIRECTION('',(-0.889987470360563,-0.455984980675029,-1.19374341591297E-46));
#11387=DIRECTION('',(-0.629316175463017,-0.322430071954529,0.707106781186547));
#11388=DIRECTION('',(-1.27237524644791E-16,0.909872418088727,0.414888156978929));
#11389=DIRECTION('',(0.629316175463019,0.322430071954528,0.707106781186545));
#11390=DIRECTION('',(-0.455984980675027,0.889987470360564,-9.86076131526265E-32));
#11391=DIRECTION('',(0.,2.61794459577546E-46,-1.));
#11392=DIRECTION('',(-0.0261769100249736,-0.99965732597803,-2.61704749417153E-46));
#11393=DIRECTION('',(0.0185098705891689,0.706864474061872,0.707106781186551));
#11394=DIRECTION('',(0.,2.61794459577546E-46,-1.));
#11395=DIRECTION('',(-0.0261769100249736,-0.99965732597803,-2.61704749417153E-46));
#11396=DIRECTION('',(-0.0185099251413823,-0.706864472633372,0.707106781186551));
#11397=DIRECTION('',(2.59957889157717E-18,0.707227945840525,0.706985595767122));
#11398=DIRECTION('',(-0.999657324975557,0.0261769483078736,-3.8878902973401E-8));
#11399=DIRECTION('',(0.0185098976590777,-0.706864473353029,0.707106781186544));
#11400=DIRECTION('',(-5.56484509729958E-18,0.707227945480631,0.706985596127139));
#11401=DIRECTION('',(-0.999657324975564,-0.0261769483076055,-3.94430452610506E-31));
#11402=DIRECTION('',(-0.0185098976697586,0.706864473350426,-0.707106781188867));
#11403=DIRECTION('',(-0.0255494574314184,0.70666259498629,0.707089246186224));
#11404=DIRECTION('',(0.018509897659077,-0.706864473353022,-0.707106781186551));
#11405=DIRECTION('',(0.,-2.61794459577546E-46,1.));
#11406=DIRECTION('',(-0.731339716696444,0.682013356747773,1.78547318154451E-46));
#11407=DIRECTION('',(0.,-2.61794459577546E-46,1.));
#11408=DIRECTION('',(-0.731339716696444,0.682013356747773,1.78547318154451E-46));
#11409=DIRECTION('',(-0.0185098976592654,0.70686447335302,0.707106781186548));
#11410=DIRECTION('',(0.018509897659265,-0.706864473353022,0.707106781186547));
#11411=DIRECTION('',(-4.25839126935501E-18,0.707227945480636,0.706985596127134));
#11412=DIRECTION('',(-0.0185098976592654,0.70686447335302,0.707106781186548));
#11413=DIRECTION('',(-0.999657324975557,-0.0261769483078705,-1.97215226305253E-31));
#11414=DIRECTION('',(0.,-2.61794459577546E-46,1.));
#11415=DIRECTION('',(-0.0261769483078691,0.999657324975557,2.61704749154711E-46));
#11416=DIRECTION('',(0.,-2.61794459577546E-46,1.));
#11417=DIRECTION('',(-0.0261769483078691,0.999657324975557,2.61704749154711E-46));
#11418=DIRECTION('',(0.0185098976994307,-0.706864473360808,0.707106781177711));
#11419=DIRECTION('',(0.0110041963899676,-0.707041081424562,-0.707086852402021));
#11420=DIRECTION('',(0.0185098976590777,-0.706864473353029,0.707106781186544));
#11421=DIRECTION('',(-5.56484509729958E-18,0.707227945480631,0.706985596127139));
#11422=DIRECTION('',(-0.999657324975564,-0.0261769483076055,3.7349046494344E-17));
#11423=DIRECTION('',(-0.0185098976590775,0.706864473353022,0.707106781186551));
#11424=DIRECTION('',(0.,-2.61794459577546E-46,1.));
#11425=DIRECTION('',(-0.0261769483076693,0.999657324975563,2.61704749154713E-46));
#11426=DIRECTION('',(0.707106781186547,-2.7005590289361E-13,0.707106781186548));
#11427=DIRECTION('',(0.,-2.61794459577546E-46,1.));
#11428=DIRECTION('',(-0.0261769483076693,0.999657324975563,2.61704749154713E-46));
#11429=DIRECTION('',(-0.707106781186548,0.,0.707106781186548));
#11430=DIRECTION('',(-1.90958360235528E-13,1.,-1.90958360235528E-13));
#11431=DIRECTION('',(3.81916720471055E-13,1.,4.55560524376194E-28));
#11432=DIRECTION('',(0.707106781186547,-2.7005590289361E-13,0.707106781186548));
#11433=DIRECTION('',(0.,-2.61794459577546E-46,1.));
#11434=DIRECTION('',(1.,5.74606645684432E-32,1.50428836276622E-77));
#11435=DIRECTION('',(0.492687290702304,-0.507207288571865,0.707106781186548));
#11436=DIRECTION('',(0.,-2.61794459577546E-46,1.));
#11437=DIRECTION('',(1.,5.74606645684432E-32,1.50428836276622E-77));
#11438=DIRECTION('',(0.,2.61794459577546E-46,-1.));
#11439=DIRECTION('',(-0.824773674152714,-0.565462984133031,-1.48035076342213E-46));
#11440=DIRECTION('',(0.,2.61794459577546E-46,-1.));
#11441=DIRECTION('',(-0.824773674152714,-0.565462984133031,-1.48035076342213E-46));
#11442=DIRECTION('',(0.58320305793753,0.399842710590452,0.707106781186543));
#11443=DIRECTION('',(0.,-2.61794459577546E-46,1.));
#11444=DIRECTION('',(0.645698096973796,0.763592802195266,1.99904364988014E-46));
#11445=DIRECTION('',(0.707106781186551,-1.53750155743574E-15,0.707106781186544));
#11446=DIRECTION('',(0.,-2.61794459577546E-46,1.));
#11447=DIRECTION('',(0.645698096973796,0.763592802195266,1.99904364988014E-46));
#11448=DIRECTION('',(-0.707106781186548,0.,0.707106781186548));
#11449=DIRECTION('',(-1.2260362289553E-16,1.,-1.2260362289553E-16));
#11450=DIRECTION('',(0.707106781186551,-7.85046229341882E-15,0.707106781186544));
#11451=DIRECTION('',(2.45207245791063E-16,1.,1.40539637654631E-32));
#11452=DIRECTION('',(0.,-2.61794459577546E-46,1.));
#11453=DIRECTION('',(1.,-2.22044604898168E-16,-5.81300473414256E-62));
#11454=DIRECTION('',(0.,-2.61794459577546E-46,1.));
#11455=DIRECTION('',(1.,-2.22044604898168E-16,-5.81300473414256E-62));
#11456=DIRECTION('',(0.,-2.61794459577546E-46,1.));
#11457=DIRECTION('',(-0.560847033621103,-0.827919443471652,-2.16744723277404E-46));
#11458=DIRECTION('',(-0.707106781186544,-5.06097790340302E-32,0.707106781186551));
#11459=DIRECTION('',(0.,-2.61794459577546E-46,1.));
#11460=DIRECTION('',(-0.560847033621103,-0.827919443471652,-2.16744723277404E-46));
#11461=DIRECTION('',(0.707106781186548,0.,0.707106781186548));
#11462=DIRECTION('',(-1.75238741822995E-31,1.,1.75238741822995E-31));
#11463=DIRECTION('',(3.5047748364599E-31,-1.,8.37376873078215E-60));
#11464=DIRECTION('',(-0.707106781186548,-1.30597245771836E-33,0.707106781186547));
#11465=DIRECTION('',(0.,-2.61794459577546E-46,1.));
#11466=DIRECTION('',(-0.999951234174096,-0.00987569104936106,-2.58540120122229E-48));
#11467=DIRECTION('',(-0.610483608319676,0.35680493826878,0.707106781186548));
#11468=DIRECTION('',(0.,-2.61794459577546E-46,1.));
#11469=DIRECTION('',(-0.999951234174096,-0.00987569104936106,-2.58540120122229E-48));
#11470=DIRECTION('',(0.610483608319678,-0.356804938268777,0.707106781186548));
#11471=DIRECTION('',(-1.89645768770077E-16,0.892779025282403,0.450494852374366));
#11472=DIRECTION('',(-0.504598382821399,-0.863354198492154,-1.97215226305253E-31));
#11473=DIRECTION('',(-0.610483608319682,0.356804938268774,0.707106781186546));
#11474=DIRECTION('',(0.,2.61794459577546E-46,-1.));
#11475=DIRECTION('',(0.959254826401364,-0.282542347313973,-7.39680211228328E-47));
#11476=DIRECTION('',(0.,2.61794459577546E-46,-1.));
#11477=DIRECTION('',(0.959254826401364,-0.282542347313973,-7.39680211228328E-47));
#11478=DIRECTION('',(-0.67829559263433,0.199787609758075,0.707106781186546));
#11479=DIRECTION('',(0.678295592634328,-0.199787609758076,0.707106781186548));
#11480=DIRECTION('',(2.29331703715449E-16,0.962326110938683,0.271897878266143));
#11481=DIRECTION('',(-0.282542347313974,-0.959254826401363,-7.39557098644699E-32));
#11482=DIRECTION('',(-0.678295592634328,0.199787609758076,0.707106781186548));
#11483=DIRECTION('',(0.,2.61794459577546E-46,-1.));
#11484=DIRECTION('',(1.,5.74606645684432E-32,1.50428836276622E-77));
#11485=DIRECTION('',(0.,2.61794459577546E-46,-1.));
#11486=DIRECTION('',(1.,5.74606645684432E-32,1.50428836276622E-77));
#11487=DIRECTION('',(-0.707106781186549,-5.0609779034032E-32,0.707106781186546));
#11488=DIRECTION('',(0.707106781186548,0.,0.707106781186548));
#11489=DIRECTION('',(9.11532613689715E-16,1.,-9.11532613689714E-16));
#11490=DIRECTION('',(1.82306522737943E-15,-1.,1.87404272601147E-32));
#11491=DIRECTION('',(-0.707106781186547,-5.06097790340313E-32,0.707106781186548));
#11492=DIRECTION('',(0.,2.61794459577546E-46,-1.));
#11493=DIRECTION('',(0.889987470360564,0.455984980675027,1.19374341591296E-46));
#11494=DIRECTION('',(-0.629316175462993,-0.322430071954514,0.707106781186575));
#11495=DIRECTION('',(0.,2.61794459577546E-46,-1.));
#11496=DIRECTION('',(0.889987470360564,0.455984980675026,1.19374341591296E-46));
#11497=DIRECTION('',(-0.707106781186548,0.,0.707106781186548));
#11498=DIRECTION('',(1.17028870922911E-16,1.,1.17028870922911E-16));
#11499=DIRECTION('',(-0.707106781186543,-5.06097790340295E-32,-0.707106781186552));
#11500=DIRECTION('',(-0.707106781186547,-5.06097790340309E-32,-0.707106781186548));
#11501=DIRECTION('',(-2.34057741845823E-16,1.,7.62253587091521E-32));
#11502=DIRECTION('',(0.,2.61794459577546E-46,-1.));
#11503=DIRECTION('',(0.0261769483078724,-0.999657324975557,-2.61704749154711E-46));
#11504=DIRECTION('',(0.,2.61794459577546E-46,-1.));
#11505=DIRECTION('',(0.0261769483078724,-0.999657324975557,-2.61704749154711E-46));
#11506=DIRECTION('',(0.,2.61794459577546E-46,-1.));
#11507=DIRECTION('',(3.5047748364599E-31,-1.,-2.61794459577546E-46));
#11508=DIRECTION('',(0.,-2.61794459577546E-46,1.));
#11509=DIRECTION('',(3.5047748364599E-31,-1.,-2.61794459577546E-46));
#11510=DIRECTION('',(0.,0.,1.));
#11511=DIRECTION('',(3.50473357563604E-31,-1.,0.));
#11512=DIRECTION('',(0.,-2.61794459577546E-46,1.));
#11513=DIRECTION('',(-1.,-5.74606645684432E-32,-1.50428836276622E-77));
#11514=DIRECTION('',(0.,2.61794459577546E-46,-1.));
#11515=DIRECTION('',(3.5047748364599E-31,-1.,-2.61794459577546E-46));
#11516=DIRECTION('',(0.,-2.61794459577546E-46,1.));
#11517=DIRECTION('',(3.5047748364599E-31,-1.,-2.61794459577546E-46));
#11518=DIRECTION('',(0.,-2.61794459577546E-46,1.));
#11519=DIRECTION('',(3.5047748364599E-31,-1.,-2.61794459577546E-46));
#11520=DIRECTION('',(0.,-2.61794459577546E-46,1.));
#11521=DIRECTION('',(3.5047748364599E-31,-1.,-2.61794459577546E-46));
#11522=DIRECTION('',(0.,-2.61794459577546E-46,1.));
#11523=DIRECTION('',(3.5047748364599E-31,-1.,-2.61794459577546E-46));
#11524=DIRECTION('',(0.,2.61794459577546E-46,-1.));
#11525=DIRECTION('',(3.5047748364599E-31,-1.,-2.61794459577546E-46));
#11526=DIRECTION('',(0.,2.61794459577546E-46,-1.));
#11527=DIRECTION('',(3.5047748364599E-31,-1.,-2.61794459577546E-46));
#11528=DIRECTION('',(0.,2.61794459577546E-46,-1.));
#11529=DIRECTION('',(3.5047748364599E-31,-1.,-2.61794459577546E-46));
#11530=DIRECTION('',(0.,-2.61794459577546E-46,1.));
#11531=DIRECTION('',(3.5047748364599E-31,-1.,-2.61794459577546E-46));
#11532=DIRECTION('',(0.,2.61794459577546E-46,-1.));
#11533=DIRECTION('',(0.00262649649027629,-0.999996550752145,-2.61793556583568E-46));
#11534=DIRECTION('',(0.,-2.61794459577546E-46,1.));
#11535=DIRECTION('',(0.,-2.61794459577546E-46,1.));
#11536=DIRECTION('',(0.,2.61794459577546E-46,-1.));
#11537=DIRECTION('',(-0.00262649649027629,0.999996550752145,2.61793556583568E-46));
#11538=DIRECTION('',(0.,-2.61794459577546E-46,1.));
#11539=DIRECTION('',(0.,2.61794459577546E-46,-1.));
#11540=DIRECTION('',(0.999557326615471,0.0297514841534374,7.78877371557907E-48));
#11541=DIRECTION('',(0.,-2.61794459577546E-46,1.));
#11542=DIRECTION('',(0.,2.61794459577546E-46,-1.));
#11543=DIRECTION('',(-0.999557326615471,-0.0297514841534382,-7.78877371557928E-48));
#11544=DIRECTION('',(0.,-2.61794459577546E-46,1.));
#11545=DIRECTION('',(0.,2.61794459577546E-46,-1.));
#11546=DIRECTION('',(-3.5047748364599E-31,1.,2.61794459577546E-46));
#11547=DIRECTION('',(0.,-2.61794459577546E-46,1.));
#11548=DIRECTION('',(-3.5047748364599E-31,1.,-8.37376873078215E-60));
#11549=DIRECTION('',(-1.,-3.5047748364599E-31,2.45365507718481E-90));
#11550=DIRECTION('',(0.,-2.61794459577546E-46,1.));
#11551=DIRECTION('',(0.,2.61794459577546E-46,-1.));
#11552=DIRECTION('',(5.55110948751977E-16,-1.,-2.61794459577546E-46));
#11553=DIRECTION('',(0.,-2.61794459577546E-46,1.));
#11554=DIRECTION('',(0.,2.61794459577546E-46,-1.));
#11555=DIRECTION('',(-0.0261769483078739,0.999657324975557,2.61704749154711E-46));
#11556=DIRECTION('',(0.,-2.61794459577546E-46,1.));
#11557=DIRECTION('',(-0.0261769483054201,0.999657324975622,4.93038065763132E-32));
#11558=DIRECTION('',(-0.999657324975622,-0.0261769483054201,-2.9582283945788E-31));
#11559=DIRECTION('',(0.,-2.61794459577546E-46,1.));
#11560=DIRECTION('',(0.,2.61794459577546E-46,-1.));
#11561=DIRECTION('',(-0.959254826401361,0.282542347313982,7.39680211228352E-47));
#11562=DIRECTION('',(0.,-2.61794459577546E-46,1.));
#11563=DIRECTION('',(-0.959254826401364,0.282542347313973,-2.9582283945788E-31));
#11564=DIRECTION('',(-0.282542347313973,-0.959254826401364,-1.4791141972894E-31));
#11565=DIRECTION('',(0.,-2.61794459577546E-46,1.));
#11566=DIRECTION('',(3.50476556077081E-31,-1.,-2.61794459577546E-46));
#11567=DIRECTION('',(0.,-2.61794459577546E-46,1.));
#11568=DIRECTION('',(-1.,-5.74606645684432E-32,-1.50428836276622E-77));
#11569=DIRECTION('',(0.,2.61794459577546E-46,-1.));
#11570=DIRECTION('',(3.5047748364599E-31,-1.,-2.61794459577546E-46));
#11571=DIRECTION('',(0.,2.61794459577546E-46,-1.));
#11572=DIRECTION('',(3.5047748364599E-31,-1.,-2.61794459577546E-46));
#11573=DIRECTION('',(0.,-2.61794459577546E-46,1.));
#11574=DIRECTION('',(3.5047748364599E-31,-1.,-2.61794459577546E-46));
#11575=DIRECTION('',(0.,-2.61794459577546E-46,1.));
#11576=DIRECTION('',(3.5047748364599E-31,-1.,-2.61794459577546E-46));
#11577=DIRECTION('',(0.,-2.61794459577546E-46,1.));
#11578=DIRECTION('',(3.5047748364599E-31,-1.,-2.61794459577546E-46));
#11579=DIRECTION('',(0.,-2.61794459577546E-46,1.));
#11580=DIRECTION('',(3.5047748364599E-31,-1.,-2.61794459577546E-46));
#11581=DIRECTION('',(0.,-2.61794459577546E-46,1.));
#11582=DIRECTION('',(3.5047748364599E-31,-1.,-2.61794459577546E-46));
#11583=DIRECTION('',(0.,-2.61794459577546E-46,1.));
#11584=DIRECTION('',(3.5047748364599E-31,-1.,-2.61794459577546E-46));
#11585=DIRECTION('',(0.,-2.61794459577546E-46,1.));
#11586=DIRECTION('',(3.5047748364599E-31,-1.,-2.61794459577546E-46));
#11587=DIRECTION('',(0.,-2.61794459577546E-46,1.));
#11588=DIRECTION('',(3.5047748364599E-31,-1.,-2.61794459577546E-46));
#11589=DIRECTION('',(-0.949719285207017,0.313102665759769,9.86076131526266E-32));
#11590=DIRECTION('',(-0.313102665759769,-0.949719285207016,-1.97215226305253E-31));
#11591=DIRECTION('',(0.,-2.61794459577546E-46,1.));
#11592=DIRECTION('',(0.,-2.61794459577546E-46,1.));
#11593=DIRECTION('',(0.,2.61794459577546E-46,-1.));
#11594=DIRECTION('',(0.949719285207019,-0.313102665759762,-8.19685431748659E-47));
#11595=DIRECTION('',(0.,-2.61794459577546E-46,1.));
#11596=DIRECTION('',(0.,2.61794459577546E-46,-1.));
#11597=DIRECTION('',(-0.889987470360562,-0.45598498067503,-1.19374341591297E-46));
#11598=DIRECTION('',(0.,-2.61794459577546E-46,1.));
#11599=DIRECTION('',(-0.889987470360564,-0.455984980675027,1.97215226305253E-31));
#11600=DIRECTION('',(0.455984980675027,-0.889987470360564,9.86076131526265E-32));
#11601=DIRECTION('',(0.,-2.61794459577546E-46,1.));
#11602=DIRECTION('',(0.,2.61794459577546E-46,-1.));
#11603=DIRECTION('',(0.455984980675029,-0.889987470360563,-2.32993788833831E-46));
#11604=DIRECTION('',(0.,-2.61794459577546E-46,1.));
#11605=DIRECTION('',(0.455984980675029,-0.889987470360563,1.97215226305253E-31));
#11606=DIRECTION('',(0.889987470360563,0.455984980675029,3.74827931331747E-48));
#11607=DIRECTION('',(0.,-2.61794459577546E-46,1.));
#11608=DIRECTION('',(0.,2.61794459577546E-46,-1.));
#11609=DIRECTION('',(0.881181884635168,0.472777417175159,1.23770508429839E-46));
#11610=DIRECTION('',(0.,-2.61794459577546E-46,1.));
#11611=DIRECTION('',(0.,2.61794459577546E-46,-1.));
#11612=DIRECTION('',(-0.88118188463517,-0.472777417175154,-1.23770508429837E-46));
#11613=DIRECTION('',(0.,-2.61794459577546E-46,1.));
#11614=DIRECTION('',(0.,2.61794459577546E-46,-1.));
#11615=DIRECTION('',(-0.949719285207015,0.313102665759773,8.19685431748688E-47));
#11616=DIRECTION('',(0.,2.61794459577546E-46,-1.));
#11617=DIRECTION('',(0.988536728446659,-0.15098058322836,-3.95258801929712E-47));
#11618=DIRECTION('',(0.,-2.61794459577546E-46,1.));
#11619=DIRECTION('',(0.,-2.61794459577546E-46,1.));
#11620=DIRECTION('',(0.,2.61794459577546E-46,-1.));
#11621=DIRECTION('',(-0.988536728730687,0.150980581368707,3.95258797061243E-47));
#11622=DIRECTION('',(0.,-2.61794459577546E-46,1.));
#11623=DIRECTION('',(0.,2.61794459577546E-46,-1.));
#11624=DIRECTION('',(0.775551273543349,0.631284580918376,1.65266805701164E-46));
#11625=DIRECTION('',(0.,-2.61794459577546E-46,1.));
#11626=DIRECTION('',(0.,2.61794459577546E-46,-1.));
#11627=DIRECTION('',(-0.88118188463517,-0.472777417175154,-1.23770508429837E-46));
#11628=DIRECTION('',(0.,-2.61794459577546E-46,1.));
#11629=DIRECTION('',(0.,2.61794459577546E-46,-1.));
#11630=DIRECTION('',(-0.455984980675024,0.889987470360565,2.32993788833831E-46));
#11631=DIRECTION('',(0.,-2.61794459577546E-46,1.));
#11632=DIRECTION('',(-0.455984980675026,0.889987470360564,-2.46519032881566E-31));
#11633=DIRECTION('',(-0.889987470360564,-0.455984980675026,1.97215226305253E-31));
#11634=DIRECTION('',(0.,-2.61794459577546E-46,1.));
#11635=DIRECTION('',(0.,2.61794459577546E-46,-1.));
#11636=DIRECTION('',(-0.889987470360563,-0.455984980675029,-1.19374341591297E-46));
#11637=DIRECTION('',(0.,-2.61794459577546E-46,1.));
#11638=DIRECTION('',(-0.889987470360564,-0.455984980675027,1.97215226305253E-31));
#11639=DIRECTION('',(0.455984980675027,-0.889987470360564,9.86076131526265E-32));
#11640=DIRECTION('',(0.,-2.61794459577546E-46,1.));
#11641=DIRECTION('',(0.,2.61794459577546E-46,-1.));
#11642=DIRECTION('',(-0.0261769100249736,-0.99965732597803,-2.61704749417153E-46));
#11643=DIRECTION('',(0.,-2.61794459577546E-46,1.));
#11644=DIRECTION('',(-0.0261769483078736,-0.999657324975557,9.24446373305873E-33));
#11645=DIRECTION('',(0.999657324975557,-0.0261769483078736,1.97215226305253E-31));
#11646=DIRECTION('',(0.0261769483076055,-0.999657324975564,-1.84889274661175E-32));
#11647=DIRECTION('',(0.999657324975564,0.0261769483076055,3.94430452610506E-31));
#11648=DIRECTION('',(0.,-2.61794459577546E-46,1.));
#11649=DIRECTION('',(0.,-2.61794459577546E-46,1.));
#11650=DIRECTION('',(0.,2.61794459577546E-46,-1.));
#11651=DIRECTION('',(-0.731339716696444,0.682013356747773,1.78547318154451E-46));
#11652=DIRECTION('',(0.,-2.61794459577546E-46,1.));
#11653=DIRECTION('',(0.0261769483078705,-0.999657324975557,-5.8548270309372E-32));
#11654=DIRECTION('',(0.999657324975557,0.0261769483078705,1.97215226305253E-31));
#11655=DIRECTION('',(0.,-2.61794459577546E-46,1.));
#11656=DIRECTION('',(0.,2.61794459577546E-46,-1.));
#11657=DIRECTION('',(-0.0261769483078692,0.999657324975557,2.61704749154711E-46));
#11658=DIRECTION('',(0.,-2.61794459577546E-46,1.));
#11659=DIRECTION('',(0.0261769483076055,-0.999657324975564,-1.84889274661175E-32));
#11660=DIRECTION('',(0.999657324975564,0.0261769483076055,3.94430452610506E-31));
#11661=DIRECTION('',(0.,-2.61794459577546E-46,1.));
#11662=DIRECTION('',(0.,2.61794459577546E-46,-1.));
#11663=DIRECTION('',(-0.0261769483076693,0.999657324975563,2.61704749154713E-46));
#11664=DIRECTION('',(0.,-2.61794459577546E-46,1.));
#11665=DIRECTION('',(-1.,0.,0.));
#11666=DIRECTION('',(0.,-1.,6.64838894005968E-33));
#11667=DIRECTION('',(0.,-2.61794459577546E-46,1.));
#11668=DIRECTION('',(0.,2.61794459577546E-46,-1.));
#11669=DIRECTION('',(1.,5.74606645684432E-32,1.50428836276622E-77));
#11670=DIRECTION('',(0.,-2.61794459577546E-46,1.));
#11671=DIRECTION('',(0.,2.61794459577546E-46,-1.));
#11672=DIRECTION('',(-0.824773674152714,-0.565462984133031,-1.48035076342213E-46));
#11673=DIRECTION('',(0.,-2.61794459577546E-46,1.));
#11674=DIRECTION('',(0.,2.61794459577546E-46,-1.));
#11675=DIRECTION('',(0.645698096973796,0.763592802195266,1.99904364988014E-46));
#11676=DIRECTION('',(0.,-2.61794459577546E-46,1.));
#11677=DIRECTION('',(-1.,0.,0.));
#11678=DIRECTION('',(0.,-1.,-1.40539637654631E-32));
#11679=DIRECTION('',(0.,-2.61794459577546E-46,1.));
#11680=DIRECTION('',(0.,2.61794459577546E-46,-1.));
#11681=DIRECTION('',(1.,-2.22044604898168E-16,-5.81300473414256E-62));
#11682=DIRECTION('',(0.,2.61794459577546E-46,-1.));
#11683=DIRECTION('',(-0.560847033621103,-0.827919443471652,-2.16744723277404E-46));
#11684=DIRECTION('',(0.,-2.61794459577546E-46,1.));
#11685=DIRECTION('',(1.,5.74606645684432E-32,0.));
#11686=DIRECTION('',(-5.74606645684432E-32,1.,-8.37376873078215E-60));
#11687=DIRECTION('',(0.,-2.61794459577546E-46,1.));
#11688=DIRECTION('',(0.,2.61794459577546E-46,-1.));
#11689=DIRECTION('',(-0.999951234174096,-0.00987569104936106,-2.58540120122229E-48));
#11690=DIRECTION('',(0.,-2.61794459577546E-46,1.));
#11691=DIRECTION('',(0.863354198492154,-0.504598382821399,-1.97215226305253E-31));
#11692=DIRECTION('',(0.504598382821399,0.863354198492154,1.97215226305253E-31));
#11693=DIRECTION('',(0.,-2.61794459577546E-46,1.));
#11694=DIRECTION('',(0.,2.61794459577546E-46,-1.));
#11695=DIRECTION('',(0.959254826401364,-0.282542347313973,-7.39680211228328E-47));
#11696=DIRECTION('',(0.,-2.61794459577546E-46,1.));
#11697=DIRECTION('',(0.959254826401363,-0.282542347313974,3.94430452610506E-31));
#11698=DIRECTION('',(0.282542347313974,0.959254826401363,7.39557098644699E-32));
#11699=DIRECTION('',(0.,-2.61794459577546E-46,1.));
#11700=DIRECTION('',(0.,2.61794459577546E-46,-1.));
#11701=DIRECTION('',(1.,5.74606645684432E-32,1.50428836276622E-77));
#11702=DIRECTION('',(0.,-2.61794459577546E-46,1.));
#11703=DIRECTION('',(1.,0.,0.));
#11704=DIRECTION('',(0.,1.,-1.87404272601147E-32));
#11705=DIRECTION('',(0.,-2.61794459577546E-46,1.));
#11706=DIRECTION('',(0.,2.61794459577546E-46,-1.));
#11707=DIRECTION('',(0.889987470360564,0.455984980675026,1.19374341591296E-46));
#11708=DIRECTION('',(0.,-2.61794459577546E-46,1.));
#11709=DIRECTION('',(0.,2.61794459577546E-46,-1.));
#11710=DIRECTION('',(3.5047748364599E-31,-1.,-2.61794459577546E-46));
#11711=DIRECTION('',(0.,-2.61794459577546E-46,1.));
#11712=DIRECTION('',(3.5047748364599E-31,-1.,-2.61794459577546E-46));
#11713=DIRECTION('',(0.,2.61794459577546E-46,-1.));
#11714=DIRECTION('',(3.5047748364599E-31,-1.,-2.61794459577546E-46));
#11715=DIRECTION('',(0.,2.61794459577546E-46,-1.));
#11716=DIRECTION('',(-1.,-5.74606645684432E-32,-1.50428836276622E-77));
#11717=DIRECTION('',(0.,2.61794459577546E-46,-1.));
#11718=DIRECTION('',(-1.,-5.74606645684432E-32,-1.50428836276622E-77));
#11719=DIRECTION('',(0.,-2.61794459577546E-46,1.));
#11720=DIRECTION('',(0.,-2.61794459577546E-46,1.));
#11721=DIRECTION('',(-1.,0.,0.));
#11722=DIRECTION('',(0.,-1.,-7.62253587091521E-32));
#11723=DIRECTION('',(0.,-2.61794459577546E-46,1.));
#11724=DIRECTION('',(0.,2.61794459577546E-46,-1.));
#11725=DIRECTION('',(0.0261769483078724,-0.999657324975557,-2.61704749154711E-46));
#11726=DIRECTION('',(0.,-2.61794459577546E-46,1.));
#11727=DIRECTION('',(-3.5047748364599E-31,1.,2.61794459577546E-46));
#11728=DIRECTION('',(0.,-2.61794459577546E-46,1.));
#11729=DIRECTION('',(3.5047748364599E-31,-1.,-2.61794459577546E-46));
#11730=DIRECTION('',(0.,-2.61794459577546E-46,1.));
#11731=DIRECTION('',(3.5047748364599E-31,-1.,-2.61794459577546E-46));
#11732=DIRECTION('',(0.,-2.61794459577546E-46,1.));
#11733=DIRECTION('',(-3.5047748364599E-31,1.,2.61794459577546E-46));
#11734=DIRECTION('',(0.,-2.61794459577546E-46,1.));
#11735=DIRECTION('',(-3.5047748364599E-31,1.,2.61794459577546E-46));
#11736=DIRECTION('',(0.,-2.61794459577546E-46,1.));
#11737=DIRECTION('',(-3.5047748364599E-31,1.,2.61794459577546E-46));
#11738=DIRECTION('',(0.,-2.61794459577546E-46,1.));
#11739=DIRECTION('',(3.5047748364599E-31,-1.,-2.61794459577546E-46));
#11740=DIRECTION('',(0.,-2.61794459577546E-46,1.));
#11741=DIRECTION('',(3.5047748364599E-31,-1.,-2.61794459577546E-46));
#11742=DIRECTION('',(0.,-2.61794459577546E-46,1.));
#11743=DIRECTION('',(3.5047748364599E-31,-1.,-2.61794459577546E-46));
#11744=DIRECTION('',(0.,-2.61794459577546E-46,1.));
#11745=DIRECTION('',(3.5047748364599E-31,-1.,-2.61794459577546E-46));
#11746=DIRECTION('',(0.,2.61794459577546E-46,-1.));
#11747=DIRECTION('',(3.5047748364599E-31,-1.,-2.61794459577546E-46));
#11748=DIRECTION('',(0.,2.61794459577546E-46,-1.));
#11749=DIRECTION('',(3.5047748364599E-31,-1.,-2.61794459577546E-46));
#11750=DIRECTION('',(0.,2.61794459577546E-46,-1.));
#11751=DIRECTION('',(3.5047748364599E-31,-1.,-2.61794459577546E-46));
#11752=DIRECTION('',(0.,-2.61794459577546E-46,1.));
#11753=DIRECTION('',(3.5047748364599E-31,-1.,-2.61794459577546E-46));
#11754=DIRECTION('',(0.,2.61794459577546E-46,-1.));
#11755=DIRECTION('',(3.5047748364599E-31,-1.,-2.61794459577546E-46));
#11756=DIRECTION('',(3.24300857537294E-17,-1.,0.));
#11757=DIRECTION('',(1.,3.24300857537294E-17,2.52435489670724E-29));
#11758=DIRECTION('',(-1.,-3.24300857537294E-17,-8.49001677395105E-63));
#11759=DIRECTION('',(0.,0.,1.));
#11760=DIRECTION('',(1.,3.24300857537294E-17,2.52435489670724E-29));
#11761=DIRECTION('',(0.,0.,-1.));
#11762=DIRECTION('',(1.,3.24300857537294E-17,0.));
#11763=DIRECTION('',(-3.24300857537294E-17,1.,2.83003849748038E-29));
#11764=DIRECTION('',(3.24300857537294E-17,-1.,-2.61794459577546E-46));
#11765=DIRECTION('',(0.,0.,1.));
#11766=DIRECTION('',(-3.24300857537294E-17,1.,2.83003849748038E-29));
#11767=DIRECTION('',(0.,0.,-1.));
#11768=DIRECTION('',(0.,0.,1.));
#11769=DIRECTION('',(-0.923879532511286,-0.382683432365091,0.));
#11770=DIRECTION('',(0.,2.61794459577546E-46,-1.));
#11771=DIRECTION('',(-0.923879532511286,-0.382683432365091,0.));
#11772=DIRECTION('',(0.,0.,-1.));
#11773=DIRECTION('',(0.,-2.61794459577546E-46,1.));
#11774=DIRECTION('',(-0.923879532511286,-0.382683432365091,0.));
#11775=DIRECTION('',(0.,0.,1.));
#11776=DIRECTION('',(0.,0.,1.));
#11777=DIRECTION('',(0.923879532511286,-0.382683432365091,0.));
#11778=DIRECTION('',(0.,2.61794459577546E-46,-1.));
#11779=DIRECTION('',(0.923879532511286,-0.382683432365091,0.));
#11780=DIRECTION('',(0.,-2.61794459577546E-46,1.));
#11781=DIRECTION('',(0.923879532511286,-0.382683432365091,0.));
#11782=DIRECTION('',(0.,0.,1.));
#11783=DIRECTION('',(0.707106781186548,-0.707106781186548,0.));
#11784=DIRECTION('',(0.707106781186548,0.707106781186548,3.78653234506086E-29));
#11785=DIRECTION('',(-0.707106781186548,-0.707106781186548,-1.8511663764435E-46));
#11786=DIRECTION('',(0.707106781186548,0.707106781186548,3.78653234506086E-29));
#11787=DIRECTION('',(0.,0.,-1.));
#11788=DIRECTION('',(0.,-2.61794459577546E-46,1.));
#11789=DIRECTION('',(-3.5047748364599E-31,1.,2.61794459577546E-46));
#11790=DIRECTION('',(0.,-2.61794459577546E-46,1.));
#11791=DIRECTION('',(-0.382683432365093,-0.923879532511286,0.));
#11792=DIRECTION('',(0.,-2.61794459577546E-46,1.));
#11793=DIRECTION('',(0.382683432365093,-0.923879532511286,0.));
#11794=DIRECTION('',(0.,-2.61794459577546E-46,1.));
#11795=DIRECTION('',(0.923879532511286,0.382683432365091,0.));
#11796=DIRECTION('',(-0.707106781186548,0.707106781186548,0.));
#11797=DIRECTION('',(0.,-2.61794459577546E-46,1.));
#11798=DIRECTION('',(0.382683432365093,0.923879532511286,0.));
#11799=DIRECTION('',(-1.,-3.24300857537294E-17,-2.52435489670724E-29));
#11800=DIRECTION('',(0.,-2.61794459577546E-46,1.));
#11801=DIRECTION('',(-0.382683432365093,0.923879532511286,0.));
#11802=DIRECTION('',(-0.707106781186548,-0.707106781186548,-3.78653234506086E-29));
#11803=DIRECTION('',(0.,-2.61794459577546E-46,1.));
#11804=DIRECTION('',(-0.923879532511286,0.382683432365091,0.));
#11805=DIRECTION('',(3.24300857537294E-17,-1.,-2.83003849748038E-29));
#11806=DIRECTION('',(0.707106781186548,-0.707106781186548,0.));
#11807=DIRECTION('',(0.,0.,1.));
#11808=DIRECTION('',(0.382683432365093,-0.923879532511286,0.));
#11809=DIRECTION('',(0.,2.61794459577546E-46,-1.));
#11810=DIRECTION('',(0.382683432365093,-0.923879532511286,0.));
#11811=DIRECTION('',(-0.707106781186548,-0.707106781186548,0.));
#11812=DIRECTION('',(0.707106781186548,-0.707106781186548,0.));
#11813=DIRECTION('',(-0.707106781186548,0.707106781186548,1.8511663764435E-46));
#11814=DIRECTION('',(0.,0.,1.));
#11815=DIRECTION('',(0.,0.,1.));
#11816=DIRECTION('',(-0.382683432365093,-0.923879532511286,0.));
#11817=DIRECTION('',(0.,2.61794459577546E-46,-1.));
#11818=DIRECTION('',(-0.382683432365093,-0.923879532511286,0.));
#11819=DIRECTION('',(0.,-2.61794459577546E-46,1.));
#11820=DIRECTION('',(-3.5047748364599E-31,1.,2.61794459577546E-46));
#11821=DIRECTION('',(0.,-2.61794459577546E-46,1.));
#11822=DIRECTION('',(0.923879532511286,0.382683432365091,0.));
#11823=DIRECTION('',(-0.707106781186548,0.707106781186548,0.));
#11824=DIRECTION('',(0.,-2.61794459577546E-46,1.));
#11825=DIRECTION('',(0.382683432365091,0.923879532511286,0.));
#11826=DIRECTION('',(-1.,-3.24300857537294E-17,-2.52435489670724E-29));
#11827=DIRECTION('',(0.,-2.61794459577546E-46,1.));
#11828=DIRECTION('',(-0.382683432365091,0.923879532511286,0.));
#11829=DIRECTION('',(-0.707106781186548,-0.707106781186548,-3.78653234506086E-29));
#11830=DIRECTION('',(0.,-2.61794459577546E-46,1.));
#11831=DIRECTION('',(-0.923879532511286,0.382683432365091,0.));
#11832=DIRECTION('',(3.24300857537294E-17,-1.,-2.83003849748038E-29));
#11833=DIRECTION('',(0.,-2.61794459577546E-46,1.));
#11834=DIRECTION('',(-0.923879532511286,-0.382683432365091,0.));
#11835=DIRECTION('',(0.707106781186548,-0.707106781186548,0.));
#11836=DIRECTION('',(0.,-2.61794459577546E-46,1.));
#11837=DIRECTION('',(-0.382683432365091,-0.923879532511286,0.));
#11838=DIRECTION('',(1.,3.24300857537294E-17,2.52435489670724E-29));
#11839=DIRECTION('',(0.,-2.61794459577546E-46,1.));
#11840=DIRECTION('',(0.382683432365091,-0.923879532511286,0.));
#11841=DIRECTION('',(0.707106781186548,0.707106781186548,3.78653234506086E-29));
#11842=DIRECTION('',(0.,-2.61794459577546E-46,1.));
#11843=DIRECTION('',(0.923879532511286,-0.382683432365091,0.));
#11844=DIRECTION('',(-3.24300857537294E-17,1.,2.83003849748038E-29));
#11845=DIRECTION('',(-0.707106781186548,-0.707106781186548,0.));
#11846=DIRECTION('',(0.707106781186548,-0.707106781186548,0.));
#11847=DIRECTION('',(-0.707106781186548,0.707106781186548,1.8511663764435E-46));
#11848=DIRECTION('',(0.,0.,1.));
#11849=DIRECTION('',(0.,0.,-1.));
#11850=DIRECTION('',(0.,0.,1.));
#11851=DIRECTION('',(-0.382683432365091,-0.923879532511286,0.));
#11852=DIRECTION('',(0.,2.61794459577546E-46,-1.));
#11853=DIRECTION('',(-0.382683432365091,-0.923879532511286,0.));
#11854=DIRECTION('',(0.,0.,-1.));
#11855=DIRECTION('',(3.24300857537294E-17,-1.,0.));
#11856=DIRECTION('',(1.,3.24300857537294E-17,2.52435489670724E-29));
#11857=DIRECTION('',(-1.,-3.24300857537294E-17,-8.49001677395105E-63));
#11858=DIRECTION('',(0.,0.,1.));
#11859=DIRECTION('',(0.,0.,1.));
#11860=DIRECTION('',(0.382683432365091,-0.923879532511286,0.));
#11861=DIRECTION('',(0.,2.61794459577546E-46,-1.));
#11862=DIRECTION('',(0.382683432365091,-0.923879532511286,0.));
#11863=DIRECTION('',(0.,0.,-1.));
#11864=DIRECTION('',(0.707106781186548,-0.707106781186548,0.));
#11865=DIRECTION('',(0.707106781186548,0.707106781186548,3.78653234506086E-29));
#11866=DIRECTION('',(-0.707106781186548,-0.707106781186548,-1.8511663764435E-46));
#11867=DIRECTION('',(0.,0.,1.));
#11868=DIRECTION('',(0.,0.,1.));
#11869=DIRECTION('',(0.923879532511286,-0.382683432365091,0.));
#11870=DIRECTION('',(0.,2.61794459577546E-46,-1.));
#11871=DIRECTION('',(0.923879532511286,-0.382683432365091,0.));
#11872=DIRECTION('',(0.,0.,-1.));
#11873=DIRECTION('',(1.,3.24300857537294E-17,0.));
#11874=DIRECTION('',(-3.24300857537294E-17,1.,2.83003849748038E-29));
#11875=DIRECTION('',(3.24300857537294E-17,-1.,-2.61794459577546E-46));
#11876=DIRECTION('',(0.,0.,1.));
#11877=DIRECTION('',(0.,0.,1.));
#11878=DIRECTION('',(0.923879532511286,0.382683432365091,0.));
#11879=DIRECTION('',(0.,2.61794459577546E-46,-1.));
#11880=DIRECTION('',(0.923879532511286,0.382683432365091,0.));
#11881=DIRECTION('',(0.,0.,-1.));
#11882=DIRECTION('',(0.,2.61794459577546E-46,-1.));
#11883=DIRECTION('',(3.5047748364599E-31,-1.,-2.61794459577546E-46));
#11884=DIRECTION('',(3.24300857537294E-17,-1.,-2.61794459577546E-46));
#11885=DIRECTION('',(0.,-2.61794459577546E-46,1.));
#11886=DIRECTION('',(-0.923879532511286,0.382683432365091,1.00184402365299E-46));
#11887=DIRECTION('',(-0.707106781186548,-0.707106781186548,-1.8511663764435E-46));
#11888=DIRECTION('',(0.,-2.61794459577546E-46,1.));
#11889=DIRECTION('',(-0.382683432365093,0.923879532511286,2.41866542928548E-46));
#11890=DIRECTION('',(-1.,-3.24300857537294E-17,-8.49001677395105E-63));
#11891=DIRECTION('',(0.,-2.61794459577546E-46,1.));
#11892=DIRECTION('',(0.382683432365093,0.923879532511286,2.41866542928548E-46));
#11893=DIRECTION('',(-0.707106781186548,0.707106781186548,1.8511663764435E-46));
#11894=DIRECTION('',(0.,-2.61794459577546E-46,1.));
#11895=DIRECTION('',(0.923879532511286,0.382683432365091,1.00184402365299E-46));
#11896=DIRECTION('',(-3.24300857537294E-17,1.,2.61794459577546E-46));
#11897=DIRECTION('',(0.,-2.61794459577546E-46,1.));
#11898=DIRECTION('',(0.923879532511286,-0.382683432365091,-1.00184402365299E-46));
#11899=DIRECTION('',(0.707106781186548,0.707106781186548,1.8511663764435E-46));
#11900=DIRECTION('',(0.,-2.61794459577546E-46,1.));
#11901=DIRECTION('',(0.382683432365093,-0.923879532511286,-2.41866542928548E-46));
#11902=DIRECTION('',(1.,3.24300857537294E-17,8.49001677395105E-63));
#11903=DIRECTION('',(0.,-2.61794459577546E-46,1.));
#11904=DIRECTION('',(-0.382683432365093,-0.923879532511286,-2.41866542928548E-46));
#11905=DIRECTION('',(0.707106781186548,-0.707106781186548,-1.8511663764435E-46));
#11906=DIRECTION('',(0.,-2.61794459577546E-46,1.));
#11907=DIRECTION('',(-0.923879532511286,-0.382683432365091,-1.00184402365299E-46));
#11908=DIRECTION('',(-1.,-3.24300857537294E-17,0.));
#11909=DIRECTION('',(3.24300857537294E-17,-1.,-2.83003849748038E-29));
#11910=DIRECTION('',(-3.24300857537294E-17,1.,2.61794459577546E-46));
#11911=DIRECTION('',(0.,0.,-1.));
#11912=DIRECTION('',(0.,0.,1.));
#11913=DIRECTION('',(-0.923879532511286,0.382683432365091,0.));
#11914=DIRECTION('',(0.,2.61794459577546E-46,-1.));
#11915=DIRECTION('',(-0.923879532511286,0.382683432365091,0.));
#11916=DIRECTION('',(0.,0.,1.));
#11917=DIRECTION('',(-0.707106781186548,0.707106781186548,0.));
#11918=DIRECTION('',(-0.707106781186548,-0.707106781186548,-3.78653234506086E-29));
#11919=DIRECTION('',(0.707106781186548,0.707106781186548,1.8511663764435E-46));
#11920=DIRECTION('',(0.,0.,-1.));
#11921=DIRECTION('',(0.,0.,1.));
#11922=DIRECTION('',(-0.382683432365093,0.923879532511286,0.));
#11923=DIRECTION('',(0.,2.61794459577546E-46,-1.));
#11924=DIRECTION('',(-0.382683432365093,0.923879532511286,0.));
#11925=DIRECTION('',(0.,0.,1.));
#11926=DIRECTION('',(-3.24300857537294E-17,1.,0.));
#11927=DIRECTION('',(-1.,-3.24300857537294E-17,-2.52435489670724E-29));
#11928=DIRECTION('',(1.,3.24300857537294E-17,8.49001677395105E-63));
#11929=DIRECTION('',(0.,0.,-1.));
#11930=DIRECTION('',(0.,0.,1.));
#11931=DIRECTION('',(0.382683432365093,0.923879532511286,0.));
#11932=DIRECTION('',(0.,2.61794459577546E-46,-1.));
#11933=DIRECTION('',(0.382683432365093,0.923879532511286,0.));
#11934=DIRECTION('',(0.,0.,1.));
#11935=DIRECTION('',(0.707106781186548,0.707106781186548,0.));
#11936=DIRECTION('',(-0.707106781186548,0.707106781186548,0.));
#11937=DIRECTION('',(0.707106781186548,-0.707106781186548,-1.8511663764435E-46));
#11938=DIRECTION('',(0.,0.,-1.));
#11939=DIRECTION('',(0.,0.,1.));
#11940=DIRECTION('',(0.923879532511286,0.382683432365091,0.));
#11941=DIRECTION('',(0.,2.61794459577546E-46,-1.));
#11942=DIRECTION('',(0.923879532511286,0.382683432365091,0.));
#11943=DIRECTION('',(0.,0.,1.));
#11944=DIRECTION('',(-0.923879532511286,-0.382683432365091,-5.38027346035868E-47));
#11945=DIRECTION('',(-0.499999999999989,-0.5,0.707106781186552));
#11946=DIRECTION('',(0.70710678118654,0.,-0.707106781186555));
#11947=DIRECTION('',(0.5,0.5,0.707106781186543));
#11948=DIRECTION('',(0.816496580927723,0.,-0.57735026918963));
#11949=DIRECTION('',(-0.500000000000036,-0.499999999999989,0.70710678118653));
#11950=DIRECTION('',(0.,0.,1.));
#11951=DIRECTION('',(-0.382683432365093,-0.923879532511286,-1.29891291572739E-46));
#11952=DIRECTION('',(0.,-0.707106781186548,0.707106781186547));
#11953=DIRECTION('',(0.,0.707106781186548,0.707106781186548));
#11954=DIRECTION('',(1.,-1.62150428768646E-17,1.62150428768646E-17));
#11955=DIRECTION('',(0.,-0.707106781186563,0.707106781186532));
#11956=DIRECTION('',(0.,0.,1.));
#11957=DIRECTION('',(0.382683432365093,-0.923879532511286,-1.29891291572739E-46));
#11958=DIRECTION('',(0.499999999999993,-0.499999999999993,0.707106781186557));
#11959=DIRECTION('',(-0.5,0.5,0.707106781186543));
#11960=DIRECTION('',(0.816496580927723,0.,0.57735026918963));
#11961=DIRECTION('',(0.499999999999989,-0.5,0.707106781186552));
#11962=DIRECTION('',(0.,0.,1.));
#11963=DIRECTION('',(0.923879532511286,-0.382683432365091,-5.38027346035868E-47));
#11964=DIRECTION('',(0.70710678118654,0.,0.707106781186555));
#11965=DIRECTION('',(-0.707106781186548,0.,0.707106781186548));
#11966=DIRECTION('',(0.707106781186548,0.,0.707106781186548));
#11967=DIRECTION('',(0.707106781186571,0.,0.707106781186524));
#11968=DIRECTION('',(0.,0.,1.));
#11969=DIRECTION('',(0.923879532511286,0.382683432365091,5.38027346035868E-47));
#11970=DIRECTION('',(0.499999999999993,0.499999999999993,0.707106781186557));
#11971=DIRECTION('',(-0.5,-0.5,0.707106781186543));
#11972=DIRECTION('',(0.816496580927723,0.,0.57735026918963));
#11973=DIRECTION('',(0.500000000000036,0.499999999999989,0.70710678118653));
#11974=DIRECTION('',(0.,0.,1.));
#11975=DIRECTION('',(0.382683432365093,0.923879532511286,1.29891291572739E-46));
#11976=DIRECTION('',(0.,0.707106781186548,0.707106781186547));
#11977=DIRECTION('',(0.,-0.707106781186548,0.707106781186548));
#11978=DIRECTION('',(1.,-1.62150428768646E-17,-1.62150428768646E-17));
#11979=DIRECTION('',(0.,0.707106781186563,0.707106781186532));
#11980=DIRECTION('',(0.,0.,1.));
#11981=DIRECTION('',(-0.382683432365093,0.923879532511286,1.29891291572739E-46));
#11982=DIRECTION('',(-0.5,0.499999999999981,0.707106781186563));
#11983=DIRECTION('',(0.500000000000007,-0.500000000000007,0.707106781186538));
#11984=DIRECTION('',(0.816496580927719,0.,-0.577350269189636));
#11985=DIRECTION('',(-0.499999999999989,0.5,0.707106781186552));
#11986=DIRECTION('',(0.,0.,1.));
#11987=DIRECTION('',(-0.923879532511286,0.382683432365091,5.38027346035868E-47));
#11988=DIRECTION('',(-0.70710678118654,0.,0.707106781186555));
#11989=DIRECTION('',(0.707106781186548,0.,0.707106781186548));
#11990=DIRECTION('',(0.707106781186548,0.,-0.707106781186548));
#11991=DIRECTION('',(0.,2.61794459577546E-46,-1.));
#11992=DIRECTION('',(3.5047748364599E-31,-1.,-2.61794459577546E-46));
#11993=DIRECTION('',(0.,-2.61794459577546E-46,1.));
#11994=DIRECTION('',(-0.923879532511286,-0.382683432365091,-1.00184402365299E-46));
#11995=DIRECTION('',(3.24300857537294E-17,-1.,-2.61794459577546E-46));
#11996=DIRECTION('',(0.,-2.61794459577546E-46,1.));
#11997=DIRECTION('',(-0.923879532511286,0.382683432365091,1.00184402365299E-46));
#11998=DIRECTION('',(-0.707106781186548,-0.707106781186548,-1.8511663764435E-46));
#11999=DIRECTION('',(0.,-2.61794459577546E-46,1.));
#12000=DIRECTION('',(-0.382683432365091,0.923879532511286,2.41866542928548E-46));
#12001=DIRECTION('',(-1.,-3.24300857537294E-17,-8.49001677395105E-63));
#12002=DIRECTION('',(0.,-2.61794459577546E-46,1.));
#12003=DIRECTION('',(0.382683432365091,0.923879532511286,2.41866542928548E-46));
#12004=DIRECTION('',(-0.707106781186548,0.707106781186548,1.8511663764435E-46));
#12005=DIRECTION('',(0.,-2.61794459577546E-46,1.));
#12006=DIRECTION('',(0.923879532511286,0.382683432365091,1.00184402365299E-46));
#12007=DIRECTION('',(-3.24300857537294E-17,1.,2.61794459577546E-46));
#12008=DIRECTION('',(0.,-2.61794459577546E-46,1.));
#12009=DIRECTION('',(0.923879532511286,-0.382683432365091,-1.00184402365299E-46));
#12010=DIRECTION('',(0.707106781186548,0.707106781186548,1.8511663764435E-46));
#12011=DIRECTION('',(0.,-2.61794459577546E-46,1.));
#12012=DIRECTION('',(0.382683432365091,-0.923879532511286,-2.41866542928548E-46));
#12013=DIRECTION('',(1.,3.24300857537294E-17,8.49001677395105E-63));
#12014=DIRECTION('',(0.,-2.61794459577546E-46,1.));
#12015=DIRECTION('',(-0.382683432365091,-0.923879532511286,-2.41866542928548E-46));
#12016=DIRECTION('',(0.707106781186548,-0.707106781186548,-1.8511663764435E-46));
#12017=DIRECTION('',(0.,0.,1.));
#12018=DIRECTION('',(-0.923879532511286,-0.382683432365091,0.));
#12019=DIRECTION('',(0.,2.61794459577546E-46,-1.));
#12020=DIRECTION('',(-0.923879532511286,-0.382683432365091,0.));
#12021=DIRECTION('',(0.,0.,1.));
#12022=DIRECTION('',(-1.,-3.24300857537294E-17,0.));
#12023=DIRECTION('',(3.24300857537294E-17,-1.,-2.83003849748038E-29));
#12024=DIRECTION('',(-3.24300857537294E-17,1.,2.61794459577546E-46));
#12025=DIRECTION('',(0.,0.,-1.));
#12026=DIRECTION('',(0.,0.,1.));
#12027=DIRECTION('',(-0.923879532511286,0.382683432365091,0.));
#12028=DIRECTION('',(0.,2.61794459577546E-46,-1.));
#12029=DIRECTION('',(-0.923879532511286,0.382683432365091,0.));
#12030=DIRECTION('',(0.,0.,1.));
#12031=DIRECTION('',(-0.707106781186548,0.707106781186548,0.));
#12032=DIRECTION('',(-0.707106781186548,-0.707106781186548,-3.78653234506086E-29));
#12033=DIRECTION('',(0.707106781186548,0.707106781186548,1.8511663764435E-46));
#12034=DIRECTION('',(0.,0.,-1.));
#12035=DIRECTION('',(0.,0.,1.));
#12036=DIRECTION('',(-0.382683432365091,0.923879532511286,0.));
#12037=DIRECTION('',(0.,2.61794459577546E-46,-1.));
#12038=DIRECTION('',(-0.382683432365091,0.923879532511286,0.));
#12039=DIRECTION('',(0.,0.,1.));
#12040=DIRECTION('',(-3.24300857537294E-17,1.,0.));
#12041=DIRECTION('',(-1.,-3.24300857537294E-17,-2.52435489670724E-29));
#12042=DIRECTION('',(1.,3.24300857537294E-17,8.49001677395105E-63));
#12043=DIRECTION('',(0.,0.,-1.));
#12044=DIRECTION('',(0.,0.,1.));
#12045=DIRECTION('',(0.382683432365091,0.923879532511286,0.));
#12046=DIRECTION('',(0.,2.61794459577546E-46,-1.));
#12047=DIRECTION('',(0.382683432365091,0.923879532511286,0.));
#12048=DIRECTION('',(0.,0.,1.));
#12049=DIRECTION('',(0.707106781186548,0.707106781186548,0.));
#12050=DIRECTION('',(-0.707106781186548,0.707106781186548,0.));
#12051=DIRECTION('',(0.707106781186548,-0.707106781186548,-1.8511663764435E-46));
#12052=DIRECTION('',(0.707106781186548,0.,0.707106781186548));
#12053=DIRECTION('',(0.707106781186548,0.,-0.707106781186548));
#12054=DIRECTION('',(0.70710678118654,0.,-0.707106781186555));
#12055=DIRECTION('',(-0.707106781186571,0.,0.707106781186524));
#12056=DIRECTION('',(0.,0.,1.));
#12057=DIRECTION('',(-0.923879532511286,0.382683432365091,5.38027346035866E-47));
#12058=DIRECTION('',(0.499999999999993,-0.499999999999993,-0.707106781186557));
#12059=DIRECTION('',(0.500000000000007,-0.500000000000007,0.707106781186538));
#12060=DIRECTION('',(0.816496580927719,0.,-0.577350269189636));
#12061=DIRECTION('',(0.499999999999993,-0.499999999999993,-0.707106781186557));
#12062=DIRECTION('',(0.,0.,1.));
#12063=DIRECTION('',(-0.382683432365091,0.923879532511286,1.29891291572739E-46));
#12064=DIRECTION('',(0.,-0.70710678118654,-0.707106781186555));
#12065=DIRECTION('',(0.,-0.707106781186548,0.707106781186548));
#12066=DIRECTION('',(1.,-1.6215042876865E-17,-1.6215042876865E-17));
#12067=DIRECTION('',(-6.28036983473503E-14,-0.707106781186556,-0.707106781186539));
#12068=DIRECTION('',(0.,0.,1.));
#12069=DIRECTION('',(0.382683432365091,0.923879532511286,1.29891291572739E-46));
#12070=DIRECTION('',(-0.500000000000025,-0.500000000000025,-0.707106781186513));
#12071=DIRECTION('',(-0.499999999999975,-0.499999999999975,0.707106781186582));
#12072=DIRECTION('',(0.816496580927753,0.,0.577350269189588));
#12073=DIRECTION('',(-0.499999999999993,-0.499999999999993,-0.707106781186557));
#12074=DIRECTION('',(0.,0.,1.));
#12075=DIRECTION('',(0.923879532511286,0.382683432365091,5.38027346035869E-47));
#12076=DIRECTION('',(-0.707106781186571,0.,-0.707106781186524));
#12077=DIRECTION('',(-0.707106781186548,0.,0.707106781186548));
#12078=DIRECTION('',(0.707106781186548,0.,0.707106781186548));
#12079=DIRECTION('',(-0.707106781186571,0.,-0.707106781186524));
#12080=DIRECTION('',(0.,0.,1.));
#12081=DIRECTION('',(0.923879532511286,-0.382683432365091,-5.38027346035869E-47));
#12082=DIRECTION('',(-0.5,0.49999999999997,-0.707106781186568));
#12083=DIRECTION('',(-0.500000000000007,0.500000000000007,0.707106781186538));
#12084=DIRECTION('',(0.816496580927719,0.,0.577350269189636));
#12085=DIRECTION('',(-0.499999999999993,0.499999999999993,-0.707106781186557));
#12086=DIRECTION('',(0.,0.,1.));
#12087=DIRECTION('',(0.382683432365091,-0.923879532511286,-1.29891291572739E-46));
#12088=DIRECTION('',(0.,0.70710678118654,-0.707106781186555));
#12089=DIRECTION('',(0.,0.707106781186548,0.707106781186548));
#12090=DIRECTION('',(1.,-1.6215042876865E-17,1.6215042876865E-17));
#12091=DIRECTION('',(6.28036983473503E-14,0.707106781186556,-0.707106781186539));
#12092=DIRECTION('',(0.,0.,1.));
#12093=DIRECTION('',(-0.382683432365091,-0.923879532511286,-1.29891291572739E-46));
#12094=DIRECTION('',(0.499999999999993,0.499999999999993,-0.707106781186557));
#12095=DIRECTION('',(0.5,0.5,0.707106781186549));
#12096=DIRECTION('',(0.816496580927727,0.,-0.577350269189624));
#12097=DIRECTION('',(0.499999999999993,0.499999999999993,-0.707106781186557));
#12098=DIRECTION('',(0.,0.,1.));
#12099=DIRECTION('',(-0.923879532511286,-0.382683432365091,-5.38027346035869E-47));
#12100=DIRECTION('',(0.889987470360564,0.455984980675027,-1.97215226305253E-31));
#12101=DIRECTION('',(-0.455984980675027,0.889987470360564,-1.97215226305253E-31));
#12102=DIRECTION('',(-0.455984980675027,0.889987470360564,2.32993788833831E-46));
#12103=DIRECTION('',(1.75519080375998E-31,8.99271811556218E-32,1.));
#12104=DIRECTION('',(0.,0.,-1.));
#12105=DIRECTION('',(0.840985343107876,0.54105790140957,0.));
#12106=DIRECTION('',(0.,-2.61794459577546E-46,1.));
#12107=DIRECTION('',(0.840985343107876,0.541057901409571,0.));
#12108=DIRECTION('',(0.,0.,-1.));
#12109=DIRECTION('',(0.,0.,1.));
#12110=DIRECTION('',(1.,3.24300857537294E-17,0.));
#12111=DIRECTION('',(0.,2.61794459577546E-46,-1.));
#12112=DIRECTION('',(-1.,-3.24300857537294E-17,0.));
#12113=DIRECTION('',(0.,0.,1.));
#12114=DIRECTION('',(0.,0.,1.));
#12115=DIRECTION('',(0.989688381339376,-0.143237243208064,0.));
#12116=DIRECTION('',(0.,-2.61794459577546E-46,1.));
#12117=DIRECTION('',(0.989688381339376,-0.143237243208064,0.));
#12118=DIRECTION('',(0.,0.,-1.));
#12119=DIRECTION('',(0.998964338290491,-0.0455000090532045,0.));
#12120=DIRECTION('',(0.0455000090532045,0.998964338290491,-1.23259516440783E-32));
#12121=DIRECTION('',(0.0455000090532045,0.998964338290491,2.6152332908E-46));
#12122=DIRECTION('',(0.,-2.61794459577546E-46,1.));
#12123=DIRECTION('',(0.,2.61794459577546E-46,-1.));
#12124=DIRECTION('',(-0.99896433829049,0.0455000090532139,1.19116502808596E-47));
#12125=DIRECTION('',(0.,2.61794459577546E-46,-1.));
#12126=DIRECTION('',(-0.99896433829049,0.0455000090532139,1.19116502808596E-47));
#12127=DIRECTION('',(0.,-2.61794459577546E-46,1.));
#12128=DIRECTION('',(-0.555790746228061,-0.831322227783701,-2.46519032881566E-31));
#12129=DIRECTION('',(0.831322227783701,-0.555790746228061,6.90253292068385E-31));
#12130=DIRECTION('',(0.831322227783701,-0.555790746228061,-1.45502938046976E-46));
#12131=DIRECTION('',(-1.37012997244665E-31,-2.04936751606187E-31,1.));
#12132=DIRECTION('',(0.,0.,-1.));
#12133=DIRECTION('',(-0.471594369833865,-0.881815598830617,0.));
#12134=DIRECTION('',(0.,-2.61794459577546E-46,1.));
#12135=DIRECTION('',(-0.471594369833865,-0.881815598830617,0.));
#12136=DIRECTION('',(0.,0.,-1.));
#12137=DIRECTION('',(0.,0.,1.));
#12138=DIRECTION('',(1.,3.24300857537294E-17,0.));
#12139=DIRECTION('',(0.,2.61794459577546E-46,-1.));
#12140=DIRECTION('',(1.,3.24300857537294E-17,0.));
#12141=DIRECTION('',(0.,0.,1.));
#12142=DIRECTION('',(0.,-2.61794459577546E-46,1.));
#12143=DIRECTION('',(-0.982310944597867,-0.187257064281289,0.));
#12144=DIRECTION('',(0.,-2.61794459577546E-46,1.));
#12145=DIRECTION('',(-0.982310944597867,-0.187257064281289,0.));
#12146=DIRECTION('',(0.,2.61794459577546E-46,-1.));
#12147=DIRECTION('',(0.,2.61794459577546E-46,-1.));
#12148=DIRECTION('',(-0.659709191398207,-0.751520979603845,-1.96744028716577E-46));
#12149=DIRECTION('',(0.,-2.61794459577546E-46,1.));
#12150=DIRECTION('',(-0.659709191398207,-0.751520979603845,-1.96744028716577E-46));
#12151=DIRECTION('',(0.,2.61794459577546E-46,-1.));
#12152=DIRECTION('',(0.,2.61794459577546E-46,-1.));
#12153=DIRECTION('',(-0.524771446164189,0.851243166956861,2.2285074486255E-46));
#12154=DIRECTION('',(0.,2.61794459577546E-46,-1.));
#12155=DIRECTION('',(0.524771446164189,-0.851243166956861,-2.2285074486255E-46));
#12156=DIRECTION('',(0.,2.61794459577546E-46,-1.));
#12157=DIRECTION('',(-1.,0.,0.));
#12158=DIRECTION('',(0.,-1.,6.64838894005968E-33));
#12159=DIRECTION('',(-3.81916720471055E-13,-1.,-2.61794459577546E-46));
#12160=DIRECTION('',(0.,-2.61794459577546E-46,1.));
#12161=DIRECTION('',(0.,2.61794459577546E-46,-1.));
#12162=DIRECTION('',(1.,-3.8191672134225E-13,-9.99836816674226E-59));
#12163=DIRECTION('',(0.,2.61794459577546E-46,-1.));
#12164=DIRECTION('',(1.,-3.8191672134225E-13,-9.99836816674226E-59));
#12165=DIRECTION('',(0.,-2.61794459577546E-46,1.));
#12166=DIRECTION('',(0.0261769483078736,0.999657324975557,-9.24446373305873E-33));
#12167=DIRECTION('',(-0.999657324975557,0.0261769483078736,-1.97215226305253E-31));
#12168=DIRECTION('',(-0.999657324975557,0.0261769483078736,6.85298003564913E-48));
#12169=DIRECTION('',(0.,-2.61794459577546E-46,1.));
#12170=DIRECTION('',(0.,2.61794459577546E-46,-1.));
#12171=DIRECTION('',(0.706036232298583,-0.708175711728114,-1.85396477737806E-46));
#12172=DIRECTION('',(0.,2.61794459577546E-46,-1.));
#12173=DIRECTION('',(0.706036232298583,-0.708175711728114,-1.85396477737806E-46));
#12174=DIRECTION('',(0.,-2.61794459577546E-46,1.));
#12175=DIRECTION('',(0.0261769483078736,0.999657324975557,-9.24446373305873E-33));
#12176=DIRECTION('',(-0.999657324975557,0.0261769483078736,-1.97215226305253E-31));
#12177=DIRECTION('',(-0.999657324975557,0.0261769483078736,6.85298003564913E-48));
#12178=DIRECTION('',(0.,-2.61794459577546E-46,1.));
#12179=DIRECTION('',(0.,2.61794459577546E-46,-1.));
#12180=DIRECTION('',(-0.0261769483315051,-0.999657324974939,-2.61704749154549E-46));
#12181=DIRECTION('',(0.,2.61794459577546E-46,-1.));
#12182=DIRECTION('',(-0.0261769483315051,-0.999657324974939,-2.61704749154549E-46));
#12183=DIRECTION('',(0.,-2.61794459577546E-46,1.));
#12184=DIRECTION('',(0.0261769483078736,0.999657324975557,-9.24446373305873E-33));
#12185=DIRECTION('',(-0.999657324975557,0.0261769483078736,-1.97215226305253E-31));
#12186=DIRECTION('',(-0.999657324975557,0.0261769483078736,6.85298003564913E-48));
#12187=DIRECTION('',(0.,2.61794459577546E-46,-1.));
#12188=DIRECTION('',(-1.,-5.74606645684432E-32,-1.50428836276622E-77));
#12189=DIRECTION('',(-0.018509897659266,-0.706864473353015,0.707106781186553));
#12190=DIRECTION('',(-0.0185098976592674,-0.70686447335303,-0.707106781186539));
#12191=DIRECTION('',(-0.999657559667063,0.,0.0261679842649804));
#12192=DIRECTION('',(0.018509897659236,0.706864473352793,-0.707106781186776));
#12193=DIRECTION('',(0.,0.,1.));
#12194=DIRECTION('',(1.,-3.8191672134225E-13,-9.99836816674226E-59));
#12195=DIRECTION('',(-0.707106781186728,2.5121479338934E-13,-0.707106781186367));
#12196=DIRECTION('',(-0.707106781186548,0.,0.707106781186548));
#12197=DIRECTION('',(-1.90958360235528E-13,1.,-1.90958360235528E-13));
#12198=DIRECTION('',(-0.707106781186603,0.,-0.707106781186492));
#12199=DIRECTION('',(0.,0.,1.));
#12200=DIRECTION('',(0.524771446164189,-0.851243166956861,-2.2285074486255E-46));
#12201=DIRECTION('',(-0.466484842848742,-0.531405580881825,-0.707106781186572));
#12202=DIRECTION('',(0.,0.,-1.));
#12203=DIRECTION('',(-0.659709191398207,-0.751520979603846,-1.96744028716577E-46));
#12204=DIRECTION('',(-0.670163469787205,-0.225568002524509,-0.707106781186461));
#12205=DIRECTION('',(0.,0.,-1.));
#12206=DIRECTION('',(-0.982310944597867,-0.187257064281289,-2.46333783905741E-47));
#12207=DIRECTION('',(-0.706148687428286,-0.0367971635281698,-0.707106781186257));
#12208=DIRECTION('',(0.,0.,1.));
#12209=DIRECTION('',(1.,3.24300857537294E-17,4.17305909228103E-63));
#12210=DIRECTION('',(-0.27071758415216,-0.653231956988318,-0.707106781186569));
#12211=DIRECTION('',(0.,0.,-1.));
#12212=DIRECTION('',(-0.471594369833866,-0.881815598830617,-1.16001483842956E-46));
#12213=DIRECTION('',(-0.393003405578607,-0.587833584616969,-0.707106781186534));
#12214=DIRECTION('',(0.393003405578601,0.587833584616973,-0.707106781186535));
#12215=DIRECTION('',(-0.874069990404022,0.,-0.485800012222223));
#12216=DIRECTION('',(-0.393003405578294,-0.587833584616498,-0.7071067811871));
#12217=DIRECTION('',(0.,0.,1.));
#12218=DIRECTION('',(-0.99896433829049,0.0455000090532139,1.19116502808596E-47));
#12219=DIRECTION('',(0.706374457769316,-0.032173364945518,-0.707106781185973));
#12220=DIRECTION('',(-0.706374457768729,0.0321733649455698,-0.707106781186557));
#12221=DIRECTION('',(-0.707473037651202,0.,0.706740334915577));
#12222=DIRECTION('',(0.706374457768686,-0.0321733649455466,-0.707106781186601));
#12223=DIRECTION('',(0.,0.,-1.));
#12224=DIRECTION('',(0.989688381339376,-0.143237243208064,-1.88426387282601E-47));
#12225=DIRECTION('',(0.686511026040468,-0.169418449778362,-0.707106781186237));
#12226=DIRECTION('',(0.,0.,1.));
#12227=DIRECTION('',(1.,3.24300857537294E-17,4.17305909228103E-63));
#12228=DIRECTION('',(0.554284944442782,0.439053755665608,-0.707106781186538));
#12229=DIRECTION('',(0.,0.,-1.));
#12230=DIRECTION('',(0.840985343107876,0.54105790140957,7.11753335864062E-47));
#12231=DIRECTION('',(0.629316175462999,0.322430071954509,-0.707106781186572));
#12232=DIRECTION('',(-0.629316175463038,-0.322430071954539,-0.707106781186523));
#12233=DIRECTION('',(-0.747001686788536,0.,0.664822141580048));
#12234=DIRECTION('',(-0.0185098976592674,-0.70686447335303,-0.707106781186539));
#12235=DIRECTION('',(-0.999657559667063,0.,0.0261679842649804));
#12236=DIRECTION('',(0.,0.,1.));
#12237=DIRECTION('',(-0.0261769483315051,-0.999657324974939,-2.61704749154549E-46));
#12238=DIRECTION('',(0.0185098976590467,0.706864473345633,-0.707106781193938));
#12239=DIRECTION('',(-0.0185098976592674,-0.70686447335303,-0.707106781186539));
#12240=DIRECTION('',(-0.999657559667063,0.,0.0261679842649804));
#12241=DIRECTION('',(0.0185098976591534,0.706864473346354,-0.707106781193215));
#12242=DIRECTION('',(0.,0.,1.));
#12243=DIRECTION('',(0.706036232298583,-0.708175711728114,-1.85396477737806E-46));
#12244=CARTESIAN_POINT('',(0.,0.,0.));
#12245=CARTESIAN_POINT('',(663.848673067472,169.397523011361,0.));
#12246=CARTESIAN_POINT('',(663.598673067472,83.5386073570586,0.));
#12247=CARTESIAN_POINT('',(663.598673067472,80.6386073570586,-8.57220354525375E-60));
#12248=CARTESIAN_POINT('',(677.339425391189,93.7545782367459,0.));
#12249=CARTESIAN_POINT('',(682.723556913952,85.806551579418,0.));
#12250=CARTESIAN_POINT('',(686.939425391189,93.7545782367459,0.));
#12251=CARTESIAN_POINT('',(663.598673067472,114.038604601801,0.));
#12252=CARTESIAN_POINT('',(640.633366945598,88.8313692370271,0.));
#12253=CARTESIAN_POINT('',(647.098673068682,95.9278343259318,0.));
#12254=CARTESIAN_POINT('',(637.498673067472,95.9278343259318,5.18221226189998E-31));
#12255=CARTESIAN_POINT('',(637.498673067472,141.718063806581,0.));
#12256=CARTESIAN_POINT('',(637.498673067472,114.038604601801,1.04388171730307E-61));
#12257=CARTESIAN_POINT('',(663.598673067472,114.038604601801,0.));
#12258=CARTESIAN_POINT('',(642.072080172086,128.797188487674,0.));
#12259=CARTESIAN_POINT('',(616.998961904158,145.98726222744,0.));
#12260=CARTESIAN_POINT('',(638.18061600809,167.793161320572,8.7105481832069E-8));
#12261=CARTESIAN_POINT('',(638.598673067472,168.223538948651,8.67361737988404E-16));
#12262=CARTESIAN_POINT('',(637.998673067479,168.223538948651,1.33097562196131E-12));
#12263=CARTESIAN_POINT('',(637.998673067476,179.813350349736,0.));
#12264=CARTESIAN_POINT('',(637.99867306748,168.723538948662,-3.59277494907384E-14));
#12265=CARTESIAN_POINT('',(638.598673067472,168.723538948662,0.));
#12266=CARTESIAN_POINT('',(638.614379236457,169.323333343648,0.));
#12267=CARTESIAN_POINT('',(660.452277063261,168.751487863924,0.));
#12268=CARTESIAN_POINT('',(644.769734051885,169.162149705221,0.));
#12269=CARTESIAN_POINT('',(646.190130901708,167.970485755416,0.));
#12270=CARTESIAN_POINT('',(646.238664899432,169.823924352004,0.));
#12271=CARTESIAN_POINT('',(656.392751926604,169.558030225503,0.));
#12272=CARTESIAN_POINT('',(648.937739676866,169.753246591572,0.));
#12273=CARTESIAN_POINT('',(648.886942226503,167.813370225999,0.));
#12274=CARTESIAN_POINT('',(650.411136976586,169.014424370696,0.));
#12275=CARTESIAN_POINT('',(660.452277063261,168.751487863924,0.));
#12276=CARTESIAN_POINT('',(657.075113813995,168.839921995894,0.));
#12277=CARTESIAN_POINT('',(657.098673067472,169.739613588372,0.));
#12278=CARTESIAN_POINT('',(657.998673067472,169.739613588372,-8.83624770575686E-15));
#12279=CARTESIAN_POINT('',(657.998673067472,179.055313031058,0.));
#12280=CARTESIAN_POINT('',(657.998673067472,188.713103050755,-1.66967134562767E-14));
#12281=CARTESIAN_POINT('',(657.098673067472,188.713103050755,0.));
#12282=CARTESIAN_POINT('',(657.075113813995,189.612794643232,0.));
#12283=CARTESIAN_POINT('',(656.951620553033,189.609560858386,0.));
#12284=CARTESIAN_POINT('',(650.411136976592,189.438292268429,3.91805083705408E-47));
#12285=CARTESIAN_POINT('',(648.886942226444,190.639346413263,0.));
#12286=CARTESIAN_POINT('',(648.937739676811,188.699470047553,6.32821946549192E-47));
#12287=CARTESIAN_POINT('',(654.786013763338,188.852612494082,0.));
#12288=CARTESIAN_POINT('',(646.23866484489,188.628792285679,7.30141067040651E-48));
#12289=CARTESIAN_POINT('',(646.1901308505,190.482230754971,0.));
#12290=CARTESIAN_POINT('',(644.769734058719,189.290566934082,8.99743242873303E-15));
#12291=CARTESIAN_POINT('',(656.951620553033,189.609560858386,0.));
#12292=CARTESIAN_POINT('',(638.614379234116,189.129383295414,5.31123539246337E-14));
#12293=CARTESIAN_POINT('',(638.598673065191,189.729177688119,0.));
#12294=CARTESIAN_POINT('',(637.998673067472,189.729177688119,3.73763945715423E-60));
#12295=CARTESIAN_POINT('',(637.998673067476,179.813350349735,0.));
#12296=CARTESIAN_POINT('',(637.998673067472,190.229177688119,4.98354366838357E-60));
#12297=CARTESIAN_POINT('',(638.598676001932,190.229177688119,0.));
#12298=CARTESIAN_POINT('',(638.202848551203,190.680092481189,-1.4709637280115E-47));
#12299=CARTESIAN_POINT('',(574.63434565707,263.095429708335,0.));
#12300=CARTESIAN_POINT('',(665.958402851605,232.356981415493,1.00274249567772E-45));
#12301=CARTESIAN_POINT('',(627.669130425215,245.244635083157,0.));
#12302=CARTESIAN_POINT('',(668.014390478045,243.142257555334,6.85832696895361E-47));
#12303=CARTESIAN_POINT('',(679.598673067472,242.538604601801,0.));
#12304=CARTESIAN_POINT('',(675.157584310134,253.254794720003,-3.4958105630155E-46));
#12305=CARTESIAN_POINT('',(659.690344155265,290.576698235118,0.));
#12306=CARTESIAN_POINT('',(682.144290302879,256.991280232657,1.09561567797193E-45));
#12307=CARTESIAN_POINT('',(656.52707384549,239.864573673762,0.));
#12308=CARTESIAN_POINT('',(684.025821919492,258.249201440944,-5.99739041923659E-46));
#12309=CARTESIAN_POINT('',(686.026668605913,255.256441420923,0.));
#12310=CARTESIAN_POINT('',(689.622940223759,255.420241453515,-5.34344648462032E-48));
#12311=CARTESIAN_POINT('',(691.833628465783,206.884015575439,0.));
#12312=CARTESIAN_POINT('',(689.725920395259,253.15928544447,-1.50958106780678E-45));
#12313=CARTESIAN_POINT('',(730.084079662195,254.99748581022,0.));
#12314=CARTESIAN_POINT('',(690.86080223091,245.317893486756,-7.42678488152571E-15));
#12315=CARTESIAN_POINT('',(679.598673067472,242.538604601801,0.));
#12316=CARTESIAN_POINT('',(688.691649583334,235.335981601673,0.));
#12317=CARTESIAN_POINT('',(720.36029193168,210.250984256395,0.));
#12318=CARTESIAN_POINT('',(684.404798129113,228.672777475666,-6.00951444639194E-46));
#12319=CARTESIAN_POINT('',(660.934162235598,182.862996996272,0.));
#12320=CARTESIAN_POINT('',(665.79274146618,192.345929159018,-3.09350002726983E-46));
#12321=CARTESIAN_POINT('',(670.598679781748,189.883607201765,0.));
#12322=CARTESIAN_POINT('',(665.198673067472,189.883607201765,1.58112816820803E-14));
#12323=CARTESIAN_POINT('',(665.198673067472,168.983292596973,0.));
#12324=CARTESIAN_POINT('',(665.198673067472,168.569062182585,-1.06613213627741E-15));
#12325=CARTESIAN_POINT('',(670.598673060153,168.569062182585,0.));
#12326=CARTESIAN_POINT('',(665.418697004606,167.043333509157,4.9771965167032E-47));
#12327=CARTESIAN_POINT('',(667.786146118826,159.00564637778,0.));
#12328=CARTESIAN_POINT('',(670.916986763956,148.376181350375,9.58571182293741E-47));
#12329=CARTESIAN_POINT('',(680.89323695853,151.31462176244,0.));
#12330=CARTESIAN_POINT('',(671.914353294212,146.066798581098,0.));
#12331=CARTESIAN_POINT('',(671.72335999524,146.393582954898,0.));
#12332=CARTESIAN_POINT('',(683.750009582118,125.816310478184,0.));
#12333=CARTESIAN_POINT('',(663.598673067471,114.038604601801,0.));
#12334=CARTESIAN_POINT('',(686.939425391189,114.038604601801,0.));
#12335=CARTESIAN_POINT('',(686.939425391189,131.576050624054,8.67361737988404E-16));
#12336=CARTESIAN_POINT('',(679.598673067472,242.538604601801,0.));
#12337=CARTESIAN_POINT('',(679.598673067472,235.138604601801,2.41401075204664E-46));
#12338=CARTESIAN_POINT('',(647.318941267444,99.9950889266167,0.));
#12339=CARTESIAN_POINT('',(645.137743891338,101.216718169255,-3.9851704415453E-47));
#12340=CARTESIAN_POINT('',(676.23657078232,96.6451132516138,-8.67361737988404E-16));
#12341=CARTESIAN_POINT('',(676.23657078232,94.8951132516138,-8.67361737988404E-16));
#12342=CARTESIAN_POINT('',(663.682720955161,146.038494225871,0.));
#12343=CARTESIAN_POINT('',(667.903442191327,147.281680554052,0.));
#12344=CARTESIAN_POINT('',(663.671164370604,141.638509402561,0.));
#12345=CARTESIAN_POINT('',(662.086178149781,167.031776995713,-8.67361737988404E-16));
#12346=CARTESIAN_POINT('',(662.586666270351,165.332578097644,-8.67361737988404E-16));
#12347=CARTESIAN_POINT('',(660.284453947203,164.654476246191,0.));
#12348=CARTESIAN_POINT('',(660.347278643325,167.053654597074,0.));
#12349=CARTESIAN_POINT('',(661.188825187066,167.031617925285,0.));
#12350=CARTESIAN_POINT('',(658.592710873723,167.099599571073,0.));
#12351=CARTESIAN_POINT('',(658.529886235376,164.700423426702,8.67361737988404E-16));
#12352=CARTESIAN_POINT('',(656.157403425706,165.062802268126,-8.67361737988404E-16));
#12353=CARTESIAN_POINT('',(652.598673067472,165.606371468671,0.));
#12354=CARTESIAN_POINT('',(652.598673067472,162.006367407784,0.));
#12355=CARTESIAN_POINT('',(657.086050033607,162.006367407784,0.));
#12356=CARTESIAN_POINT('',(650.323426999743,162.006367407784,0.));
#12357=CARTESIAN_POINT('',(650.323426999743,159.606367407784,0.));
#12358=CARTESIAN_POINT('',(648.101795993216,158.698427062365,0.));
#12359=CARTESIAN_POINT('',(616.998961904158,145.98726222744,0.));
#12360=CARTESIAN_POINT('',(650.584088075941,144.987612359959,0.));
#12361=CARTESIAN_POINT('',(654.982140313049,144.856705829684,0.));
#12362=CARTESIAN_POINT('',(656.166913566782,140.61921691085,0.));
#12363=CARTESIAN_POINT('',(663.598673067472,114.038604601801,0.));
#12364=CARTESIAN_POINT('',(642.179368982919,112.177580009416,0.));
#12365=CARTESIAN_POINT('',(642.179368982919,110.427580009416,5.70880921092111E-47));
#12366=CARTESIAN_POINT('',(661.598673067473,185.726367407784,0.));
#12367=CARTESIAN_POINT('',(661.598673067473,183.326367407784,7.82922406069181E-47));
#12368=CARTESIAN_POINT('',(661.598673067472,170.622119733803,0.));
#12369=CARTESIAN_POINT('',(661.598673067472,168.222119733803,7.82922406069181E-47));
#12370=CARTESIAN_POINT('',(654.622135489493,133.575026308734,0.));
#12371=CARTESIAN_POINT('',(654.622135489493,131.825026308734,5.70880921092111E-47));
#12372=CARTESIAN_POINT('',(651.487108905617,96.2745956636911,8.67361737988404E-16));
#12373=CARTESIAN_POINT('',(651.487108905617,94.5245956636911,8.67361737988404E-16));
#12374=CARTESIAN_POINT('',(642.019007613321,92.484764134569,8.67361737988404E-16));
#12375=CARTESIAN_POINT('',(642.019007613321,89.584764134569,8.67361737988404E-16));
#12376=CARTESIAN_POINT('',(652.598673067472,165.606371468662,0.));
#12377=CARTESIAN_POINT('',(652.598673067472,163.856371468662,5.70880921092111E-47));
#12378=CARTESIAN_POINT('',(648.732144183932,129.570388754141,8.67361737988404E-16));
#12379=CARTESIAN_POINT('',(646.550946807826,130.792017996779,8.67361737988404E-16));
#12380=CARTESIAN_POINT('',(676.836928027413,228.558788282061,0.));
#12381=CARTESIAN_POINT('',(676.836928027413,226.808788282061,5.70880921092111E-47));
#12382=CARTESIAN_POINT('',(652.598673067472,192.846367357108,-8.67361737988404E-16));
#12383=CARTESIAN_POINT('',(652.598673067472,191.096367357108,-8.67361737988404E-16));
#12384=CARTESIAN_POINT('',(686.026668605913,255.256441420923,0.));
#12385=CARTESIAN_POINT('',(686.026668605913,253.506441420923,5.70880921092111E-47));
#12386=CARTESIAN_POINT('',(681.278686164564,203.587991364077,8.67361737988404E-16));
#12387=CARTESIAN_POINT('',(672.820542148696,229.24367356479,0.));
#12388=CARTESIAN_POINT('',(673.417938868405,227.431618773593,0.));
#12389=CARTESIAN_POINT('',(670.541215864181,228.492227166961,0.));
#12390=CARTESIAN_POINT('',(668.283662250276,229.306752599614,8.67361737988404E-16));
#12391=CARTESIAN_POINT('',(574.63434565707,263.095429708335,0.));
#12392=CARTESIAN_POINT('',(662.363378482131,216.02648029674,0.));
#12393=CARTESIAN_POINT('',(664.478217905367,214.891812939532,0.));
#12394=CARTESIAN_POINT('',(663.383852451027,212.755840081575,0.));
#12395=CARTESIAN_POINT('',(674.969228647952,206.820073885757,8.67361737988404E-16));
#12396=CARTESIAN_POINT('',(668.590718701048,210.088102742047,-8.67361737988404E-16));
#12397=CARTESIAN_POINT('',(669.685082653302,212.224072668245,0.));
#12398=CARTESIAN_POINT('',(671.821052579499,211.129708715991,0.));
#12399=CARTESIAN_POINT('',(660.700397459815,189.424511970105,0.));
#12400=CARTESIAN_POINT('',(677.246105171634,221.71827859805,0.));
#12401=CARTESIAN_POINT('',(675.11013477418,222.812642791752,0.));
#12402=CARTESIAN_POINT('',(675.800852198844,225.111101398411,0.));
#12403=CARTESIAN_POINT('',(676.836928027413,228.558788282061,0.));
#12404=CARTESIAN_POINT('',(658.529892655759,193.75225072937,8.67361737988404E-16));
#12405=CARTESIAN_POINT('',(658.5927174029,191.353073994874,0.));
#12406=CARTESIAN_POINT('',(656.157405341112,193.389897456943,0.));
#12407=CARTESIAN_POINT('',(661.788702086766,191.436763923958,0.));
#12408=CARTESIAN_POINT('',(660.306865868411,191.397960619314,0.));
#12409=CARTESIAN_POINT('',(660.244041125248,193.797144277591,0.));
#12410=CARTESIAN_POINT('',(662.380016463468,192.702777552489,-8.67361737988404E-16));
#12411=CARTESIAN_POINT('',(660.700397459815,189.424511970105,0.));
#12412=CARTESIAN_POINT('',(668.173171819768,204.009807168523,0.));
#12413=CARTESIAN_POINT('',(666.037201608745,205.104171266706,0.));
#12414=CARTESIAN_POINT('',(667.131565706929,207.240141477728,0.));
#12415=CARTESIAN_POINT('',(670.698968018373,205.412383303353,8.67361737988404E-16));
#12416=CARTESIAN_POINT('',(661.509350151184,210.120682987485,0.));
#12417=CARTESIAN_POINT('',(660.414986192253,207.984713048254,0.));
#12418=CARTESIAN_POINT('',(658.395794078683,209.281965245941,0.));
#12419=CARTESIAN_POINT('',(574.63434565707,263.095429708335,0.));
#12420=CARTESIAN_POINT('',(651.846966933745,200.245765312122,0.));
#12421=CARTESIAN_POINT('',(653.702001380553,198.735801131429,0.));
#12422=CARTESIAN_POINT('',(653.261565910913,196.384809591056,-8.67361737988404E-16));
#12423=CARTESIAN_POINT('',(652.598673067472,192.846367357108,-8.67361737988404E-16));
#12424=CARTESIAN_POINT('',(663.598673067472,114.038604601801,1.80590573327501E-45));
#12425=CARTESIAN_POINT('',(663.598673067472,107.038604601801,2.03425810171185E-45));
#12426=CARTESIAN_POINT('',(663.848673067472,169.397523011361,3.5));
#12427=CARTESIAN_POINT('',(663.598673067472,83.5386073570586,3.5));
#12428=CARTESIAN_POINT('',(663.598673067472,81.0386073570586,3.5));
#12429=CARTESIAN_POINT('',(663.598673067472,114.038604601801,3.5));
#12430=CARTESIAN_POINT('',(640.363979190503,88.5356831916933,3.5));
#12431=CARTESIAN_POINT('',(682.9478957274,85.4753838020294,3.5));
#12432=CARTESIAN_POINT('',(677.339425391189,93.7545782367459,3.5));
#12433=CARTESIAN_POINT('',(687.339425391189,93.7545782367459,3.5));
#12434=CARTESIAN_POINT('',(687.339425391189,114.038604601801,3.5));
#12435=CARTESIAN_POINT('',(687.339425391189,114.038604601801,3.5));
#12436=CARTESIAN_POINT('',(663.598673067471,114.038604601801,3.5));
#12437=CARTESIAN_POINT('',(684.095351261515,126.018149831312,3.5));
#12438=CARTESIAN_POINT('',(672.259694973609,146.268637934226,3.5));
#12439=CARTESIAN_POINT('',(672.259694973609,146.268637934226,3.5));
#12440=CARTESIAN_POINT('',(680.89323695853,151.31462176244,3.5));
#12441=CARTESIAN_POINT('',(671.300688694517,148.4891982893,3.5));
#12442=CARTESIAN_POINT('',(665.802398935167,167.156350448083,3.5));
#12443=CARTESIAN_POINT('',(665.802398935167,167.156350448083,3.5));
#12444=CARTESIAN_POINT('',(670.598673060153,168.569062182585,3.5));
#12445=CARTESIAN_POINT('',(665.598673067472,168.569062182585,3.5));
#12446=CARTESIAN_POINT('',(665.598673067472,189.883607201765,3.5));
#12447=CARTESIAN_POINT('',(665.598673067472,189.883607201765,3.5));
#12448=CARTESIAN_POINT('',(670.598679781748,189.883607201765,3.5));
#12449=CARTESIAN_POINT('',(666.148736454324,192.163535166748,3.5));
#12450=CARTESIAN_POINT('',(689.388535241438,237.522769814377,3.5));
#12451=CARTESIAN_POINT('',(684.760793117256,228.490383483397,3.5));
#12452=CARTESIAN_POINT('',(720.36029193168,210.250984256395,3.5));
#12453=CARTESIAN_POINT('',(689.005200497674,235.087615291323,3.5));
#12454=CARTESIAN_POINT('',(679.598673067472,242.538604601801,3.5));
#12455=CARTESIAN_POINT('',(691.249151512408,245.413731034513,3.5));
#12456=CARTESIAN_POINT('',(730.084079662195,254.99748581022,3.5));
#12457=CARTESIAN_POINT('',(690.125506130576,253.177485448092,3.5));
#12458=CARTESIAN_POINT('',(690.022525959075,255.438441457136,3.5));
#12459=CARTESIAN_POINT('',(690.022525959075,255.438441457136,3.5));
#12460=CARTESIAN_POINT('',(686.026668605913,255.256441420923,3.5));
#12461=CARTESIAN_POINT('',(683.803505621001,258.581730332057,3.5));
#12462=CARTESIAN_POINT('',(683.803505621001,258.581730332057,3.5));
#12463=CARTESIAN_POINT('',(681.921974004388,257.32380912377,3.5));
#12464=CARTESIAN_POINT('',(659.690344155265,290.576698235118,3.5));
#12465=CARTESIAN_POINT('',(675.004443318501,253.624318517182,3.5));
#12466=CARTESIAN_POINT('',(679.598673067472,242.538604601801,3.5));
#12467=CARTESIAN_POINT('',(667.61493245772,243.163073174422,3.5));
#12468=CARTESIAN_POINT('',(627.669130425215,245.244635083157,3.5));
#12469=CARTESIAN_POINT('',(665.579301144414,232.484581946856,3.5));
#12470=CARTESIAN_POINT('',(574.63434565707,263.095429708335,3.5));
#12471=CARTESIAN_POINT('',(637.938964874643,190.980700873031,3.5));
#12472=CARTESIAN_POINT('',(638.598676001932,190.229177688119,3.5));
#12473=CARTESIAN_POINT('',(637.598673067472,190.229177688119,3.5));
#12474=CARTESIAN_POINT('',(637.598673067472,190.229177688119,3.5));
#12475=CARTESIAN_POINT('',(637.598673067472,189.729177688119,3.5));
#12476=CARTESIAN_POINT('',(638.598673065191,189.729177688119,3.5));
#12477=CARTESIAN_POINT('',(638.624850013439,188.729520365424,3.5));
#12478=CARTESIAN_POINT('',(663.32550959724,189.376329899992,3.5));
#12479=CARTESIAN_POINT('',(644.598673067472,188.885950427385,3.5));
#12480=CARTESIAN_POINT('',(646.1901308505,190.482230754971,3.5));
#12481=CARTESIAN_POINT('',(646.249135624249,188.228929355674,3.5));
#12482=CARTESIAN_POINT('',(663.343833461056,188.676569772494,3.5));
#12483=CARTESIAN_POINT('',(648.948210456171,188.299607117564,3.5));
#12484=CARTESIAN_POINT('',(648.886942226444,190.639346413263,3.5));
#12485=CARTESIAN_POINT('',(650.598673067472,189.0430659568,3.5));
#12486=CARTESIAN_POINT('',(657.085584593318,189.212931713242,3.5));
#12487=CARTESIAN_POINT('',(657.085584593318,189.212931713242,3.5));
#12488=CARTESIAN_POINT('',(657.098673067472,188.713103050755,3.5));
#12489=CARTESIAN_POINT('',(657.598673067472,188.713103050755,3.5));
#12490=CARTESIAN_POINT('',(657.598673067472,188.713103050755,3.5));
#12491=CARTESIAN_POINT('',(657.598673067472,169.739613588372,3.5));
#12492=CARTESIAN_POINT('',(657.098673067472,169.739613588372,3.5));
#12493=CARTESIAN_POINT('',(657.085584593318,169.239784925885,3.5));
#12494=CARTESIAN_POINT('',(657.085584593318,169.239784925885,3.5));
#12495=CARTESIAN_POINT('',(650.598673067472,169.409650682325,3.5));
#12496=CARTESIAN_POINT('',(648.886942226503,167.813370225999,3.5));
#12497=CARTESIAN_POINT('',(648.948210456189,170.153109521562,3.5));
#12498=CARTESIAN_POINT('',(648.948210456189,170.153109521562,3.5));
#12499=CARTESIAN_POINT('',(646.249135678755,170.223787281994,3.5));
#12500=CARTESIAN_POINT('',(646.190130901708,167.970485755416,3.5));
#12501=CARTESIAN_POINT('',(644.598673067472,169.566766211739,3.5));
#12502=CARTESIAN_POINT('',(663.83991109185,169.062916661944,3.5));
#12503=CARTESIAN_POINT('',(638.62485001578,169.723196273638,3.5));
#12504=CARTESIAN_POINT('',(638.598673067472,168.723538948662,3.5));
#12505=CARTESIAN_POINT('',(637.598673067479,168.723538948662,3.5));
#12506=CARTESIAN_POINT('',(637.59867306748,169.397523011351,3.5));
#12507=CARTESIAN_POINT('',(637.598673067479,168.223538948651,3.5));
#12508=CARTESIAN_POINT('',(638.598673067472,168.223538948651,3.5));
#12509=CARTESIAN_POINT('',(637.901910087199,167.506241651418,3.5));
#12510=CARTESIAN_POINT('',(616.998961904158,145.98726222744,3.5));
#12511=CARTESIAN_POINT('',(641.742170702425,129.023373681327,3.5));
#12512=CARTESIAN_POINT('',(663.598673067472,114.038604601801,3.5));
#12513=CARTESIAN_POINT('',(637.098673067472,114.038604601801,3.5));
#12514=CARTESIAN_POINT('',(637.098673067472,114.038604601801,3.5));
#12515=CARTESIAN_POINT('',(637.098673067472,95.9278343259318,3.5));
#12516=CARTESIAN_POINT('',(647.098673068682,95.9278343259318,3.5));
#12517=CARTESIAN_POINT('',(679.598673067472,242.538604601801,3.5));
#12518=CARTESIAN_POINT('',(684.560634535742,252.355882146385,3.5));
#12519=CARTESIAN_POINT('',(677.466799703216,231.747167442703,3.5));
#12520=CARTESIAN_POINT('',(676.836928027413,228.558788282061,3.5));
#12521=CARTESIAN_POINT('',(679.598673067472,242.538604601801,3.5));
#12522=CARTESIAN_POINT('',(686.026668605913,255.256441420923,3.5));
#12523=CARTESIAN_POINT('',(654.622135489493,133.575026308734,3.5));
#12524=CARTESIAN_POINT('',(654.622135489493,130.325026308734,3.5));
#12525=CARTESIAN_POINT('',(651.487108905617,96.2745956636911,3.5));
#12526=CARTESIAN_POINT('',(651.487108905617,93.0245956636911,3.5));
#12527=CARTESIAN_POINT('',(652.598673067472,165.606371468662,3.5));
#12528=CARTESIAN_POINT('',(652.598673067472,162.356371468662,3.5));
#12529=CARTESIAN_POINT('',(652.598673067472,192.84636735756,3.5));
#12530=CARTESIAN_POINT('',(652.598673067472,189.59636735756,3.5));
#12531=CARTESIAN_POINT('',(663.682720955161,146.038494225871,3.5));
#12532=CARTESIAN_POINT('',(667.519740260766,147.168663615127,3.5));
#12533=CARTESIAN_POINT('',(663.6722149692,142.038508022862,3.5));
#12534=CARTESIAN_POINT('',(663.598673067472,114.038604601801,3.5));
#12535=CARTESIAN_POINT('',(656.059206907352,141.004443176198,3.5));
#12536=CARTESIAN_POINT('',(654.982140313049,144.856705829684,3.5));
#12537=CARTESIAN_POINT('',(650.983911006587,144.975711766297,3.5));
#12538=CARTESIAN_POINT('',(616.998961904158,145.98726222744,3.5));
#12539=CARTESIAN_POINT('',(648.472067827637,158.849750453268,3.5));
#12540=CARTESIAN_POINT('',(650.323426999743,159.606367407784,3.5));
#12541=CARTESIAN_POINT('',(650.323426999743,161.606367407784,3.5));
#12542=CARTESIAN_POINT('',(652.598673067472,161.606367407784,3.5));
#12543=CARTESIAN_POINT('',(652.598673067472,161.606367407784,3.5));
#12544=CARTESIAN_POINT('',(652.598673067472,165.606371468671,3.5));
#12545=CARTESIAN_POINT('',(656.552817463917,165.002405758417,3.5));
#12546=CARTESIAN_POINT('',(658.529886235376,164.700423426702,3.5));
#12547=CARTESIAN_POINT('',(658.5822400944,166.699736641082,3.5));
#12548=CARTESIAN_POINT('',(663.546319293919,166.569747652513,3.5));
#12549=CARTESIAN_POINT('',(660.336807864003,166.653791667083,3.5));
#12550=CARTESIAN_POINT('',(660.284453947203,164.654476246191,3.5));
#12551=CARTESIAN_POINT('',(662.202964339791,165.219561158718,3.5));
#12552=CARTESIAN_POINT('',(662.202964339791,165.219561158718,3.5));
#12553=CARTESIAN_POINT('',(642.019007613321,92.484764134569,3.5));
#12554=CARTESIAN_POINT('',(642.019007613321,89.984764134569,3.5));
#12555=CARTESIAN_POINT('',(658.529892655759,193.75225072937,3.5));
#12556=CARTESIAN_POINT('',(658.582246540093,191.752936939588,3.5));
#12557=CARTESIAN_POINT('',(656.552820032491,193.450289690234,3.5));
#12558=CARTESIAN_POINT('',(652.598673067472,192.846367357108,3.5));
#12559=CARTESIAN_POINT('',(653.335220670258,196.777969833738,3.5));
#12560=CARTESIAN_POINT('',(653.702001380553,198.735801131429,3.5));
#12561=CARTESIAN_POINT('',(652.157187443163,199.993251479754,3.5));
#12562=CARTESIAN_POINT('',(574.63434565707,263.095429708335,3.5));
#12563=CARTESIAN_POINT('',(658.732326095978,209.065756547376,3.5));
#12564=CARTESIAN_POINT('',(660.414986192253,207.984713048254,3.5));
#12565=CARTESIAN_POINT('',(661.326956158914,209.764687999341,3.5));
#12566=CARTESIAN_POINT('',(666.949171714659,206.884146489585,3.5));
#12567=CARTESIAN_POINT('',(666.949171714659,206.884146489585,3.5));
#12568=CARTESIAN_POINT('',(666.037201608745,205.104171266706,3.5));
#12569=CARTESIAN_POINT('',(667.817176831624,204.192201160793,3.5));
#12570=CARTESIAN_POINT('',(667.817176831624,204.192201160793,3.5));
#12571=CARTESIAN_POINT('',(662.024021475324,192.885171544759,3.5));
#12572=CARTESIAN_POINT('',(660.244041125248,193.797144277591,3.5));
#12573=CARTESIAN_POINT('',(660.296395193092,191.797823535355,3.5));
#12574=CARTESIAN_POINT('',(663.260068357197,191.875430031715,3.5));
#12575=CARTESIAN_POINT('',(669.151760930195,239.094475278444,3.5));
#12576=CARTESIAN_POINT('',(672.440654434613,229.118432498486,3.5));
#12577=CARTESIAN_POINT('',(673.038051154322,227.306377707289,3.5));
#12578=CARTESIAN_POINT('',(676.836928027413,228.558788282061,3.5));
#12579=CARTESIAN_POINT('',(675.685732653322,224.728025048006,3.5));
#12580=CARTESIAN_POINT('',(675.11013477418,222.812642791752,3.5));
#12581=CARTESIAN_POINT('',(676.89011018349,221.90067259032,3.5));
#12582=CARTESIAN_POINT('',(652.871628111717,175.021610763958,3.5));
#12583=CARTESIAN_POINT('',(671.465057591355,211.312102708261,3.5));
#12584=CARTESIAN_POINT('',(669.685082653302,212.224072668245,3.5));
#12585=CARTESIAN_POINT('',(668.773112693318,210.444097730191,3.5));
#12586=CARTESIAN_POINT('',(668.773112693318,210.444097730191,3.5));
#12587=CARTESIAN_POINT('',(663.566246443297,213.11183506972,3.5));
#12588=CARTESIAN_POINT('',(664.478217905367,214.891812939532,3.5));
#12589=CARTESIAN_POINT('',(662.715851235985,215.83736932987,3.5));
#12590=CARTESIAN_POINT('',(574.63434565707,263.095429708335,3.5));
#12591=CARTESIAN_POINT('',(668.659921185924,229.170998360839,3.5));
#12592=CARTESIAN_POINT('',(670.541215864181,228.492227166961,3.5));
#12593=CARTESIAN_POINT('',(663.598673067472,114.038604601801,3.5));
#12594=CARTESIAN_POINT('',(663.598673067472,103.038604601801,3.5));
#12595=CARTESIAN_POINT('',(663.598673067472,114.038604601801,0.2));
#12596=CARTESIAN_POINT('',(663.598673067472,114.038604601801,0.4));
#12597=CARTESIAN_POINT('',(682.9478957274,85.4753838020294,0.4));
#12598=CARTESIAN_POINT('',(640.363979190503,88.5356831916933,0.4));
#12599=CARTESIAN_POINT('',(640.633366945598,88.8313692370271,0.));
#12600=CARTESIAN_POINT('',(682.723556913952,85.806551579418,0.));
#12601=CARTESIAN_POINT('',(663.598673067472,83.5386073570586,0.2));
#12602=CARTESIAN_POINT('',(663.598673067472,83.5386073570586,0.4));
#12603=CARTESIAN_POINT('',(663.598673067472,81.0386073570586,0.4));
#12604=CARTESIAN_POINT('',(663.598673067472,83.5386073570586,0.));
#12605=CARTESIAN_POINT('',(663.598673067472,114.038604601801,0.));
#12606=CARTESIAN_POINT('',(640.363979190503,88.5356831916933,0.));
#12607=CARTESIAN_POINT('',(682.9478957274,85.4753838020294,-8.67361737988404E-16));
#12608=CARTESIAN_POINT('',(671.598673067472,178.288604601802,1.));
#12609=CARTESIAN_POINT('',(679.598673067472,242.538604601801,1.));
#12610=CARTESIAN_POINT('',(679.598673067472,235.538604601801,1.));
#12611=CARTESIAN_POINT('',(680.830958415532,239.563604601801,1.));
#12612=CARTESIAN_POINT('',(680.830958415532,234.563604601801,1.));
#12613=CARTESIAN_POINT('',(684.366492321465,236.028070695868,1.));
#12614=CARTESIAN_POINT('',(682.902026227397,234.563604601801,1.));
#12615=CARTESIAN_POINT('',(686.109206973405,237.770785347808,1.));
#12616=CARTESIAN_POINT('',(682.573673067472,241.306319253741,1.));
#12617=CARTESIAN_POINT('',(687.573673067472,241.306319253741,1.));
#12618=CARTESIAN_POINT('',(687.573673067472,239.235251441876,1.));
#12619=CARTESIAN_POINT('',(687.573673067472,243.770889949861,1.));
#12620=CARTESIAN_POINT('',(682.573673067472,243.770889949861,1.));
#12621=CARTESIAN_POINT('',(686.109206973405,247.306423855794,1.));
#12622=CARTESIAN_POINT('',(687.573673067472,245.841957761726,1.));
#12623=CARTESIAN_POINT('',(684.366492321465,249.049138507733,1.));
#12624=CARTESIAN_POINT('',(680.830958415532,245.513604601801,1.));
#12625=CARTESIAN_POINT('',(680.830958415532,250.513604601801,1.));
#12626=CARTESIAN_POINT('',(682.902026227398,250.513604601801,1.));
#12627=CARTESIAN_POINT('',(678.366387719412,250.513604601801,1.));
#12628=CARTESIAN_POINT('',(678.366387719412,245.513604601801,1.));
#12629=CARTESIAN_POINT('',(674.830853813479,249.049138507733,1.));
#12630=CARTESIAN_POINT('',(676.295319907547,250.513604601801,1.));
#12631=CARTESIAN_POINT('',(673.088139161539,247.306423855794,1.));
#12632=CARTESIAN_POINT('',(676.623673067472,243.770889949861,1.));
#12633=CARTESIAN_POINT('',(671.623673067472,243.770889949861,1.));
#12634=CARTESIAN_POINT('',(671.623673067472,245.841957761726,1.));
#12635=CARTESIAN_POINT('',(671.623673067472,241.306319253741,1.));
#12636=CARTESIAN_POINT('',(676.623673067472,241.306319253741,1.));
#12637=CARTESIAN_POINT('',(673.088139161539,237.770785347808,1.));
#12638=CARTESIAN_POINT('',(671.623673067472,239.235251441876,1.));
#12639=CARTESIAN_POINT('',(674.830853813479,236.028070695868,1.));
#12640=CARTESIAN_POINT('',(678.366387719412,239.563604601801,1.));
#12641=CARTESIAN_POINT('',(678.366387719412,234.563604601801,1.));
#12642=CARTESIAN_POINT('',(676.295319907547,234.563604601801,1.));
#12643=CARTESIAN_POINT('',(679.598673067472,242.538604601801,4.5));
#12644=CARTESIAN_POINT('',(679.598673067472,242.538604601801,5.));
#12645=CARTESIAN_POINT('',(679.598673067472,232.538604601801,5.));
#12646=CARTESIAN_POINT('',(679.598673067472,242.538604601801,4.));
#12647=CARTESIAN_POINT('',(679.598673067472,231.538604601801,4.));
#12648=CARTESIAN_POINT('',(660.457512452922,168.951419328919,0.2));
#12649=CARTESIAN_POINT('',(660.462747842584,169.151350793914,0.4));
#12650=CARTESIAN_POINT('',(650.598673067472,169.409650682325,0.4));
#12651=CARTESIAN_POINT('',(657.085584593318,169.239784925885,0.4));
#12652=CARTESIAN_POINT('',(657.085584593318,169.239784925885,0.4));
#12653=CARTESIAN_POINT('',(654.525440935604,323.282728469315,154.323140124736));
#12654=CARTESIAN_POINT('',(657.098673067472,169.739613588372,0.2));
#12655=CARTESIAN_POINT('',(657.598673067472,169.739613588372,0.4));
#12656=CARTESIAN_POINT('',(657.598673067472,169.739613588372,0.4));
#12657=CARTESIAN_POINT('',(657.098673067472,169.739613588372,0.4));
#12658=CARTESIAN_POINT('',(657.798673067472,179.055313031058,0.2));
#12659=CARTESIAN_POINT('',(657.598673067472,179.055313031058,0.4));
#12660=CARTESIAN_POINT('',(657.598673067472,188.713103050755,0.4));
#12661=CARTESIAN_POINT('',(657.598673067472,188.713103050755,0.4));
#12662=CARTESIAN_POINT('',(657.098673067472,188.713103050755,0.2));
#12663=CARTESIAN_POINT('',(657.085584593318,189.212931713242,0.4));
#12664=CARTESIAN_POINT('',(657.085584593318,189.212931713242,0.4));
#12665=CARTESIAN_POINT('',(657.098673067472,188.713103050755,0.4));
#12666=CARTESIAN_POINT('',(671.896030834939,146.494502631462,0.2));
#12667=CARTESIAN_POINT('',(683.750009582118,125.816310478184,0.));
#12668=CARTESIAN_POINT('',(684.095351261515,126.018149831312,0.4));
#12669=CARTESIAN_POINT('',(671.914353294212,146.066798581098,0.));
#12670=CARTESIAN_POINT('',(672.259694973609,146.268637934226,0.4));
#12671=CARTESIAN_POINT('',(672.068701674637,146.595422308026,0.4));
#12672=CARTESIAN_POINT('',(663.598673067471,114.038604601801,0.2));
#12673=CARTESIAN_POINT('',(663.598673067471,114.038604601801,0.4));
#12674=CARTESIAN_POINT('',(687.339425391189,114.038604601801,0.4));
#12675=CARTESIAN_POINT('',(686.939425391189,114.038604601801,0.));
#12676=CARTESIAN_POINT('',(687.139425391189,131.576050624054,0.2));
#12677=CARTESIAN_POINT('',(686.939425391189,93.7545782367459,0.));
#12678=CARTESIAN_POINT('',(687.339425391189,93.7545782367459,0.4));
#12679=CARTESIAN_POINT('',(687.339425391189,131.576050624054,0.4));
#12680=CARTESIAN_POINT('',(677.339425391189,93.7545782367459,0.2));
#12681=CARTESIAN_POINT('',(677.339425391189,93.7545782367459,0.4));
#12682=CARTESIAN_POINT('',(647.098673068682,95.9278343259318,0.2));
#12683=CARTESIAN_POINT('',(647.098673068682,95.9278343259318,0.4));
#12684=CARTESIAN_POINT('',(637.098673067472,95.9278343259318,0.400000000000019));
#12685=CARTESIAN_POINT('',(637.498673067472,95.9278343259318,0.));
#12686=CARTESIAN_POINT('',(637.298673067472,141.718063806581,0.2));
#12687=CARTESIAN_POINT('',(637.098673067472,141.718063806581,0.4));
#12688=CARTESIAN_POINT('',(637.098673067472,114.038604601801,0.400000000000022));
#12689=CARTESIAN_POINT('',(637.498673067472,114.038604601801,0.));
#12690=CARTESIAN_POINT('',(663.598673067472,114.038604601801,0.2));
#12691=CARTESIAN_POINT('',(663.598673067472,114.038604601801,0.4));
#12692=CARTESIAN_POINT('',(641.742170702425,129.023373681327,0.4));
#12693=CARTESIAN_POINT('',(642.072080172086,128.797188487674,0.));
#12694=CARTESIAN_POINT('',(616.998961904158,145.98726222744,0.2));
#12695=CARTESIAN_POINT('',(638.18061403836,167.793159292792,0.));
#12696=CARTESIAN_POINT('',(637.901910099643,167.506241664229,0.399999955790189));
#12697=CARTESIAN_POINT('',(616.998961904158,145.98726222744,0.4));
#12698=CARTESIAN_POINT('',(638.598673067472,168.223538948651,0.2));
#12699=CARTESIAN_POINT('',(638.598673067472,168.223538948651,0.4));
#12700=CARTESIAN_POINT('',(637.598673067476,168.223538948651,0.40000000000101));
#12701=CARTESIAN_POINT('',(638.198673067476,168.223538948651,-0.199999999995989));
#12702=CARTESIAN_POINT('',(637.798673067476,179.813350349736,0.2));
#12703=CARTESIAN_POINT('',(638.198673067476,168.723538948662,-0.19999999999603));
#12704=CARTESIAN_POINT('',(637.598673067477,168.723538948662,0.39999999999996));
#12705=CARTESIAN_POINT('',(637.598673067476,179.813350349735,0.4));
#12706=CARTESIAN_POINT('',(638.598673067472,168.723538948662,0.2));
#12707=CARTESIAN_POINT('',(638.598673067472,168.723538948662,0.4));
#12708=CARTESIAN_POINT('',(638.62485001578,169.723196273638,0.4));
#12709=CARTESIAN_POINT('',(638.609143846795,169.123401878652,-0.1999999999995));
#12710=CARTESIAN_POINT('',(660.457512452922,168.951419328919,0.2));
#12711=CARTESIAN_POINT('',(660.462747842584,169.151350793914,0.4));
#12712=CARTESIAN_POINT('',(644.598673067472,169.566766211739,0.4));
#12713=CARTESIAN_POINT('',(648.385621416014,310.174405709932,141.058587526706));
#12714=CARTESIAN_POINT('',(646.190130901708,167.970485755416,0.2));
#12715=CARTESIAN_POINT('',(646.190130901708,167.970485755416,0.4));
#12716=CARTESIAN_POINT('',(646.249135678755,170.223787281994,0.4));
#12717=CARTESIAN_POINT('',(646.238664899432,169.823924352004,0.));
#12718=CARTESIAN_POINT('',(656.397987316265,169.757961690499,0.2));
#12719=CARTESIAN_POINT('',(656.403222705927,169.957893155494,0.4));
#12720=CARTESIAN_POINT('',(648.948210456189,170.153109521562,0.4));
#12721=CARTESIAN_POINT('',(648.937739676866,169.753246591572,0.));
#12722=CARTESIAN_POINT('',(648.886942226503,167.813370225999,0.2));
#12723=CARTESIAN_POINT('',(648.886942226503,167.813370225999,0.4));
#12724=CARTESIAN_POINT('',(647.318941267444,99.9950889266167,0.25));
#12725=CARTESIAN_POINT('',(647.318941267444,99.9950889266167,0.5));
#12726=CARTESIAN_POINT('',(645.573983366559,100.972392320727,0.5));
#12727=CARTESIAN_POINT('',(676.23657078232,96.6451132516138,0.2));
#12728=CARTESIAN_POINT('',(676.23657078232,96.6451132516138,1.75));
#12729=CARTESIAN_POINT('',(663.682720955161,146.038494225871,0.2));
#12730=CARTESIAN_POINT('',(663.671164370604,141.638509402561,0.));
#12731=CARTESIAN_POINT('',(663.6722149692,142.038508022862,0.4));
#12732=CARTESIAN_POINT('',(663.682720955161,146.038494225871,0.4));
#12733=CARTESIAN_POINT('',(667.519740260766,147.168663615127,0.4));
#12734=CARTESIAN_POINT('',(667.519740260766,147.168663615127,0.4));
#12735=CARTESIAN_POINT('',(661.894327184501,166.97526852625,0.2));
#12736=CARTESIAN_POINT('',(661.70247621922,166.918760056787,0.4));
#12737=CARTESIAN_POINT('',(662.202964339791,165.219561158718,0.4));
#12738=CARTESIAN_POINT('',(662.586666270351,165.332578097644,-8.67361737988404E-16));
#12739=CARTESIAN_POINT('',(660.284453947203,164.654476246191,0.2));
#12740=CARTESIAN_POINT('',(660.284453947203,164.654476246191,0.4));
#12741=CARTESIAN_POINT('',(660.336807864003,166.653791667083,0.4));
#12742=CARTESIAN_POINT('',(660.347278643325,167.053654597074,0.));
#12743=CARTESIAN_POINT('',(661.183589797404,166.83168646029,0.2));
#12744=CARTESIAN_POINT('',(661.178354407743,166.631754995295,0.4));
#12745=CARTESIAN_POINT('',(658.5822400944,166.699736641082,0.4));
#12746=CARTESIAN_POINT('',(658.592710873723,167.099599571073,0.));
#12747=CARTESIAN_POINT('',(658.529886235376,164.700423426702,0.2));
#12748=CARTESIAN_POINT('',(658.529886235376,164.700423426702,0.4));
#12749=CARTESIAN_POINT('',(656.552817463917,165.002405758417,0.4));
#12750=CARTESIAN_POINT('',(656.157403425706,165.062802268126,-8.67361737988404E-16));
#12751=CARTESIAN_POINT('',(652.598673067472,165.606371468671,0.2));
#12752=CARTESIAN_POINT('',(652.598673067472,165.606371468671,0.4));
#12753=CARTESIAN_POINT('',(652.598673067472,161.606367407784,0.4));
#12754=CARTESIAN_POINT('',(652.598673067472,162.006367407784,0.));
#12755=CARTESIAN_POINT('',(657.086050033607,161.806367407785,0.2));
#12756=CARTESIAN_POINT('',(657.086050033607,161.606367407784,0.4));
#12757=CARTESIAN_POINT('',(650.323426999743,161.606367407784,0.4));
#12758=CARTESIAN_POINT('',(650.323426999743,162.006367407784,0.));
#12759=CARTESIAN_POINT('',(650.323426999743,159.606367407784,0.2));
#12760=CARTESIAN_POINT('',(650.323426999743,159.606367407784,0.4));
#12761=CARTESIAN_POINT('',(648.472067827637,158.849750453268,0.4));
#12762=CARTESIAN_POINT('',(648.101795993216,158.698427062365,0.));
#12763=CARTESIAN_POINT('',(616.998961904158,145.98726222744,0.2));
#12764=CARTESIAN_POINT('',(616.998961904158,145.98726222744,0.4));
#12765=CARTESIAN_POINT('',(650.983911006587,144.975711766297,0.4));
#12766=CARTESIAN_POINT('',(650.584088075941,144.987612359959,0.));
#12767=CARTESIAN_POINT('',(654.982140313049,144.856705829684,0.2));
#12768=CARTESIAN_POINT('',(654.982140313049,144.856705829684,0.4));
#12769=CARTESIAN_POINT('',(656.059206907352,141.004443176198,0.4));
#12770=CARTESIAN_POINT('',(656.166913566782,140.61921691085,0.));
#12771=CARTESIAN_POINT('',(663.598673067472,114.038604601801,0.2));
#12772=CARTESIAN_POINT('',(663.598673067472,114.038604601801,0.4));
#12773=CARTESIAN_POINT('',(676.836928027413,228.558788282061,0.2));
#12774=CARTESIAN_POINT('',(676.836928027413,228.558788282061,0.15));
#12775=CARTESIAN_POINT('',(676.836928027413,226.958788282061,0.15));
#12776=CARTESIAN_POINT('',(642.179368982919,112.177580009416,0.2));
#12777=CARTESIAN_POINT('',(642.179368982919,112.177580009416,1.75));
#12778=CARTESIAN_POINT('',(652.598673067472,192.846367357108,0.2));
#12779=CARTESIAN_POINT('',(652.598673067472,192.84636735756,0.15));
#12780=CARTESIAN_POINT('',(652.598673067472,191.24636735756,0.15));
#12781=CARTESIAN_POINT('',(686.026668605913,255.256441420923,0.2));
#12782=CARTESIAN_POINT('',(686.026668605913,255.256441420923,0.15));
#12783=CARTESIAN_POINT('',(686.026668605913,253.656441420923,0.15));
#12784=CARTESIAN_POINT('',(681.088742307523,203.525370830926,0.2));
#12785=CARTESIAN_POINT('',(673.417938868405,227.431618773593,0.));
#12786=CARTESIAN_POINT('',(673.038051154322,227.306377707289,0.4));
#12787=CARTESIAN_POINT('',(680.898798450482,203.462750297774,0.4));
#12788=CARTESIAN_POINT('',(672.440654434613,229.118432498486,0.4));
#12789=CARTESIAN_POINT('',(672.440654434613,229.118432498486,0.4));
#12790=CARTESIAN_POINT('',(670.541215864181,228.492227166961,0.2));
#12791=CARTESIAN_POINT('',(670.541215864181,228.492227166961,0.4));
#12792=CARTESIAN_POINT('',(668.659921185924,229.170998360839,0.4));
#12793=CARTESIAN_POINT('',(668.283662250276,229.306752599614,8.67361737988404E-16));
#12794=CARTESIAN_POINT('',(574.63434565707,263.095429708335,0.2));
#12795=CARTESIAN_POINT('',(574.63434565707,263.095429708335,0.4));
#12796=CARTESIAN_POINT('',(662.715851235985,215.83736932987,0.4));
#12797=CARTESIAN_POINT('',(662.363378482131,216.02648029674,0.));
#12798=CARTESIAN_POINT('',(664.478217905367,214.891812939532,0.2));
#12799=CARTESIAN_POINT('',(664.478217905367,214.891812939532,0.4));
#12800=CARTESIAN_POINT('',(663.566246443297,213.11183506972,0.4));
#12801=CARTESIAN_POINT('',(663.383852451027,212.755840081575,0.));
#12802=CARTESIAN_POINT('',(675.060425644087,206.998071379829,0.2));
#12803=CARTESIAN_POINT('',(675.151622640222,207.176068873901,0.4));
#12804=CARTESIAN_POINT('',(668.773112693318,210.444097730191,0.4));
#12805=CARTESIAN_POINT('',(668.590718701048,210.088102742047,-8.67361737988404E-16));
#12806=CARTESIAN_POINT('',(669.685082653302,212.224072668245,0.2));
#12807=CARTESIAN_POINT('',(669.685082653302,212.224072668245,0.4));
#12808=CARTESIAN_POINT('',(671.465057591355,211.312102708261,0.4));
#12809=CARTESIAN_POINT('',(670.664068869364,211.722489190185,1.2999999985014));
#12810=CARTESIAN_POINT('',(660.522399965743,189.51570896624,0.2));
#12811=CARTESIAN_POINT('',(660.344402471671,189.606905962375,0.4));
#12812=CARTESIAN_POINT('',(676.89011018349,221.90067259032,0.4));
#12813=CARTESIAN_POINT('',(676.089121225871,222.31105919297,1.30000026325584));
#12814=CARTESIAN_POINT('',(675.11013477418,222.812642791752,0.2));
#12815=CARTESIAN_POINT('',(675.11013477418,222.812642791752,0.4));
#12816=CARTESIAN_POINT('',(675.685732653322,224.728025048006,0.4));
#12817=CARTESIAN_POINT('',(675.800852198844,225.111101398411,0.));
#12818=CARTESIAN_POINT('',(676.836928027413,228.558788282061,0.2));
#12819=CARTESIAN_POINT('',(676.836928027413,228.558788282061,0.4));
#12820=CARTESIAN_POINT('',(661.598673067473,185.726367407784,0.2));
#12821=CARTESIAN_POINT('',(661.598673067473,185.726367407784,0.4));
#12822=CARTESIAN_POINT('',(661.598673067473,183.726367407784,0.4));
#12823=CARTESIAN_POINT('',(661.598673067472,170.622119733803,0.2));
#12824=CARTESIAN_POINT('',(661.598673067472,170.622119733803,0.4));
#12825=CARTESIAN_POINT('',(661.598673067472,168.622119733803,0.4));
#12826=CARTESIAN_POINT('',(654.622135489493,133.575026308734,0.2));
#12827=CARTESIAN_POINT('',(654.622135489493,133.575026308734,0.15));
#12828=CARTESIAN_POINT('',(654.622135489493,131.975026308734,0.15));
#12829=CARTESIAN_POINT('',(651.487108905617,96.2745956636911,0.2));
#12830=CARTESIAN_POINT('',(651.487108905617,96.2745956636911,0.15));
#12831=CARTESIAN_POINT('',(651.487108905617,94.6745956636911,0.15));
#12832=CARTESIAN_POINT('',(658.529892655759,193.75225072937,0.2));
#12833=CARTESIAN_POINT('',(656.157405341112,193.389897456943,0.));
#12834=CARTESIAN_POINT('',(656.552820032491,193.450289690234,0.4));
#12835=CARTESIAN_POINT('',(658.529892655759,193.75225072937,0.4));
#12836=CARTESIAN_POINT('',(658.58224656933,191.752936940355,0.400000016560605));
#12837=CARTESIAN_POINT('',(658.582246608018,191.752936924932,0.4));
#12838=CARTESIAN_POINT('',(661.783466689331,191.63669538875,0.2));
#12839=CARTESIAN_POINT('',(661.778231309824,191.836626763014,0.399999909034592));
#12840=CARTESIAN_POINT('',(660.296395142521,191.797823534058,0.399999983397777));
#12841=CARTESIAN_POINT('',(660.306865868411,191.397960619314,0.));
#12842=CARTESIAN_POINT('',(660.244041125248,193.797144277591,0.2));
#12843=CARTESIAN_POINT('',(660.244041125248,193.797144277591,0.4));
#12844=CARTESIAN_POINT('',(662.024021475324,192.885171544759,0.4));
#12845=CARTESIAN_POINT('',(662.380016463468,192.702777552489,-8.67361737988404E-16));
#12846=CARTESIAN_POINT('',(660.522399965743,189.51570896624,0.2));
#12847=CARTESIAN_POINT('',(660.34440247167,189.606905962375,0.4));
#12848=CARTESIAN_POINT('',(667.817176831624,204.192201160793,0.4));
#12849=CARTESIAN_POINT('',(668.173171819768,204.009807168523,0.));
#12850=CARTESIAN_POINT('',(666.037201608745,205.104171266706,0.2));
#12851=CARTESIAN_POINT('',(666.037201608745,205.104171266706,0.4));
#12852=CARTESIAN_POINT('',(666.949171714659,206.884146489585,0.4));
#12853=CARTESIAN_POINT('',(667.131565706929,207.240141477728,0.));
#12854=CARTESIAN_POINT('',(670.607771022238,205.23438580928,0.2));
#12855=CARTESIAN_POINT('',(670.516574026103,205.056388315208,0.4));
#12856=CARTESIAN_POINT('',(661.326956158914,209.764687999341,0.4));
#12857=CARTESIAN_POINT('',(661.509350151184,210.120682987485,0.));
#12858=CARTESIAN_POINT('',(660.414986192253,207.984713048254,0.2));
#12859=CARTESIAN_POINT('',(660.414986192253,207.984713048254,0.4));
#12860=CARTESIAN_POINT('',(658.732326095978,209.065756547375,0.4));
#12861=CARTESIAN_POINT('',(658.395794078683,209.281965245941,0.));
#12862=CARTESIAN_POINT('',(574.63434565707,263.095429708335,0.2));
#12863=CARTESIAN_POINT('',(574.63434565707,263.095429708335,0.40000000000011));
#12864=CARTESIAN_POINT('',(652.157187443163,199.993251479754,0.4));
#12865=CARTESIAN_POINT('',(651.846966933745,200.245765312122,0.));
#12866=CARTESIAN_POINT('',(653.702001380553,198.735801131429,0.2));
#12867=CARTESIAN_POINT('',(653.702001380553,198.735801131429,0.4));
#12868=CARTESIAN_POINT('',(653.335220670258,196.777969833738,0.4));
#12869=CARTESIAN_POINT('',(653.261565910913,196.384809591056,-8.67361737988404E-16));
#12870=CARTESIAN_POINT('',(652.598673067472,192.846367357108,0.2));
#12871=CARTESIAN_POINT('',(652.598673067472,192.846367357108,0.4));
#12872=CARTESIAN_POINT('',(642.019007613321,92.484764134569,0.2));
#12873=CARTESIAN_POINT('',(642.019007613321,92.484764134569,0.4));
#12874=CARTESIAN_POINT('',(642.019007613321,89.984764134569,0.4));
#12875=CARTESIAN_POINT('',(652.598673067472,165.606371468662,0.2));
#12876=CARTESIAN_POINT('',(652.598673067472,165.606371468662,0.15));
#12877=CARTESIAN_POINT('',(652.598673067472,164.006371468662,0.15));
#12878=CARTESIAN_POINT('',(648.732144183932,129.570388754141,0.25));
#12879=CARTESIAN_POINT('',(648.732144183932,129.570388754141,0.5));
#12880=CARTESIAN_POINT('',(646.987186283047,130.547692148252,0.5));
#12881=CARTESIAN_POINT('',(686.026668605913,255.256441420923,2.675));
#12882=CARTESIAN_POINT('',(686.026668605913,255.256441420923,1.85));
#12883=CARTESIAN_POINT('',(686.026668605913,253.656441420923,1.85));
#12884=CARTESIAN_POINT('',(676.836928027413,228.558788282061,2.675));
#12885=CARTESIAN_POINT('',(676.836928027413,228.558788282061,1.85));
#12886=CARTESIAN_POINT('',(676.836928027413,226.958788282061,1.85));
#12887=CARTESIAN_POINT('',(650.598673067472,189.0430659568,0.));
#12888=CARTESIAN_POINT('',(656.962091332356,189.209697928397,0.4));
#12889=CARTESIAN_POINT('',(650.598673067472,189.0430659568,0.4));
#12890=CARTESIAN_POINT('',(657.085584593318,189.212931713242,0.));
#12891=CARTESIAN_POINT('',(650.598673067472,189.0430659568,0.));
#12892=CARTESIAN_POINT('',(657.098673067472,188.713103050755,0.));
#12893=CARTESIAN_POINT('',(657.598673067472,188.713103050755,8.67361737988404E-16));
#12894=CARTESIAN_POINT('',(657.598673067472,188.713103050755,8.67361737988404E-16));
#12895=CARTESIAN_POINT('',(657.598673067472,169.739613588372,0.));
#12896=CARTESIAN_POINT('',(657.098673067472,169.739613588372,0.));
#12897=CARTESIAN_POINT('',(657.085584593318,169.239784925885,0.));
#12898=CARTESIAN_POINT('',(657.085584593318,169.239784925885,0.));
#12899=CARTESIAN_POINT('',(650.598673067472,169.409650682325,0.));
#12900=CARTESIAN_POINT('',(648.886942226503,167.813370225999,0.));
#12901=CARTESIAN_POINT('',(648.948210456189,170.153109521562,0.));
#12902=CARTESIAN_POINT('',(648.948210456189,170.153109521562,0.));
#12903=CARTESIAN_POINT('',(646.249135678755,170.223787281994,0.));
#12904=CARTESIAN_POINT('',(646.190130901708,167.970485755416,0.));
#12905=CARTESIAN_POINT('',(644.598673067471,169.566766211738,0.));
#12906=CARTESIAN_POINT('',(657.085584593318,169.239784925885,0.));
#12907=CARTESIAN_POINT('',(638.62485001578,169.723196273638,8.67361737988404E-16));
#12908=CARTESIAN_POINT('',(638.598673067472,168.723538948662,0.));
#12909=CARTESIAN_POINT('',(637.598673067476,168.723538948662,0.));
#12910=CARTESIAN_POINT('',(637.598673067472,190.229177688119,0.));
#12911=CARTESIAN_POINT('',(637.598673067476,168.223538948651,0.));
#12912=CARTESIAN_POINT('',(638.598673067472,168.223538948651,8.67361737988404E-16));
#12913=CARTESIAN_POINT('',(637.901912154816,167.50624377997,0.));
#12914=CARTESIAN_POINT('',(616.998961904158,145.98726222744,0.));
#12915=CARTESIAN_POINT('',(641.742170702425,129.023373681327,0.));
#12916=CARTESIAN_POINT('',(663.598673067472,114.038604601801,0.));
#12917=CARTESIAN_POINT('',(637.098673067472,114.038604601801,0.));
#12918=CARTESIAN_POINT('',(637.098673067472,114.038604601801,0.));
#12919=CARTESIAN_POINT('',(637.098673067472,95.9278343259318,0.));
#12920=CARTESIAN_POINT('',(647.098673068682,95.9278343259318,0.));
#12921=CARTESIAN_POINT('',(677.339425391189,93.7545782367459,0.));
#12922=CARTESIAN_POINT('',(687.339425391189,93.7545782367459,0.));
#12923=CARTESIAN_POINT('',(687.339425391189,93.7545782367459,0.));
#12924=CARTESIAN_POINT('',(687.339425391189,114.038604601801,0.));
#12925=CARTESIAN_POINT('',(663.598673067471,114.038604601801,0.));
#12926=CARTESIAN_POINT('',(684.095351261515,126.018149831312,8.67361737988404E-16));
#12927=CARTESIAN_POINT('',(684.095351261515,126.018149831312,8.67361737988404E-16));
#12928=CARTESIAN_POINT('',(672.259694973609,146.268637934226,0.));
#12929=CARTESIAN_POINT('',(680.89323695853,151.31462176244,0.));
#12930=CARTESIAN_POINT('',(680.89323695853,151.31462176244,0.4));
#12931=CARTESIAN_POINT('',(671.300688694517,148.4891982893,0.4));
#12932=CARTESIAN_POINT('',(671.300688694517,148.4891982893,0.));
#12933=CARTESIAN_POINT('',(654.622135489493,133.575026308734,2.675));
#12934=CARTESIAN_POINT('',(654.622135489493,133.575026308734,1.85));
#12935=CARTESIAN_POINT('',(654.622135489493,131.975026308734,1.85));
#12936=CARTESIAN_POINT('',(651.487108905617,96.2745956636911,2.675));
#12937=CARTESIAN_POINT('',(651.487108905617,96.2745956636911,1.85));
#12938=CARTESIAN_POINT('',(651.487108905617,94.6745956636911,1.85));
#12939=CARTESIAN_POINT('',(652.598673067472,165.606371468662,2.675));
#12940=CARTESIAN_POINT('',(652.598673067472,165.606371468662,1.85));
#12941=CARTESIAN_POINT('',(652.598673067472,164.006371468662,1.85));
#12942=CARTESIAN_POINT('',(652.598673067472,192.84636735756,2.675));
#12943=CARTESIAN_POINT('',(652.598673067472,192.84636735756,1.85));
#12944=CARTESIAN_POINT('',(652.598673067472,191.24636735756,1.85));
#12945=CARTESIAN_POINT('',(663.682720955161,146.038494225871,0.));
#12946=CARTESIAN_POINT('',(663.6722149692,142.038508022862,0.));
#12947=CARTESIAN_POINT('',(667.519740260766,147.168663615127,0.));
#12948=CARTESIAN_POINT('',(663.598673067472,114.038604601801,0.));
#12949=CARTESIAN_POINT('',(656.059206907352,141.004443176198,-8.67361737988404E-16));
#12950=CARTESIAN_POINT('',(654.982140313049,144.856705829684,0.));
#12951=CARTESIAN_POINT('',(650.983911006587,144.975711766297,0.));
#12952=CARTESIAN_POINT('',(616.998961904158,145.98726222744,0.));
#12953=CARTESIAN_POINT('',(648.472067827637,158.849750453268,8.67361737988404E-16));
#12954=CARTESIAN_POINT('',(650.323426999743,159.606367407784,0.));
#12955=CARTESIAN_POINT('',(650.323426999743,161.606367407784,0.));
#12956=CARTESIAN_POINT('',(650.323426999743,161.606367407784,0.));
#12957=CARTESIAN_POINT('',(652.598673067472,161.606367407784,-8.67361737988404E-16));
#12958=CARTESIAN_POINT('',(652.598673067472,165.606371468671,0.));
#12959=CARTESIAN_POINT('',(656.552817463917,165.002405758417,-8.67361737988404E-16));
#12960=CARTESIAN_POINT('',(658.529886235376,164.700423426702,8.67361737988404E-16));
#12961=CARTESIAN_POINT('',(658.5822400944,166.699736641082,8.67361737988404E-16));
#12962=CARTESIAN_POINT('',(658.5822400944,166.699736641082,8.67361737988404E-16));
#12963=CARTESIAN_POINT('',(660.336807864003,166.653791667083,0.));
#12964=CARTESIAN_POINT('',(660.284453947203,164.654476246191,0.));
#12965=CARTESIAN_POINT('',(662.202964339791,165.219561158718,-8.67361737988404E-16));
#12966=CARTESIAN_POINT('',(662.202964339791,165.219561158718,-8.67361737988404E-16));
#12967=CARTESIAN_POINT('',(642.019007613321,92.484764134569,8.67361737988404E-16));
#12968=CARTESIAN_POINT('',(658.529892655759,193.75225072937,8.67361737988404E-16));
#12969=CARTESIAN_POINT('',(656.552820032491,193.450289690234,0.));
#12970=CARTESIAN_POINT('',(658.582246529857,191.75293693932,8.67361737988404E-16));
#12971=CARTESIAN_POINT('',(652.598673067472,192.846367357108,-8.67361737988404E-16));
#12972=CARTESIAN_POINT('',(653.335220670258,196.777969833738,0.));
#12973=CARTESIAN_POINT('',(653.702001380553,198.735801131429,0.));
#12974=CARTESIAN_POINT('',(652.157187443163,199.993251479754,-6.50000000001683));
#12975=CARTESIAN_POINT('',(574.63434565707,263.095429708335,0.));
#12976=CARTESIAN_POINT('',(658.732326095978,209.065756547375,-6.50000000001683));
#12977=CARTESIAN_POINT('',(660.414986192253,207.984713048254,0.));
#12978=CARTESIAN_POINT('',(661.326956158914,209.764687999341,0.));
#12979=CARTESIAN_POINT('',(661.326956158914,209.764687999341,0.));
#12980=CARTESIAN_POINT('',(666.949171714659,206.884146489585,0.));
#12981=CARTESIAN_POINT('',(666.037201608745,205.104171266706,0.));
#12982=CARTESIAN_POINT('',(667.817176831624,204.192201160793,0.));
#12983=CARTESIAN_POINT('',(667.817176831624,204.192201160793,0.));
#12984=CARTESIAN_POINT('',(662.024021475324,192.885171544759,-8.67361737988404E-16));
#12985=CARTESIAN_POINT('',(660.244041125248,193.797144277591,0.));
#12986=CARTESIAN_POINT('',(660.296395181403,191.797823535049,0.));
#12987=CARTESIAN_POINT('',(660.296395105274,191.797823516383,0.));
#12988=CARTESIAN_POINT('',(672.440654434613,229.118432498486,0.));
#12989=CARTESIAN_POINT('',(673.038051154322,227.306377707289,0.));
#12990=CARTESIAN_POINT('',(672.440654434613,229.118432498486,0.));
#12991=CARTESIAN_POINT('',(676.836928027413,228.558788282061,0.));
#12992=CARTESIAN_POINT('',(675.685732653322,224.728025048006,0.));
#12993=CARTESIAN_POINT('',(675.11013477418,222.812642791752,0.));
#12994=CARTESIAN_POINT('',(676.89011018349,221.900672590321,0.));
#12995=CARTESIAN_POINT('',(667.817176831624,204.192201160793,0.));
#12996=CARTESIAN_POINT('',(671.465057591355,211.312102708261,0.));
#12997=CARTESIAN_POINT('',(669.685082653302,212.224072668245,0.));
#12998=CARTESIAN_POINT('',(668.773112693318,210.444097730191,0.));
#12999=CARTESIAN_POINT('',(668.773112693318,210.444097730191,0.));
#13000=CARTESIAN_POINT('',(663.566246443297,213.11183506972,0.));
#13001=CARTESIAN_POINT('',(664.478217905367,214.891812939532,0.));
#13002=CARTESIAN_POINT('',(662.715851235985,215.83736932987,0.));
#13003=CARTESIAN_POINT('',(574.63434565707,263.095429708335,0.));
#13004=CARTESIAN_POINT('',(668.659921185924,229.170998360839,0.));
#13005=CARTESIAN_POINT('',(670.541215864181,228.492227166961,0.));
#13006=CARTESIAN_POINT('',(663.598673067472,114.038604601801,1.));
#13007=CARTESIAN_POINT('',(663.598673067472,114.038604601801,4.));
#13008=CARTESIAN_POINT('',(663.598673067472,103.038604601801,4.));
#13009=CARTESIAN_POINT('',(647.318941267444,99.9950889266167,0.));
#13010=CARTESIAN_POINT('',(647.318941267444,99.9950889266167,2.5));
#13011=CARTESIAN_POINT('',(647.318941267444,101.995088926617,2.5));
#13012=CARTESIAN_POINT('',(676.836928027413,228.558788282061,1.75));
#13013=CARTESIAN_POINT('',(652.598673067472,192.84636735756,1.75));
#13014=CARTESIAN_POINT('',(686.026668605913,255.256441420923,1.75));
#13015=CARTESIAN_POINT('',(663.598673067472,114.038604601801,0.));
#13016=CARTESIAN_POINT('',(663.598673067472,114.038604601801,1.));
#13017=CARTESIAN_POINT('',(663.598673067472,107.038604601801,1.));
#13018=CARTESIAN_POINT('',(661.598673067473,185.726367407784,0.));
#13019=CARTESIAN_POINT('',(661.598673067473,185.726367407784,2.8));
#13020=CARTESIAN_POINT('',(661.598673067473,183.726367407784,2.8));
#13021=CARTESIAN_POINT('',(661.598673067472,170.622119733803,0.));
#13022=CARTESIAN_POINT('',(661.598673067472,170.622119733803,2.8));
#13023=CARTESIAN_POINT('',(661.598673067472,168.622119733803,2.8));
#13024=CARTESIAN_POINT('',(654.622135489493,133.575026308734,1.75));
#13025=CARTESIAN_POINT('',(651.487108905617,96.2745956636911,1.75));
#13026=CARTESIAN_POINT('',(652.598673067472,165.606371468662,1.75));
#13027=CARTESIAN_POINT('',(648.732144183932,129.570388754141,8.67361737988404E-16));
#13028=CARTESIAN_POINT('',(648.732144183932,129.570388754141,2.5));
#13029=CARTESIAN_POINT('',(648.732144183932,131.570388754141,2.5));
#13030=CARTESIAN_POINT('',(663.598673067472,114.038604601801,4.5));
#13031=CARTESIAN_POINT('',(663.598673067472,114.038604601801,5.));
#13032=CARTESIAN_POINT('',(663.598673067472,104.038604601801,5.));
#13033=CARTESIAN_POINT('',(680.7448457385,241.712033565973,2.5));
#13034=CARTESIAN_POINT('',(661.598673067473,178.174243570793,2.8));
#13035=CARTESIAN_POINT('',(661.598673067473,178.174243570793,2.8));
#13036=CARTESIAN_POINT('',(680.7448457385,241.712033565973,2.5));
#13037=CARTESIAN_POINT('',(656.956855942695,189.409629393391,0.2));
#13038=CARTESIAN_POINT('',(650.598673067471,189.0430659568,0.399999999999995));
#13039=CARTESIAN_POINT('',(650.504611712852,189.251880138269,0.188795134718259));
#13040=CARTESIAN_POINT('',(650.411136976592,189.438292268429,8.6389229103645E-15));
#13041=CARTESIAN_POINT('',(680.89323695853,151.31462176244,0.2));
#13042=CARTESIAN_POINT('',(671.108837729237,148.432689819838,0.199999999999922));
#13043=CARTESIAN_POINT('',(679.598673067472,242.538604601801,-8.67361737988404E-16));
#13044=CARTESIAN_POINT('',(660.295319907547,106.063604601801,1.));
#13045=CARTESIAN_POINT('',(665.946996487509,106.063604601801,4.2));
#13046=CARTESIAN_POINT('',(664.830958415532,106.063604601801,4.2));
#13047=CARTESIAN_POINT('',(662.366387719412,106.063604601801,4.2));
#13048=CARTESIAN_POINT('',(664.830958415532,106.063604601801,1.));
#13049=CARTESIAN_POINT('',(664.830958415532,106.063604601801,1.));
#13050=CARTESIAN_POINT('',(660.295319907547,106.063604601801,1.));
#13051=CARTESIAN_POINT('',(662.366387719412,106.063604601801,1.));
#13052=CARTESIAN_POINT('',(662.366387719412,106.063604601801,1.));
#13053=CARTESIAN_POINT('',(687.573673067472,239.235251441876,1.));
#13054=CARTESIAN_POINT('',(687.573673067472,208.761928021839,4.2));
#13055=CARTESIAN_POINT('',(687.573673067472,243.770889949861,4.2));
#13056=CARTESIAN_POINT('',(687.573673067472,241.306319253741,4.2));
#13057=CARTESIAN_POINT('',(687.573673067472,243.770889949861,1.));
#13058=CARTESIAN_POINT('',(687.573673067472,241.306319253741,1.));
#13059=CARTESIAN_POINT('',(682.573673067472,241.306319253741,1.));
#13060=CARTESIAN_POINT('',(682.573673067472,241.306319253741,4.2));
#13061=CARTESIAN_POINT('',(686.109206973405,237.770785347808,4.2));
#13062=CARTESIAN_POINT('',(686.109206973405,237.770785347808,1.));
#13063=CARTESIAN_POINT('',(671.623673067472,239.235251441876,1.));
#13064=CARTESIAN_POINT('',(686.85408477749,224.004839731857,4.2));
#13065=CARTESIAN_POINT('',(674.830853813479,236.028070695868,4.2));
#13066=CARTESIAN_POINT('',(673.088139161539,237.770785347808,4.2));
#13067=CARTESIAN_POINT('',(674.830853813479,236.028070695868,1.));
#13068=CARTESIAN_POINT('',(673.088139161539,237.770785347808,1.));
#13069=CARTESIAN_POINT('',(676.623673067472,241.306319253741,1.));
#13070=CARTESIAN_POINT('',(676.623673067472,241.306319253741,4.2));
#13071=CARTESIAN_POINT('',(671.623673067472,241.306319253741,4.2));
#13072=CARTESIAN_POINT('',(671.623673067472,241.306319253741,1.));
#13073=CARTESIAN_POINT('',(676.295319907547,234.563604601801,1.));
#13074=CARTESIAN_POINT('',(673.946996487509,234.563604601801,4.2));
#13075=CARTESIAN_POINT('',(680.830958415532,234.563604601801,4.2));
#13076=CARTESIAN_POINT('',(678.366387719412,234.563604601801,4.2));
#13077=CARTESIAN_POINT('',(680.830958415532,234.563604601801,1.));
#13078=CARTESIAN_POINT('',(678.366387719412,234.563604601801,1.));
#13079=CARTESIAN_POINT('',(678.366387719412,239.563604601801,1.));
#13080=CARTESIAN_POINT('',(678.366387719412,239.563604601801,4.2));
#13081=CARTESIAN_POINT('',(682.902026227397,234.563604601801,1.));
#13082=CARTESIAN_POINT('',(666.007437937416,217.66901631182,4.2));
#13083=CARTESIAN_POINT('',(684.366492321465,236.028070695868,4.2));
#13084=CARTESIAN_POINT('',(684.366492321465,236.028070695868,1.));
#13085=CARTESIAN_POINT('',(680.830958415532,239.563604601801,1.));
#13086=CARTESIAN_POINT('',(680.830958415532,239.563604601801,4.2));
#13087=CARTESIAN_POINT('',(664.830958415532,111.063604601801,1.));
#13088=CARTESIAN_POINT('',(664.830958415532,111.063604601801,4.2));
#13089=CARTESIAN_POINT('',(668.366492321465,107.528070695868,4.2));
#13090=CARTESIAN_POINT('',(668.366492321465,107.528070695868,1.));
#13091=CARTESIAN_POINT('',(668.366492321465,107.528070695868,1.));
#13092=CARTESIAN_POINT('',(664.830958415532,111.063604601801,1.));
#13093=CARTESIAN_POINT('',(662.366387719412,111.063604601801,1.));
#13094=CARTESIAN_POINT('',(662.366387719412,111.063604601801,4.2));
#13095=CARTESIAN_POINT('',(658.830853813479,107.528070695868,4.2));
#13096=CARTESIAN_POINT('',(662.366387719412,111.063604601801,1.));
#13097=CARTESIAN_POINT('',(658.830853813479,107.528070695868,1.));
#13098=CARTESIAN_POINT('',(658.830853813479,107.528070695868,1.));
#13099=CARTESIAN_POINT('',(666.902026227398,106.063604601801,1.));
#13100=CARTESIAN_POINT('',(686.132437937416,125.29401631182,4.2));
#13101=CARTESIAN_POINT('',(670.109206973405,109.270785347808,4.2));
#13102=CARTESIAN_POINT('',(670.109206973405,109.270785347808,1.));
#13103=CARTESIAN_POINT('',(670.109206973405,109.270785347808,1.));
#13104=CARTESIAN_POINT('',(666.902026227398,106.063604601801,1.));
#13105=CARTESIAN_POINT('',(666.573673067472,112.806319253741,1.));
#13106=CARTESIAN_POINT('',(666.573673067472,112.806319253741,4.2));
#13107=CARTESIAN_POINT('',(671.573673067472,112.806319253741,4.2));
#13108=CARTESIAN_POINT('',(671.573673067472,112.806319253741,1.));
#13109=CARTESIAN_POINT('',(671.573673067472,112.806319253741,1.));
#13110=CARTESIAN_POINT('',(666.573673067472,112.806319253741,1.));
#13111=CARTESIAN_POINT('',(671.573673067472,110.735251441876,1.));
#13112=CARTESIAN_POINT('',(671.573673067472,144.511928021839,4.2));
#13113=CARTESIAN_POINT('',(671.573673067472,115.270889949861,4.2));
#13114=CARTESIAN_POINT('',(671.573673067472,115.270889949861,1.));
#13115=CARTESIAN_POINT('',(671.573673067472,115.270889949861,1.));
#13116=CARTESIAN_POINT('',(671.573673067472,110.735251441876,1.));
#13117=CARTESIAN_POINT('',(655.623673067472,110.735251441876,1.));
#13118=CARTESIAN_POINT('',(642.72908477749,123.629839731857,4.2));
#13119=CARTESIAN_POINT('',(657.088139161539,109.270785347808,4.2));
#13120=CARTESIAN_POINT('',(655.623673067472,110.735251441876,1.));
#13121=CARTESIAN_POINT('',(657.088139161539,109.270785347808,1.));
#13122=CARTESIAN_POINT('',(657.088139161539,109.270785347808,1.));
#13123=CARTESIAN_POINT('',(671.598673067472,178.288604601802,1.));
#13124=CARTESIAN_POINT('',(660.623673067472,112.806319253741,1.));
#13125=CARTESIAN_POINT('',(655.623673067472,112.806319253741,1.));
#13126=CARTESIAN_POINT('',(666.573673067472,115.270889949861,1.));
#13127=CARTESIAN_POINT('',(670.109206973405,118.806423855794,1.));
#13128=CARTESIAN_POINT('',(671.573673067472,117.341957761726,1.));
#13129=CARTESIAN_POINT('',(668.366492321465,120.549138507734,1.));
#13130=CARTESIAN_POINT('',(664.830958415532,117.013604601801,1.));
#13131=CARTESIAN_POINT('',(664.830958415532,122.013604601801,1.));
#13132=CARTESIAN_POINT('',(666.902026227398,122.013604601801,1.));
#13133=CARTESIAN_POINT('',(662.366387719412,122.013604601801,1.));
#13134=CARTESIAN_POINT('',(662.366387719412,117.013604601801,1.));
#13135=CARTESIAN_POINT('',(658.830853813479,120.549138507734,1.));
#13136=CARTESIAN_POINT('',(660.295319907547,122.013604601801,1.));
#13137=CARTESIAN_POINT('',(657.088139161539,118.806423855794,1.));
#13138=CARTESIAN_POINT('',(660.623673067472,115.270889949861,1.));
#13139=CARTESIAN_POINT('',(655.623673067472,115.270889949861,1.));
#13140=CARTESIAN_POINT('',(655.623673067472,117.341957761726,1.));
#13141=CARTESIAN_POINT('',(660.623673067472,112.806319253741,1.));
#13142=CARTESIAN_POINT('',(660.623673067472,112.806319253741,4.2));
#13143=CARTESIAN_POINT('',(655.623673067472,112.806319253741,4.2));
#13144=CARTESIAN_POINT('',(655.623673067472,112.806319253741,1.));
#13145=CARTESIAN_POINT('',(671.598673067472,178.288604601802,5.));
#13146=CARTESIAN_POINT('',(654.823673067472,147.815281181764,5.));
#13147=CARTESIAN_POINT('',(654.823673067472,115.270889949861,5.));
#13148=CARTESIAN_POINT('',(654.823673067472,112.806319253741,5.));
#13149=CARTESIAN_POINT('',(660.623673067472,115.270889949861,5.));
#13150=CARTESIAN_POINT('',(656.52245373659,119.372109280743,5.));
#13151=CARTESIAN_POINT('',(676.624222772579,139.473878316732,5.));
#13152=CARTESIAN_POINT('',(658.26516838853,121.114823932683,5.));
#13153=CARTESIAN_POINT('',(662.366387719412,117.013604601801,5.));
#13154=CARTESIAN_POINT('',(662.366387719412,122.813604601801,5.));
#13155=CARTESIAN_POINT('',(669.250349647435,122.813604601801,5.));
#13156=CARTESIAN_POINT('',(664.830958415532,122.813604601801,5.));
#13157=CARTESIAN_POINT('',(664.830958415532,117.013604601801,5.));
#13158=CARTESIAN_POINT('',(668.932177746414,121.114823932683,5.));
#13159=CARTESIAN_POINT('',(656.908946782402,133.138054896695,5.));
#13160=CARTESIAN_POINT('',(670.674892398354,119.372109280743,5.));
#13161=CARTESIAN_POINT('',(666.573673067472,115.270889949861,5.));
#13162=CARTESIAN_POINT('',(672.373673067472,115.270889949861,5.));
#13163=CARTESIAN_POINT('',(672.373673067472,144.511928021839,5.));
#13164=CARTESIAN_POINT('',(672.373673067472,112.806319253741,5.));
#13165=CARTESIAN_POINT('',(666.573673067472,112.806319253741,5.));
#13166=CARTESIAN_POINT('',(670.674892398354,108.705099922859,5.));
#13167=CARTESIAN_POINT('',(686.698123362366,124.728330886871,5.));
#13168=CARTESIAN_POINT('',(668.932177746414,106.962385270919,5.));
#13169=CARTESIAN_POINT('',(664.830958415532,111.063604601801,5.));
#13170=CARTESIAN_POINT('',(664.830958415532,105.263604601801,5.));
#13171=CARTESIAN_POINT('',(665.946996487509,105.263604601801,5.));
#13172=CARTESIAN_POINT('',(662.366387719412,105.263604601801,5.));
#13173=CARTESIAN_POINT('',(662.366387719412,111.063604601801,5.));
#13174=CARTESIAN_POINT('',(658.26516838853,106.962385270919,5.));
#13175=CARTESIAN_POINT('',(642.163399352541,123.064154306908,5.));
#13176=CARTESIAN_POINT('',(656.52245373659,108.705099922859,5.));
#13177=CARTESIAN_POINT('',(660.623673067472,112.806319253741,5.));
#13178=CARTESIAN_POINT('',(655.623673067472,117.341957761726,1.));
#13179=CARTESIAN_POINT('',(655.623673067472,147.815281181764,4.2));
#13180=CARTESIAN_POINT('',(655.623673067472,115.270889949861,4.2));
#13181=CARTESIAN_POINT('',(655.623673067472,115.270889949861,1.));
#13182=CARTESIAN_POINT('',(660.623673067472,115.270889949861,1.));
#13183=CARTESIAN_POINT('',(660.623673067472,115.270889949861,4.2));
#13184=CARTESIAN_POINT('',(657.088139161539,118.806423855794,4.2));
#13185=CARTESIAN_POINT('',(657.088139161539,118.806423855794,1.));
#13186=CARTESIAN_POINT('',(660.295319907547,122.013604601801,1.));
#13187=CARTESIAN_POINT('',(677.189908197528,138.908192891783,4.2));
#13188=CARTESIAN_POINT('',(658.830853813479,120.549138507734,4.2));
#13189=CARTESIAN_POINT('',(658.830853813479,120.549138507734,1.));
#13190=CARTESIAN_POINT('',(662.366387719412,117.013604601801,1.));
#13191=CARTESIAN_POINT('',(662.366387719412,117.013604601801,4.2));
#13192=CARTESIAN_POINT('',(662.366387719412,122.013604601801,4.2));
#13193=CARTESIAN_POINT('',(662.366387719412,122.013604601801,1.));
#13194=CARTESIAN_POINT('',(666.902026227398,122.013604601801,1.));
#13195=CARTESIAN_POINT('',(669.250349647435,122.013604601801,4.2));
#13196=CARTESIAN_POINT('',(664.830958415532,122.013604601801,4.2));
#13197=CARTESIAN_POINT('',(664.830958415532,122.013604601801,1.));
#13198=CARTESIAN_POINT('',(664.830958415532,117.013604601801,1.));
#13199=CARTESIAN_POINT('',(664.830958415532,117.013604601801,4.2));
#13200=CARTESIAN_POINT('',(668.366492321465,120.549138507734,4.2));
#13201=CARTESIAN_POINT('',(668.366492321465,120.549138507734,1.));
#13202=CARTESIAN_POINT('',(671.573673067472,117.341957761726,1.));
#13203=CARTESIAN_POINT('',(656.343261357453,132.572369471745,4.2));
#13204=CARTESIAN_POINT('',(670.109206973405,118.806423855794,4.2));
#13205=CARTESIAN_POINT('',(670.109206973405,118.806423855794,1.));
#13206=CARTESIAN_POINT('',(666.573673067472,115.270889949861,1.));
#13207=CARTESIAN_POINT('',(666.573673067472,115.270889949861,4.2));
#13208=CARTESIAN_POINT('',(660.623673067472,112.806319253741,4.6));
#13209=CARTESIAN_POINT('',(657.088139161539,109.270785347808,4.2));
#13210=CARTESIAN_POINT('',(654.823673067472,112.806319253741,5.));
#13211=CARTESIAN_POINT('',(642.446242065016,123.346997019383,4.6));
#13212=CARTESIAN_POINT('',(658.830853813479,107.528070695868,4.2));
#13213=CARTESIAN_POINT('',(662.366387719412,111.063604601801,4.6));
#13214=CARTESIAN_POINT('',(662.366387719412,106.063604601801,4.2));
#13215=CARTESIAN_POINT('',(665.946996487509,105.663604601801,4.6));
#13216=CARTESIAN_POINT('',(664.830958415532,106.063604601801,4.2));
#13217=CARTESIAN_POINT('',(664.830958415532,111.063604601801,4.6));
#13218=CARTESIAN_POINT('',(668.366492321465,107.528070695868,4.2));
#13219=CARTESIAN_POINT('',(686.415280649891,125.011173599345,4.6));
#13220=CARTESIAN_POINT('',(670.109206973405,109.270785347808,4.2));
#13221=CARTESIAN_POINT('',(666.573673067472,112.806319253741,4.6));
#13222=CARTESIAN_POINT('',(671.573673067472,112.806319253741,4.2));
#13223=CARTESIAN_POINT('',(671.973673067472,144.511928021839,4.6));
#13224=CARTESIAN_POINT('',(671.573673067472,115.270889949861,4.2));
#13225=CARTESIAN_POINT('',(666.573673067472,115.270889949861,4.6));
#13226=CARTESIAN_POINT('',(670.109206973405,118.806423855794,4.2));
#13227=CARTESIAN_POINT('',(656.626104069928,132.85521218422,4.6));
#13228=CARTESIAN_POINT('',(668.366492321465,120.549138507734,4.2));
#13229=CARTESIAN_POINT('',(664.830958415532,117.013604601801,4.6));
#13230=CARTESIAN_POINT('',(664.830958415532,122.013604601801,4.2));
#13231=CARTESIAN_POINT('',(669.250349647435,122.413604601801,4.6));
#13232=CARTESIAN_POINT('',(662.366387719412,122.013604601801,4.2));
#13233=CARTESIAN_POINT('',(662.366387719412,117.013604601801,4.6));
#13234=CARTESIAN_POINT('',(658.830853813479,120.549138507734,4.2));
#13235=CARTESIAN_POINT('',(676.907065485053,139.191035604257,4.6));
#13236=CARTESIAN_POINT('',(657.088139161539,118.806423855794,4.2));
#13237=CARTESIAN_POINT('',(660.623673067472,115.270889949861,4.6));
#13238=CARTESIAN_POINT('',(655.623673067472,115.270889949861,4.2));
#13239=CARTESIAN_POINT('',(655.223673067472,147.815281181764,4.6));
#13240=CARTESIAN_POINT('',(671.598673067472,178.288604601802,5.));
#13241=CARTESIAN_POINT('',(670.823673067472,212.065281181764,5.));
#13242=CARTESIAN_POINT('',(670.823673067472,243.770889949861,5.));
#13243=CARTESIAN_POINT('',(670.823673067472,241.306319253741,5.));
#13244=CARTESIAN_POINT('',(676.623673067472,243.770889949861,5.));
#13245=CARTESIAN_POINT('',(672.52245373659,247.872109280743,5.));
#13246=CARTESIAN_POINT('',(656.499222772579,231.848878316732,5.));
#13247=CARTESIAN_POINT('',(674.26516838853,249.614823932683,5.));
#13248=CARTESIAN_POINT('',(678.366387719412,245.513604601801,5.));
#13249=CARTESIAN_POINT('',(678.366387719412,251.313604601801,5.));
#13250=CARTESIAN_POINT('',(677.250349647435,251.313604601801,5.));
#13251=CARTESIAN_POINT('',(680.830958415532,251.313604601801,5.));
#13252=CARTESIAN_POINT('',(680.830958415532,245.513604601801,5.));
#13253=CARTESIAN_POINT('',(684.932177746414,249.614823932683,5.));
#13254=CARTESIAN_POINT('',(701.033946782402,233.513054896694,5.));
#13255=CARTESIAN_POINT('',(686.674892398354,247.872109280743,5.));
#13256=CARTESIAN_POINT('',(682.573673067472,243.770889949861,5.));
#13257=CARTESIAN_POINT('',(688.373673067472,243.770889949861,5.));
#13258=CARTESIAN_POINT('',(688.373673067472,208.761928021839,5.));
#13259=CARTESIAN_POINT('',(688.373673067472,241.306319253741,5.));
#13260=CARTESIAN_POINT('',(682.573673067472,241.306319253741,5.));
#13261=CARTESIAN_POINT('',(686.674892398354,237.205099922859,5.));
#13262=CARTESIAN_POINT('',(666.573123362366,217.103330886871,5.));
#13263=CARTESIAN_POINT('',(684.932177746414,235.462385270919,5.));
#13264=CARTESIAN_POINT('',(680.830958415532,239.563604601801,5.));
#13265=CARTESIAN_POINT('',(680.830958415532,233.763604601801,5.));
#13266=CARTESIAN_POINT('',(673.946996487509,233.763604601801,5.));
#13267=CARTESIAN_POINT('',(678.366387719412,233.763604601801,5.));
#13268=CARTESIAN_POINT('',(678.366387719412,239.563604601801,5.));
#13269=CARTESIAN_POINT('',(674.26516838853,235.462385270919,5.));
#13270=CARTESIAN_POINT('',(686.288399352541,223.439154306908,5.));
#13271=CARTESIAN_POINT('',(672.52245373659,237.205099922859,5.));
#13272=CARTESIAN_POINT('',(676.623673067472,241.306319253741,5.));
#13273=CARTESIAN_POINT('',(671.623673067472,245.841957761726,1.));
#13274=CARTESIAN_POINT('',(671.623673067472,212.065281181764,4.2));
#13275=CARTESIAN_POINT('',(671.623673067472,243.770889949861,4.2));
#13276=CARTESIAN_POINT('',(671.623673067472,243.770889949861,1.));
#13277=CARTESIAN_POINT('',(676.623673067472,243.770889949861,1.));
#13278=CARTESIAN_POINT('',(676.623673067472,243.770889949861,4.2));
#13279=CARTESIAN_POINT('',(673.088139161539,247.306423855794,4.2));
#13280=CARTESIAN_POINT('',(673.088139161539,247.306423855794,1.));
#13281=CARTESIAN_POINT('',(676.295319907547,250.513604601801,1.));
#13282=CARTESIAN_POINT('',(657.064908197528,231.283192891783,4.2));
#13283=CARTESIAN_POINT('',(674.830853813479,249.049138507734,4.2));
#13284=CARTESIAN_POINT('',(674.830853813479,249.049138507734,1.));
#13285=CARTESIAN_POINT('',(678.366387719412,245.513604601801,1.));
#13286=CARTESIAN_POINT('',(678.366387719412,245.513604601801,4.2));
#13287=CARTESIAN_POINT('',(678.366387719412,250.513604601801,4.2));
#13288=CARTESIAN_POINT('',(678.366387719412,250.513604601801,1.));
#13289=CARTESIAN_POINT('',(682.902026227398,250.513604601801,1.));
#13290=CARTESIAN_POINT('',(677.250349647435,250.513604601801,4.2));
#13291=CARTESIAN_POINT('',(680.830958415532,250.513604601801,4.2));
#13292=CARTESIAN_POINT('',(680.830958415532,250.513604601801,1.));
#13293=CARTESIAN_POINT('',(680.830958415532,245.513604601801,1.));
#13294=CARTESIAN_POINT('',(680.830958415532,245.513604601801,4.2));
#13295=CARTESIAN_POINT('',(684.366492321465,249.049138507734,4.2));
#13296=CARTESIAN_POINT('',(684.366492321465,249.049138507734,1.));
#13297=CARTESIAN_POINT('',(687.573673067472,245.841957761726,1.));
#13298=CARTESIAN_POINT('',(700.468261357453,232.947369471745,4.2));
#13299=CARTESIAN_POINT('',(686.109206973405,247.306423855794,4.2));
#13300=CARTESIAN_POINT('',(686.109206973405,247.306423855794,1.));
#13301=CARTESIAN_POINT('',(682.573673067472,243.770889949861,1.));
#13302=CARTESIAN_POINT('',(682.573673067472,243.770889949861,4.2));
#13303=CARTESIAN_POINT('',(676.623673067472,241.306319253741,4.6));
#13304=CARTESIAN_POINT('',(673.088139161539,237.770785347808,4.2));
#13305=CARTESIAN_POINT('',(670.823673067472,241.306319253741,5.));
#13306=CARTESIAN_POINT('',(686.571242065016,223.721997019382,4.6));
#13307=CARTESIAN_POINT('',(674.830853813479,236.028070695868,4.2));
#13308=CARTESIAN_POINT('',(678.366387719412,239.563604601801,4.6));
#13309=CARTESIAN_POINT('',(678.366387719412,234.563604601801,4.2));
#13310=CARTESIAN_POINT('',(673.946996487509,234.163604601801,4.6));
#13311=CARTESIAN_POINT('',(680.830958415532,234.563604601801,4.2));
#13312=CARTESIAN_POINT('',(680.830958415532,239.563604601801,4.6));
#13313=CARTESIAN_POINT('',(684.366492321465,236.028070695868,4.2));
#13314=CARTESIAN_POINT('',(666.290280649891,217.386173599345,4.6));
#13315=CARTESIAN_POINT('',(686.109206973405,237.770785347808,4.2));
#13316=CARTESIAN_POINT('',(682.573673067472,241.306319253741,4.6));
#13317=CARTESIAN_POINT('',(687.573673067472,241.306319253741,4.2));
#13318=CARTESIAN_POINT('',(687.973673067472,208.761928021839,4.6));
#13319=CARTESIAN_POINT('',(687.573673067472,243.770889949861,4.2));
#13320=CARTESIAN_POINT('',(682.573673067472,243.770889949861,4.6));
#13321=CARTESIAN_POINT('',(686.109206973405,247.306423855794,4.2));
#13322=CARTESIAN_POINT('',(700.751104069928,233.23021218422,4.6));
#13323=CARTESIAN_POINT('',(684.366492321465,249.049138507734,4.2));
#13324=CARTESIAN_POINT('',(680.830958415532,245.513604601801,4.6));
#13325=CARTESIAN_POINT('',(680.830958415532,250.513604601801,4.2));
#13326=CARTESIAN_POINT('',(677.250349647435,250.913604601801,4.6));
#13327=CARTESIAN_POINT('',(678.366387719412,250.513604601801,4.2));
#13328=CARTESIAN_POINT('',(678.366387719412,245.513604601801,4.6));
#13329=CARTESIAN_POINT('',(674.830853813479,249.049138507734,4.2));
#13330=CARTESIAN_POINT('',(656.782065485054,231.566035604257,4.6));
#13331=CARTESIAN_POINT('',(673.088139161539,247.306423855794,4.2));
#13332=CARTESIAN_POINT('',(676.623673067472,243.770889949861,4.6));
#13333=CARTESIAN_POINT('',(671.623673067472,243.770889949861,4.2));
#13334=CARTESIAN_POINT('',(671.223673067472,212.065281181764,4.6));
#13335=CARTESIAN_POINT('',(648.886942226444,190.639346413263,0.));
#13336=CARTESIAN_POINT('',(648.886942226444,190.639346413263,0.4));
#13337=CARTESIAN_POINT('',(648.948210456134,188.299607117555,0.4));
#13338=CARTESIAN_POINT('',(648.948210456134,188.299607117555,0.));
#13339=CARTESIAN_POINT('',(646.249135624266,188.22892935569,0.));
#13340=CARTESIAN_POINT('',(654.796484542661,188.452749564092,0.4));
#13341=CARTESIAN_POINT('',(646.249135624213,188.228929355681,0.4));
#13342=CARTESIAN_POINT('',(646.249135624213,188.228929355681,0.));
#13343=CARTESIAN_POINT('',(646.1901308505,190.482230754971,0.));
#13344=CARTESIAN_POINT('',(646.1901308505,190.482230754971,0.4));
#13345=CARTESIAN_POINT('',(644.598673067472,188.885950427385,0.400000000000021));
#13346=CARTESIAN_POINT('',(644.598673067472,188.885950427385,8.67361737988404E-16));
#13347=CARTESIAN_POINT('',(650.598673067472,189.0430659568,0.));
#13348=CARTESIAN_POINT('',(656.962091332356,189.209697928396,0.4));
#13349=CARTESIAN_POINT('',(638.624850013439,188.729520365424,0.4));
#13350=CARTESIAN_POINT('',(638.624850013439,188.729520365424,8.67361737988404E-16));
#13351=CARTESIAN_POINT('',(638.598673065191,189.729177688119,0.));
#13352=CARTESIAN_POINT('',(638.598673065191,189.729177688119,0.4));
#13353=CARTESIAN_POINT('',(637.598673067472,189.729177688119,0.4));
#13354=CARTESIAN_POINT('',(637.598673067472,189.729177688119,0.));
#13355=CARTESIAN_POINT('',(637.598673067472,190.229177688119,0.));
#13356=CARTESIAN_POINT('',(637.598673067476,179.813350349735,0.4));
#13357=CARTESIAN_POINT('',(637.598673067472,190.229177688119,0.4));
#13358=CARTESIAN_POINT('',(637.598673067472,190.229177688119,0.));
#13359=CARTESIAN_POINT('',(638.598676001932,190.229177688119,8.67361737988404E-16));
#13360=CARTESIAN_POINT('',(638.598676001932,190.229177688119,0.4));
#13361=CARTESIAN_POINT('',(637.938964874643,190.980700873031,0.4));
#13362=CARTESIAN_POINT('',(637.938964874643,190.980700873031,2.35250987553178E-45));
#13363=CARTESIAN_POINT('',(574.63434565707,263.095429708335,0.));
#13364=CARTESIAN_POINT('',(574.63434565707,263.095429708335,0.4));
#13365=CARTESIAN_POINT('',(665.579301144414,232.484581946856,0.4));
#13366=CARTESIAN_POINT('',(665.579301144414,232.484581946856,9.98579940884782E-46));
#13367=CARTESIAN_POINT('',(627.669130425215,245.244635083157,5.82324461591295E-46));
#13368=CARTESIAN_POINT('',(627.669130425215,245.244635083157,0.4));
#13369=CARTESIAN_POINT('',(667.61493245772,243.163073174422,0.4));
#13370=CARTESIAN_POINT('',(667.61493245772,243.163073174422,0.));
#13371=CARTESIAN_POINT('',(679.598673067472,242.538604601801,8.67361737988404E-18));
#13372=CARTESIAN_POINT('',(679.598673067472,242.538604601801,0.4));
#13373=CARTESIAN_POINT('',(675.004443318501,253.624318517182,0.4));
#13374=CARTESIAN_POINT('',(675.004443318501,253.624318517182,8.67361737988404E-18));
#13375=CARTESIAN_POINT('',(659.690344155265,290.576698235118,8.67361737988404E-18));
#13376=CARTESIAN_POINT('',(659.690344155265,290.576698235118,0.4));
#13377=CARTESIAN_POINT('',(681.921974004388,257.32380912377,0.4));
#13378=CARTESIAN_POINT('',(681.921974004388,257.32380912377,8.67361737988404E-18));
#13379=CARTESIAN_POINT('',(683.803505621001,258.581730332057,0.));
#13380=CARTESIAN_POINT('',(656.304757546999,240.197102564876,0.4));
#13381=CARTESIAN_POINT('',(683.803505621001,258.581730332057,0.4));
#13382=CARTESIAN_POINT('',(683.803505621001,258.581730332057,0.));
#13383=CARTESIAN_POINT('',(686.026668605913,255.256441420923,0.));
#13384=CARTESIAN_POINT('',(686.026668605913,255.256441420923,0.4));
#13385=CARTESIAN_POINT('',(690.022525959075,255.438441457136,0.4));
#13386=CARTESIAN_POINT('',(690.022525959075,255.438441457136,8.67361737988404E-16));
#13387=CARTESIAN_POINT('',(690.587280788667,243.039104701387,0.));
#13388=CARTESIAN_POINT('',(692.233214201099,206.90221557906,0.4));
#13389=CARTESIAN_POINT('',(690.125506130575,253.177485448092,0.4));
#13390=CARTESIAN_POINT('',(690.125506130575,253.177485448092,8.67361737988404E-18));
#13391=CARTESIAN_POINT('',(730.084079662195,254.99748581022,8.67361737988404E-18));
#13392=CARTESIAN_POINT('',(730.084079662195,254.99748581022,0.4));
#13393=CARTESIAN_POINT('',(691.249151512408,245.413731034513,0.4));
#13394=CARTESIAN_POINT('',(691.249151512408,245.413731034513,8.67361737988404E-18));
#13395=CARTESIAN_POINT('',(679.598673067472,242.538604601801,8.67361737988404E-18));
#13396=CARTESIAN_POINT('',(679.598673067472,242.538604601801,0.4));
#13397=CARTESIAN_POINT('',(689.005200497674,235.087615291323,0.4));
#13398=CARTESIAN_POINT('',(689.005200497674,235.087615291323,8.67361737988404E-18));
#13399=CARTESIAN_POINT('',(720.36029193168,210.250984256395,8.67361737988404E-18));
#13400=CARTESIAN_POINT('',(720.36029193168,210.250984256395,0.4));
#13401=CARTESIAN_POINT('',(684.760793117257,228.490383483396,0.4));
#13402=CARTESIAN_POINT('',(684.760793117257,228.490383483396,8.67361737988404E-18));
#13403=CARTESIAN_POINT('',(666.148736454324,192.163535166748,0.));
#13404=CARTESIAN_POINT('',(661.290157223742,182.680603004002,0.4));
#13405=CARTESIAN_POINT('',(666.148736454323,192.163535166748,0.4));
#13406=CARTESIAN_POINT('',(666.148736454323,192.163535166748,-7.43752786670477E-47));
#13407=CARTESIAN_POINT('',(670.598679781748,189.883607201765,0.));
#13408=CARTESIAN_POINT('',(670.598679781748,189.883607201765,0.4));
#13409=CARTESIAN_POINT('',(665.598673067472,189.883607201765,0.400000000000005));
#13410=CARTESIAN_POINT('',(665.598673067472,189.883607201765,-1.21543267145725E-62));
#13411=CARTESIAN_POINT('',(665.598673067472,168.569062182585,0.));
#13412=CARTESIAN_POINT('',(665.598673067472,168.983292596973,0.4));
#13413=CARTESIAN_POINT('',(665.598673067472,168.569062182585,0.4));
#13414=CARTESIAN_POINT('',(665.598673067472,168.569062182585,0.));
#13415=CARTESIAN_POINT('',(670.598673060153,168.569062182585,8.67361737988404E-16));
#13416=CARTESIAN_POINT('',(670.598673060153,168.569062182585,0.4));
#13417=CARTESIAN_POINT('',(665.802398935166,167.156350448083,0.4));
#13418=CARTESIAN_POINT('',(665.802398935166,167.156350448083,8.67361737988404E-16));
#13419=CARTESIAN_POINT('',(671.300688694517,148.4891982893,0.));
#13420=CARTESIAN_POINT('',(668.169848049386,159.118663316706,0.4));
#13421=CARTESIAN_POINT('',(646.1901308505,190.482230754971,0.2));
#13422=CARTESIAN_POINT('',(646.249135624213,188.228929355681,0.4));
#13423=CARTESIAN_POINT('',(644.769734058719,189.290566934081,2.69922972861991E-14));
#13424=CARTESIAN_POINT('',(644.709495108507,189.156855483055,0.132088759565835));
#13425=CARTESIAN_POINT('',(644.652413226233,189.020947802122,0.266455638849957));
#13426=CARTESIAN_POINT('',(644.598673067473,188.885950427385,0.400000000000084));
#13427=CARTESIAN_POINT('',(654.791249153,188.652681029087,0.2));
#13428=CARTESIAN_POINT('',(648.948210456134,188.299607117555,0.4));
#13429=CARTESIAN_POINT('',(648.886942226444,190.639346413263,0.2));
#13430=CARTESIAN_POINT('',(667.977997084106,159.062154847243,0.2));
#13431=CARTESIAN_POINT('',(665.802398935166,167.156350448083,0.4));
#13432=CARTESIAN_POINT('',(670.598673060153,168.569062182585,0.2));
#13433=CARTESIAN_POINT('',(665.598673067472,168.569062182585,0.4));
#13434=CARTESIAN_POINT('',(665.398673067472,168.983292596973,0.2));
#13435=CARTESIAN_POINT('',(665.598673067472,189.883607201765,0.4));
#13436=CARTESIAN_POINT('',(670.598679781748,189.883607201765,0.2));
#13437=CARTESIAN_POINT('',(666.148736454323,192.163535166748,0.4));
#13438=CARTESIAN_POINT('',(661.11215972967,182.771800000137,0.2));
#13439=CARTESIAN_POINT('',(684.760793117257,228.490383483396,0.4));
#13440=CARTESIAN_POINT('',(720.36029193168,210.250984256395,0.2));
#13441=CARTESIAN_POINT('',(689.005200497674,235.087615291323,0.4));
#13442=CARTESIAN_POINT('',(679.598673067472,242.538604601801,0.2));
#13443=CARTESIAN_POINT('',(691.249151512408,245.413731034513,0.4));
#13444=CARTESIAN_POINT('',(730.084079662195,254.99748581022,0.2));
#13445=CARTESIAN_POINT('',(690.125506130575,253.177485448092,0.4));
#13446=CARTESIAN_POINT('',(692.033421333441,206.893115577249,0.2));
#13447=CARTESIAN_POINT('',(690.022525959075,255.438441457136,0.4));
#13448=CARTESIAN_POINT('',(686.026668605913,255.256441420923,0.2));
#13449=CARTESIAN_POINT('',(683.803505621001,258.581730332057,0.4));
#13450=CARTESIAN_POINT('',(656.415915696244,240.030838119319,0.2));
#13451=CARTESIAN_POINT('',(681.921974004388,257.32380912377,0.4));
#13452=CARTESIAN_POINT('',(659.690344155265,290.576698235118,0.2));
#13453=CARTESIAN_POINT('',(675.004443318501,253.624318517182,0.4));
#13454=CARTESIAN_POINT('',(679.598673067472,242.538604601801,0.2));
#13455=CARTESIAN_POINT('',(667.61493245772,243.163073174422,0.4));
#13456=CARTESIAN_POINT('',(627.669130425215,245.244635083157,0.2));
#13457=CARTESIAN_POINT('',(665.579301144414,232.484581946856,0.4));
#13458=CARTESIAN_POINT('',(574.63434565707,263.095429708335,0.2));
#13459=CARTESIAN_POINT('',(637.938964874643,190.980700873031,0.4));
#13460=CARTESIAN_POINT('',(638.598676001932,190.229177688119,0.2));
#13461=CARTESIAN_POINT('',(637.598673067472,190.229177688119,0.4));
#13462=CARTESIAN_POINT('',(637.798673067476,179.813350349736,0.2));
#13463=CARTESIAN_POINT('',(637.598673067472,189.729177688119,0.4));
#13464=CARTESIAN_POINT('',(638.598673065191,189.729177688119,0.2));
#13465=CARTESIAN_POINT('',(638.624850013439,188.729520365424,0.4));
#13466=CARTESIAN_POINT('',(656.956855942695,189.409629393391,0.2));
#13467=CARTESIAN_POINT('',(679.598673067472,242.538604601801,-8.67361737988404E-16));
#13468=CARTESIAN_POINT('',(679.598673067472,242.538604601801,0.4));
#13469=CARTESIAN_POINT('',(679.598673067472,235.538604601801,0.4));
#13470=CARTESIAN_POINT('',(679.598673067472,242.538604601801,0.2));
#13471=CARTESIAN_POINT('',(0.,0.,0.));
#13472=CARTESIAN_POINT('',(543.348673067472,169.397523011361,0.));
#13473=CARTESIAN_POINT('',(543.598673067472,83.5386073570586,0.));
#13474=CARTESIAN_POINT('',(543.598673067472,80.6386073570586,2.42839293192682E-59));
#13475=CARTESIAN_POINT('',(543.598673067472,114.038604601801,0.));
#13476=CARTESIAN_POINT('',(566.563979189346,88.8313692370271,-3.46944695195361E-15));
#13477=CARTESIAN_POINT('',(524.473789220992,85.806551579418,2.60208521396521E-15));
#13478=CARTESIAN_POINT('',(529.857920743755,93.7545782367459,1.7347234759768E-15));
#13479=CARTESIAN_POINT('',(520.257920743755,93.7545782367459,2.31296463463574E-15));
#13480=CARTESIAN_POINT('',(520.257920743755,131.576050624054,2.60208521396521E-15));
#13481=CARTESIAN_POINT('',(520.257920743755,114.038604601801,1.7347234759768E-15));
#13482=CARTESIAN_POINT('',(543.598673067473,114.038604601801,0.));
#13483=CARTESIAN_POINT('',(523.447336552825,125.816310478184,1.7347234759768E-15));
#13484=CARTESIAN_POINT('',(535.473986139704,146.393582954898,1.7347234759768E-15));
#13485=CARTESIAN_POINT('',(535.282992840732,146.066798581098,8.67361737988404E-16));
#13486=CARTESIAN_POINT('',(526.304109176414,151.31462176244,1.7347234759768E-15));
#13487=CARTESIAN_POINT('',(536.280359370988,148.376181350375,8.67361737988404E-16));
#13488=CARTESIAN_POINT('',(539.411200016118,159.005646377781,8.67361737988404E-16));
#13489=CARTESIAN_POINT('',(541.778649130338,167.043333509158,8.67361737988404E-16));
#13490=CARTESIAN_POINT('',(536.59867307479,168.569062182585,0.));
#13491=CARTESIAN_POINT('',(541.998673067472,168.569062182585,-2.89120579329468E-16));
#13492=CARTESIAN_POINT('',(541.998673067472,168.983292596973,0.));
#13493=CARTESIAN_POINT('',(541.998673067472,189.883607201765,6.63956004554392E-15));
#13494=CARTESIAN_POINT('',(536.598666353196,189.883607201765,8.67361737988404E-16));
#13495=CARTESIAN_POINT('',(541.404604668764,192.345929159019,8.67361737988404E-16));
#13496=CARTESIAN_POINT('',(546.263183899346,182.862996996272,0.));
#13497=CARTESIAN_POINT('',(522.79254800583,228.672777475667,1.19927467239692E-44));
#13498=CARTESIAN_POINT('',(486.837054203264,210.250984256396,0.));
#13499=CARTESIAN_POINT('',(518.50569655161,235.335981601673,5.35415172845758E-14));
#13500=CARTESIAN_POINT('',(527.598673067472,242.538604601801,0.));
#13501=CARTESIAN_POINT('',(516.336543904034,245.317893486756,-6.88468379528295E-15));
#13502=CARTESIAN_POINT('',(477.113266472749,254.99748581022,0.));
#13503=CARTESIAN_POINT('',(517.471425739685,253.15928544447,-4.81230671346632E-46));
#13504=CARTESIAN_POINT('',(515.363717669161,206.884015575439,0.));
#13505=CARTESIAN_POINT('',(517.574405911186,255.420241453515,1.27065150236846E-44));
#13506=CARTESIAN_POINT('',(521.170677529031,255.256441420923,0.));
#13507=CARTESIAN_POINT('',(523.171524215452,258.249201440944,7.83487992086692E-46));
#13508=CARTESIAN_POINT('',(550.670272289454,239.864573673762,0.));
#13509=CARTESIAN_POINT('',(525.053055832064,256.991280232658,4.48367688792925E-45));
#13510=CARTESIAN_POINT('',(547.507001979677,290.576698235119,0.));
#13511=CARTESIAN_POINT('',(532.03976182481,253.254794720003,-9.77066756114523E-45));
#13512=CARTESIAN_POINT('',(527.598673067472,242.538604601801,0.));
#13513=CARTESIAN_POINT('',(539.182955656899,243.142257555334,1.5803299874259E-46));
#13514=CARTESIAN_POINT('',(579.528215709729,245.244635083156,0.));
#13515=CARTESIAN_POINT('',(541.238943283339,232.356981415491,-3.37391632714893E-45));
#13516=CARTESIAN_POINT('',(632.563000477874,263.095429708335,0.));
#13517=CARTESIAN_POINT('',(568.994497583742,190.680092481189,-1.89579340745064E-44));
#13518=CARTESIAN_POINT('',(568.598670133012,190.229177688119,0.));
#13519=CARTESIAN_POINT('',(569.198673067472,190.229177688119,2.71050543121376E-17));
#13520=CARTESIAN_POINT('',(569.198673067468,179.813350349735,0.));
#13521=CARTESIAN_POINT('',(569.198673067472,189.729177688119,4.35668572977092E-14));
#13522=CARTESIAN_POINT('',(568.598673069753,189.729177688119,0.));
#13523=CARTESIAN_POINT('',(568.582966900828,189.129383295414,-1.5702284889585E-46));
#13524=CARTESIAN_POINT('',(550.245725581911,189.609560858386,0.));
#13525=CARTESIAN_POINT('',(562.427612076225,189.290566934082,-8.35108420219119E-47));
#13526=CARTESIAN_POINT('',(561.007215284444,190.482230754971,0.));
#13527=CARTESIAN_POINT('',(560.958681290053,188.628792285664,-4.8521992243254E-46));
#13528=CARTESIAN_POINT('',(552.411332371605,188.852612494082,0.));
#13529=CARTESIAN_POINT('',(558.259606458133,188.699470047537,-4.00918440316105E-47));
#13530=CARTESIAN_POINT('',(558.3104039085,190.639346413263,0.));
#13531=CARTESIAN_POINT('',(556.786209158352,189.438292268429,-3.14429320770135E-46));
#13532=CARTESIAN_POINT('',(550.245725581911,189.609560858386,0.));
#13533=CARTESIAN_POINT('',(550.122232320949,189.612794643232,-1.7347234759768E-15));
#13534=CARTESIAN_POINT('',(550.098673067472,188.713103050755,-1.7347234759768E-15));
#13535=CARTESIAN_POINT('',(549.198673067472,188.713103050755,-9.63584680796492E-15));
#13536=CARTESIAN_POINT('',(549.198673067472,179.055313031058,-8.67361737988404E-16));
#13537=CARTESIAN_POINT('',(549.198673067472,169.739613588372,-9.50032153640423E-15));
#13538=CARTESIAN_POINT('',(550.098673067472,169.739613588372,-8.67361737988404E-16));
#13539=CARTESIAN_POINT('',(550.122232320949,168.839921995894,-8.67361737988404E-16));
#13540=CARTESIAN_POINT('',(546.745069071683,168.751487863924,0.));
#13541=CARTESIAN_POINT('',(556.786209158358,169.014424370696,-8.67361737988404E-16));
#13542=CARTESIAN_POINT('',(558.310403908441,167.813370225999,-1.7347234759768E-15));
#13543=CARTESIAN_POINT('',(558.259606458078,169.753246591572,-2.60208521396521E-15));
#13544=CARTESIAN_POINT('',(550.80459420834,169.558030225503,-8.67361737988404E-16));
#13545=CARTESIAN_POINT('',(560.958681235512,169.823924352004,-2.60208521396521E-15));
#13546=CARTESIAN_POINT('',(561.007215233236,167.970485755416,-2.60208521396521E-15));
#13547=CARTESIAN_POINT('',(562.427612083059,169.162149705221,-1.7347234759768E-15));
#13548=CARTESIAN_POINT('',(543.367905822417,168.663053731953,0.));
#13549=CARTESIAN_POINT('',(568.582966898487,169.323333343648,-3.46944695195361E-15));
#13550=CARTESIAN_POINT('',(568.598673067472,168.723538948662,-3.46944695195361E-15));
#13551=CARTESIAN_POINT('',(569.198673067464,168.723538948662,-2.33510042899065E-14));
#13552=CARTESIAN_POINT('',(569.198673067464,169.397523011351,-3.46944695195361E-15));
#13553=CARTESIAN_POINT('',(569.198673067465,168.223538948651,1.32678337356103E-12));
#13554=CARTESIAN_POINT('',(568.598673067472,168.223538948651,-3.46944695195361E-15));
#13555=CARTESIAN_POINT('',(569.016730126854,167.793161320572,8.71054734938315E-8));
#13556=CARTESIAN_POINT('',(590.198384230786,145.98726222744,-6.07153216591882E-15));
#13557=CARTESIAN_POINT('',(565.125265962858,128.797188487674,-2.60208521396521E-15));
#13558=CARTESIAN_POINT('',(543.598673067472,114.038604601801,0.));
#13559=CARTESIAN_POINT('',(569.698673067472,114.038604601801,-1.7347234759768E-15));
#13560=CARTESIAN_POINT('',(569.698673067472,141.718063806581,-2.60208521396521E-15));
#13561=CARTESIAN_POINT('',(569.698673067472,95.9278343259318,-4.18431397715087E-15));
#13562=CARTESIAN_POINT('',(560.098673066262,95.9278343259318,-1.7347234759768E-15));
#13563=CARTESIAN_POINT('',(527.598673067472,242.538604601801,0.));
#13564=CARTESIAN_POINT('',(527.598673067472,235.538604601801,-1.83256121704282E-45));
#13565=CARTESIAN_POINT('',(548.667453479185,193.75225072937,0.));
#13566=CARTESIAN_POINT('',(548.604628732044,191.353073994874,0.));
#13567=CARTESIAN_POINT('',(551.039940793832,193.389897456943,-8.67361737988404E-16));
#13568=CARTESIAN_POINT('',(554.598673067472,192.846367357108,-8.67361737988404E-16));
#13569=CARTESIAN_POINT('',(553.935780224031,196.384809591056,-8.67361737988404E-16));
#13570=CARTESIAN_POINT('',(553.495344754391,198.735801131429,-1.7347234759768E-15));
#13571=CARTESIAN_POINT('',(555.350379201199,200.245765312122,-8.67361737988404E-16));
#13572=CARTESIAN_POINT('',(632.563000477874,263.095429708335,-1.12757025938492E-14));
#13573=CARTESIAN_POINT('',(548.801552056261,209.281965245941,0.));
#13574=CARTESIAN_POINT('',(546.782359942691,207.984713048254,-8.67361737988404E-16));
#13575=CARTESIAN_POINT('',(545.68799598376,210.120682987485,0.));
#13576=CARTESIAN_POINT('',(536.498378116571,205.412383303353,0.));
#13577=CARTESIAN_POINT('',(540.065780428015,207.240141477728,0.));
#13578=CARTESIAN_POINT('',(541.160144526199,205.104171266706,0.));
#13579=CARTESIAN_POINT('',(539.024174315176,204.009807168523,8.67361737988404E-16));
#13580=CARTESIAN_POINT('',(546.496948675129,189.424511970105,0.));
#13581=CARTESIAN_POINT('',(544.817329671476,192.702777552489,0.));
#13582=CARTESIAN_POINT('',(546.953305009696,193.797144277591,-8.67361737988404E-16));
#13583=CARTESIAN_POINT('',(546.890480266533,191.397960619314,0.));
#13584=CARTESIAN_POINT('',(545.408644048178,191.436763923958,-8.67361737988404E-16));
#13585=CARTESIAN_POINT('',(525.918659970379,203.587991364077,1.7347234759768E-15));
#13586=CARTESIAN_POINT('',(534.376803986248,229.24367356479,8.67361737988404E-16));
#13587=CARTESIAN_POINT('',(533.779407266539,227.431618773593,8.67361737988404E-16));
#13588=CARTESIAN_POINT('',(530.360418107531,228.558788282061,1.7347234759768E-15));
#13589=CARTESIAN_POINT('',(531.396493936099,225.111101398411,1.7347234759768E-15));
#13590=CARTESIAN_POINT('',(532.087211360764,222.812642791752,1.7347234759768E-15));
#13591=CARTESIAN_POINT('',(529.95124096331,221.71827859805,1.7347234759768E-15));
#13592=CARTESIAN_POINT('',(553.969723035082,174.839216771687,-8.67361737988404E-16));
#13593=CARTESIAN_POINT('',(535.376293555444,211.129708715991,1.7347234759768E-15));
#13594=CARTESIAN_POINT('',(537.512263481642,212.224072668245,8.67361737988404E-16));
#13595=CARTESIAN_POINT('',(538.606627433896,210.088102742047,0.));
#13596=CARTESIAN_POINT('',(532.228117486992,206.820073885757,1.7347234759768E-15));
#13597=CARTESIAN_POINT('',(543.813493683917,212.755840081575,0.));
#13598=CARTESIAN_POINT('',(542.719128229577,214.891812939532,8.67361737988404E-16));
#13599=CARTESIAN_POINT('',(544.833967652813,216.02648029674,0.));
#13600=CARTESIAN_POINT('',(632.563000477874,263.095429708335,-1.12757025938492E-14));
#13601=CARTESIAN_POINT('',(538.913683884668,229.306752599614,0.));
#13602=CARTESIAN_POINT('',(536.656130270763,228.492227166961,8.67361737988404E-16));
#13603=CARTESIAN_POINT('',(521.170677529031,255.256441420923,1.7347234759768E-15));
#13604=CARTESIAN_POINT('',(521.170677529031,253.506441420923,1.7347234759768E-15));
#13605=CARTESIAN_POINT('',(554.598673067472,192.846367357108,-8.67361737988404E-16));
#13606=CARTESIAN_POINT('',(554.598673067472,191.096367357108,-8.67361737988404E-16));
#13607=CARTESIAN_POINT('',(530.360418107531,228.558788282061,1.7347234759768E-15));
#13608=CARTESIAN_POINT('',(530.360418107531,226.808788282061,1.7347234759768E-15));
#13609=CARTESIAN_POINT('',(554.598673067472,165.606371468662,-8.67361737988404E-16));
#13610=CARTESIAN_POINT('',(554.598673067472,163.856371468662,-8.67361737988404E-16));
#13611=CARTESIAN_POINT('',(545.59867306747,185.726367407784,0.));
#13612=CARTESIAN_POINT('',(545.59867306747,183.326367407784,-6.2830670298611E-46));
#13613=CARTESIAN_POINT('',(563.806463455967,106.697269054733,-1.7347234759768E-15));
#13614=CARTESIAN_POINT('',(563.806463455967,104.297269054733,-1.7347234759768E-15));
#13615=CARTESIAN_POINT('',(530.960775352624,96.6451132516138,1.7347234759768E-15));
#13616=CARTESIAN_POINT('',(530.960775352624,94.8951132516138,1.7347234759768E-15));
#13617=CARTESIAN_POINT('',(543.514625179783,146.038494225871,0.));
#13618=CARTESIAN_POINT('',(539.293903943617,147.281680554052,8.67361737988404E-16));
#13619=CARTESIAN_POINT('',(543.52618176434,141.638509402561,0.));
#13620=CARTESIAN_POINT('',(543.598673067472,114.038604601801,0.));
#13621=CARTESIAN_POINT('',(551.030432568162,140.61921691085,-8.67361737988404E-16));
#13622=CARTESIAN_POINT('',(552.215205821895,144.856705829684,0.));
#13623=CARTESIAN_POINT('',(556.613258059003,144.987612359959,-8.67361737988404E-16));
#13624=CARTESIAN_POINT('',(590.198384230786,145.98726222744,-6.07153216591882E-15));
#13625=CARTESIAN_POINT('',(559.095550141728,158.698427062365,-1.7347234759768E-15));
#13626=CARTESIAN_POINT('',(556.873919135201,159.606367407784,-8.67361737988404E-16));
#13627=CARTESIAN_POINT('',(556.873919135201,162.006367407784,-8.67361737988404E-16));
#13628=CARTESIAN_POINT('',(550.111296101337,162.006367407784,-8.67361737988404E-16));
#13629=CARTESIAN_POINT('',(554.598673067472,162.006367407784,-8.67361737988404E-16));
#13630=CARTESIAN_POINT('',(554.598673067472,165.606371468671,-8.67361737988404E-16));
#13631=CARTESIAN_POINT('',(551.039942709238,165.062802268126,0.));
#13632=CARTESIAN_POINT('',(548.667459899568,164.700423426702,-8.67361737988404E-16));
#13633=CARTESIAN_POINT('',(548.604635261221,167.099599571073,0.));
#13634=CARTESIAN_POINT('',(546.008520947878,167.031617925285,0.));
#13635=CARTESIAN_POINT('',(546.850067491619,167.053654597074,0.));
#13636=CARTESIAN_POINT('',(546.912892187741,164.654476246191,-8.67361737988404E-16));
#13637=CARTESIAN_POINT('',(544.610679864592,165.332578097644,0.));
#13638=CARTESIAN_POINT('',(545.111167985163,167.031776995713,0.));
#13639=CARTESIAN_POINT('',(565.017977152025,112.177580009416,-2.60208521396521E-15));
#13640=CARTESIAN_POINT('',(565.017977152025,110.427580009416,-2.60208521396521E-15));
#13641=CARTESIAN_POINT('',(545.598673067472,170.622119733803,0.));
#13642=CARTESIAN_POINT('',(545.598673067472,168.222119733803,-6.2830670298611E-46));
#13643=CARTESIAN_POINT('',(552.575210645451,133.575026308734,-8.67361737988404E-16));
#13644=CARTESIAN_POINT('',(552.575210645451,131.825026308734,-8.67361737988404E-16));
#13645=CARTESIAN_POINT('',(555.710237229327,96.2745956636911,-1.7347234759768E-15));
#13646=CARTESIAN_POINT('',(555.710237229327,94.5245956636911,-1.7347234759768E-15));
#13647=CARTESIAN_POINT('',(565.178338521623,92.484764134569,-3.46944695195361E-15));
#13648=CARTESIAN_POINT('',(565.178338521623,89.584764134569,-3.46944695195361E-15));
#13649=CARTESIAN_POINT('',(537.312072900005,93.4782384004321,8.67361737988404E-16));
#13650=CARTESIAN_POINT('',(537.312072900005,91.0782384004321,8.67361737988404E-16));
#13651=CARTESIAN_POINT('',(543.598673067472,114.038604601801,-1.44926581278282E-44));
#13652=CARTESIAN_POINT('',(543.598673067472,107.038604601801,-1.6325219344871E-44));
#13653=CARTESIAN_POINT('',(543.348673067472,169.397523011361,3.5));
#13654=CARTESIAN_POINT('',(543.598673067472,83.5386073570586,3.5));
#13655=CARTESIAN_POINT('',(543.598673067472,81.0386073570586,3.5));
#13656=CARTESIAN_POINT('',(529.857920743755,93.7545782367459,3.5));
#13657=CARTESIAN_POINT('',(524.249450407544,85.4753838020294,3.5));
#13658=CARTESIAN_POINT('',(519.857920743755,93.7545782367459,3.5));
#13659=CARTESIAN_POINT('',(543.598673067472,114.038604601801,3.5));
#13660=CARTESIAN_POINT('',(566.833366944441,88.5356831916933,3.5));
#13661=CARTESIAN_POINT('',(560.098673066262,95.9278343259318,3.5));
#13662=CARTESIAN_POINT('',(570.098673067472,95.9278343259318,3.5));
#13663=CARTESIAN_POINT('',(570.098673067472,114.038604601801,3.5));
#13664=CARTESIAN_POINT('',(570.098673067472,114.038604601801,3.5));
#13665=CARTESIAN_POINT('',(543.598673067472,114.038604601801,3.5));
#13666=CARTESIAN_POINT('',(565.455175432519,129.023373681327,3.5));
#13667=CARTESIAN_POINT('',(590.198384230786,145.98726222744,3.5));
#13668=CARTESIAN_POINT('',(569.295436047745,167.506241651419,3.5));
#13669=CARTESIAN_POINT('',(568.598673067472,168.223538948651,3.5));
#13670=CARTESIAN_POINT('',(569.598673067465,168.223538948651,3.5));
#13671=CARTESIAN_POINT('',(569.598673067472,190.229177688119,3.5));
#13672=CARTESIAN_POINT('',(569.598673067465,168.723538948662,3.5));
#13673=CARTESIAN_POINT('',(568.598673067472,168.723538948662,3.5));
#13674=CARTESIAN_POINT('',(568.572496119164,169.723196273638,3.5));
#13675=CARTESIAN_POINT('',(550.111761541626,169.239784925885,3.5));
#13676=CARTESIAN_POINT('',(562.598673067472,169.566766211739,3.5));
#13677=CARTESIAN_POINT('',(561.007215233236,167.970485755416,3.5));
#13678=CARTESIAN_POINT('',(560.948210456189,170.223787281994,3.5));
#13679=CARTESIAN_POINT('',(558.249135678755,170.153109521562,3.5));
#13680=CARTESIAN_POINT('',(558.249135678755,170.153109521562,3.5));
#13681=CARTESIAN_POINT('',(558.310403908441,167.813370225999,3.5));
#13682=CARTESIAN_POINT('',(556.598673067472,169.409650682325,3.5));
#13683=CARTESIAN_POINT('',(550.111761541626,169.239784925885,3.5));
#13684=CARTESIAN_POINT('',(550.111761541626,169.239784925885,3.5));
#13685=CARTESIAN_POINT('',(550.098673067472,169.739613588372,3.5));
#13686=CARTESIAN_POINT('',(549.598673067472,169.739613588372,3.5));
#13687=CARTESIAN_POINT('',(549.598673067472,188.713103050755,3.5));
#13688=CARTESIAN_POINT('',(549.598673067472,188.713103050755,3.5));
#13689=CARTESIAN_POINT('',(550.098673067472,188.713103050755,3.5));
#13690=CARTESIAN_POINT('',(550.111761541626,189.212931713242,3.5));
#13691=CARTESIAN_POINT('',(550.111761541626,189.212931713242,3.5));
#13692=CARTESIAN_POINT('',(556.598673067472,189.0430659568,3.5));
#13693=CARTESIAN_POINT('',(558.3104039085,190.639346413263,3.5));
#13694=CARTESIAN_POINT('',(558.249135678773,188.299607117564,3.5));
#13695=CARTESIAN_POINT('',(560.948210510677,188.22892935569,3.5));
#13696=CARTESIAN_POINT('',(560.948210510695,188.228929355674,3.5));
#13697=CARTESIAN_POINT('',(561.007215284444,190.482230754971,3.5));
#13698=CARTESIAN_POINT('',(562.598673067472,188.885950427385,3.5));
#13699=CARTESIAN_POINT('',(556.598673067472,189.0430659568,3.5));
#13700=CARTESIAN_POINT('',(568.572496121505,188.729520365424,3.5));
#13701=CARTESIAN_POINT('',(568.598673069753,189.729177688119,3.5));
#13702=CARTESIAN_POINT('',(569.598673067472,189.729177688119,3.5));
#13703=CARTESIAN_POINT('',(569.598673067472,190.229177688119,3.5));
#13704=CARTESIAN_POINT('',(569.598673067472,190.229177688119,3.5));
#13705=CARTESIAN_POINT('',(568.598670133012,190.229177688119,3.5));
#13706=CARTESIAN_POINT('',(569.258381260301,190.980700873031,3.5));
#13707=CARTESIAN_POINT('',(632.563000477874,263.095429708335,3.5));
#13708=CARTESIAN_POINT('',(541.618044990531,232.484581946854,3.5));
#13709=CARTESIAN_POINT('',(579.528215709729,245.244635083156,3.5));
#13710=CARTESIAN_POINT('',(539.582413677224,243.163073174421,3.49999999999968));
#13711=CARTESIAN_POINT('',(527.598673067472,242.538604601801,3.49999999999968));
#13712=CARTESIAN_POINT('',(532.192902816443,253.624318517182,3.49999999999968));
#13713=CARTESIAN_POINT('',(547.507001979677,290.576698235119,3.5));
#13714=CARTESIAN_POINT('',(525.275372130555,257.323809123771,3.5));
#13715=CARTESIAN_POINT('',(523.393840513943,258.581730332057,3.5));
#13716=CARTESIAN_POINT('',(523.393840513943,258.581730332057,3.5));
#13717=CARTESIAN_POINT('',(521.170677529031,255.256441420923,3.5));
#13718=CARTESIAN_POINT('',(517.174820175869,255.438441457136,3.5));
#13719=CARTESIAN_POINT('',(517.174820175869,255.438441457136,3.5));
#13720=CARTESIAN_POINT('',(517.071840004368,253.177485448092,3.5));
#13721=CARTESIAN_POINT('',(477.113266472749,254.99748581022,3.5));
#13722=CARTESIAN_POINT('',(515.948194622536,245.413731034513,3.49999999999979));
#13723=CARTESIAN_POINT('',(527.598673067472,242.538604601801,3.49999999999968));
#13724=CARTESIAN_POINT('',(518.19214563727,235.087615291323,3.49999999999979));
#13725=CARTESIAN_POINT('',(486.837054203264,210.250984256396,3.5));
#13726=CARTESIAN_POINT('',(522.436553017687,228.490383483398,3.5));
#13727=CARTESIAN_POINT('',(517.808810893506,237.522769814377,3.5));
#13728=CARTESIAN_POINT('',(541.04860968062,192.163535166748,3.5));
#13729=CARTESIAN_POINT('',(536.598666353196,189.883607201765,3.5));
#13730=CARTESIAN_POINT('',(541.598673067472,189.883607201765,3.5));
#13731=CARTESIAN_POINT('',(541.598673067472,189.883607201765,3.5));
#13732=CARTESIAN_POINT('',(541.598673067472,168.569062182585,3.5));
#13733=CARTESIAN_POINT('',(536.59867307479,168.569062182585,3.5));
#13734=CARTESIAN_POINT('',(541.394947199777,167.156350448083,3.5));
#13735=CARTESIAN_POINT('',(541.394947199777,167.156350448083,3.5));
#13736=CARTESIAN_POINT('',(535.896657440427,148.4891982893,3.5));
#13737=CARTESIAN_POINT('',(526.304109176414,151.31462176244,3.5));
#13738=CARTESIAN_POINT('',(534.937651161335,146.268637934226,3.5));
#13739=CARTESIAN_POINT('',(534.937651161335,146.268637934226,3.5));
#13740=CARTESIAN_POINT('',(523.101994873429,126.018149831312,3.5));
#13741=CARTESIAN_POINT('',(543.598673067473,114.038604601801,3.5));
#13742=CARTESIAN_POINT('',(519.857920743755,114.038604601801,3.5));
#13743=CARTESIAN_POINT('',(519.857920743755,114.038604601801,3.5));
#13744=CARTESIAN_POINT('',(543.598673067472,114.038604601801,3.5));
#13745=CARTESIAN_POINT('',(543.598673067472,103.038604601801,3.5));
#13746=CARTESIAN_POINT('',(538.045585204749,239.094475278444,3.5));
#13747=CARTESIAN_POINT('',(534.756691700331,229.118432498486,3.5));
#13748=CARTESIAN_POINT('',(534.159294980622,227.306377707289,3.5));
#13749=CARTESIAN_POINT('',(536.656130270763,228.492227166961,3.5));
#13750=CARTESIAN_POINT('',(538.53742494902,229.170998360839,3.5));
#13751=CARTESIAN_POINT('',(632.563000477874,263.095429708335,3.5));
#13752=CARTESIAN_POINT('',(544.481494898959,215.83736932987,3.5));
#13753=CARTESIAN_POINT('',(542.719128229577,214.891812939532,3.5));
#13754=CARTESIAN_POINT('',(543.631099691647,213.11183506972,3.5));
#13755=CARTESIAN_POINT('',(538.424233441626,210.444097730191,3.5));
#13756=CARTESIAN_POINT('',(538.424233441626,210.444097730191,3.5));
#13757=CARTESIAN_POINT('',(537.512263481642,212.224072668245,3.5));
#13758=CARTESIAN_POINT('',(535.732288543589,211.312102708261,3.5));
#13759=CARTESIAN_POINT('',(539.38016930332,204.192201160793,3.5));
#13760=CARTESIAN_POINT('',(530.307235951454,221.90067259032,3.5));
#13761=CARTESIAN_POINT('',(532.087211360764,222.812642791752,3.5));
#13762=CARTESIAN_POINT('',(531.511613481622,224.728025048006,3.5));
#13763=CARTESIAN_POINT('',(530.360418107531,228.558788282061,3.5));
#13764=CARTESIAN_POINT('',(548.667453479185,193.75225072937,3.5));
#13765=CARTESIAN_POINT('',(548.615099594851,191.752936939588,3.5));
#13766=CARTESIAN_POINT('',(550.644526102453,193.450289690234,3.5));
#13767=CARTESIAN_POINT('',(546.90095102967,191.797823516383,3.5));
#13768=CARTESIAN_POINT('',(546.900950941852,191.797823535355,3.5));
#13769=CARTESIAN_POINT('',(546.953305009696,193.797144277591,3.5));
#13770=CARTESIAN_POINT('',(545.17332465962,192.885171544759,3.5));
#13771=CARTESIAN_POINT('',(539.38016930332,204.192201160793,3.5));
#13772=CARTESIAN_POINT('',(539.38016930332,204.192201160793,3.5));
#13773=CARTESIAN_POINT('',(541.160144526199,205.104171266706,3.5));
#13774=CARTESIAN_POINT('',(540.248174420285,206.884146489585,3.5));
#13775=CARTESIAN_POINT('',(540.248174420285,206.884146489585,3.5));
#13776=CARTESIAN_POINT('',(545.87038997603,209.764687999341,3.5));
#13777=CARTESIAN_POINT('',(546.782359942691,207.984713048254,3.5));
#13778=CARTESIAN_POINT('',(548.465020038966,209.065756547375,3.5));
#13779=CARTESIAN_POINT('',(632.563000477874,263.095429708335,3.5));
#13780=CARTESIAN_POINT('',(555.040158691781,199.993251479754,3.5));
#13781=CARTESIAN_POINT('',(553.495344754391,198.735801131429,3.5));
#13782=CARTESIAN_POINT('',(553.862125464686,196.777969833738,3.5));
#13783=CARTESIAN_POINT('',(554.598673067472,192.846367357108,3.5));
#13784=CARTESIAN_POINT('',(565.178338521623,92.484764134569,3.5));
#13785=CARTESIAN_POINT('',(565.178338521623,89.984764134569,3.5));
#13786=CARTESIAN_POINT('',(543.514625179783,146.038494225871,3.5));
#13787=CARTESIAN_POINT('',(539.677605874178,147.168663615127,3.5));
#13788=CARTESIAN_POINT('',(543.525131165744,142.038508022862,3.5));
#13789=CARTESIAN_POINT('',(544.994381795153,165.219561158718,3.5));
#13790=CARTESIAN_POINT('',(544.994381795153,165.219561158718,3.5));
#13791=CARTESIAN_POINT('',(546.912892187741,164.654476246191,3.5));
#13792=CARTESIAN_POINT('',(546.860538270941,166.653791667083,3.5));
#13793=CARTESIAN_POINT('',(543.651026841025,166.569747652513,3.5));
#13794=CARTESIAN_POINT('',(548.615106040544,166.699736641082,3.5));
#13795=CARTESIAN_POINT('',(548.667459899568,164.700423426702,3.5));
#13796=CARTESIAN_POINT('',(550.644528671027,165.002405758417,3.5));
#13797=CARTESIAN_POINT('',(554.598673067472,165.606371468671,3.5));
#13798=CARTESIAN_POINT('',(554.598673067472,161.606367407784,3.5));
#13799=CARTESIAN_POINT('',(554.598673067472,161.606367407784,3.5));
#13800=CARTESIAN_POINT('',(556.873919135201,161.606367407784,3.5));
#13801=CARTESIAN_POINT('',(556.873919135201,159.606367407784,3.5));
#13802=CARTESIAN_POINT('',(558.725278307307,158.849750453268,3.5));
#13803=CARTESIAN_POINT('',(590.198384230786,145.98726222744,3.5));
#13804=CARTESIAN_POINT('',(556.213435128357,144.975711766297,3.5));
#13805=CARTESIAN_POINT('',(552.215205821895,144.856705829684,3.5));
#13806=CARTESIAN_POINT('',(551.138139227592,141.004443176198,3.5));
#13807=CARTESIAN_POINT('',(543.598673067472,114.038604601801,3.5));
#13808=CARTESIAN_POINT('',(554.598673067472,192.84636735756,3.5));
#13809=CARTESIAN_POINT('',(554.598673067472,189.59636735756,3.5));
#13810=CARTESIAN_POINT('',(554.598673067472,165.606371468662,3.5));
#13811=CARTESIAN_POINT('',(554.598673067472,162.356371468662,3.5));
#13812=CARTESIAN_POINT('',(555.710237229327,96.2745956636911,3.5));
#13813=CARTESIAN_POINT('',(555.710237229327,93.0245956636911,3.5));
#13814=CARTESIAN_POINT('',(552.575210645451,133.575026308734,3.5));
#13815=CARTESIAN_POINT('',(552.575210645451,130.325026308734,3.5));
#13816=CARTESIAN_POINT('',(527.598673067472,242.538604601801,3.5));
#13817=CARTESIAN_POINT('',(522.636711599202,252.355882146385,3.5));
#13818=CARTESIAN_POINT('',(529.730546431728,231.747167442703,3.5));
#13819=CARTESIAN_POINT('',(521.170677529031,255.256441420923,3.5));
#13820=CARTESIAN_POINT('',(527.598673067472,242.538604601801,3.5));
#13821=CARTESIAN_POINT('',(530.360418107531,228.558788282061,3.5));
#13822=CARTESIAN_POINT('',(543.598673067472,114.038604601801,0.2));
#13823=CARTESIAN_POINT('',(543.598673067472,114.038604601801,0.4));
#13824=CARTESIAN_POINT('',(524.249450407544,85.4753838020294,0.4));
#13825=CARTESIAN_POINT('',(566.833366944441,88.5356831916933,0.4));
#13826=CARTESIAN_POINT('',(524.473789220992,85.806551579418,2.60208521396521E-15));
#13827=CARTESIAN_POINT('',(566.563979189346,88.8313692370271,-3.46944695195361E-15));
#13828=CARTESIAN_POINT('',(543.598673067472,83.5386073570586,0.2));
#13829=CARTESIAN_POINT('',(543.598673067472,83.5386073570586,0.4));
#13830=CARTESIAN_POINT('',(543.598673067472,81.0386073570586,0.4));
#13831=CARTESIAN_POINT('',(543.598673067472,83.5386073570586,0.));
#13832=CARTESIAN_POINT('',(543.598673067472,114.038604601801,0.));
#13833=CARTESIAN_POINT('',(566.833366944441,88.5356831916933,-2.60208521396521E-15));
#13834=CARTESIAN_POINT('',(524.249450407544,85.4753838020294,3.46944695195361E-15));
#13835=CARTESIAN_POINT('',(537.312072900005,93.4782384004321,0.2));
#13836=CARTESIAN_POINT('',(537.312072900005,93.4782384004321,0.4));
#13837=CARTESIAN_POINT('',(537.312072900005,91.4782384004321,0.4));
#13838=CARTESIAN_POINT('',(565.178338521623,92.484764134569,0.199999999999997));
#13839=CARTESIAN_POINT('',(565.178338521623,92.484764134569,0.4));
#13840=CARTESIAN_POINT('',(565.178338521623,89.984764134569,0.4));
#13841=CARTESIAN_POINT('',(555.710237229327,96.2745956636911,0.2));
#13842=CARTESIAN_POINT('',(555.710237229327,96.2745956636911,0.149999999999998));
#13843=CARTESIAN_POINT('',(555.710237229327,94.6745956636911,0.149999999999998));
#13844=CARTESIAN_POINT('',(552.575210645451,133.575026308734,0.2));
#13845=CARTESIAN_POINT('',(552.575210645451,133.575026308734,0.15));
#13846=CARTESIAN_POINT('',(552.575210645451,131.975026308734,0.15));
#13847=CARTESIAN_POINT('',(545.598673067472,170.622119733803,0.2));
#13848=CARTESIAN_POINT('',(545.598673067472,170.622119733803,0.4));
#13849=CARTESIAN_POINT('',(545.598673067472,168.622119733803,0.4));
#13850=CARTESIAN_POINT('',(565.017977152025,112.177580009416,0.2));
#13851=CARTESIAN_POINT('',(565.017977152025,112.177580009416,1.75));
#13852=CARTESIAN_POINT('',(543.514625179783,146.038494225871,0.2));
#13853=CARTESIAN_POINT('',(543.52618176434,141.638509402561,0.));
#13854=CARTESIAN_POINT('',(543.525131165744,142.038508022862,0.4));
#13855=CARTESIAN_POINT('',(539.677605874178,147.168663615127,0.4));
#13856=CARTESIAN_POINT('',(539.677605874178,147.168663615127,0.4));
#13857=CARTESIAN_POINT('',(543.514625179783,146.038494225871,0.4));
#13858=CARTESIAN_POINT('',(543.598673067472,114.038604601801,0.2));
#13859=CARTESIAN_POINT('',(551.030432568162,140.61921691085,-8.67361737988404E-16));
#13860=CARTESIAN_POINT('',(551.138139227592,141.004443176198,0.4));
#13861=CARTESIAN_POINT('',(543.598673067472,114.038604601801,0.4));
#13862=CARTESIAN_POINT('',(552.215205821895,144.856705829684,0.2));
#13863=CARTESIAN_POINT('',(556.613258059003,144.987612359959,-8.67361737988404E-16));
#13864=CARTESIAN_POINT('',(556.213435128357,144.975711766297,0.4));
#13865=CARTESIAN_POINT('',(552.215205821895,144.856705829684,0.4));
#13866=CARTESIAN_POINT('',(590.198384230786,145.98726222744,0.199999999999995));
#13867=CARTESIAN_POINT('',(559.095550141728,158.698427062365,-1.7347234759768E-15));
#13868=CARTESIAN_POINT('',(558.725278307307,158.849750453268,0.4));
#13869=CARTESIAN_POINT('',(590.198384230786,145.98726222744,0.399999999999994));
#13870=CARTESIAN_POINT('',(556.873919135201,159.606367407784,0.2));
#13871=CARTESIAN_POINT('',(556.873919135201,162.006367407784,-8.67361737988404E-16));
#13872=CARTESIAN_POINT('',(556.873919135201,161.606367407784,0.4));
#13873=CARTESIAN_POINT('',(556.873919135201,159.606367407784,0.4));
#13874=CARTESIAN_POINT('',(550.111296101337,161.806367407785,0.2));
#13875=CARTESIAN_POINT('',(554.598673067472,162.006367407784,-8.67361737988404E-16));
#13876=CARTESIAN_POINT('',(554.598673067472,161.606367407784,0.4));
#13877=CARTESIAN_POINT('',(550.111296101337,161.606367407784,0.4));
#13878=CARTESIAN_POINT('',(554.598673067472,165.606371468671,0.2));
#13879=CARTESIAN_POINT('',(551.039942709238,165.062802268126,0.));
#13880=CARTESIAN_POINT('',(550.644528671027,165.002405758417,0.4));
#13881=CARTESIAN_POINT('',(554.598673067472,165.606371468671,0.4));
#13882=CARTESIAN_POINT('',(548.667459899568,164.700423426702,0.2));
#13883=CARTESIAN_POINT('',(548.604635261221,167.099599571073,0.));
#13884=CARTESIAN_POINT('',(548.615106040544,166.699736641082,0.4));
#13885=CARTESIAN_POINT('',(548.667459899568,164.700423426702,0.4));
#13886=CARTESIAN_POINT('',(546.013756337539,166.83168646029,0.2));
#13887=CARTESIAN_POINT('',(546.850067491619,167.053654597074,0.));
#13888=CARTESIAN_POINT('',(546.860538270941,166.653791667083,0.4));
#13889=CARTESIAN_POINT('',(546.018991727201,166.631754995295,0.4));
#13890=CARTESIAN_POINT('',(546.912892187741,164.654476246191,0.2));
#13891=CARTESIAN_POINT('',(544.610679864592,165.332578097644,0.));
#13892=CARTESIAN_POINT('',(544.994381795153,165.219561158718,0.4));
#13893=CARTESIAN_POINT('',(546.912892187741,164.654476246191,0.4));
#13894=CARTESIAN_POINT('',(545.303018950443,166.97526852625,0.2));
#13895=CARTESIAN_POINT('',(545.494869915724,166.918760056787,0.4));
#13896=CARTESIAN_POINT('',(530.960775352624,96.6451132516138,0.200000000000003));
#13897=CARTESIAN_POINT('',(530.960775352624,96.6451132516138,1.75));
#13898=CARTESIAN_POINT('',(563.806463455967,106.697269054733,0.2));
#13899=CARTESIAN_POINT('',(563.806463455967,106.697269054733,0.4));
#13900=CARTESIAN_POINT('',(563.806463455967,104.697269054733,0.4));
#13901=CARTESIAN_POINT('',(545.59867306747,185.726367407784,0.2));
#13902=CARTESIAN_POINT('',(545.59867306747,185.726367407784,0.4));
#13903=CARTESIAN_POINT('',(545.59867306747,183.726367407784,0.4));
#13904=CARTESIAN_POINT('',(554.598673067472,165.606371468662,0.2));
#13905=CARTESIAN_POINT('',(554.598673067472,165.606371468662,0.15));
#13906=CARTESIAN_POINT('',(554.598673067472,164.006371468662,0.15));
#13907=CARTESIAN_POINT('',(530.360418107531,228.558788282061,0.200000000000003));
#13908=CARTESIAN_POINT('',(530.360418107531,228.558788282061,0.15));
#13909=CARTESIAN_POINT('',(530.360418107531,226.958788282061,0.15));
#13910=CARTESIAN_POINT('',(554.598673067472,192.846367357108,0.2));
#13911=CARTESIAN_POINT('',(554.598673067472,192.84636735756,0.15));
#13912=CARTESIAN_POINT('',(554.598673067472,191.24636735756,0.15));
#13913=CARTESIAN_POINT('',(521.170677529031,255.256441420923,0.200000000000003));
#13914=CARTESIAN_POINT('',(521.170677529031,255.256441420923,0.15));
#13915=CARTESIAN_POINT('',(521.170677529031,253.656441420923,0.15));
#13916=CARTESIAN_POINT('',(526.108603827421,203.525370830926,0.200000000000003));
#13917=CARTESIAN_POINT('',(533.779407266539,227.431618773593,8.67361737988404E-16));
#13918=CARTESIAN_POINT('',(534.159294980622,227.306377707289,0.4));
#13919=CARTESIAN_POINT('',(534.756691700331,229.118432498486,0.4));
#13920=CARTESIAN_POINT('',(534.756691700331,229.118432498486,0.4));
#13921=CARTESIAN_POINT('',(526.298547684462,203.462750297774,0.4));
#13922=CARTESIAN_POINT('',(530.360418107531,228.558788282061,0.200000000000003));
#13923=CARTESIAN_POINT('',(531.396493936099,225.111101398411,1.7347234759768E-15));
#13924=CARTESIAN_POINT('',(531.511613481622,224.728025048006,0.4));
#13925=CARTESIAN_POINT('',(530.360418107531,228.558788282061,0.4));
#13926=CARTESIAN_POINT('',(532.087211360764,222.812642791752,0.200000000000003));
#13927=CARTESIAN_POINT('',(531.108224909073,222.31105919297,1.30000026325584));
#13928=CARTESIAN_POINT('',(530.307235951454,221.90067259032,0.4));
#13929=CARTESIAN_POINT('',(532.087211360764,222.812642791752,0.4));
#13930=CARTESIAN_POINT('',(546.674946169201,189.51570896624,0.2));
#13931=CARTESIAN_POINT('',(536.533277265579,211.722489190185,1.2999999985014));
#13932=CARTESIAN_POINT('',(535.732288543589,211.312102708261,0.4));
#13933=CARTESIAN_POINT('',(539.38016930332,204.192201160793,0.4));
#13934=CARTESIAN_POINT('',(537.512263481642,212.224072668245,0.2));
#13935=CARTESIAN_POINT('',(538.606627433896,210.088102742047,0.));
#13936=CARTESIAN_POINT('',(538.424233441626,210.444097730191,0.4));
#13937=CARTESIAN_POINT('',(537.512263481642,212.224072668245,0.4));
#13938=CARTESIAN_POINT('',(532.136920490857,206.998071379829,0.2));
#13939=CARTESIAN_POINT('',(543.813493683917,212.755840081575,0.));
#13940=CARTESIAN_POINT('',(543.631099691647,213.11183506972,0.4));
#13941=CARTESIAN_POINT('',(532.045723494722,207.176068873901,0.4));
#13942=CARTESIAN_POINT('',(542.719128229577,214.891812939532,0.2));
#13943=CARTESIAN_POINT('',(544.833967652813,216.02648029674,0.));
#13944=CARTESIAN_POINT('',(544.481494898959,215.83736932987,0.4));
#13945=CARTESIAN_POINT('',(542.719128229577,214.891812939532,0.4));
#13946=CARTESIAN_POINT('',(632.563000477874,263.095429708335,0.199999999999989));
#13947=CARTESIAN_POINT('',(538.913683884668,229.306752599614,0.));
#13948=CARTESIAN_POINT('',(538.53742494902,229.170998360839,0.4));
#13949=CARTESIAN_POINT('',(632.563000477874,263.095429708335,0.399999999999989));
#13950=CARTESIAN_POINT('',(536.656130270763,228.492227166961,0.2));
#13951=CARTESIAN_POINT('',(536.656130270763,228.492227166961,0.4));
#13952=CARTESIAN_POINT('',(548.667453479185,193.75225072937,0.2));
#13953=CARTESIAN_POINT('',(551.039940793832,193.389897456943,-8.67361737988404E-16));
#13954=CARTESIAN_POINT('',(550.644526102453,193.450289690234,0.4));
#13955=CARTESIAN_POINT('',(548.615099526926,191.752936924932,0.4));
#13956=CARTESIAN_POINT('',(548.615099565614,191.752936940355,0.400000016560643));
#13957=CARTESIAN_POINT('',(548.667453479185,193.75225072937,0.4));
#13958=CARTESIAN_POINT('',(554.598673067472,192.846367357108,0.2));
#13959=CARTESIAN_POINT('',(553.935780224031,196.384809591056,-8.67361737988404E-16));
#13960=CARTESIAN_POINT('',(553.862125464686,196.777969833738,0.4));
#13961=CARTESIAN_POINT('',(554.598673067472,192.846367357108,0.4));
#13962=CARTESIAN_POINT('',(553.495344754391,198.735801131429,0.2));
#13963=CARTESIAN_POINT('',(555.350379201198,200.245765312122,-8.67361737988404E-16));
#13964=CARTESIAN_POINT('',(555.040158691781,199.993251479754,0.4));
#13965=CARTESIAN_POINT('',(553.495344754391,198.735801131429,0.4));
#13966=CARTESIAN_POINT('',(632.563000477874,263.095429708335,0.199999999999989));
#13967=CARTESIAN_POINT('',(548.801552056261,209.281965245941,0.));
#13968=CARTESIAN_POINT('',(548.465020038966,209.065756547375,0.4));
#13969=CARTESIAN_POINT('',(632.563000477874,263.095429708335,0.400000000000108));
#13970=CARTESIAN_POINT('',(546.782359942691,207.984713048254,0.2));
#13971=CARTESIAN_POINT('',(545.68799598376,210.120682987485,0.));
#13972=CARTESIAN_POINT('',(545.87038997603,209.764687999341,0.4));
#13973=CARTESIAN_POINT('',(546.782359942691,207.984713048254,0.4));
#13974=CARTESIAN_POINT('',(536.589575112706,205.23438580928,0.2));
#13975=CARTESIAN_POINT('',(540.065780428015,207.240141477728,0.));
#13976=CARTESIAN_POINT('',(540.248174420285,206.884146489585,0.4));
#13977=CARTESIAN_POINT('',(536.680772108841,205.056388315208,0.4));
#13978=CARTESIAN_POINT('',(541.160144526199,205.104171266706,0.2));
#13979=CARTESIAN_POINT('',(539.024174315176,204.009807168523,8.67361737988404E-16));
#13980=CARTESIAN_POINT('',(539.38016930332,204.192201160793,0.4));
#13981=CARTESIAN_POINT('',(541.160144526199,205.104171266706,0.4));
#13982=CARTESIAN_POINT('',(546.674946169201,189.51570896624,0.2));
#13983=CARTESIAN_POINT('',(544.817329671476,192.702777552489,0.));
#13984=CARTESIAN_POINT('',(545.17332465962,192.885171544759,0.4));
#13985=CARTESIAN_POINT('',(546.852943663273,189.606905962375,0.4));
#13986=CARTESIAN_POINT('',(546.953305009696,193.797144277591,0.2));
#13987=CARTESIAN_POINT('',(546.890480266533,191.397960619314,0.));
#13988=CARTESIAN_POINT('',(546.900950992422,191.797823534058,0.399999983397811));
#13989=CARTESIAN_POINT('',(546.953305009696,193.797144277591,0.4));
#13990=CARTESIAN_POINT('',(545.413879445613,191.63669538875,0.2));
#13991=CARTESIAN_POINT('',(546.900951014124,191.797823516791,0.3999999666665));
#13992=CARTESIAN_POINT('',(546.739833682022,168.951419328919,0.2));
#13993=CARTESIAN_POINT('',(546.73459829236,169.151350793914,0.4));
#13994=CARTESIAN_POINT('',(556.598673067472,169.409650682325,0.4));
#13995=CARTESIAN_POINT('',(550.111761541626,169.239784925885,0.4));
#13996=CARTESIAN_POINT('',(552.671921276173,323.282107997401,154.322519444652));
#13997=CARTESIAN_POINT('',(550.111761541626,169.239784925885,0.4));
#13998=CARTESIAN_POINT('',(558.310403908441,167.813370225999,0.2));
#13999=CARTESIAN_POINT('',(558.310403908441,167.813370225999,0.4));
#14000=CARTESIAN_POINT('',(558.249135678755,170.153109521562,0.4));
#14001=CARTESIAN_POINT('',(558.259606458078,169.753246591572,-2.60208521396521E-15));
#14002=CARTESIAN_POINT('',(550.799358818679,169.757961690499,0.2));
#14003=CARTESIAN_POINT('',(560.958681235512,169.823924352004,-2.60208521396521E-15));
#14004=CARTESIAN_POINT('',(560.948210456189,170.223787281994,0.4));
#14005=CARTESIAN_POINT('',(550.794123429017,169.957893155494,0.4));
#14006=CARTESIAN_POINT('',(561.007215233236,167.970485755416,0.2));
#14007=CARTESIAN_POINT('',(561.007215233236,167.970485755416,0.4));
#14008=CARTESIAN_POINT('',(562.598673067472,169.566766211739,0.4));
#14009=CARTESIAN_POINT('',(558.811699258115,310.175375632753,141.059557783516));
#14010=CARTESIAN_POINT('',(546.739833682022,168.951419328919,0.2));
#14011=CARTESIAN_POINT('',(550.111761541626,169.239784925885,0.4));
#14012=CARTESIAN_POINT('',(568.572496119164,169.723196273638,0.4));
#14013=CARTESIAN_POINT('',(568.588202288149,169.123401878652,-0.199999999999503));
#14014=CARTESIAN_POINT('',(568.598673067472,168.723538948662,0.199999999999997));
#14015=CARTESIAN_POINT('',(568.998673067468,168.723538948662,-0.199999999996033));
#14016=CARTESIAN_POINT('',(569.598673067468,168.723538948662,0.400000000000982));
#14017=CARTESIAN_POINT('',(568.598673067472,168.723538948662,0.4));
#14018=CARTESIAN_POINT('',(569.398673067468,179.813350349736,0.2));
#14019=CARTESIAN_POINT('',(569.598673067472,190.229177688119,0.4));
#14020=CARTESIAN_POINT('',(569.598673067468,168.223538948651,0.400000000000989));
#14021=CARTESIAN_POINT('',(568.998673067468,168.223538948651,-0.199999999995993));
#14022=CARTESIAN_POINT('',(568.598673067472,168.223538948651,0.199999999999997));
#14023=CARTESIAN_POINT('',(569.016732096584,167.793159292792,-3.46944695195361E-15));
#14024=CARTESIAN_POINT('',(569.295436035301,167.506241664229,0.399999955790195));
#14025=CARTESIAN_POINT('',(568.598673067472,168.223538948651,0.4));
#14026=CARTESIAN_POINT('',(590.198384230786,145.98726222744,0.199999999999995));
#14027=CARTESIAN_POINT('',(590.198384230786,145.98726222744,0.399999999999994));
#14028=CARTESIAN_POINT('',(565.455175432519,129.023373681327,0.4));
#14029=CARTESIAN_POINT('',(565.125265962858,128.797188487674,-2.60208521396521E-15));
#14030=CARTESIAN_POINT('',(543.598673067472,114.038604601801,0.2));
#14031=CARTESIAN_POINT('',(569.698673067472,114.038604601801,-2.60208521396521E-15));
#14032=CARTESIAN_POINT('',(570.098673067472,114.038604601801,0.399999999999991));
#14033=CARTESIAN_POINT('',(543.598673067472,114.038604601801,0.4));
#14034=CARTESIAN_POINT('',(569.898673067472,141.718063806581,0.199999999999997));
#14035=CARTESIAN_POINT('',(569.698673067472,95.9278343259318,-2.60208521396521E-15));
#14036=CARTESIAN_POINT('',(570.098673067472,95.9278343259318,0.399999999999991));
#14037=CARTESIAN_POINT('',(570.098673067472,141.718063806581,0.4));
#14038=CARTESIAN_POINT('',(560.098673066262,95.9278343259318,0.2));
#14039=CARTESIAN_POINT('',(560.098673066262,95.9278343259318,0.4));
#14040=CARTESIAN_POINT('',(529.857920743755,93.7545782367459,0.200000000000003));
#14041=CARTESIAN_POINT('',(520.257920743755,93.7545782367459,2.60208521396521E-15));
#14042=CARTESIAN_POINT('',(519.857920743755,93.7545782367459,0.399999999999993));
#14043=CARTESIAN_POINT('',(529.857920743755,93.7545782367459,0.4));
#14044=CARTESIAN_POINT('',(520.057920743755,131.576050624054,0.200000000000003));
#14045=CARTESIAN_POINT('',(519.857920743755,131.576050624054,0.4));
#14046=CARTESIAN_POINT('',(519.857920743755,114.038604601801,0.399999999999992));
#14047=CARTESIAN_POINT('',(520.257920743755,114.038604601801,2.60208521396521E-15));
#14048=CARTESIAN_POINT('',(543.598673067473,114.038604601801,0.2));
#14049=CARTESIAN_POINT('',(523.447336552825,125.816310478184,1.7347234759768E-15));
#14050=CARTESIAN_POINT('',(523.101994873429,126.018149831312,0.4));
#14051=CARTESIAN_POINT('',(543.598673067473,114.038604601801,0.4));
#14052=CARTESIAN_POINT('',(535.301315300005,146.494502631462,0.2));
#14053=CARTESIAN_POINT('',(535.128644460307,146.595422308026,0.4));
#14054=CARTESIAN_POINT('',(534.937651161335,146.268637934226,0.4));
#14055=CARTESIAN_POINT('',(535.282992840732,146.066798581098,8.67361737988404E-16));
#14056=CARTESIAN_POINT('',(526.304109176414,151.31462176244,0.200000000000003));
#14057=CARTESIAN_POINT('',(526.304109176414,151.31462176244,0.4));
#14058=CARTESIAN_POINT('',(535.896657440427,148.4891982893,0.4));
#14059=CARTESIAN_POINT('',(536.280359370988,148.376181350375,8.67361737988404E-16));
#14060=CARTESIAN_POINT('',(539.219349050838,159.062154847243,0.2));
#14061=CARTESIAN_POINT('',(539.027498085558,159.118663316706,0.4));
#14062=CARTESIAN_POINT('',(541.394947199777,167.156350448083,0.4));
#14063=CARTESIAN_POINT('',(541.778649130338,167.043333509158,8.67361737988404E-16));
#14064=CARTESIAN_POINT('',(536.59867307479,168.569062182585,0.2));
#14065=CARTESIAN_POINT('',(536.59867307479,168.569062182585,0.4));
#14066=CARTESIAN_POINT('',(541.598673067472,168.569062182585,0.400000000000012));
#14067=CARTESIAN_POINT('',(541.998673067472,168.569062182585,-8.67361737988404E-16));
#14068=CARTESIAN_POINT('',(541.798673067472,168.983292596973,0.2));
#14069=CARTESIAN_POINT('',(541.598673067472,168.983292596973,0.4));
#14070=CARTESIAN_POINT('',(541.598673067472,189.883607201765,0.400000000000013));
#14071=CARTESIAN_POINT('',(541.998673067472,189.883607201765,0.));
#14072=CARTESIAN_POINT('',(536.598666353196,189.883607201765,0.2));
#14073=CARTESIAN_POINT('',(541.226607174692,192.254732162884,0.199999999999804));
#14074=CARTESIAN_POINT('',(541.04860968062,192.163535166748,0.4));
#14075=CARTESIAN_POINT('',(536.598666353196,189.883607201765,0.4));
#14076=CARTESIAN_POINT('',(549.398673067472,179.055313031058,0.2));
#14077=CARTESIAN_POINT('',(549.598673067472,169.739613588372,0.4));
#14078=CARTESIAN_POINT('',(549.598673067472,169.739613588372,0.4));
#14079=CARTESIAN_POINT('',(549.598673067472,188.713103050755,0.4));
#14080=CARTESIAN_POINT('',(549.598673067472,188.713103050755,0.4));
#14081=CARTESIAN_POINT('',(549.598673067472,179.055313031058,0.4));
#14082=CARTESIAN_POINT('',(550.098673067472,169.739613588372,0.2));
#14083=CARTESIAN_POINT('',(550.098673067472,169.739613588372,0.4));
#14084=CARTESIAN_POINT('',(527.598673067472,242.538604601801,2.60208521396521E-15));
#14085=CARTESIAN_POINT('',(527.598673067472,242.538604601801,1.));
#14086=CARTESIAN_POINT('',(527.598673067472,235.538604601801,1.));
#14087=CARTESIAN_POINT('',(537.312072900005,93.4782384004321,8.67361737988404E-16));
#14088=CARTESIAN_POINT('',(537.312072900005,93.4782384004321,2.5));
#14089=CARTESIAN_POINT('',(535.312072900005,93.4782384004321,2.5));
#14090=CARTESIAN_POINT('',(565.178338521623,92.484764134569,-3.46944695195361E-15));
#14091=CARTESIAN_POINT('',(555.710237229327,96.2745956636911,1.75));
#14092=CARTESIAN_POINT('',(555.710237229327,96.2745956636911,1.85));
#14093=CARTESIAN_POINT('',(555.710237229327,94.6745956636911,1.85));
#14094=CARTESIAN_POINT('',(552.575210645451,133.575026308734,1.75));
#14095=CARTESIAN_POINT('',(552.575210645451,133.575026308734,1.85));
#14096=CARTESIAN_POINT('',(552.575210645451,131.975026308734,1.85));
#14097=CARTESIAN_POINT('',(545.598673067472,170.622119733803,0.));
#14098=CARTESIAN_POINT('',(545.598673067472,170.622119733803,2.8));
#14099=CARTESIAN_POINT('',(545.598673067472,168.622119733803,2.8));
#14100=CARTESIAN_POINT('',(543.598673067472,114.038604601801,0.));
#14101=CARTESIAN_POINT('',(543.598673067472,114.038604601801,1.));
#14102=CARTESIAN_POINT('',(543.598673067472,107.038604601801,1.));
#14103=CARTESIAN_POINT('',(543.514625179783,146.038494225871,0.));
#14104=CARTESIAN_POINT('',(539.677605874178,147.168663615127,0.));
#14105=CARTESIAN_POINT('',(543.525131165744,142.038508022862,0.));
#14106=CARTESIAN_POINT('',(543.598673067472,114.038604601801,0.));
#14107=CARTESIAN_POINT('',(551.138139227592,141.004443176198,0.));
#14108=CARTESIAN_POINT('',(552.215205821895,144.856705829684,0.));
#14109=CARTESIAN_POINT('',(556.213435128357,144.975711766297,-1.7347234759768E-15));
#14110=CARTESIAN_POINT('',(590.198384230786,145.98726222744,-6.07153216591882E-15));
#14111=CARTESIAN_POINT('',(558.725278307307,158.849750453268,-1.7347234759768E-15));
#14112=CARTESIAN_POINT('',(556.873919135201,159.606367407784,-8.67361737988404E-16));
#14113=CARTESIAN_POINT('',(556.873919135201,161.606367407784,-8.67361737988404E-16));
#14114=CARTESIAN_POINT('',(556.873919135201,161.606367407784,-8.67361737988404E-16));
#14115=CARTESIAN_POINT('',(554.598673067472,161.606367407784,-8.67361737988404E-16));
#14116=CARTESIAN_POINT('',(554.598673067472,165.606371468671,-8.67361737988404E-16));
#14117=CARTESIAN_POINT('',(550.644528671027,165.002405758417,0.));
#14118=CARTESIAN_POINT('',(548.667459899568,164.700423426702,-8.67361737988404E-16));
#14119=CARTESIAN_POINT('',(548.615106040544,166.699736641082,-8.67361737988404E-16));
#14120=CARTESIAN_POINT('',(548.615106040544,166.699736641082,-8.67361737988404E-16));
#14121=CARTESIAN_POINT('',(546.860538270941,166.653791667083,-8.67361737988404E-16));
#14122=CARTESIAN_POINT('',(546.912892187741,164.654476246191,-8.67361737988404E-16));
#14123=CARTESIAN_POINT('',(544.994381795153,165.219561158718,0.));
#14124=CARTESIAN_POINT('',(544.994381795153,165.219561158718,0.));
#14125=CARTESIAN_POINT('',(563.806463455967,106.697269054733,-1.7347234759768E-15));
#14126=CARTESIAN_POINT('',(563.806463455967,106.697269054733,2.5));
#14127=CARTESIAN_POINT('',(561.806463455967,106.697269054733,2.5));
#14128=CARTESIAN_POINT('',(545.59867306747,185.726367407784,0.));
#14129=CARTESIAN_POINT('',(545.59867306747,185.726367407784,2.8));
#14130=CARTESIAN_POINT('',(545.59867306747,183.726367407784,2.8));
#14131=CARTESIAN_POINT('',(554.598673067472,165.606371468662,1.75));
#14132=CARTESIAN_POINT('',(554.598673067472,165.606371468662,1.85));
#14133=CARTESIAN_POINT('',(554.598673067472,164.006371468662,1.85));
#14134=CARTESIAN_POINT('',(530.360418107531,228.558788282061,1.75));
#14135=CARTESIAN_POINT('',(530.360418107531,228.558788282061,1.85));
#14136=CARTESIAN_POINT('',(530.360418107531,226.958788282061,1.85));
#14137=CARTESIAN_POINT('',(554.598673067472,192.84636735756,1.75));
#14138=CARTESIAN_POINT('',(554.598673067472,192.84636735756,1.85));
#14139=CARTESIAN_POINT('',(554.598673067472,191.24636735756,1.85));
#14140=CARTESIAN_POINT('',(521.170677529031,255.256441420923,1.75));
#14141=CARTESIAN_POINT('',(521.170677529031,255.256441420923,1.85));
#14142=CARTESIAN_POINT('',(521.170677529031,253.656441420923,1.85));
#14143=CARTESIAN_POINT('',(534.756691700331,229.118432498486,8.67361737988404E-16));
#14144=CARTESIAN_POINT('',(534.756691700331,229.118432498486,8.67361737988404E-16));
#14145=CARTESIAN_POINT('',(534.159294980622,227.306377707289,8.67361737988404E-16));
#14146=CARTESIAN_POINT('',(530.360418107531,228.558788282061,1.7347234759768E-15));
#14147=CARTESIAN_POINT('',(531.511613481622,224.728025048006,8.67361737988404E-16));
#14148=CARTESIAN_POINT('',(532.087211360764,222.812642791752,1.7347234759768E-15));
#14149=CARTESIAN_POINT('',(530.307235951454,221.900672590321,8.67361737988404E-16));
#14150=CARTESIAN_POINT('',(539.38016930332,204.192201160793,8.67361737988404E-16));
#14151=CARTESIAN_POINT('',(535.732288543589,211.312102708261,1.7347234759768E-15));
#14152=CARTESIAN_POINT('',(537.512263481642,212.224072668245,8.67361737988404E-16));
#14153=CARTESIAN_POINT('',(538.424233441626,210.444097730191,0.));
#14154=CARTESIAN_POINT('',(538.424233441626,210.444097730191,0.));
#14155=CARTESIAN_POINT('',(543.631099691647,213.11183506972,0.));
#14156=CARTESIAN_POINT('',(542.719128229577,214.891812939532,8.67361737988404E-16));
#14157=CARTESIAN_POINT('',(544.481494898959,215.83736932987,0.));
#14158=CARTESIAN_POINT('',(632.563000477874,263.095429708335,-1.12757025938492E-14));
#14159=CARTESIAN_POINT('',(538.53742494902,229.170998360839,0.));
#14160=CARTESIAN_POINT('',(536.656130270763,228.492227166961,8.67361737988404E-16));
#14161=CARTESIAN_POINT('',(548.667453479185,193.75225072937,0.));
#14162=CARTESIAN_POINT('',(548.615099605087,191.75293693932,0.));
#14163=CARTESIAN_POINT('',(550.644526102453,193.450289690234,-8.67361737988404E-16));
#14164=CARTESIAN_POINT('',(554.598673067472,192.846367357108,-8.67361737988404E-16));
#14165=CARTESIAN_POINT('',(553.862125464686,196.777969833738,-8.67361737988404E-16));
#14166=CARTESIAN_POINT('',(553.495344754391,198.735801131429,-1.7347234759768E-15));
#14167=CARTESIAN_POINT('',(555.040158691781,199.993251479754,-6.50000000001683));
#14168=CARTESIAN_POINT('',(632.563000477874,263.095429708335,-1.12757025938492E-14));
#14169=CARTESIAN_POINT('',(548.465020038966,209.065756547376,-6.50000000001683));
#14170=CARTESIAN_POINT('',(546.782359942691,207.984713048254,-8.67361737988404E-16));
#14171=CARTESIAN_POINT('',(545.87038997603,209.764687999341,0.));
#14172=CARTESIAN_POINT('',(545.87038997603,209.764687999341,0.));
#14173=CARTESIAN_POINT('',(540.248174420285,206.884146489585,0.));
#14174=CARTESIAN_POINT('',(541.160144526199,205.104171266706,0.));
#14175=CARTESIAN_POINT('',(539.38016930332,204.192201160793,8.67361737988404E-16));
#14176=CARTESIAN_POINT('',(539.38016930332,204.192201160793,8.67361737988404E-16));
#14177=CARTESIAN_POINT('',(545.17332465962,192.885171544759,0.));
#14178=CARTESIAN_POINT('',(546.953305009696,193.797144277591,-8.67361737988404E-16));
#14179=CARTESIAN_POINT('',(546.90095095354,191.797823535049,-8.67361737988404E-16));
#14180=CARTESIAN_POINT('',(546.90095102967,191.797823516383,-8.67361737988404E-16));
#14181=CARTESIAN_POINT('',(550.111761541626,169.239784925885,-8.67361737988404E-16));
#14182=CARTESIAN_POINT('',(550.111761541626,169.239784925885,-8.67361737988404E-16));
#14183=CARTESIAN_POINT('',(556.598673067472,169.409650682325,-1.7347234759768E-15));
#14184=CARTESIAN_POINT('',(558.310403908441,167.813370225999,-1.7347234759768E-15));
#14185=CARTESIAN_POINT('',(558.249135678755,170.153109521562,-2.60208521396521E-15));
#14186=CARTESIAN_POINT('',(558.249135678755,170.153109521562,-2.60208521396521E-15));
#14187=CARTESIAN_POINT('',(560.948210456189,170.223787281994,-2.60208521396521E-15));
#14188=CARTESIAN_POINT('',(561.007215233236,167.970485755416,-2.60208521396521E-15));
#14189=CARTESIAN_POINT('',(562.598673067473,169.566766211738,-1.7347234759768E-15));
#14190=CARTESIAN_POINT('',(550.111761541626,169.239784925885,-8.67361737988404E-16));
#14191=CARTESIAN_POINT('',(568.572496119164,169.723196273638,-3.46944695195361E-15));
#14192=CARTESIAN_POINT('',(568.598673067472,168.723538948662,-3.46944695195361E-15));
#14193=CARTESIAN_POINT('',(569.598673067468,168.723538948662,-2.60208521396521E-15));
#14194=CARTESIAN_POINT('',(569.598673067472,190.229177688119,-2.60208521396521E-15));
#14195=CARTESIAN_POINT('',(569.598673067468,168.223538948651,-3.46944695195361E-15));
#14196=CARTESIAN_POINT('',(568.598673067472,168.223538948651,-3.46944695195361E-15));
#14197=CARTESIAN_POINT('',(569.295433980128,167.50624377997,-2.60208521396521E-15));
#14198=CARTESIAN_POINT('',(590.198384230786,145.98726222744,-6.07153216591882E-15));
#14199=CARTESIAN_POINT('',(565.455175432519,129.023373681327,-2.60208521396521E-15));
#14200=CARTESIAN_POINT('',(543.598673067472,114.038604601801,0.));
#14201=CARTESIAN_POINT('',(570.098673067472,114.038604601801,-3.46944695195361E-15));
#14202=CARTESIAN_POINT('',(570.098673067472,114.038604601801,-3.46944695195361E-15));
#14203=CARTESIAN_POINT('',(570.098673067472,95.9278343259318,-3.46944695195361E-15));
#14204=CARTESIAN_POINT('',(560.098673066262,95.9278343259318,-1.7347234759768E-15));
#14205=CARTESIAN_POINT('',(529.857920743755,93.7545782367459,1.7347234759768E-15));
#14206=CARTESIAN_POINT('',(519.857920743755,93.7545782367459,2.60208521396521E-15));
#14207=CARTESIAN_POINT('',(519.857920743755,93.7545782367459,2.60208521396521E-15));
#14208=CARTESIAN_POINT('',(519.857920743755,114.038604601801,2.60208521396521E-15));
#14209=CARTESIAN_POINT('',(543.598673067473,114.038604601801,0.));
#14210=CARTESIAN_POINT('',(523.101994873429,126.018149831312,2.60208521396521E-15));
#14211=CARTESIAN_POINT('',(523.101994873429,126.018149831312,2.60208521396521E-15));
#14212=CARTESIAN_POINT('',(534.937651161335,146.268637934226,0.));
#14213=CARTESIAN_POINT('',(526.304109176414,151.31462176244,1.7347234759768E-15));
#14214=CARTESIAN_POINT('',(535.896657440427,148.4891982893,1.7347234759768E-15));
#14215=CARTESIAN_POINT('',(535.896657440427,148.4891982893,1.7347234759768E-15));
#14216=CARTESIAN_POINT('',(541.394947199777,167.156350448083,8.67361737988404E-16));
#14217=CARTESIAN_POINT('',(536.59867307479,168.569062182585,0.));
#14218=CARTESIAN_POINT('',(541.598673067472,168.569062182585,0.));
#14219=CARTESIAN_POINT('',(541.598673067472,168.569062182585,0.));
#14220=CARTESIAN_POINT('',(541.598673067472,189.883607201765,8.67361737988404E-16));
#14221=CARTESIAN_POINT('',(536.598666353196,189.883607201765,8.67361737988404E-16));
#14222=CARTESIAN_POINT('',(541.04860968062,192.163535166748,0.));
#14223=CARTESIAN_POINT('',(527.598673067472,242.538604601801,4.5));
#14224=CARTESIAN_POINT('',(527.598673067472,242.538604601801,5.));
#14225=CARTESIAN_POINT('',(527.598673067472,232.538604601801,5.));
#14226=CARTESIAN_POINT('',(527.598673067472,242.538604601801,4.));
#14227=CARTESIAN_POINT('',(527.598673067472,231.538604601801,4.));
#14228=CARTESIAN_POINT('',(550.098673067472,188.713103050755,-1.7347234759768E-15));
#14229=CARTESIAN_POINT('',(550.098673067472,188.713103050755,0.4));
#14230=CARTESIAN_POINT('',(550.111761541626,189.212931713242,0.4));
#14231=CARTESIAN_POINT('',(550.111761541626,189.212931713242,-8.67361737988404E-16));
#14232=CARTESIAN_POINT('',(549.598673067472,188.713103050755,-8.67361737988404E-16));
#14233=CARTESIAN_POINT('',(549.598673067472,188.713103050755,-8.67361737988404E-16));
#14234=CARTESIAN_POINT('',(549.598673067472,169.739613588372,-8.67361737988404E-16));
#14235=CARTESIAN_POINT('',(550.098673067472,169.739613588372,-8.67361737988404E-16));
#14236=CARTESIAN_POINT('',(526.452500396443,241.712033565973,2.5));
#14237=CARTESIAN_POINT('',(555.710237229327,96.2745956636911,2.675));
#14238=CARTESIAN_POINT('',(552.575210645451,133.575026308734,2.675));
#14239=CARTESIAN_POINT('',(545.598673067471,178.174243570793,2.8));
#14240=CARTESIAN_POINT('',(526.452500396443,241.712033565973,2.5));
#14241=CARTESIAN_POINT('',(545.598673067471,178.174243570793,2.8));
#14242=CARTESIAN_POINT('',(554.598673067472,165.606371468662,2.675));
#14243=CARTESIAN_POINT('',(530.360418107531,228.558788282061,2.675));
#14244=CARTESIAN_POINT('',(554.598673067472,192.84636735756,2.675));
#14245=CARTESIAN_POINT('',(521.170677529031,255.256441420923,2.675));
#14246=CARTESIAN_POINT('',(543.598673067472,114.038604601801,1.));
#14247=CARTESIAN_POINT('',(543.598673067472,114.038604601801,4.));
#14248=CARTESIAN_POINT('',(543.598673067472,103.038604601801,4.));
#14249=CARTESIAN_POINT('',(543.598673067472,114.038604601801,4.5));
#14250=CARTESIAN_POINT('',(543.598673067472,114.038604601801,5.));
#14251=CARTESIAN_POINT('',(543.598673067472,104.038604601801,5.));
#14252=CARTESIAN_POINT('',(527.598673067472,242.538604601801,2.60208521396521E-15));
#14253=CARTESIAN_POINT('',(540.295319907547,106.063604601801,0.999999999999674));
#14254=CARTESIAN_POINT('',(537.946996487509,106.063604601801,4.2));
#14255=CARTESIAN_POINT('',(544.830958415532,106.063604601801,4.2));
#14256=CARTESIAN_POINT('',(542.366387719412,106.063604601801,4.2));
#14257=CARTESIAN_POINT('',(544.830958415532,106.063604601801,0.999999999999674));
#14258=CARTESIAN_POINT('',(544.830958415532,106.063604601801,0.999999999999674));
#14259=CARTESIAN_POINT('',(540.295319907547,106.063604601801,0.999999999999674));
#14260=CARTESIAN_POINT('',(542.366387719412,106.063604601801,0.999999999999674));
#14261=CARTESIAN_POINT('',(542.366387719412,106.063604601801,0.999999999999674));
#14262=CARTESIAN_POINT('',(551.573673067472,110.735251441876,0.999999999999674));
#14263=CARTESIAN_POINT('',(551.573673067472,144.511928021839,4.2));
#14264=CARTESIAN_POINT('',(551.573673067472,115.270889949861,4.2));
#14265=CARTESIAN_POINT('',(551.573673067472,112.806319253741,4.2));
#14266=CARTESIAN_POINT('',(551.573673067472,115.270889949861,0.999999999999674));
#14267=CARTESIAN_POINT('',(551.573673067472,115.270889949861,0.999999999999674));
#14268=CARTESIAN_POINT('',(551.573673067472,110.735251441876,0.999999999999674));
#14269=CARTESIAN_POINT('',(551.573673067472,112.806319253741,0.999999999999674));
#14270=CARTESIAN_POINT('',(551.573673067472,112.806319253741,0.999999999999674));
#14271=CARTESIAN_POINT('',(540.623673067472,112.806319253741,0.999999999999674));
#14272=CARTESIAN_POINT('',(540.623673067472,112.806319253741,4.2));
#14273=CARTESIAN_POINT('',(537.088139161539,109.270785347808,4.2));
#14274=CARTESIAN_POINT('',(535.623673067472,112.806319253741,4.2));
#14275=CARTESIAN_POINT('',(537.088139161539,109.270785347808,0.999999999999674));
#14276=CARTESIAN_POINT('',(537.088139161539,109.270785347808,0.999999999999674));
#14277=CARTESIAN_POINT('',(540.623673067472,112.806319253741,1.));
#14278=CARTESIAN_POINT('',(535.623673067472,112.806319253741,0.999999999999674));
#14279=CARTESIAN_POINT('',(535.623673067472,112.806319253741,0.999999999999674));
#14280=CARTESIAN_POINT('',(546.573673067472,112.806319253741,0.999999999999674));
#14281=CARTESIAN_POINT('',(546.573673067472,112.806319253741,4.2));
#14282=CARTESIAN_POINT('',(550.109206973405,109.270785347808,4.2));
#14283=CARTESIAN_POINT('',(546.573673067472,112.806319253741,1.));
#14284=CARTESIAN_POINT('',(550.109206973405,109.270785347808,0.999999999999674));
#14285=CARTESIAN_POINT('',(550.109206973405,109.270785347808,0.999999999999674));
#14286=CARTESIAN_POINT('',(546.902026227398,106.063604601801,0.999999999999674));
#14287=CARTESIAN_POINT('',(562.132437937416,121.29401631182,4.2));
#14288=CARTESIAN_POINT('',(548.366492321465,107.528070695868,4.2));
#14289=CARTESIAN_POINT('',(546.902026227398,106.063604601801,0.999999999999674));
#14290=CARTESIAN_POINT('',(548.366492321465,107.528070695868,0.999999999999674));
#14291=CARTESIAN_POINT('',(548.366492321465,107.528070695868,0.999999999999674));
#14292=CARTESIAN_POINT('',(535.598673067472,178.288604601802,1.));
#14293=CARTESIAN_POINT('',(542.366387719412,111.063604601801,1.));
#14294=CARTESIAN_POINT('',(538.830853813479,107.528070695868,0.999999999999674));
#14295=CARTESIAN_POINT('',(544.830958415532,111.063604601801,1.));
#14296=CARTESIAN_POINT('',(546.573673067472,115.270889949861,1.));
#14297=CARTESIAN_POINT('',(550.109206973405,118.806423855794,0.999999999999674));
#14298=CARTESIAN_POINT('',(551.573673067472,117.341957761726,0.999999999999674));
#14299=CARTESIAN_POINT('',(548.366492321465,120.549138507734,0.999999999999674));
#14300=CARTESIAN_POINT('',(544.830958415532,117.013604601801,1.));
#14301=CARTESIAN_POINT('',(544.830958415532,122.013604601801,0.999999999999674));
#14302=CARTESIAN_POINT('',(546.902026227398,122.013604601801,0.999999999999674));
#14303=CARTESIAN_POINT('',(542.366387719412,122.013604601801,0.999999999999674));
#14304=CARTESIAN_POINT('',(542.366387719412,117.013604601801,1.));
#14305=CARTESIAN_POINT('',(538.830853813479,120.549138507734,0.999999999999674));
#14306=CARTESIAN_POINT('',(540.295319907547,122.013604601801,0.999999999999674));
#14307=CARTESIAN_POINT('',(537.088139161539,118.806423855794,0.999999999999674));
#14308=CARTESIAN_POINT('',(540.623673067472,115.270889949861,1.));
#14309=CARTESIAN_POINT('',(535.623673067472,115.270889949861,0.999999999999674));
#14310=CARTESIAN_POINT('',(535.623673067472,117.341957761726,0.999999999999674));
#14311=CARTESIAN_POINT('',(535.623673067472,110.735251441876,0.999999999999674));
#14312=CARTESIAN_POINT('',(544.830958415532,111.063604601801,0.999999999999674));
#14313=CARTESIAN_POINT('',(544.830958415532,111.063604601801,4.2));
#14314=CARTESIAN_POINT('',(535.623673067472,110.735251441876,0.999999999999674));
#14315=CARTESIAN_POINT('',(518.72908477749,127.629839731857,4.2));
#14316=CARTESIAN_POINT('',(538.830853813479,107.528070695868,4.2));
#14317=CARTESIAN_POINT('',(538.830853813479,107.528070695868,0.999999999999674));
#14318=CARTESIAN_POINT('',(542.366387719412,111.063604601801,0.999999999999674));
#14319=CARTESIAN_POINT('',(542.366387719412,111.063604601801,4.2));
#14320=CARTESIAN_POINT('',(535.598673067472,178.288604601802,1.));
#14321=CARTESIAN_POINT('',(530.573673067472,243.770889949861,1.));
#14322=CARTESIAN_POINT('',(535.573673067472,243.770889949861,0.999999999999674));
#14323=CARTESIAN_POINT('',(534.109206973405,247.306423855794,0.999999999999674));
#14324=CARTESIAN_POINT('',(535.573673067472,245.841957761726,0.999999999999674));
#14325=CARTESIAN_POINT('',(532.366492321465,249.049138507734,0.999999999999674));
#14326=CARTESIAN_POINT('',(528.830958415532,245.513604601801,1.));
#14327=CARTESIAN_POINT('',(528.830958415532,250.513604601801,0.999999999999674));
#14328=CARTESIAN_POINT('',(530.902026227398,250.513604601801,0.999999999999674));
#14329=CARTESIAN_POINT('',(526.366387719412,250.513604601801,0.999999999999674));
#14330=CARTESIAN_POINT('',(526.366387719412,245.513604601801,1.));
#14331=CARTESIAN_POINT('',(522.83085381348,249.049138507734,0.999999999999674));
#14332=CARTESIAN_POINT('',(524.295319907547,250.513604601801,0.999999999999674));
#14333=CARTESIAN_POINT('',(521.088139161539,247.306423855794,0.999999999999674));
#14334=CARTESIAN_POINT('',(524.623673067472,243.770889949861,1.));
#14335=CARTESIAN_POINT('',(519.623673067472,243.770889949861,0.999999999999674));
#14336=CARTESIAN_POINT('',(519.623673067472,245.841957761726,0.999999999999674));
#14337=CARTESIAN_POINT('',(519.623673067472,241.306319253741,0.999999999999674));
#14338=CARTESIAN_POINT('',(524.623673067472,241.306319253741,1.));
#14339=CARTESIAN_POINT('',(521.088139161539,237.770785347808,0.999999999999674));
#14340=CARTESIAN_POINT('',(519.623673067472,239.235251441876,0.999999999999674));
#14341=CARTESIAN_POINT('',(522.830853813479,236.028070695868,0.999999999999674));
#14342=CARTESIAN_POINT('',(526.366387719412,239.563604601801,1.));
#14343=CARTESIAN_POINT('',(526.366387719412,234.563604601801,0.999999999999674));
#14344=CARTESIAN_POINT('',(524.295319907547,234.563604601801,0.999999999999674));
#14345=CARTESIAN_POINT('',(528.830958415532,234.563604601801,0.999999999999674));
#14346=CARTESIAN_POINT('',(528.830958415532,239.563604601801,1.));
#14347=CARTESIAN_POINT('',(532.366492321465,236.028070695868,0.999999999999674));
#14348=CARTESIAN_POINT('',(530.902026227398,234.563604601801,0.999999999999674));
#14349=CARTESIAN_POINT('',(534.109206973405,237.770785347808,0.999999999999674));
#14350=CARTESIAN_POINT('',(530.573673067472,241.306319253741,1.));
#14351=CARTESIAN_POINT('',(535.573673067472,241.306319253741,0.999999999999674));
#14352=CARTESIAN_POINT('',(535.573673067472,239.235251441876,0.999999999999674));
#14353=CARTESIAN_POINT('',(519.623673067472,239.235251441876,0.999999999999674));
#14354=CARTESIAN_POINT('',(538.85408477749,220.004839731857,4.2));
#14355=CARTESIAN_POINT('',(522.830853813479,236.028070695868,4.2));
#14356=CARTESIAN_POINT('',(521.088139161539,237.770785347808,4.2));
#14357=CARTESIAN_POINT('',(522.830853813479,236.028070695868,0.999999999999674));
#14358=CARTESIAN_POINT('',(521.088139161539,237.770785347808,0.999999999999674));
#14359=CARTESIAN_POINT('',(526.366387719412,239.563604601801,0.999999999999674));
#14360=CARTESIAN_POINT('',(526.366387719412,239.563604601801,4.2));
#14361=CARTESIAN_POINT('',(526.366387719412,234.563604601801,4.2));
#14362=CARTESIAN_POINT('',(526.366387719412,234.563604601801,0.999999999999674));
#14363=CARTESIAN_POINT('',(524.295319907547,234.563604601801,0.999999999999674));
#14364=CARTESIAN_POINT('',(529.946996487509,234.563604601801,4.2));
#14365=CARTESIAN_POINT('',(528.830958415532,234.563604601801,4.2));
#14366=CARTESIAN_POINT('',(528.830958415532,234.563604601801,0.999999999999674));
#14367=CARTESIAN_POINT('',(528.830958415532,239.563604601801,0.999999999999674));
#14368=CARTESIAN_POINT('',(528.830958415532,239.563604601801,4.2));
#14369=CARTESIAN_POINT('',(532.366492321465,236.028070695868,4.2));
#14370=CARTESIAN_POINT('',(532.366492321465,236.028070695868,0.999999999999674));
#14371=CARTESIAN_POINT('',(530.902026227398,234.563604601801,0.999999999999674));
#14372=CARTESIAN_POINT('',(518.007437937416,221.66901631182,4.2));
#14373=CARTESIAN_POINT('',(534.109206973405,237.770785347808,4.2));
#14374=CARTESIAN_POINT('',(534.109206973405,237.770785347808,0.999999999999674));
#14375=CARTESIAN_POINT('',(530.573673067472,241.306319253741,0.999999999999674));
#14376=CARTESIAN_POINT('',(530.573673067472,241.306319253741,4.2));
#14377=CARTESIAN_POINT('',(535.573673067472,241.306319253741,4.2));
#14378=CARTESIAN_POINT('',(535.573673067472,241.306319253741,0.999999999999674));
#14379=CARTESIAN_POINT('',(535.573673067472,239.235251441876,0.999999999999674));
#14380=CARTESIAN_POINT('',(535.573673067472,208.761928021839,4.2));
#14381=CARTESIAN_POINT('',(535.573673067472,243.770889949861,4.2));
#14382=CARTESIAN_POINT('',(535.573673067472,243.770889949861,0.999999999999674));
#14383=CARTESIAN_POINT('',(530.573673067472,243.770889949861,0.999999999999674));
#14384=CARTESIAN_POINT('',(530.573673067472,243.770889949861,4.2));
#14385=CARTESIAN_POINT('',(534.109206973405,247.306423855794,4.2));
#14386=CARTESIAN_POINT('',(534.109206973405,247.306423855794,0.999999999999674));
#14387=CARTESIAN_POINT('',(535.598673067472,178.288604601802,5.));
#14388=CARTESIAN_POINT('',(534.823673067472,147.815281181764,5.));
#14389=CARTESIAN_POINT('',(534.823673067472,115.270889949861,5.));
#14390=CARTESIAN_POINT('',(534.823673067472,112.806319253741,5.));
#14391=CARTESIAN_POINT('',(540.623673067472,115.270889949861,5.));
#14392=CARTESIAN_POINT('',(536.52245373659,119.372109280743,5.));
#14393=CARTESIAN_POINT('',(552.624222772579,135.473878316732,5.));
#14394=CARTESIAN_POINT('',(538.26516838853,121.114823932683,5.));
#14395=CARTESIAN_POINT('',(542.366387719412,117.013604601801,5.));
#14396=CARTESIAN_POINT('',(542.366387719412,122.813604601801,5.));
#14397=CARTESIAN_POINT('',(541.250349647435,122.813604601801,5.));
#14398=CARTESIAN_POINT('',(544.830958415532,122.813604601801,5.));
#14399=CARTESIAN_POINT('',(544.830958415532,117.013604601801,5.));
#14400=CARTESIAN_POINT('',(548.932177746414,121.114823932683,5.));
#14401=CARTESIAN_POINT('',(532.908946782402,137.138054896695,5.));
#14402=CARTESIAN_POINT('',(550.674892398354,119.372109280743,5.));
#14403=CARTESIAN_POINT('',(546.573673067472,115.270889949861,5.));
#14404=CARTESIAN_POINT('',(552.373673067472,115.270889949861,5.));
#14405=CARTESIAN_POINT('',(552.373673067472,144.511928021839,5.));
#14406=CARTESIAN_POINT('',(552.373673067472,112.806319253741,5.));
#14407=CARTESIAN_POINT('',(546.573673067472,112.806319253741,5.));
#14408=CARTESIAN_POINT('',(550.674892398354,108.705099922859,5.));
#14409=CARTESIAN_POINT('',(562.698123362366,120.728330886871,5.));
#14410=CARTESIAN_POINT('',(548.932177746414,106.962385270919,5.));
#14411=CARTESIAN_POINT('',(544.830958415532,111.063604601801,5.));
#14412=CARTESIAN_POINT('',(544.830958415532,105.263604601801,5.));
#14413=CARTESIAN_POINT('',(537.946996487509,105.263604601801,5.));
#14414=CARTESIAN_POINT('',(542.366387719412,105.263604601801,5.));
#14415=CARTESIAN_POINT('',(542.366387719412,111.063604601801,5.));
#14416=CARTESIAN_POINT('',(538.26516838853,106.962385270919,5.));
#14417=CARTESIAN_POINT('',(518.163399352541,127.064154306908,5.));
#14418=CARTESIAN_POINT('',(536.52245373659,108.705099922859,5.));
#14419=CARTESIAN_POINT('',(540.623673067472,112.806319253741,5.));
#14420=CARTESIAN_POINT('',(535.623673067472,117.341957761726,0.999999999999674));
#14421=CARTESIAN_POINT('',(535.623673067472,147.815281181764,4.2));
#14422=CARTESIAN_POINT('',(535.623673067472,115.270889949861,4.2));
#14423=CARTESIAN_POINT('',(535.623673067472,115.270889949861,0.999999999999674));
#14424=CARTESIAN_POINT('',(540.623673067472,115.270889949861,0.999999999999674));
#14425=CARTESIAN_POINT('',(540.623673067472,115.270889949861,4.2));
#14426=CARTESIAN_POINT('',(537.088139161539,118.806423855794,4.2));
#14427=CARTESIAN_POINT('',(537.088139161539,118.806423855794,0.999999999999674));
#14428=CARTESIAN_POINT('',(540.295319907547,122.013604601801,0.999999999999674));
#14429=CARTESIAN_POINT('',(553.189908197528,134.908192891783,4.2));
#14430=CARTESIAN_POINT('',(538.830853813479,120.549138507734,4.2));
#14431=CARTESIAN_POINT('',(538.830853813479,120.549138507734,0.999999999999674));
#14432=CARTESIAN_POINT('',(542.366387719412,117.013604601801,0.999999999999674));
#14433=CARTESIAN_POINT('',(542.366387719412,117.013604601801,4.2));
#14434=CARTESIAN_POINT('',(542.366387719412,122.013604601801,4.2));
#14435=CARTESIAN_POINT('',(542.366387719412,122.013604601801,0.999999999999674));
#14436=CARTESIAN_POINT('',(546.902026227398,122.013604601801,0.999999999999674));
#14437=CARTESIAN_POINT('',(541.250349647435,122.013604601801,4.2));
#14438=CARTESIAN_POINT('',(544.830958415532,122.013604601801,4.2));
#14439=CARTESIAN_POINT('',(544.830958415532,122.013604601801,0.999999999999674));
#14440=CARTESIAN_POINT('',(544.830958415532,117.013604601801,0.999999999999674));
#14441=CARTESIAN_POINT('',(544.830958415532,117.013604601801,4.2));
#14442=CARTESIAN_POINT('',(548.366492321465,120.549138507734,4.2));
#14443=CARTESIAN_POINT('',(548.366492321465,120.549138507734,0.999999999999674));
#14444=CARTESIAN_POINT('',(551.573673067472,117.341957761726,0.999999999999674));
#14445=CARTESIAN_POINT('',(532.343261357453,136.572369471745,4.2));
#14446=CARTESIAN_POINT('',(550.109206973405,118.806423855794,4.2));
#14447=CARTESIAN_POINT('',(550.109206973405,118.806423855794,0.999999999999674));
#14448=CARTESIAN_POINT('',(546.573673067472,115.270889949861,0.999999999999674));
#14449=CARTESIAN_POINT('',(546.573673067472,115.270889949861,4.2));
#14450=CARTESIAN_POINT('',(540.623673067472,112.806319253741,4.6));
#14451=CARTESIAN_POINT('',(537.088139161539,109.270785347808,4.2));
#14452=CARTESIAN_POINT('',(534.823673067472,112.806319253741,5.));
#14453=CARTESIAN_POINT('',(518.446242065016,127.346997019383,4.6));
#14454=CARTESIAN_POINT('',(538.830853813479,107.528070695868,4.2));
#14455=CARTESIAN_POINT('',(542.366387719412,111.063604601801,4.6));
#14456=CARTESIAN_POINT('',(542.366387719412,106.063604601801,4.2));
#14457=CARTESIAN_POINT('',(537.946996487509,105.663604601801,4.6));
#14458=CARTESIAN_POINT('',(544.830958415532,106.063604601801,4.2));
#14459=CARTESIAN_POINT('',(544.830958415532,111.063604601801,4.6));
#14460=CARTESIAN_POINT('',(548.366492321465,107.528070695868,4.2));
#14461=CARTESIAN_POINT('',(562.415280649891,121.011173599345,4.6));
#14462=CARTESIAN_POINT('',(550.109206973405,109.270785347808,4.2));
#14463=CARTESIAN_POINT('',(546.573673067472,112.806319253741,4.6));
#14464=CARTESIAN_POINT('',(551.573673067472,112.806319253741,4.2));
#14465=CARTESIAN_POINT('',(551.973673067472,144.511928021839,4.6));
#14466=CARTESIAN_POINT('',(551.573673067472,115.270889949861,4.2));
#14467=CARTESIAN_POINT('',(546.573673067472,115.270889949861,4.6));
#14468=CARTESIAN_POINT('',(550.109206973405,118.806423855794,4.2));
#14469=CARTESIAN_POINT('',(532.626104069928,136.85521218422,4.6));
#14470=CARTESIAN_POINT('',(548.366492321465,120.549138507734,4.2));
#14471=CARTESIAN_POINT('',(544.830958415532,117.013604601801,4.6));
#14472=CARTESIAN_POINT('',(544.830958415532,122.013604601801,4.2));
#14473=CARTESIAN_POINT('',(541.250349647435,122.413604601801,4.6));
#14474=CARTESIAN_POINT('',(542.366387719412,122.013604601801,4.2));
#14475=CARTESIAN_POINT('',(542.366387719412,117.013604601801,4.6));
#14476=CARTESIAN_POINT('',(538.830853813479,120.549138507734,4.2));
#14477=CARTESIAN_POINT('',(552.907065485054,135.191035604257,4.6));
#14478=CARTESIAN_POINT('',(537.088139161539,118.806423855794,4.2));
#14479=CARTESIAN_POINT('',(540.623673067472,115.270889949861,4.6));
#14480=CARTESIAN_POINT('',(535.623673067472,115.270889949861,4.2));
#14481=CARTESIAN_POINT('',(535.223673067472,147.815281181764,4.6));
#14482=CARTESIAN_POINT('',(535.598673067472,178.288604601802,5.));
#14483=CARTESIAN_POINT('',(524.623673067472,241.306319253741,5.));
#14484=CARTESIAN_POINT('',(518.823673067472,241.306319253741,5.));
#14485=CARTESIAN_POINT('',(520.52245373659,237.205099922859,5.));
#14486=CARTESIAN_POINT('',(518.823673067472,212.065281181764,5.));
#14487=CARTESIAN_POINT('',(518.823673067472,243.770889949861,5.));
#14488=CARTESIAN_POINT('',(524.623673067472,243.770889949861,5.));
#14489=CARTESIAN_POINT('',(520.52245373659,247.872109280743,5.));
#14490=CARTESIAN_POINT('',(508.499222772579,235.848878316732,5.));
#14491=CARTESIAN_POINT('',(522.26516838853,249.614823932683,5.));
#14492=CARTESIAN_POINT('',(526.366387719412,245.513604601801,5.));
#14493=CARTESIAN_POINT('',(526.366387719412,251.313604601801,5.));
#14494=CARTESIAN_POINT('',(533.250349647435,251.313604601801,5.));
#14495=CARTESIAN_POINT('',(528.830958415532,251.313604601801,5.));
#14496=CARTESIAN_POINT('',(528.830958415532,245.513604601801,5.));
#14497=CARTESIAN_POINT('',(532.932177746414,249.614823932683,5.));
#14498=CARTESIAN_POINT('',(553.033946782402,229.513054896695,5.));
#14499=CARTESIAN_POINT('',(534.674892398354,247.872109280743,5.));
#14500=CARTESIAN_POINT('',(530.573673067472,243.770889949861,5.));
#14501=CARTESIAN_POINT('',(536.373673067472,243.770889949861,5.));
#14502=CARTESIAN_POINT('',(536.373673067472,208.761928021839,5.));
#14503=CARTESIAN_POINT('',(536.373673067472,241.306319253741,5.));
#14504=CARTESIAN_POINT('',(530.573673067472,241.306319253741,5.));
#14505=CARTESIAN_POINT('',(534.674892398354,237.205099922859,5.));
#14506=CARTESIAN_POINT('',(518.573123362366,221.103330886871,5.));
#14507=CARTESIAN_POINT('',(532.932177746414,235.462385270919,5.));
#14508=CARTESIAN_POINT('',(528.830958415532,239.563604601801,5.));
#14509=CARTESIAN_POINT('',(528.830958415532,233.763604601801,5.));
#14510=CARTESIAN_POINT('',(529.946996487509,233.763604601801,5.));
#14511=CARTESIAN_POINT('',(526.366387719412,233.763604601801,5.));
#14512=CARTESIAN_POINT('',(526.366387719412,239.563604601801,5.));
#14513=CARTESIAN_POINT('',(522.26516838853,235.462385270919,5.));
#14514=CARTESIAN_POINT('',(538.288399352541,219.439154306908,5.));
#14515=CARTESIAN_POINT('',(524.623673067472,241.306319253741,0.999999999999674));
#14516=CARTESIAN_POINT('',(524.623673067472,241.306319253741,4.2));
#14517=CARTESIAN_POINT('',(519.623673067472,241.306319253741,4.2));
#14518=CARTESIAN_POINT('',(519.623673067472,241.306319253741,0.999999999999674));
#14519=CARTESIAN_POINT('',(519.623673067472,245.841957761726,0.999999999999674));
#14520=CARTESIAN_POINT('',(519.623673067472,212.065281181764,4.2));
#14521=CARTESIAN_POINT('',(519.623673067472,243.770889949861,4.2));
#14522=CARTESIAN_POINT('',(519.623673067472,243.770889949861,0.999999999999674));
#14523=CARTESIAN_POINT('',(524.623673067472,243.770889949861,0.999999999999674));
#14524=CARTESIAN_POINT('',(524.623673067472,243.770889949861,4.2));
#14525=CARTESIAN_POINT('',(521.088139161539,247.306423855794,4.2));
#14526=CARTESIAN_POINT('',(521.088139161539,247.306423855794,0.999999999999674));
#14527=CARTESIAN_POINT('',(524.295319907547,250.513604601801,0.999999999999674));
#14528=CARTESIAN_POINT('',(509.064908197528,235.283192891783,4.2));
#14529=CARTESIAN_POINT('',(522.83085381348,249.049138507734,4.2));
#14530=CARTESIAN_POINT('',(522.83085381348,249.049138507734,0.999999999999674));
#14531=CARTESIAN_POINT('',(526.366387719412,245.513604601801,0.999999999999674));
#14532=CARTESIAN_POINT('',(526.366387719412,245.513604601801,4.2));
#14533=CARTESIAN_POINT('',(526.366387719412,250.513604601801,4.2));
#14534=CARTESIAN_POINT('',(526.366387719412,250.513604601801,0.999999999999674));
#14535=CARTESIAN_POINT('',(530.902026227398,250.513604601801,0.999999999999674));
#14536=CARTESIAN_POINT('',(533.250349647435,250.513604601801,4.2));
#14537=CARTESIAN_POINT('',(528.830958415532,250.513604601801,4.2));
#14538=CARTESIAN_POINT('',(528.830958415532,250.513604601801,0.999999999999674));
#14539=CARTESIAN_POINT('',(528.830958415532,245.513604601801,0.999999999999674));
#14540=CARTESIAN_POINT('',(528.830958415532,245.513604601801,4.2));
#14541=CARTESIAN_POINT('',(532.366492321465,249.049138507734,4.2));
#14542=CARTESIAN_POINT('',(532.366492321465,249.049138507734,0.999999999999674));
#14543=CARTESIAN_POINT('',(535.573673067472,245.841957761726,0.999999999999674));
#14544=CARTESIAN_POINT('',(552.468261357453,228.947369471745,4.2));
#14545=CARTESIAN_POINT('',(519.223673067472,212.065281181764,4.6));
#14546=CARTESIAN_POINT('',(518.823673067472,243.770889949861,5.));
#14547=CARTESIAN_POINT('',(519.623673067472,241.306319253741,4.2));
#14548=CARTESIAN_POINT('',(524.623673067472,243.770889949861,4.6));
#14549=CARTESIAN_POINT('',(520.52245373659,247.872109280743,5.));
#14550=CARTESIAN_POINT('',(508.782065485054,235.566035604257,4.6));
#14551=CARTESIAN_POINT('',(522.26516838853,249.614823932683,5.));
#14552=CARTESIAN_POINT('',(526.366387719412,245.513604601801,4.6));
#14553=CARTESIAN_POINT('',(526.366387719412,251.313604601801,5.));
#14554=CARTESIAN_POINT('',(533.250349647435,250.913604601801,4.6));
#14555=CARTESIAN_POINT('',(528.830958415532,251.313604601801,5.));
#14556=CARTESIAN_POINT('',(528.830958415532,245.513604601801,4.6));
#14557=CARTESIAN_POINT('',(532.932177746414,249.614823932683,5.));
#14558=CARTESIAN_POINT('',(552.751104069928,229.23021218422,4.6));
#14559=CARTESIAN_POINT('',(534.674892398354,247.872109280743,5.));
#14560=CARTESIAN_POINT('',(530.573673067472,243.770889949861,4.6));
#14561=CARTESIAN_POINT('',(536.373673067472,243.770889949861,5.));
#14562=CARTESIAN_POINT('',(535.973673067472,208.761928021839,4.6));
#14563=CARTESIAN_POINT('',(536.373673067472,241.306319253741,5.));
#14564=CARTESIAN_POINT('',(530.573673067472,241.306319253741,4.6));
#14565=CARTESIAN_POINT('',(534.674892398354,237.205099922859,5.));
#14566=CARTESIAN_POINT('',(518.290280649891,221.386173599345,4.6));
#14567=CARTESIAN_POINT('',(532.932177746414,235.462385270919,5.));
#14568=CARTESIAN_POINT('',(528.830958415532,239.563604601801,4.6));
#14569=CARTESIAN_POINT('',(528.830958415532,233.763604601801,5.));
#14570=CARTESIAN_POINT('',(529.946996487509,234.163604601801,4.6));
#14571=CARTESIAN_POINT('',(526.366387719412,233.763604601801,5.));
#14572=CARTESIAN_POINT('',(526.366387719412,239.563604601801,4.6));
#14573=CARTESIAN_POINT('',(522.26516838853,235.462385270919,5.));
#14574=CARTESIAN_POINT('',(538.571242065016,219.721997019383,4.6));
#14575=CARTESIAN_POINT('',(520.52245373659,237.205099922859,5.));
#14576=CARTESIAN_POINT('',(524.623673067472,241.306319253741,4.6));
#14577=CARTESIAN_POINT('',(541.04860968062,192.163535166748,0.));
#14578=CARTESIAN_POINT('',(545.907188911202,182.680603004002,0.4));
#14579=CARTESIAN_POINT('',(522.436553017686,228.490383483397,0.4));
#14580=CARTESIAN_POINT('',(522.436553017686,228.490383483397,-3.24740912329216E-13));
#14581=CARTESIAN_POINT('',(486.837054203264,210.250984256396,-3.24740912329216E-13));
#14582=CARTESIAN_POINT('',(486.837054203264,210.250984256396,0.4));
#14583=CARTESIAN_POINT('',(518.19214563727,235.087615291323,0.399999999999837));
#14584=CARTESIAN_POINT('',(518.19214563727,235.087615291323,-3.24740912329216E-13));
#14585=CARTESIAN_POINT('',(527.598673067472,242.538604601801,-3.24740912329216E-13));
#14586=CARTESIAN_POINT('',(527.598673067472,242.538604601801,0.399999999999675));
#14587=CARTESIAN_POINT('',(515.948194622536,245.413731034513,0.399999999999837));
#14588=CARTESIAN_POINT('',(515.948194622536,245.413731034513,-3.24740912329216E-13));
#14589=CARTESIAN_POINT('',(477.113266472749,254.99748581022,-3.24740912329216E-13));
#14590=CARTESIAN_POINT('',(477.113266472749,254.99748581022,0.4));
#14591=CARTESIAN_POINT('',(517.071840004369,253.177485448092,0.4));
#14592=CARTESIAN_POINT('',(517.071840004369,253.177485448092,-3.24740912329216E-13));
#14593=CARTESIAN_POINT('',(516.610065346277,243.039104701387,3.46944695195361E-15));
#14594=CARTESIAN_POINT('',(514.964131933845,206.90221557906,0.4));
#14595=CARTESIAN_POINT('',(517.174820175869,255.438441457136,0.4));
#14596=CARTESIAN_POINT('',(517.174820175869,255.438441457136,2.60208521396521E-15));
#14597=CARTESIAN_POINT('',(521.170677529031,255.256441420923,1.7347234759768E-15));
#14598=CARTESIAN_POINT('',(521.170677529031,255.256441420923,0.4));
#14599=CARTESIAN_POINT('',(523.393840513943,258.581730332057,0.4));
#14600=CARTESIAN_POINT('',(523.393840513943,258.581730332057,1.7347234759768E-15));
#14601=CARTESIAN_POINT('',(523.393840513943,258.581730332057,1.7347234759768E-15));
#14602=CARTESIAN_POINT('',(550.892588587945,240.197102564876,0.4));
#14603=CARTESIAN_POINT('',(525.275372130555,257.323809123771,0.4));
#14604=CARTESIAN_POINT('',(525.275372130555,257.323809123771,-3.24740912329216E-13));
#14605=CARTESIAN_POINT('',(547.507001979677,290.576698235119,-3.24740912329216E-13));
#14606=CARTESIAN_POINT('',(547.507001979677,290.576698235119,0.4));
#14607=CARTESIAN_POINT('',(532.192902816443,253.624318517182,0.4));
#14608=CARTESIAN_POINT('',(532.192902816443,253.624318517182,-3.24740912329216E-13));
#14609=CARTESIAN_POINT('',(527.598673067472,242.538604601801,-3.24740912329216E-13));
#14610=CARTESIAN_POINT('',(527.598673067472,242.538604601801,0.399999999999675));
#14611=CARTESIAN_POINT('',(539.582413677224,243.163073174421,0.399999999999675));
#14612=CARTESIAN_POINT('',(539.582413677224,243.163073174421,-1.12757025938492E-14));
#14613=CARTESIAN_POINT('',(579.528215709729,245.244635083156,-1.12757025938492E-14));
#14614=CARTESIAN_POINT('',(579.528215709729,245.244635083156,0.4));
#14615=CARTESIAN_POINT('',(541.618044990531,232.484581946854,0.4));
#14616=CARTESIAN_POINT('',(541.618044990531,232.484581946854,-1.12757025938492E-14));
#14617=CARTESIAN_POINT('',(632.563000477874,263.095429708335,-1.12757025938492E-14));
#14618=CARTESIAN_POINT('',(632.563000477874,263.095429708335,0.4));
#14619=CARTESIAN_POINT('',(569.258381260301,190.980700873031,0.4));
#14620=CARTESIAN_POINT('',(569.258381260301,190.980700873031,-1.12757025938492E-14));
#14621=CARTESIAN_POINT('',(568.598670133012,190.229177688119,-3.46944695195361E-15));
#14622=CARTESIAN_POINT('',(568.598670133012,190.229177688119,0.4));
#14623=CARTESIAN_POINT('',(569.598673067472,190.229177688119,0.400000000000012));
#14624=CARTESIAN_POINT('',(569.598673067472,190.229177688119,-3.46944695195361E-15));
#14625=CARTESIAN_POINT('',(569.598673067472,190.229177688119,-2.60208521396521E-15));
#14626=CARTESIAN_POINT('',(569.598673067468,179.813350349735,0.4));
#14627=CARTESIAN_POINT('',(569.598673067472,189.729177688119,0.399999999999986));
#14628=CARTESIAN_POINT('',(569.598673067472,189.729177688119,-2.60208521396521E-15));
#14629=CARTESIAN_POINT('',(568.598673069753,189.729177688119,-3.46944695195361E-15));
#14630=CARTESIAN_POINT('',(568.598673069753,189.729177688119,0.4));
#14631=CARTESIAN_POINT('',(568.572496121505,188.729520365424,0.4));
#14632=CARTESIAN_POINT('',(568.572496121505,188.729520365424,-3.46944695195361E-15));
#14633=CARTESIAN_POINT('',(556.598673067472,189.0430659568,-8.67361737988404E-16));
#14634=CARTESIAN_POINT('',(550.235254802588,189.209697928396,0.4));
#14635=CARTESIAN_POINT('',(562.598673067472,188.885950427385,0.4));
#14636=CARTESIAN_POINT('',(562.598673067472,188.885950427385,-2.60208521396521E-15));
#14637=CARTESIAN_POINT('',(561.007215284444,190.482230754971,-2.60208521396521E-15));
#14638=CARTESIAN_POINT('',(561.007215284444,190.482230754971,0.4));
#14639=CARTESIAN_POINT('',(560.94821051073,188.228929355681,0.4));
#14640=CARTESIAN_POINT('',(560.94821051073,188.228929355681,-2.60208521396521E-15));
#14641=CARTESIAN_POINT('',(560.948210510677,188.22892935569,-2.60208521396521E-15));
#14642=CARTESIAN_POINT('',(552.400861592282,188.452749564092,0.4));
#14643=CARTESIAN_POINT('',(558.24913567881,188.299607117555,0.4));
#14644=CARTESIAN_POINT('',(558.24913567881,188.299607117555,-2.60208521396521E-15));
#14645=CARTESIAN_POINT('',(558.3104039085,190.639346413263,-2.60208521396521E-15));
#14646=CARTESIAN_POINT('',(558.3104039085,190.639346413263,0.4));
#14647=CARTESIAN_POINT('',(556.598673067472,189.0430659568,0.4));
#14648=CARTESIAN_POINT('',(556.598673067472,189.0430659568,-8.67361737988404E-16));
#14649=CARTESIAN_POINT('',(556.598673067472,189.0430659568,-8.67361737988404E-16));
#14650=CARTESIAN_POINT('',(550.235254802588,189.209697928396,0.4));
#14651=CARTESIAN_POINT('',(550.098673067472,188.713103050755,0.2));
#14652=CARTESIAN_POINT('',(550.116996931288,189.412863178238,0.199999999999647));
#14653=CARTESIAN_POINT('',(550.240490192249,189.409629393391,0.2));
#14654=CARTESIAN_POINT('',(568.572496121505,188.729520365424,0.4));
#14655=CARTESIAN_POINT('',(562.427612076225,189.290566934082,-2.83800760669806E-14));
#14656=CARTESIAN_POINT('',(562.487851026439,189.156855483051,0.13208875957));
#14657=CARTESIAN_POINT('',(562.544932908715,189.02094780211,0.266455638861218));
#14658=CARTESIAN_POINT('',(562.598673067472,188.885950427385,0.40000000000005));
#14659=CARTESIAN_POINT('',(568.598673069753,189.729177688119,0.2));
#14660=CARTESIAN_POINT('',(569.598673067472,189.729177688119,0.4));
#14661=CARTESIAN_POINT('',(569.398673067468,179.813350349736,0.2));
#14662=CARTESIAN_POINT('',(569.598673067472,190.229177688119,0.4));
#14663=CARTESIAN_POINT('',(568.598670133012,190.229177688119,0.2));
#14664=CARTESIAN_POINT('',(569.258381260301,190.980700873031,0.4));
#14665=CARTESIAN_POINT('',(632.563000477874,263.095429708335,0.2));
#14666=CARTESIAN_POINT('',(541.618044990531,232.484581946854,0.4));
#14667=CARTESIAN_POINT('',(579.528215709729,245.244635083156,0.2));
#14668=CARTESIAN_POINT('',(539.582413677224,243.163073174421,0.399999999999675));
#14669=CARTESIAN_POINT('',(527.598673067472,242.538604601801,0.199999999999838));
#14670=CARTESIAN_POINT('',(532.192902816443,253.624318517182,0.4));
#14671=CARTESIAN_POINT('',(547.507001979677,290.576698235119,0.2));
#14672=CARTESIAN_POINT('',(525.275372130555,257.323809123771,0.4));
#14673=CARTESIAN_POINT('',(550.7814304387,240.030838119319,0.2));
#14674=CARTESIAN_POINT('',(523.393840513943,258.581730332057,0.4));
#14675=CARTESIAN_POINT('',(521.170677529031,255.256441420923,0.2));
#14676=CARTESIAN_POINT('',(517.174820175869,255.438441457136,0.4));
#14677=CARTESIAN_POINT('',(515.163924801503,206.893115577249,0.2));
#14678=CARTESIAN_POINT('',(517.071840004369,253.177485448092,0.4));
#14679=CARTESIAN_POINT('',(477.113266472749,254.99748581022,0.2));
#14680=CARTESIAN_POINT('',(515.948194622536,245.413731034513,0.399999999999675));
#14681=CARTESIAN_POINT('',(527.598673067472,242.538604601801,0.199999999999838));
#14682=CARTESIAN_POINT('',(518.19214563727,235.087615291323,0.4));
#14683=CARTESIAN_POINT('',(486.837054203264,210.250984256396,0.2));
#14684=CARTESIAN_POINT('',(522.436553017686,228.490383483397,0.4));
#14685=CARTESIAN_POINT('',(546.085186405274,182.771800000137,0.2));
#14686=CARTESIAN_POINT('',(550.240490192249,189.409629393391,0.2));
#14687=CARTESIAN_POINT('',(556.598673067472,189.0430659568,0.400000000000087));
#14688=CARTESIAN_POINT('',(556.658139247861,189.175079596548,0.266474954899019));
#14689=CARTESIAN_POINT('',(556.720754745389,189.307759709184,0.132201225781759));
#14690=CARTESIAN_POINT('',(556.786209158352,189.438292268429,-1.07899800205757E-14));
#14691=CARTESIAN_POINT('',(558.3104039085,190.639346413263,0.2));
#14692=CARTESIAN_POINT('',(558.24913567881,188.299607117555,0.4));
#14693=CARTESIAN_POINT('',(552.406096981944,188.652681029087,0.2));
#14694=CARTESIAN_POINT('',(560.94821051073,188.228929355681,0.4));
#14695=CARTESIAN_POINT('',(561.007215284444,190.482230754971,0.2));
#14696=MECHANICAL_DESIGN_GEOMETRIC_PRESENTATION_REPRESENTATION('',(#8489),
#14698);
#14697=MECHANICAL_DESIGN_GEOMETRIC_PRESENTATION_REPRESENTATION('',(#8490),
#14699);
#14698=(
GEOMETRIC_REPRESENTATION_CONTEXT(3)
GLOBAL_UNCERTAINTY_ASSIGNED_CONTEXT((#14700))
GLOBAL_UNIT_ASSIGNED_CONTEXT((#14706,#14704,#14702))
REPRESENTATION_CONTEXT('Chassis_R_688_Bearing',
'TOP_LEVEL_ASSEMBLY_PART')
);
#14699=(
GEOMETRIC_REPRESENTATION_CONTEXT(3)
GLOBAL_UNCERTAINTY_ASSIGNED_CONTEXT((#14701))
GLOBAL_UNIT_ASSIGNED_CONTEXT((#14707,#14705,#14703))
REPRESENTATION_CONTEXT('Chassis_L_688_Bearing',
'TOP_LEVEL_ASSEMBLY_PART')
);
#14700=UNCERTAINTY_MEASURE_WITH_UNIT(LENGTH_MEASURE(1.E-5),#14706,
'DISTANCE_ACCURACY_VALUE','Maximum Tolerance applied to model');
#14701=UNCERTAINTY_MEASURE_WITH_UNIT(LENGTH_MEASURE(1.E-5),#14707,
'DISTANCE_ACCURACY_VALUE','Maximum Tolerance applied to model');
#14702=(
NAMED_UNIT(*)
SI_UNIT($,.STERADIAN.)
SOLID_ANGLE_UNIT()
);
#14703=(
NAMED_UNIT(*)
SI_UNIT($,.STERADIAN.)
SOLID_ANGLE_UNIT()
);
#14704=(
NAMED_UNIT(*)
PLANE_ANGLE_UNIT()
SI_UNIT($,.RADIAN.)
);
#14705=(
NAMED_UNIT(*)
PLANE_ANGLE_UNIT()
SI_UNIT($,.RADIAN.)
);
#14706=(
LENGTH_UNIT()
NAMED_UNIT(*)
SI_UNIT(.MILLI.,.METRE.)
);
#14707=(
LENGTH_UNIT()
NAMED_UNIT(*)
SI_UNIT(.MILLI.,.METRE.)
);
#14708=PRODUCT_DEFINITION_SHAPE('','',#14710);
#14709=PRODUCT_DEFINITION_SHAPE('','',#14711);
#14710=PRODUCT_DEFINITION('','',#14714,#14712);
#14711=PRODUCT_DEFINITION('','',#14715,#14713);
#14712=PRODUCT_DEFINITION_CONTEXT('',#14726,'design');
#14713=PRODUCT_DEFINITION_CONTEXT('',#14727,'design');
#14714=PRODUCT_DEFINITION_FORMATION_WITH_SPECIFIED_SOURCE('','',#14718,
 .NOT_KNOWN.);
#14715=PRODUCT_DEFINITION_FORMATION_WITH_SPECIFIED_SOURCE('','',#14719,
 .NOT_KNOWN.);
#14716=PRODUCT_RELATED_PRODUCT_CATEGORY('','',(#14718));
#14717=PRODUCT_RELATED_PRODUCT_CATEGORY('','',(#14719));
#14718=PRODUCT('Chassis_R_688_Bearing','Chassis_R_688_Bearing',
'Chassis_R_688_Bearing',(#14722));
#14719=PRODUCT('Chassis_L_688_Bearing','Chassis_L_688_Bearing',
'Chassis_L_688_Bearing',(#14723));
#14720=PRODUCT_CATEGORY('','');
#14721=PRODUCT_CATEGORY('','');
#14722=PRODUCT_CONTEXT('',#14726,'mechanical');
#14723=PRODUCT_CONTEXT('',#14727,'mechanical');
#14724=APPLICATION_PROTOCOL_DEFINITION('international standard',
'ap242_managed_model_based_3d_engineering',2020,#14726);
#14725=APPLICATION_PROTOCOL_DEFINITION('international standard',
'ap242_managed_model_based_3d_engineering',2020,#14727);
#14726=APPLICATION_CONTEXT('managed model based 3d engineering');
#14727=APPLICATION_CONTEXT('managed model based 3d engineering');
ENDSEC;
END-ISO-10303-21;
