ISO-10303-21;
HEADER;
FILE_DESCRIPTION (( 'STEP AP214' ),
    '1' );
FILE_NAME ('[a]_PTC212-413_Holder (Wago221 knockoffs).STEP',
    '2026-04-28T01:43:49',
    ( '' ),
    ( '' ),
    'SwSTEP 2.0',
    'SolidWorks 2023',
    '' );
FILE_SCHEMA (( 'AUTOMOTIVE_DESIGN' ));
ENDSEC;

DATA;
#1 = CARTESIAN_POINT ( 'NONE',  ( -3.133716857408388901, 9.402756813566496064, 20.10000000000000142 ) ) ;
#2 = FACE_BOUND ( 'NONE', #4379, .T. ) ;
#3 = DIRECTION ( 'NONE',  ( -0.8660254037844390407, 0.4999999999999995004, 0.000000000000000000 ) ) ;
#4 = CARTESIAN_POINT ( 'NONE',  ( -49.56207509817011925, -0.5999999999999998668, 13.10919978134382013 ) ) ;
#5 = CARTESIAN_POINT ( 'NONE',  ( -43.96423487988918311, -0.6000000000000003109, 8.290303515714006366 ) ) ;
#6 = CARTESIAN_POINT ( 'NONE',  ( -23.97591531051655878, -0.6000000000000000888, 11.19516514579689570 ) ) ;
#7 = VERTEX_POINT ( 'NONE', #1673 ) ;
#8 = ORIENTED_EDGE ( 'NONE', *, *, #7021, .T. ) ;
#9 = EDGE_CURVE ( 'NONE', #5920, #129, #7878, .T. ) ;
#10 = CARTESIAN_POINT ( 'NONE',  ( -29.34433636314813398, -0.6000000000000000888, 5.973125672112684192 ) ) ;
#11 = CARTESIAN_POINT ( 'NONE',  ( -24.66145806383820371, -1.000000000000000000, 12.85012213163347816 ) ) ;
#12 = CARTESIAN_POINT ( 'NONE',  ( -19.00231723032660369, -1.000000000000000222, 7.507929389053945357 ) ) ;
#13 = VECTOR ( 'NONE', #6410, 1000.000000000000227 ) ;
#14 = DIRECTION ( 'NONE',  ( 0.000000000000000000, 0.000000000000000000, -1.000000000000000000 ) ) ;
#15 = B_SPLINE_CURVE_WITH_KNOTS ( 'NONE', 3,
 ( #4878, #765, #3611, #6973, #7600, #3432, #4832, #2050, #8220, #6926, #5590, #2755, #4786, #3477, #811, #7552, #6169, #3526, #6260 ),
 .UNSPECIFIED., .F., .F.,
 ( 4, 1, 1, 1, 1, 1, 1, 1, 1, 1, 1, 1, 1, 1, 1, 1, 4 ),
 ( 0.000000000000000000, 0.07839567510515432769, 0.1517982437908721172, 0.2212912086800543632, 0.2859906110108907384, 0.3474729027403634096, 0.4064669768115239390, 0.4633343466434628466, 0.5180546145021669435, 0.5724105276240772922, 0.6268134230566196896, 0.6818647050064643445, 0.7392488808523969279, 0.7993016995371499123, 0.8624018029988734790, 0.9291357703265392676, 1.000000000000000000 ),
 .UNSPECIFIED. ) ;
#16 = LINE ( 'NONE', #1273, #8427 ) ;
#17 = VECTOR ( 'NONE', #4655, 1000.000000000000000 ) ;
#18 = ORIENTED_EDGE ( 'NONE', *, *, #1476, .F. ) ;
#19 = CARTESIAN_POINT ( 'NONE',  ( -12.57361267893760370, -0.6000000000000000888, 10.82674409316531516 ) ) ;
#20 =( LENGTH_UNIT ( ) NAMED_UNIT ( * ) SI_UNIT ( .MILLI., .METRE. ) );
#21 = ORIENTED_EDGE ( 'NONE', *, *, #2604, .T. ) ;
#22 = CARTESIAN_POINT ( 'NONE',  ( -51.12232004220960846, -0.6000000000000003109, 9.476215877936796872 ) ) ;
#23 = DIRECTION ( 'NONE',  ( 1.000000000000000000, 0.000000000000000000, 0.000000000000000000 ) ) ;
#24 = CARTESIAN_POINT ( 'NONE',  ( -16.04858515814862585, -0.6000000000000003109, 11.91652698281619571 ) ) ;
#25 = AXIS2_PLACEMENT_3D ( 'NONE', #495, #2493, #3335 ) ;
#26 = ORIENTED_EDGE ( 'NONE', *, *, #4411, .F. ) ;
#27 = DIRECTION ( 'NONE',  ( -0.5000000000000059952, -0.8660254037844351549, 0.000000000000000000 ) ) ;
#28 = CARTESIAN_POINT ( 'NONE',  ( -48.63371685740839467, 10.26878221735089980, -0.9000000000000000222 ) ) ;
#29 = ADVANCED_FACE ( 'NONE', ( #7836 ), #3673, .T. ) ;
#30 = VERTEX_POINT ( 'NONE', #1087 ) ;
#31 = DIRECTION ( 'NONE',  ( 1.187404304411920111E-15, 1.000000000000000000, 0.000000000000000000 ) ) ;
#32 = ORIENTED_EDGE ( 'NONE', *, *, #2912, .F. ) ;
#33 = CARTESIAN_POINT ( 'NONE',  ( -27.14933037493643653, 9.180831174438425890, 19.40000000000000213 ) ) ;
#34 = FACE_OUTER_BOUND ( 'NONE', #8731, .T. ) ;
#35 = CARTESIAN_POINT ( 'NONE',  ( -17.97503018238898775, -0.5999999999999998668, 13.42347595443742314 ) ) ;
#36 = CARTESIAN_POINT ( 'NONE',  ( -24.06963778972758661, -1.000000000000000222, 11.91652698281619571 ) ) ;
#37 = DIRECTION ( 'NONE',  ( -0.000000000000000000, -0.000000000000000000, -1.000000000000000000 ) ) ;
#38 = ORIENTED_EDGE ( 'NONE', *, *, #1530, .T. ) ;
#39 = ADVANCED_FACE ( 'NONE', ( #5742 ), #6493, .T. ) ;
#40 = DIRECTION ( 'NONE',  ( -0.5000000000000009992, -0.8660254037844380415, 0.000000000000000000 ) ) ;
#41 = ORIENTED_EDGE ( 'NONE', *, *, #8028, .T. ) ;
#42 = CARTESIAN_POINT ( 'NONE',  ( -40.53937059963232770, -1.000000000000000222, 5.411449435844889244 ) ) ;
#43 = B_SPLINE_CURVE_WITH_KNOTS ( 'NONE', 3,
 ( #7410, #5401, #1292, #3421, #7542, #7498, #4823, #3514, #2169, #8209, #1377, #6203, #6250, #1423, #36, #126, #2839, #7630, #4909 ),
 .UNSPECIFIED., .F., .F.,
 ( 4, 1, 1, 1, 1, 1, 1, 1, 1, 1, 1, 1, 1, 1, 1, 1, 4 ),
 ( 0.000000000000000000, 0.07613619422941891868, 0.1488248202887804961, 0.2181368005180020775, 0.2843944313180614691, 0.3480732160077175119, 0.4093288163255653922, 0.4682102510086970648, 0.5257174298963283032, 0.5825163633480937575, 0.6390314107546767319, 0.6954483444328789510, 0.7533025338527684633, 0.8121384240391916753, 0.8725331507925628838, 0.9348301940760049833, 1.000000000000000000 ),
 .UNSPECIFIED. ) ;
#44 = DIRECTION ( 'NONE',  ( 0.000000000000000000, 0.000000000000000000, -1.000000000000000000 ) ) ;
#45 = CARTESIAN_POINT ( 'NONE',  ( -47.69974226119958161, 13.88647367098246121, -0.9000000000000000222 ) ) ;
#46 = FACE_OUTER_BOUND ( 'NONE', #2920, .T. ) ;
#47 = CARTESIAN_POINT ( 'NONE',  ( -27.20453373156918531, -1.000000000000000000, 9.144178303691631982 ) ) ;
#48 = DIRECTION ( 'NONE',  ( 0.4999999999935974548, 0.8660254037881351952, 0.000000000000000000 ) ) ;
#49 = EDGE_CURVE ( 'NONE', #3705, #4150, #6454, .T. ) ;
#50 = EDGE_CURVE ( 'NONE', #8702, #3690, #3049, .T. ) ;
#51 = FACE_OUTER_BOUND ( 'NONE', #4637, .T. ) ;
#52 = ORIENTED_EDGE ( 'NONE', *, *, #3755, .T. ) ;
#53 = ORIENTED_EDGE ( 'NONE', *, *, #5325, .T. ) ;
#54 = CARTESIAN_POINT ( 'NONE',  ( -10.17723109999023556, -0.6000000000000000888, 13.45832304053373818 ) ) ;
#55 = CARTESIAN_POINT ( 'NONE',  ( -25.24860384174612093, -0.9999999999999997780, 13.21655031022526217 ) ) ;
#56 = VECTOR ( 'NONE', #2702, 1000.000000000000000 ) ;
#57 = LINE ( 'NONE', #7654, #4280 ) ;
#58 = ORIENTED_EDGE ( 'NONE', *, *, #6397, .F. ) ;
#59 = EDGE_CURVE ( 'NONE', #5067, #3414, #5157, .T. ) ;
#60 = LINE ( 'NONE', #2772, #4651 ) ;
#61 = VECTOR ( 'NONE', #4777, 1000.000000000000000 ) ;
#62 = LINE ( 'NONE', #1541, #5869 ) ;
#63 = VECTOR ( 'NONE', #4928, 1000.000000000000000 ) ;
#64 = ORIENTED_EDGE ( 'NONE', *, *, #4879, .T. ) ;
#65 = CARTESIAN_POINT ( 'NONE',  ( -24.45070415551619902, 11.31782032302749919, 20.10000000000000142 ) ) ;
#66 = LINE ( 'NONE', #869, #295 ) ;
#67 = VERTEX_POINT ( 'NONE', #415 ) ;
#68 = CARTESIAN_POINT ( 'NONE',  ( -11.42631204318075255, -1.000000000000000000, 11.16190439220950203 ) ) ;
#69 = CARTESIAN_POINT ( 'NONE',  ( -17.46020628749990422, -0.5999999999999998668, 13.30335631723544410 ) ) ;
#70 = ORIENTED_EDGE ( 'NONE', *, *, #2237, .F. ) ;
#71 = DIRECTION ( 'NONE',  ( -0.4999999999999995004, -0.8660254037844390407, 0.000000000000000000 ) ) ;
#72 = CARTESIAN_POINT ( 'NONE',  ( -26.05486267893761010, -1.000000000000000000, 8.232994093165316940 ) ) ;
#73 = ORIENTED_EDGE ( 'NONE', *, *, #3544, .T. ) ;
#74 = CARTESIAN_POINT ( 'NONE',  ( -55.19933037493642303, 0.4339745962156045800, 19.40000000000000213 ) ) ;
#75 = ORIENTED_EDGE ( 'NONE', *, *, #3180, .T. ) ;
#76 = CARTESIAN_POINT ( 'NONE',  ( -51.28271763719222776, -1.000000000000000222, 9.460828223542765869 ) ) ;
#77 = VECTOR ( 'NONE', #1514, 1000.000000000000000 ) ;
#78 = CIRCLE ( 'NONE', #6354, 1.899999999999999023 ) ;
#79 = CARTESIAN_POINT ( 'NONE',  ( -15.95486267893760690, -1.000000000000000000, 11.19516514579689570 ) ) ;
#80 = CARTESIAN_POINT ( 'NONE',  ( -16.81751887838796478, -0.5999999999999998668, 12.98893199167539336 ) ) ;
#81 = DIRECTION ( 'NONE',  ( -0.5000000000000112133, -0.8660254037844322683, 0.000000000000000000 ) ) ;
#82 = CARTESIAN_POINT ( 'NONE',  ( -18.40351986464244050, -1.000000000000000000, 12.02454957350305520 ) ) ;
#83 = ORIENTED_EDGE ( 'NONE', *, *, #5893, .F. ) ;
#84 = VECTOR ( 'NONE', #141, 1000.000000000000000 ) ;
#85 = DIRECTION ( 'NONE',  ( 0.000000000000000000, 0.000000000000000000, -1.000000000000000000 ) ) ;
#86 = ORIENTED_EDGE ( 'NONE', *, *, #2769, .F. ) ;
#87 = CARTESIAN_POINT ( 'NONE',  ( 14.08934475965829058, -1.000000000000000000, 20.10000000000000142 ) ) ;
#88 = DIRECTION ( 'NONE',  ( -0.000000000000000000, -0.000000000000000000, -1.000000000000000000 ) ) ;
#89 = DIRECTION ( 'NONE',  ( 0.4999999999999995004, 0.8660254037844390407, 0.000000000000000000 ) ) ;
#90 = EDGE_CURVE ( 'NONE', #393, #4781, #3848, .T. ) ;
#91 = DIRECTION ( 'NONE',  ( 0.5000000000000119904, 0.8660254037844318242, 0.000000000000000000 ) ) ;
#92 = CARTESIAN_POINT ( 'NONE',  ( -46.20788383248146403, 11.87044826720278934, 7.450000000000003730 ) ) ;
#93 = CARTESIAN_POINT ( 'NONE',  ( -27.09261432773257283, -0.9999999999999997780, 9.225014081453197790 ) ) ;
#94 = DIRECTION ( 'NONE',  ( -0.000000000000000000, -1.000000000000000000, -0.000000000000000000 ) ) ;
#95 = CARTESIAN_POINT ( 'NONE',  ( -43.87487960560562783, -0.6000000000000003109, 8.069384518227806780 ) ) ;
#96 = ORIENTED_EDGE ( 'NONE', *, *, #4905, .F. ) ;
#97 = VERTEX_POINT ( 'NONE', #3890 ) ;
#98 = CARTESIAN_POINT ( 'NONE',  ( -39.88273979380020506, -0.6000000000000000888, 5.644303833805745185 ) ) ;
#99 = CARTESIAN_POINT ( 'NONE',  ( -12.57361267893760370, -0.6000000000000000888, 12.30042830369163198 ) ) ;
#100 = ADVANCED_FACE ( 'NONE', ( #8632 ), #3216, .T. ) ;
#101 = CARTESIAN_POINT ( 'NONE',  ( -46.01802057367443410, -0.6000000000000000888, 9.183651987902157643 ) ) ;
#102 = CIRCLE ( 'NONE', #8096, 0.9999999999999626965 ) ;
#103 = VECTOR ( 'NONE', #3625, 1000.000000000000114 ) ;
#104 = CARTESIAN_POINT ( 'NONE',  ( -29.14118880364057773, 10.33083117443845822, -0.9000000000000000222 ) ) ;
#105 = CARTESIAN_POINT ( 'NONE',  ( -35.47065215262180971, -1.000000000000000000, 5.353059882638998346 ) ) ;
#106 = ORIENTED_EDGE ( 'NONE', *, *, #6308, .T. ) ;
#107 = CARTESIAN_POINT ( 'NONE',  ( -17.74433636314813256, -1.000000000000000000, 11.02411251421794702 ) ) ;
#108 = SURFACE_STYLE_FILL_AREA ( #4804 ) ;
#109 = VERTEX_POINT ( 'NONE', #8053 ) ;
#110 = AXIS2_PLACEMENT_3D ( 'NONE', #7897, #1778, #4503 ) ;
#111 = DIRECTION ( 'NONE',  ( -1.000000000000000000, 0.000000000000000000, -3.304235192336776005E-16 ) ) ;
#112 = ADVANCED_FACE ( 'NONE', ( #2589 ), #1933, .F. ) ;
#113 = EDGE_CURVE ( 'NONE', #4457, #5337, #4435, .T. ) ;
#114 = DIRECTION ( 'NONE',  ( -0.000000000000000000, -0.000000000000000000, 1.000000000000000000 ) ) ;
#115 = LINE ( 'NONE', #696, #3614 ) ;
#116 = ORIENTED_EDGE ( 'NONE', *, *, #1399, .T. ) ;
#117 = CARTESIAN_POINT ( 'NONE',  ( 1.700000000000000178, 3.000000000000012434, 9.600000000000528999 ) ) ;
#118 = LINE ( 'NONE', #2247, #2858 ) ;
#119 = ORIENTED_EDGE ( 'NONE', *, *, #2655, .F. ) ;
#120 = CARTESIAN_POINT ( 'NONE',  ( -11.64217700949805945, -0.6000000000000000888, 11.06730969087240268 ) ) ;
#121 = ORIENTED_EDGE ( 'NONE', *, *, #5522, .F. ) ;
#122 = CARTESIAN_POINT ( 'NONE',  ( -50.03907320525339486, -1.000000000000000000, 10.73628356684952578 ) ) ;
#123 = EDGE_CURVE ( 'NONE', #3554, #6936, #4250, .T. ) ;
#124 = DIRECTION ( 'NONE',  ( -0.4999999999999993894, -0.8660254037844389297, 0.000000000000000000 ) ) ;
#125 = DIRECTION ( 'NONE',  ( 1.661107839144281833E-14, 1.000000000000000000, -2.416528521295111399E-14 ) ) ;
#126 = CARTESIAN_POINT ( 'NONE',  ( -24.01643429819849018, -0.9999999999999997780, 11.68681218735810212 ) ) ;
#127 = AXIS2_PLACEMENT_3D ( 'NONE', #2524, #6475, #4421 ) ;
#128 = CARTESIAN_POINT ( 'NONE',  ( -26.31792355599391087, -1.000000000000000000, 11.98748544938994876 ) ) ;
#129 = VERTEX_POINT ( 'NONE', #1308 ) ;
#130 = CARTESIAN_POINT ( 'NONE',  ( 1.699999999999999956, 1.699999999999999956, 0.000000000000000000 ) ) ;
#131 = ORIENTED_EDGE ( 'NONE', *, *, #1841, .F. ) ;
#132 = CARTESIAN_POINT ( 'NONE',  ( -32.39215069796390623, 1.699999999999999956, 0.000000000000000000 ) ) ;
#133 = CARTESIAN_POINT ( 'NONE',  ( -24.45070415551619902, 11.31782032302749919, 0.000000000000000000 ) ) ;
#134 = DIRECTION ( 'NONE',  ( -0.000000000000000000, -1.000000000000000000, -0.000000000000000000 ) ) ;
#135 = CARTESIAN_POINT ( 'NONE',  ( -40.53937059963232770, -1.000000000000000222, 5.411449435844889244 ) ) ;
#136 = AXIS2_PLACEMENT_3D ( 'NONE', #6669, #8723, #2591 ) ;
#137 = DIRECTION ( 'NONE',  ( 0.5000000000000062172, 0.8660254037844351549, -0.000000000000000000 ) ) ;
#138 = CARTESIAN_POINT ( 'NONE',  ( -42.40482642443307526, -1.000000000000000222, 11.78656447492751624 ) ) ;
#139 = B_SPLINE_SURFACE_WITH_KNOTS ( 'NONE', 3, 1, ( 
 ( #4558, #2705 ),
 ( #3424, #5359 ),
 ( #8213, #2128 ),
 ( #6827, #2798 ),
 ( #713, #5491 ),
 ( #3288, #4015 ),
 ( #4151, #1295 ),
 ( #3969, #573 ),
 ( #6740, #6029 ),
 ( #4739, #619 ),
 ( #8749, #3332 ) ),
 .UNSPECIFIED., .F., .F., .F.,
 ( 4, 1, 1, 1, 1, 1, 1, 1, 4 ),
 ( 2, 2 ),
 ( 0.000000000000000000, 0.1242180585141686722, 0.2472068381769285117, 0.3696516862116497881, 0.4928776809722381080, 0.6164737459698425015, 0.7421957864292834106, 0.8693919454153733462, 1.000000000000000000 ),
 ( 0.000000000000000000, 1.000000000000000000 ),
 .UNSPECIFIED. ) ;
#140 = CARTESIAN_POINT ( 'NONE',  ( -41.72690215262179692, -0.6000000000000000888, 6.826744093165315164 ) ) ;
#141 = DIRECTION ( 'NONE',  ( -0.000000000000000000, -0.000000000000000000, -1.000000000000000000 ) ) ;
#142 = ORIENTED_EDGE ( 'NONE', *, *, #1230, .T. ) ;
#143 = CARTESIAN_POINT ( 'NONE',  ( -40.53937059963232770, -0.6000000000000003109, 5.411449435844889244 ) ) ;
#144 = DIRECTION ( 'NONE',  ( 0.000000000000000000, 0.000000000000000000, 1.000000000000000000 ) ) ;
#145 = DIRECTION ( 'NONE',  ( 0.8660254037844304920, -0.5000000000000139888, 0.000000000000000000 ) ) ;
#146 = CARTESIAN_POINT ( 'NONE',  ( -50.83477570816024382, -0.9999999999999997780, 11.91036730736978377 ) ) ;
#147 = EDGE_CURVE ( 'NONE', #2854, #667, #5912, .T. ) ;
#148 = CYLINDRICAL_SURFACE ( 'NONE', #3578, 1.899999999999999689 ) ;
#149 = ORIENTED_EDGE ( 'NONE', *, *, #7532, .T. ) ;
#150 = CARTESIAN_POINT ( 'NONE',  ( -16.45055408217264414, -0.6000000000000003109, 9.616731248157075029 ) ) ;
#151 = CARTESIAN_POINT ( 'NONE',  ( -69.90070415550901828, 12.27044826720279502, 7.650000000000002132 ) ) ;
#152 = B_SPLINE_CURVE_WITH_KNOTS ( 'NONE', 3,
 ( #8083, #3239, #6649, #1961, #1158, #1334, #4054, #3378, #3876, #6604, #528 ),
 .UNSPECIFIED., .F., .F.,
 ( 4, 1, 1, 1, 1, 1, 1, 1, 4 ),
 ( 0.000000000000000000, 0.1242180585141686722, 0.2472068381769285117, 0.3696516862116497881, 0.4928776809722381080, 0.6164737459698425015, 0.7421957864292834106, 0.8693919454153733462, 1.000000000000000000 ),
 .UNSPECIFIED. ) ;
#153 = EDGE_LOOP ( 'NONE', ( #2076, #4858, #5047, #285 ) ) ;
#154 = CARTESIAN_POINT ( 'NONE',  ( -41.92829683008832831, -0.6000000000000000888, 13.45518866424742832 ) ) ;
#155 = LINE ( 'NONE', #2869, #5272 ) ;
#157 = VECTOR ( 'NONE', #5156, 1000.000000000000000 ) ;
#156 = VECTOR ( 'NONE', #2695, 1000.000000000000000 ) ;
#158 = VERTEX_POINT ( 'NONE', #6622 ) ;
#159 = EDGE_CURVE ( 'NONE', #8517, #4867, #2632, .T. ) ;
#160 = DIRECTION ( 'NONE',  ( -0.5000000000000061062, -0.8660254037844351549, -6.700788708272358234E-17 ) ) ;
#161 = ADVANCED_FACE ( 'NONE', ( #6752 ), #4207, .T. ) ;
#162 = CARTESIAN_POINT ( 'NONE',  ( -27.19992494264274541, -0.5999999999999998668, 7.334199025909230230 ) ) ;
#163 = ORIENTED_EDGE ( 'NONE', *, *, #6763, .T. ) ;
#164 = DIRECTION ( 'NONE',  ( 0.000000000000000000, 2.416528521298855017E-14, 1.000000000000000000 ) ) ;
#165 = ORIENTED_EDGE ( 'NONE', *, *, #3641, .F. ) ;
#166 = FACE_OUTER_BOUND ( 'NONE', #2641, .T. ) ;
#167 = AXIS2_PLACEMENT_3D ( 'NONE', #1071, #8577, #1117 ) ;
#168 = DIRECTION ( 'NONE',  ( 0.5000000000000061062, 0.8660254037844351549, 0.000000000000000000 ) ) ;
#169 = DIRECTION ( 'NONE',  ( 0.8660254037844322683, -0.5000000000000112133, 0.000000000000000000 ) ) ;
#170 = CARTESIAN_POINT ( 'NONE',  ( -18.52011514373397461, -1.000000000000000222, 12.05442515963128969 ) ) ;
#171 = ORIENTED_EDGE ( 'NONE', *, *, #7623, .F. ) ;
#172 = EDGE_CURVE ( 'NONE', #2843, #191, #8765, .T. ) ;
#173 = CARTESIAN_POINT ( 'NONE',  ( -28.92328373156918886, -0.6000000000000000888, 11.24779672474426206 ) ) ;
#174 = ORIENTED_EDGE ( 'NONE', *, *, #3031, .F. ) ;
#175 = CARTESIAN_POINT ( 'NONE',  ( -49.59964268369742513, 10.00996317224838883, -0.9000000000000000222 ) ) ;
#176 = LINE ( 'NONE', #2175, #2092 ) ;
#177 = LINE ( 'NONE', #6786, #3443 ) ;
#178 = PLANE ( 'NONE',  #4959 ) ;
#179 = CARTESIAN_POINT ( 'NONE',  ( 0.000000000000000000, 1.699999999999910028, -0.9000000000000000222 ) ) ;
#180 = CARTESIAN_POINT ( 'NONE',  ( -43.85997504198805785, -0.6000000000000000888, 10.59757692713795763 ) ) ;
#181 = DIRECTION ( 'NONE',  ( -1.000000000000000000, 0.000000000000000000, 0.000000000000000000 ) ) ;
#182 = CARTESIAN_POINT ( 'NONE',  ( -49.70195831909962436, 8.691600689896679555, -0.9000000000000000222 ) ) ;
#183 = B_SPLINE_CURVE_WITH_KNOTS ( 'NONE', 3,
 ( #2344, #5844, #8564, #3776, #8477, #4714, #1059, #1814, #3821, #4498, #387, #7808, #6509 ),
 .UNSPECIFIED., .F., .F.,
 ( 4, 1, 1, 1, 1, 1, 1, 1, 1, 1, 4 ),
 ( 0.000000000000000000, 0.1603753861776184564, 0.3167880320051173482, 0.4639547215212923015, 0.5998108780809138230, 0.7215978882881363132, 0.8288275933772883963, 0.8766716099927726047, 0.9208419748405914929, 0.9610528601879236854, 1.000000000000000000 ),
 .UNSPECIFIED. ) ;
#184 = EDGE_LOOP ( 'NONE', ( #3445, #7202, #1470, #8098 ) ) ;
#185 = CARTESIAN_POINT ( 'NONE',  ( -11.90923940590071695, -0.6000000000000003109, 12.51754095874282413 ) ) ;
#186 = CARTESIAN_POINT ( 'NONE',  ( -44.29999999999999716, 1.699999999999999956, -0.9000000000000000222 ) ) ;
#187 = LINE ( 'NONE', #2102, #418 ) ;
#188 = EDGE_CURVE ( 'NONE', #3688, #1325, #1478, .T. ) ;
#189 = EDGE_CURVE ( 'NONE', #97, #1182, #8144, .T. ) ;
#190 = CARTESIAN_POINT ( 'NONE',  ( -48.71253378870242301, -1.000000000000000000, 12.54796747799729495 ) ) ;
#191 = VERTEX_POINT ( 'NONE', #10 ) ;
#192 = CARTESIAN_POINT ( 'NONE',  ( -2.849742261189011749, 11.89461524227728972, 20.10000000000000142 ) ) ;
#193 = AXIS2_PLACEMENT_3D ( 'NONE', #3145, #5882, #1144 ) ;
#194 = LINE ( 'NONE', #6850, #8003 ) ;
#195 = ORIENTED_EDGE ( 'NONE', *, *, #8119, .T. ) ;
#196 = CARTESIAN_POINT ( 'NONE',  ( 1.699999999999999956, 3.000000000000012434, 9.600000000000528999 ) ) ;
#197 = CARTESIAN_POINT ( 'NONE',  ( -24.00000000000000000, 7.016154273188029755, -0.9000000000000000222 ) ) ;
#198 = ADVANCED_FACE ( 'NONE', ( #7515 ), #6891, .T. ) ;
#199 = AXIS2_PLACEMENT_3D ( 'NONE', #7739, #5737, #3410 ) ;
#200 = ORIENTED_EDGE ( 'NONE', *, *, #3213, .T. ) ;
#201 = ORIENTED_EDGE ( 'NONE', *, *, #1588, .F. ) ;
#202 = CARTESIAN_POINT ( 'NONE',  ( -26.05486267893761010, -0.6000000000000000888, 8.232994093165316940 ) ) ;
#203 = ORIENTED_EDGE ( 'NONE', *, *, #1783, .F. ) ;
#204 = CARTESIAN_POINT ( 'NONE',  ( -12.57361267893760370, -0.6000000000000000888, 10.82674409316531516 ) ) ;
#205 = ORIENTED_EDGE ( 'NONE', *, *, #772, .F. ) ;
#206 = CARTESIAN_POINT ( 'NONE',  ( -50.59002047602295704, -1.000000000000000000, 9.634305474934947711 ) ) ;
#207 = B_SPLINE_SURFACE_WITH_KNOTS ( 'NONE', 3, 1, ( 
 ( #3612, #1570 ),
 ( #8351, #4297 ),
 ( #6347, #2941 ),
 ( #8221, #5502 ),
 ( #2180, #138 ),
 ( #4161, #7642 ),
 ( #6885, #944 ),
 ( #6217, #5591 ),
 ( #5681, #1527 ),
 ( #5547, #4254 ),
 ( #4206, #3570 ),
 ( #2271, #6303 ),
 ( #180, #3746 ),
 ( #2358, #2485 ),
 ( #5896, #3833 ),
 ( #3159, #7946 ),
 ( #4509, #8445 ),
 ( #2445, #5183 ),
 ( #313, #5099 ) ),
 .UNSPECIFIED., .F., .F., .F.,
 ( 4, 1, 1, 1, 1, 1, 1, 1, 1, 1, 1, 1, 1, 1, 1, 1, 4 ),
 ( 2, 2 ),
 ( 0.000000000000000000, 0.06758290741465568241, 0.1323147132012320315, 0.1947884898547089239, 0.2555041314539875930, 0.3148541182162521435, 0.3735312126748823736, 0.4325961568887486952, 0.4924914459876305051, 0.5524171142552698477, 0.6119021568199176642, 0.6719946359940104363, 0.7328844354027108654, 0.7955380463532730762, 0.8607955405925501458, 0.9287592960736230641, 1.000000000000000000 ),
 ( 0.000000000000000000, 1.000000000000000000 ),
 .UNSPECIFIED. ) ;
#208 = EDGE_CURVE ( 'NONE', #7293, #5899, #5106, .T. ) ;
#209 = EDGE_CURVE ( 'NONE', #1823, #2255, #3346, .T. ) ;
#210 = CARTESIAN_POINT ( 'NONE',  ( 16.40881119635939811, 9.551408311032400178, 18.89999999999999858 ) ) ;
#211 = CARTESIAN_POINT ( 'NONE',  ( -48.15094904247921903, -1.000000000000000000, 10.50243208335221112 ) ) ;
#212 = ORIENTED_EDGE ( 'NONE', *, *, #5656, .T. ) ;
#213 = CARTESIAN_POINT ( 'NONE',  ( -25.76538899472708266, -0.6000000000000000888, 11.02411251421794702 ) ) ;
#214 = ORIENTED_EDGE ( 'NONE', *, *, #1651, .F. ) ;
#215 = CARTESIAN_POINT ( 'NONE',  ( -27.45777383080737266, -0.9999999999999997780, 12.04114164335061332 ) ) ;
#216 = CARTESIAN_POINT ( 'NONE',  ( 14.58934475965829236, -1.000000000000000000, 20.10000000000000142 ) ) ;
#217 = EDGE_LOOP ( 'NONE', ( #4636, #7887, #7766, #8589 ) ) ;
#218 = CARTESIAN_POINT ( 'NONE',  ( -26.88046396607744981, -0.9999999999999995559, 9.378243449184864744 ) ) ;
#219 = DIRECTION ( 'NONE',  ( 1.000000000000000000, 0.000000000000000000, 0.000000000000000000 ) ) ;
#220 = DIRECTION ( 'NONE',  ( -1.000000000000000000, 0.000000000000000000, -0.000000000000000000 ) ) ;
#221 = EDGE_CURVE ( 'NONE', #5339, #3411, #2057, .T. ) ;
#222 = ADVANCED_FACE ( 'NONE', ( #818 ), #680, .T. ) ;
#223 = CARTESIAN_POINT ( 'NONE',  ( -52.14433636314813469, -1.000000000000000000, 9.458323040533736403 ) ) ;
#224 = CARTESIAN_POINT ( 'NONE',  ( -23.00000000000000000, 1.699999999999969980, 20.10000000000000142 ) ) ;
#225 = CARTESIAN_POINT ( 'NONE',  ( -25.84930467508481300, -1.000000000000000222, 10.52583176461639347 ) ) ;
#226 = CARTESIAN_POINT ( 'NONE',  ( -44.79999999999999716, 8.863675134594789284, -0.9000000000000000222 ) ) ;
#227 = FACE_OUTER_BOUND ( 'NONE', #2259, .T. ) ;
#228 = ORIENTED_EDGE ( 'NONE', *, *, #2367, .T. ) ;
#229 = CARTESIAN_POINT ( 'NONE',  ( -12.57361267893760370, -1.000000000000000000, 12.30042830369163198 ) ) ;
#230 = DIRECTION ( 'NONE',  ( 0.000000000000000000, 0.000000000000000000, -1.000000000000000000 ) ) ;
#231 = LINE ( 'NONE', #101, #7982 ) ;
#232 = CARTESIAN_POINT ( 'NONE',  ( -48.89079716967073352, -1.000000000000000000, 12.71799628697119111 ) ) ;
#233 = VERTEX_POINT ( 'NONE', #7559 ) ;
#234 = LINE ( 'NONE', #5694, #1392 ) ;
#235 = DIRECTION ( 'NONE',  ( -2.657184803002740111E-15, -1.000000000000000000, 0.000000000000000000 ) ) ;
#236 = EDGE_CURVE ( 'NONE', #2813, #5136, #4795, .T. ) ;
#237 = VERTEX_POINT ( 'NONE', #1488 ) ;
#238 = DIRECTION ( 'NONE',  ( 0.000000000000000000, 0.000000000000000000, -1.000000000000000000 ) ) ;
#239 = CARTESIAN_POINT ( 'NONE',  ( -10.70511896022156684, -1.000000000000000000, 13.10947707157168907 ) ) ;
#240 = AXIS2_PLACEMENT_3D ( 'NONE', #1564, #1474, #219 ) ;
#241 = EDGE_LOOP ( 'NONE', ( #6838, #7525, #3864, #3724 ) ) ;
#242 = VERTEX_POINT ( 'NONE', #4751 ) ;
#243 = CARTESIAN_POINT ( 'NONE',  ( -43.85603664807204893, -1.000000000000000000, 13.00110856180982033 ) ) ;
#244 = VECTOR ( 'NONE', #1397, 1000.000000000000000 ) ;
#245 = VECTOR ( 'NONE', #6849, 1000.000000000000227 ) ;
#246 = ORIENTED_EDGE ( 'NONE', *, *, #2450, .F. ) ;
#247 = EDGE_CURVE ( 'NONE', #1058, #8068, #726, .T. ) ;
#248 = DIRECTION ( 'NONE',  ( -0.8660254037844389297, 0.4999999999999994449, -0.000000000000000000 ) ) ;
#249 = VERTEX_POINT ( 'NONE', #6087 ) ;
#250 = CARTESIAN_POINT ( 'NONE',  ( -50.97283565831656205, -0.9999999999999997780, 9.499306930357157341 ) ) ;
#251 = VECTOR ( 'NONE', #7357, 1000.000000000000114 ) ;
#252 = CARTESIAN_POINT ( 'NONE',  ( -52.59118880364060544, 9.551408311032400178, 19.40000000000000213 ) ) ;
#253 = CARTESIAN_POINT ( 'NONE',  ( -48.19419208603800797, -0.6000000000000000888, 10.22060968601950925 ) ) ;
#254 = EDGE_LOOP ( 'NONE', ( #8160, #6593, #6515, #2490 ) ) ;
#255 = CARTESIAN_POINT ( 'NONE',  ( 0.000000000000000000, 0.000000000000000000, 0.000000000000000000 ) ) ;
#256 = FACE_OUTER_BOUND ( 'NONE', #4673, .T. ) ;
#257 = ORIENTED_EDGE ( 'NONE', *, *, #6656, .T. ) ;
#258 = CARTESIAN_POINT ( 'NONE',  ( -28.84536331640767415, -1.000000000000000000, 11.31487071008127288 ) ) ;
#259 = CARTESIAN_POINT ( 'NONE',  ( -70.88371685740838757, 11.56782032302750096, 20.10000000000000142 ) ) ;
#260 = ORIENTED_EDGE ( 'NONE', *, *, #1390, .F. ) ;
#261 = EDGE_CURVE ( 'NONE', #1060, #902, #7140, .T. ) ;
#262 = PLANE ( 'NONE',  #7583 ) ;
#263 = ORIENTED_EDGE ( 'NONE', *, *, #1636, .T. ) ;
#264 = CARTESIAN_POINT ( 'NONE',  ( -68.50000000000000000, -0.5000000000000000000, -0.9000000000000000222 ) ) ;
#265 = DIRECTION ( 'NONE',  ( 0.5000000000000062172, 0.8660254037844351549, -0.000000000000000000 ) ) ;
#266 = FACE_OUTER_BOUND ( 'NONE', #4665, .T. ) ;
#267 = CARTESIAN_POINT ( 'NONE',  ( -45.22048479344236682, -0.6000000000000000888, 6.596036675707888541 ) ) ;
#268 = DIRECTION ( 'NONE',  ( -0.9659258262890685343, -0.2588190451025203509, 0.000000000000000000 ) ) ;
#269 = CARTESIAN_POINT ( 'NONE',  ( -52.59118880364060544, 9.551408311032400178, 20.10000000000000142 ) ) ;
#270 = DIRECTION ( 'NONE',  ( -0.000000000000000000, -0.000000000000000000, 1.000000000000000000 ) ) ;
#271 = ORIENTED_EDGE ( 'NONE', *, *, #5233, .T. ) ;
#272 = ADVANCED_FACE ( 'NONE', ( #5508 ), #774, .T. ) ;
#273 = DIRECTION ( 'NONE',  ( -0.8660254037881350841, 0.4999999999935973993, 0.000000000000000000 ) ) ;
#274 = CARTESIAN_POINT ( 'NONE',  ( -18.54861267893760512, -1.000000000000000000, 13.45832304053373818 ) ) ;
#275 = CARTESIAN_POINT ( 'NONE',  ( -28.98878807424198811, 3.457628406783290309, 7.649999999999995914 ) ) ;
#276 = DIRECTION ( 'NONE',  ( 1.000000000000000000, 0.000000000000000000, 0.000000000000000000 ) ) ;
#277 = CARTESIAN_POINT ( 'NONE',  ( -50.59110886703109600, -0.6000000000000003109, 11.81131159885338100 ) ) ;
#278 = VECTOR ( 'NONE', #3988, 1000.000000000000000 ) ;
#279 = ADVANCED_FACE ( 'NONE', ( #6223 ), #2815, .T. ) ;
#280 = EDGE_LOOP ( 'NONE', ( #1954, #8602, #6461, #1724 ) ) ;
#281 = DIRECTION ( 'NONE',  ( 1.000000000000000000, 0.000000000000000000, 0.000000000000000000 ) ) ;
#282 = ORIENTED_EDGE ( 'NONE', *, *, #5029, .T. ) ;
#283 = CARTESIAN_POINT ( 'NONE',  ( -49.83204199356378439, -0.6000000000000003109, 13.19928929557445763 ) ) ;
#284 = LINE ( 'NONE', #4528, #8838 ) ;
#285 = ORIENTED_EDGE ( 'NONE', *, *, #2884, .T. ) ;
#286 = ORIENTED_EDGE ( 'NONE', *, *, #8267, .F. ) ;
#287 = LINE ( 'NONE', #1721, #13 ) ;
#288 = ORIENTED_EDGE ( 'NONE', *, *, #8769, .F. ) ;
#290 = VECTOR ( 'NONE', #2855, 1000.000000000000227 ) ;
#289 = CARTESIAN_POINT ( 'NONE',  ( -52.14433636314813469, -0.6000000000000000888, 9.458323040533736403 ) ) ;
#291 = ORIENTED_EDGE ( 'NONE', *, *, #8119, .F. ) ;
#292 = DIRECTION ( 'NONE',  ( 1.000000000000000000, 0.000000000000000000, 0.000000000000000000 ) ) ;
#293 = CARTESIAN_POINT ( 'NONE',  ( -17.74433636314813256, -1.000000000000000000, 11.02411251421794702 ) ) ;
#295 = VECTOR ( 'NONE', #690, 1000.000000000000000 ) ;
#294 = AXIS2_PLACEMENT_3D ( 'NONE', #8751, #6568, #6031 ) ;
#296 = FACE_OUTER_BOUND ( 'NONE', #8690, .T. ) ;
#297 = ORIENTED_EDGE ( 'NONE', *, *, #4212, .F. ) ;
#298 = EDGE_CURVE ( 'NONE', #158, #6545, #4887, .T. ) ;
#299 = CARTESIAN_POINT ( 'NONE',  ( -16.81751887838796478, -0.9999999999999997780, 12.98893199167539336 ) ) ;
#300 = ORIENTED_EDGE ( 'NONE', *, *, #7869, .T. ) ;
#301 = CARTESIAN_POINT ( 'NONE',  ( -22.70788383248144982, 12.73647367098722505, 11.75000000000000355 ) ) ;
#302 = CARTESIAN_POINT ( 'NONE',  ( -28.90396254172198809, -0.9999999999999997780, 7.523244421182097241 ) ) ;
#303 = VERTEX_POINT ( 'NONE', #6441 ) ;
#304 = DIRECTION ( 'NONE',  ( -0.8660254037844390407, 0.4999999999999995004, 0.000000000000000000 ) ) ;
#305 = ORIENTED_EDGE ( 'NONE', *, *, #188, .T. ) ;
#307 = AXIS2_PLACEMENT_3D ( 'NONE', #4789, #48, #2094 ) ;
#306 = AXIS2_PLACEMENT_3D ( 'NONE', #3651, #936, #849 ) ;
#308 = CARTESIAN_POINT ( 'NONE',  ( -41.54263195046153356, -0.6000000000000000888, 11.87782203073417087 ) ) ;
#309 = CARTESIAN_POINT ( 'NONE',  ( -9.199330374936424803, 0.4339745962156045800, -0.2000000000000000389 ) ) ;
#310 = CARTESIAN_POINT ( 'NONE',  ( -69.90070415550901828, 12.27044826720279502, 11.75000000000000355 ) ) ;
#311 = CARTESIAN_POINT ( 'NONE',  ( -46.40070415551731742, 13.13647367099202867, -0.9000000000000000222 ) ) ;
#312 = EDGE_CURVE ( 'NONE', #5136, #3170, #3039, .T. ) ;
#313 = CARTESIAN_POINT ( 'NONE',  ( -44.12328373156917394, -0.6000000000000000888, 9.308651987902157643 ) ) ;
#314 = FACE_OUTER_BOUND ( 'NONE', #5993, .T. ) ;
#315 = LINE ( 'NONE', #4256, #7923 ) ;
#316 = VECTOR ( 'NONE', #1835, 1000.000000000000000 ) ;
#317 = ORIENTED_EDGE ( 'NONE', *, *, #1039, .F. ) ;
#318 = DIRECTION ( 'NONE',  ( 0.000000000000000000, -0.7071067811866210695, -0.7071067811864739650 ) ) ;
#319 = CARTESIAN_POINT ( 'NONE',  ( -11.90923940590071695, -1.000000000000000222, 12.51754095874282413 ) ) ;
#320 = CARTESIAN_POINT ( 'NONE',  ( -23.97811777933110733, -0.5999999999999998668, 11.27971252834454141 ) ) ;
#321 = CARTESIAN_POINT ( 'NONE',  ( -28.70195831909959949, 8.691600689896679555, 20.10000000000000142 ) ) ;
#322 = ADVANCED_FACE ( 'NONE', ( #7781 ), #1035, .F. ) ;
#323 = EDGE_CURVE ( 'NONE', #4532, #2291, #3752, .T. ) ;
#324 = DIRECTION ( 'NONE',  ( 0.000000000000000000, 0.000000000000000000, -1.000000000000000000 ) ) ;
#325 = CARTESIAN_POINT ( 'NONE',  ( -49.83204199356378439, -1.000000000000000222, 13.19928929557445763 ) ) ;
#326 = ORIENTED_EDGE ( 'NONE', *, *, #3084, .F. ) ;
#327 = CARTESIAN_POINT ( 'NONE',  ( -26.49974226119279663, 10.76878221735089802, -0.9000000000000000222 ) ) ;
#328 = DIRECTION ( 'NONE',  ( 0.000000000000000000, 0.000000000000000000, 1.000000000000000000 ) ) ;
#329 = CARTESIAN_POINT ( 'NONE',  ( -49.56207509817011925, -0.9999999999999997780, 13.10919978134382013 ) ) ;
#330 = CARTESIAN_POINT ( 'NONE',  ( -24.34826031543514091, -0.9999999999999993339, 9.806611711463459002 ) ) ;
#331 = EDGE_CURVE ( 'NONE', #350, #7568, #3663, .T. ) ;
#332 = ORIENTED_EDGE ( 'NONE', *, *, #5796, .T. ) ;
#333 = VECTOR ( 'NONE', #4963, 1000.000000000000227 ) ;
#334 = ORIENTED_EDGE ( 'NONE', *, *, #7342, .F. ) ;
#335 = DIRECTION ( 'NONE',  ( 0.8660254037844387076, 0.5000000000000002220, 0.000000000000000000 ) ) ;
#336 = ORIENTED_EDGE ( 'NONE', *, *, #867, .T. ) ;
#337 = CARTESIAN_POINT ( 'NONE',  ( -9.199330374936424803, 0.4339745962156045800, -0.2000000000000000389 ) ) ;
#338 = VERTEX_POINT ( 'NONE', #5820 ) ;
#339 = LINE ( 'NONE', #3061, #3501 ) ;
#340 = VECTOR ( 'NONE', #6572, 1000.000000000000227 ) ;
#341 = CARTESIAN_POINT ( 'NONE',  ( -48.25855916150560176, -0.6000000000000000888, 9.952088590633501042 ) ) ;
#342 = ORIENTED_EDGE ( 'NONE', *, *, #5408, .T. ) ;
#343 = CARTESIAN_POINT ( 'NONE',  ( -51.29400741577970990, -0.6000000000000000888, 8.089901987902157643 ) ) ;
#344 = ORIENTED_EDGE ( 'NONE', *, *, #4143, .T. ) ;
#345 = LINE ( 'NONE', #2975, #6119 ) ;
#346 = CARTESIAN_POINT ( 'NONE',  ( -41.49206640066801555, -1.000000000000000000, 13.45575012086127131 ) ) ;
#347 = B_SPLINE_CURVE_WITH_KNOTS ( 'NONE', 3,
 ( #4811, #7012, #7682, #7595, #3608, #4201, #2131, #7055, #979, #2264, #5674 ),
 .UNSPECIFIED., .F., .F.,
 ( 4, 1, 1, 1, 1, 1, 1, 1, 4 ),
 ( 0.000000000000000000, 0.1167874600497640775, 0.2340549638295243984, 0.3522908915644918926, 0.4727005074978259946, 0.5970991727026729867, 0.7258348733785957574, 0.8598550479402812252, 1.000000000000000000 ),
 .UNSPECIFIED. ) ;
#348 = ORIENTED_EDGE ( 'NONE', *, *, #7805, .T. ) ;
#349 = DIRECTION ( 'NONE',  ( -0.000000000000000000, 0.000000000000000000, 1.000000000000000000 ) ) ;
#350 = VERTEX_POINT ( 'NONE', #3574 ) ;
#351 = LINE ( 'NONE', #3029, #8547 ) ;
#352 = CARTESIAN_POINT ( 'NONE',  ( -37.68117846841128227, -1.000000000000000000, 11.87937567211268330 ) ) ;
#353 = PLANE ( 'NONE',  #768 ) ;
#354 = DIRECTION ( 'NONE',  ( -1.000000000000000000, 2.739037067331802004E-15, 0.000000000000000000 ) ) ;
#355 = LINE ( 'NONE', #7990, #2863 ) ;
#356 = CARTESIAN_POINT ( 'NONE',  ( -44.12087236794346978, -1.000000000000000000, 9.404673076053921221 ) ) ;
#357 = ORIENTED_EDGE ( 'NONE', *, *, #6386, .T. ) ;
#358 = LINE ( 'NONE', #826, #7436 ) ;
#359 = ADVANCED_FACE ( 'NONE', ( #903 ), #6485, .T. ) ;
#360 = CARTESIAN_POINT ( 'NONE',  ( -12.23715049554417966, -0.9999999999999995559, 12.40052185498298698 ) ) ;
#361 = FACE_OUTER_BOUND ( 'NONE', #3486, .T. ) ;
#362 = AXIS2_PLACEMENT_3D ( 'NONE', #6449, #995, #2368 ) ;
#363 = AXIS2_PLACEMENT_3D ( 'NONE', #1701, #2939, #1026 ) ;
#364 = CARTESIAN_POINT ( 'NONE',  ( 11.87579849446719926, 1.699999999999999956, 20.10000000000000142 ) ) ;
#365 = CARTESIAN_POINT ( 'NONE',  ( -18.11055746426819368, -1.000000000000000000, 10.06486393383465661 ) ) ;
#366 = CARTESIAN_POINT ( 'NONE',  ( -51.12223383784253627, -0.6000000000000003109, 11.96709621041650706 ) ) ;
#367 = VECTOR ( 'NONE', #4452, 1000.000000000000114 ) ;
#368 = CIRCLE ( 'NONE', #2636, 3.000000000000000000 ) ;
#369 = ORIENTED_EDGE ( 'NONE', *, *, #4198, .T. ) ;
#370 = ADVANCED_FACE ( 'NONE', ( #7064 ), #5707, .T. ) ;
#371 = LINE ( 'NONE', #3092, #730 ) ;
#372 = EDGE_LOOP ( 'NONE', ( #4499, #1720, #2246, #2159 ) ) ;
#373 = CARTESIAN_POINT ( 'NONE',  ( -48.71253378870242301, -0.6000000000000000888, 12.54796747799729495 ) ) ;
#374 = CARTESIAN_POINT ( 'NONE',  ( -24.47160671375159424, -0.9999999999999993339, 9.616731248157075029 ) ) ;
#375 = ORIENTED_EDGE ( 'NONE', *, *, #8197, .F. ) ;
#376 = ORIENTED_EDGE ( 'NONE', *, *, #7424, .T. ) ;
#377 = CARTESIAN_POINT ( 'NONE',  ( -27.42251923717369877, -0.9999999999999997780, 6.987923560826689418 ) ) ;
#378 = VERTEX_POINT ( 'NONE', #5149 ) ;
#379 = EDGE_CURVE ( 'NONE', #3777, #1160, #5687, .T. ) ;
#380 = DIRECTION ( 'NONE',  ( 0.000000000000000000, -1.000000000000000000, 0.000000000000000000 ) ) ;
#381 = EDGE_CURVE ( 'NONE', #1520, #757, #8497, .T. ) ;
#382 = ORIENTED_EDGE ( 'NONE', *, *, #7085, .F. ) ;
#383 = ADVANCED_FACE ( 'NONE', ( #7692 ), #2192, .T. ) ;
#384 = CARTESIAN_POINT ( 'NONE',  ( -52.14433636314813469, -0.9999999999999922284, 11.98463883000742136 ) ) ;
#385 = CARTESIAN_POINT ( 'NONE',  ( -26.67775067083179152, -0.6000000000000003109, 13.45661921709829656 ) ) ;
#386 = ORIENTED_EDGE ( 'NONE', *, *, #8346, .F. ) ;
#387 = CARTESIAN_POINT ( 'NONE',  ( -27.44606916586927881, -0.6000000000000003109, 6.906996973109859717 ) ) ;
#388 = VECTOR ( 'NONE', #1970, 1000.000000000000000 ) ;
#389 = VECTOR ( 'NONE', #6659, 1000.000000000000000 ) ;
#390 = ORIENTED_EDGE ( 'NONE', *, *, #113, .F. ) ;
#391 = LINE ( 'NONE', #7049, #409 ) ;
#392 = CARTESIAN_POINT ( 'NONE',  ( -46.20788383248146403, 11.87044826720278934, 11.75000000000000355 ) ) ;
#393 = VERTEX_POINT ( 'NONE', #6610 ) ;
#394 = AXIS2_PLACEMENT_3D ( 'NONE', #5392, #2477, #3866 ) ;
#395 = CARTESIAN_POINT ( 'NONE',  ( -25.84930467508481300, -1.000000000000000222, 10.52583176461639347 ) ) ;
#396 = EDGE_CURVE ( 'NONE', #6294, #6757, #1834, .T. ) ;
#397 = VERTEX_POINT ( 'NONE', #5190 ) ;
#398 = DIRECTION ( 'NONE',  ( -0.000000000000000000, -1.000000000000000000, -0.000000000000000000 ) ) ;
#399 = VECTOR ( 'NONE', #5480, 1000.000000000000114 ) ;
#400 = LINE ( 'NONE', #223, #8500 ) ;
#401 = CARTESIAN_POINT ( 'NONE',  ( -35.47065215262180971, -0.6000000000000000888, 5.353059882638998346 ) ) ;
#402 = CARTESIAN_POINT ( 'NONE',  ( 14.87801989425317828, 0.5000000000000132117, 20.10000000000000142 ) ) ;
#403 = FACE_OUTER_BOUND ( 'NONE', #5849, .T. ) ;
#404 = CARTESIAN_POINT ( 'NONE',  ( -41.13141353356815699, -0.6000000000000000888, 11.84951974490410898 ) ) ;
#405 = EDGE_LOOP ( 'NONE', ( #121, #6322, #1276, #3531 ) ) ;
#406 = LINE ( 'NONE', #449, #3289 ) ;
#407 = CARTESIAN_POINT ( 'NONE',  ( -19.30015895595192887, -0.9999999999999995559, 9.060909721805188610 ) ) ;
#408 = DIRECTION ( 'NONE',  ( 0.000000000000000000, 0.000000000000000000, -1.000000000000000000 ) ) ;
#409 = VECTOR ( 'NONE', #3024, 1000.000000000000000 ) ;
#410 = LINE ( 'NONE', #7067, #7237 ) ;
#411 = CARTESIAN_POINT ( 'NONE',  ( -18.52011514373397461, -0.6000000000000003109, 12.05442515963128969 ) ) ;
#412 = CARTESIAN_POINT ( 'NONE',  ( 13.80066962506357520, 0.4339745962156045800, 19.40000000000000213 ) ) ;
#413 = VERTEX_POINT ( 'NONE', #8665 ) ;
#414 = DIRECTION ( 'NONE',  ( 0.000000000000000000, -0.000000000000000000, 1.000000000000000000 ) ) ;
#415 = CARTESIAN_POINT ( 'NONE',  ( 16.85881119635942227, 10.33083117443845822, -0.1999999999999990119 ) ) ;
#416 = LINE ( 'NONE', #2328, #4656 ) ;
#417 = CARTESIAN_POINT ( 'NONE',  ( -69.00000000000000000, 7.016154273188029755, 0.000000000000000000 ) ) ;
#418 = VECTOR ( 'NONE', #2857, 1000.000000000000000 ) ;
#419 = EDGE_CURVE ( 'NONE', #5627, #7645, #1790, .T. ) ;
#420 = ORIENTED_EDGE ( 'NONE', *, *, #2604, .F. ) ;
#421 = CARTESIAN_POINT ( 'NONE',  ( -27.44843532778709871, -0.6000000000000003109, 6.853208813283835354 ) ) ;
#422 = ORIENTED_EDGE ( 'NONE', *, *, #3928, .F. ) ;
#423 = CARTESIAN_POINT ( 'NONE',  ( -18.12342450645337522, -0.6000000000000000888, 8.171393628204475235 ) ) ;
#424 = ORIENTED_EDGE ( 'NONE', *, *, #7656, .T. ) ;
#425 = CARTESIAN_POINT ( 'NONE',  ( 11.87579849446719926, 1.699999999999999956, 20.10000000000000142 ) ) ;
#426 = FACE_OUTER_BOUND ( 'NONE', #2282, .T. ) ;
#427 = ADVANCED_FACE ( 'NONE', ( #3164 ), #2492, .T. ) ;
#428 = ORIENTED_EDGE ( 'NONE', *, *, #4517, .F. ) ;
#429 = ADVANCED_FACE ( 'NONE', ( #4610 ), #8389, .T. ) ;
#430 = DIRECTION ( 'NONE',  ( 1.000000000000000000, 0.000000000000000000, 0.000000000000000000 ) ) ;
#431 = CARTESIAN_POINT ( 'NONE',  ( -26.80303456817695817, -0.6000000000000003109, 12.08639197032431767 ) ) ;
#432 = ORIENTED_EDGE ( 'NONE', *, *, #3031, .T. ) ;
#433 = CARTESIAN_POINT ( 'NONE',  ( -21.43397459621555967, 8.497649730810351798, -0.9000000000000000222 ) ) ;
#434 = CARTESIAN_POINT ( 'NONE',  ( -41.67918202419151186, -1.000000000000000222, 13.45745411035514216 ) ) ;
#435 = EDGE_LOOP ( 'NONE', ( #7883, #2026, #7385, #6381, #4026 ) ) ;
#436 = DIRECTION ( 'NONE',  ( 0.000000000000000000, 0.000000000000000000, -1.000000000000000000 ) ) ;
#437 = ORIENTED_EDGE ( 'NONE', *, *, #4386, .T. ) ;
#438 = CARTESIAN_POINT ( 'NONE',  ( -28.76528383655373844, -0.6000000000000003109, 7.734030817966677240 ) ) ;
#439 = CARTESIAN_POINT ( 'NONE',  ( -21.11890795778687746, -0.5999999999999996447, 7.063442957108943432 ) ) ;
#440 = DIRECTION ( 'NONE',  ( -1.000000000000000000, 0.000000000000000000, 0.000000000000000000 ) ) ;
#441 = EDGE_CURVE ( 'NONE', #6625, #3905, #7253, .T. ) ;
#442 = EDGE_CURVE ( 'NONE', #3750, #6630, #4118, .T. ) ;
#443 = CARTESIAN_POINT ( 'NONE',  ( -30.42915978271929944, 1.699999999999999956, -0.9000000000000000222 ) ) ;
#444 = CARTESIAN_POINT ( 'NONE',  ( -50.05803912775664344, -0.5999999999999998668, 11.02677716447722389 ) ) ;
#445 = CARTESIAN_POINT ( 'NONE',  ( -41.54263195046153356, -0.6000000000000000888, 11.87782203073417087 ) ) ;
#447 = VECTOR ( 'NONE', #998, 1000.000000000000114 ) ;
#446 = CIRCLE ( 'NONE', #4873, 0.9999999999999592548 ) ;
#448 = ORIENTED_EDGE ( 'NONE', *, *, #7484, .F. ) ;
#449 = CARTESIAN_POINT ( 'NONE',  ( -7.906252313101699514, 12.27365149746590056, -0.9000000000000000222 ) ) ;
#450 = DIRECTION ( 'NONE',  ( 0.000000000000000000, 0.000000000000000000, -1.000000000000000000 ) ) ;
#451 = CARTESIAN_POINT ( 'NONE',  ( -28.92328373156918886, -0.6000000000000000888, 12.78727040895478950 ) ) ;
#452 = CARTESIAN_POINT ( 'NONE',  ( -35.47065215262180971, -1.000000000000000000, 11.87937567211268330 ) ) ;
#453 = VECTOR ( 'NONE', #1565, 1000.000000000000114 ) ;
#454 = LINE ( 'NONE', #8626, #7054 ) ;
#455 = CARTESIAN_POINT ( 'NONE',  ( -23.97591531051655878, -0.6000000000000000888, 11.19516514579689570 ) ) ;
#456 = VERTEX_POINT ( 'NONE', #5089 ) ;
#457 = LINE ( 'NONE', #5328, #2568 ) ;
#458 = DIRECTION ( 'NONE',  ( -1.000000000000000000, 0.000000000000000000, 0.000000000000000000 ) ) ;
#459 = LINE ( 'NONE', #1353, #1920 ) ;
#460 = B_SPLINE_CURVE_WITH_KNOTS ( 'NONE', 3,
 ( #7439, #8729, #6053, #5382, #5604, #8321, #6987, #1543, #150, #5517, #2194, #2152, #2239, #2908, #8235, #6945, #909 ),
 .UNSPECIFIED., .F., .F.,
 ( 4, 1, 1, 1, 1, 1, 1, 1, 1, 1, 1, 1, 1, 1, 4 ),
 ( 0.000000000000000000, 0.07027423074979503859, 0.1375218968061227842, 0.2016456227554903335, 0.2634561117706851197, 0.3237857200459774987, 0.3833129871676841938, 0.4431784845893546598, 0.5025541057359215191, 0.5624446974201235960, 0.6228225426260304287, 0.6841893059895861606, 0.7463950832633993171, 0.8720773565786248405, 0.9999999999999998890 ),
 .UNSPECIFIED. ) ;
#461 = ADVANCED_FACE ( 'NONE', ( #5133 ), #7812, .T. ) ;
#462 = CARTESIAN_POINT ( 'NONE',  ( -71.63371685740838757, 10.26878221735089980, -0.9000000000000000222 ) ) ;
#463 = ORIENTED_EDGE ( 'NONE', *, *, #4301, .F. ) ;
#464 = LINE ( 'NONE', #5165, #1590 ) ;
#465 = ORIENTED_EDGE ( 'NONE', *, *, #6175, .T. ) ;
#466 = CARTESIAN_POINT ( 'NONE',  ( -19.42501653429032871, -0.6000000000000003109, 6.906996973109859717 ) ) ;
#467 = ORIENTED_EDGE ( 'NONE', *, *, #6867, .T. ) ;
#468 = DIRECTION ( 'NONE',  ( 0.000000000000000000, 0.000000000000000000, 1.000000000000000000 ) ) ;
#469 = ADVANCED_FACE ( 'NONE', ( #6511 ), #7719, .F. ) ;
#470 = CARTESIAN_POINT ( 'NONE',  ( -0.2078838324814590577, 11.87044826720278934, 7.450000000000003730 ) ) ;
#471 = CARTESIAN_POINT ( 'NONE',  ( -51.17714383098817876, -1.000000000000000000, 8.092008840351615717 ) ) ;
#472 = ORIENTED_EDGE ( 'NONE', *, *, #6447, .F. ) ;
#473 = ORIENTED_EDGE ( 'NONE', *, *, #6435, .F. ) ;
#474 = PLANE ( 'NONE',  #8825 ) ;
#475 = LINE ( 'NONE', #8567, #804 ) ;
#476 = ORIENTED_EDGE ( 'NONE', *, *, #8299, .F. ) ;
#477 = CARTESIAN_POINT ( 'NONE',  ( -35.47065215262180971, -1.000000000000000000, 5.353059882638998346 ) ) ;
#478 = ORIENTED_EDGE ( 'NONE', *, *, #8442, .T. ) ;
#479 = CARTESIAN_POINT ( 'NONE',  ( -12.57361267893760370, -0.6000000000000000888, 10.82674409316531516 ) ) ;
#480 = EDGE_CURVE ( 'NONE', #4413, #6146, #3691, .T. ) ;
#481 = VECTOR ( 'NONE', #527, 1000.000000000000000 ) ;
#482 = CARTESIAN_POINT ( 'NONE',  ( -25.28371685740840391, 10.87500000000000000, 20.10000000000000142 ) ) ;
#483 = LINE ( 'NONE', #5400, #8184 ) ;
#484 = DIRECTION ( 'NONE',  ( -0.8660254037843755359, 0.5000000000001092459, 0.000000000000000000 ) ) ;
#485 = CARTESIAN_POINT ( 'NONE',  ( -50.04130553301551032, -0.6000000000000000888, 10.88474538660017821 ) ) ;
#486 = EDGE_LOOP ( 'NONE', ( #751, #4197, #8736, #7876 ) ) ;
#487 = AXIS2_PLACEMENT_3D ( 'NONE', #2496, #7244, #4434 ) ;
#488 = DIRECTION ( 'NONE',  ( -0.5000000000000093259, -0.8660254037844333785, 0.000000000000000000 ) ) ;
#489 = VECTOR ( 'NONE', #144, 1000.000000000000000 ) ;
#490 = ORIENTED_EDGE ( 'NONE', *, *, #8728, .T. ) ;
#491 = CARTESIAN_POINT ( 'NONE',  ( -39.88273979380020506, -0.6000000000000000888, 5.644303833805745185 ) ) ;
#492 = EDGE_CURVE ( 'NONE', #2162, #2205, #7091, .T. ) ;
#493 = CARTESIAN_POINT ( 'NONE',  ( -19.30015895595192887, -0.6000000000000000888, 9.060909721805188610 ) ) ;
#494 = EDGE_CURVE ( 'NONE', #7547, #3451, #8528, .T. ) ;
#495 = CARTESIAN_POINT ( 'NONE',  ( 17.29804168090040051, 8.691600689896679555, 0.000000000000000000 ) ) ;
#496 = VECTOR ( 'NONE', #2082, 1000.000000000000341 ) ;
#497 = DIRECTION ( 'NONE',  ( 0.000000000000000000, 0.000000000000000000, 1.000000000000000000 ) ) ;
#498 = DIRECTION ( 'NONE',  ( 0.8660254037844422603, 0.4999999999999937272, 0.000000000000000000 ) ) ;
#499 = CARTESIAN_POINT ( 'NONE',  ( -19.18348109999023876, -1.000000000000000000, 9.144178303691631982 ) ) ;
#500 = CARTESIAN_POINT ( 'NONE',  ( -49.96990751153072807, 7.691600689896693765, -0.9000000000000000222 ) ) ;
#501 = VERTEX_POINT ( 'NONE', #1106 ) ;
#502 = CARTESIAN_POINT ( 'NONE',  ( -70.00000000000000000, 7.016154273188029755, 0.000000000000000000 ) ) ;
#503 = VECTOR ( 'NONE', #3966, 1000.000000000000227 ) ;
#504 = VECTOR ( 'NONE', #7728, 1000.000000000000000 ) ;
#505 = DIRECTION ( 'NONE',  ( 0.5000000000000119904, 0.8660254037844318242, 0.000000000000000000 ) ) ;
#506 = DIRECTION ( 'NONE',  ( -0.000000000000000000, 1.000000000000000000, -0.000000000000000000 ) ) ;
#507 = CYLINDRICAL_SURFACE ( 'NONE', #3983, 1.000000000000002887 ) ;
#508 = AXIS2_PLACEMENT_3D ( 'NONE', #4891, #7519, #825 ) ;
#509 = ORIENTED_EDGE ( 'NONE', *, *, #8628, .F. ) ;
#510 = CARTESIAN_POINT ( 'NONE',  ( -11.12420150553280074, 1.699999999999999956, -0.9000000000000000222 ) ) ;
#511 = ORIENTED_EDGE ( 'NONE', *, *, #7744, .T. ) ;
#512 = CARTESIAN_POINT ( 'NONE',  ( -45.29999999999999716, 7.997649730810350910, 20.10000000000000142 ) ) ;
#513 = VERTEX_POINT ( 'NONE', #6469 ) ;
#514 = CARTESIAN_POINT ( 'NONE',  ( -50.12550849063328684, -1.000000000000000000, 10.17829642049988514 ) ) ;
#515 = CARTESIAN_POINT ( 'NONE',  ( -40.95384935742451660, -1.000000000000000222, 13.41774754298076289 ) ) ;
#516 = CARTESIAN_POINT ( 'NONE',  ( -51.17714383098817876, -0.6000000000000000888, 8.092008840351615717 ) ) ;
#517 = VERTEX_POINT ( 'NONE', #974 ) ;
#518 = ORIENTED_EDGE ( 'NONE', *, *, #123, .F. ) ;
#519 = EDGE_CURVE ( 'NONE', #4150, #6315, #391, .T. ) ;
#520 = DIRECTION ( 'NONE',  ( -0.8660254037844351549, 0.5000000000000061062, -0.000000000000000000 ) ) ;
#521 = CARTESIAN_POINT ( 'NONE',  ( -26.96990751153073518, 7.691600689896700871, -0.9000000000000000222 ) ) ;
#522 = ORIENTED_EDGE ( 'NONE', *, *, #1187, .T. ) ;
#523 = CARTESIAN_POINT ( 'NONE',  ( -23.90070415550900762, 12.27044826720279502, 11.75000000000000355 ) ) ;
#524 = VERTEX_POINT ( 'NONE', #5758 ) ;
#525 = DIRECTION ( 'NONE',  ( -3.304235192336776005E-16, 0.000000000000000000, 1.000000000000000000 ) ) ;
#526 = CARTESIAN_POINT ( 'NONE',  ( -20.74423120497478479, -0.6000000000000003109, 7.734030817966677240 ) ) ;
#527 = DIRECTION ( 'NONE',  ( -0.000000000000000000, -1.000000000000000000, -0.000000000000000000 ) ) ;
#528 = CARTESIAN_POINT ( 'NONE',  ( -26.56966531051655522, -1.000000000000000000, 13.45832304053373818 ) ) ;
#529 = CARTESIAN_POINT ( 'NONE',  ( -40.96585143734886003, -1.000000000000000222, 6.897598736873339575 ) ) ;
#530 = ORIENTED_EDGE ( 'NONE', *, *, #113, .T. ) ;
#531 = EDGE_CURVE ( 'NONE', #5667, #5067, #779, .T. ) ;
#532 = PLANE ( 'NONE',  #3789 ) ;
#533 = ORIENTED_EDGE ( 'NONE', *, *, #8296, .F. ) ;
#534 = LINE ( 'NONE', #3881, #5298 ) ;
#535 = AXIS2_PLACEMENT_3D ( 'NONE', #5338, #7479, #4127 ) ;
#536 = CARTESIAN_POINT ( 'NONE',  ( -67.43397459621556322, 8.497649730810350022, -0.9000000000000000222 ) ) ;
#537 = CARTESIAN_POINT ( 'NONE',  ( 13.80066962506357520, 0.4339745962156045800, 19.40000000000000213 ) ) ;
#538 = CARTESIAN_POINT ( 'NONE',  ( -4.149330374936437416, 9.180831174438425890, -0.2000000000000000389 ) ) ;
#539 = LINE ( 'NONE', #720, #5061 ) ;
#540 = EDGE_CURVE ( 'NONE', #6315, #5961, #345, .T. ) ;
#541 = ADVANCED_FACE ( 'NONE', ( #7852 ), #1732, .T. ) ;
#542 = DIRECTION ( 'NONE',  ( -0.000000000000000000, -0.000000000000000000, -1.000000000000000000 ) ) ;
#543 = ORIENTED_EDGE ( 'NONE', *, *, #5582, .F. ) ;
#544 = ORIENTED_EDGE ( 'NONE', *, *, #8345, .T. ) ;
#545 = CARTESIAN_POINT ( 'NONE',  ( -26.59964268369743223, 10.00996317224838883, -0.9000000000000000222 ) ) ;
#546 = CARTESIAN_POINT ( 'NONE',  ( -19.42854688946392017, -0.6000000000000000888, 6.826744093165315164 ) ) ;
#547 = DIRECTION ( 'NONE',  ( 1.000000000000000000, 0.000000000000000000, 0.000000000000000000 ) ) ;
#548 = PLANE ( 'NONE',  #136 ) ;
#549 = VECTOR ( 'NONE', #2611, 1000.000000000000000 ) ;
#550 = EDGE_CURVE ( 'NONE', #8773, #3936, #1061, .T. ) ;
#551 = VERTEX_POINT ( 'NONE', #4500 ) ;
#552 = CARTESIAN_POINT ( 'NONE',  ( -17.31574787903095469, -0.6000000000000007550, 8.745503142338012736 ) ) ;
#553 = ORIENTED_EDGE ( 'NONE', *, *, #7366, .F. ) ;
#554 = CARTESIAN_POINT ( 'NONE',  ( -10.88117846841128689, -1.000000000000000000, 11.51095461948110632 ) ) ;
#555 = ORIENTED_EDGE ( 'NONE', *, *, #1199, .T. ) ;
#556 = CARTESIAN_POINT ( 'NONE',  ( -50.03907320525339486, -1.000000000000000000, 10.73628356684952578 ) ) ;
#557 = LINE ( 'NONE', #7398, #4991 ) ;
#558 = CARTESIAN_POINT ( 'NONE',  ( -50.00619077176733640, -0.5999999999999998668, 8.272726543668008858 ) ) ;
#559 = ORIENTED_EDGE ( 'NONE', *, *, #2974, .F. ) ;
#560 = ORIENTED_EDGE ( 'NONE', *, *, #3440, .F. ) ;
#561 = CARTESIAN_POINT ( 'NONE',  ( -24.88371685740840178, 11.56782032302750096, 20.10000000000000142 ) ) ;
#562 = CARTESIAN_POINT ( 'NONE',  ( -28.90396254172198809, -0.9999999999999997780, 7.523244421182097241 ) ) ;
#563 = VERTEX_POINT ( 'NONE', #7764 ) ;
#564 = CARTESIAN_POINT ( 'NONE',  ( -39.80749425788496154, -1.000000000000000000, 7.353059882638998346 ) ) ;
#565 = VERTEX_POINT ( 'NONE', #1648 ) ;
#566 = CARTESIAN_POINT ( 'NONE',  ( -48.14656698535185342, -0.6000000000000000888, 10.69554701818006492 ) ) ;
#567 = EDGE_CURVE ( 'NONE', #5616, #8110, #7223, .T. ) ;
#568 = CARTESIAN_POINT ( 'NONE',  ( -20.43104055232352323, -0.6000000000000007550, 8.118792711873181744 ) ) ;
#569 = CARTESIAN_POINT ( 'NONE',  ( -68.29999999999999716, 7.997649730810350910, -0.9000000000000000222 ) ) ;
#570 = CARTESIAN_POINT ( 'NONE',  ( -63.79999999999999716, 3.500000000000210054, 9.599999999999999645 ) ) ;
#571 = CARTESIAN_POINT ( 'NONE',  ( -69.00000000000000000, 7.016154273188029755, 20.10000000000000142 ) ) ;
#572 = ORIENTED_EDGE ( 'NONE', *, *, #8823, .T. ) ;
#573 = CARTESIAN_POINT ( 'NONE',  ( -19.18602629532821169, -1.000000000000000000, 13.42068050419670477 ) ) ;
#574 = ORIENTED_EDGE ( 'NONE', *, *, #8079, .T. ) ;
#575 = DIRECTION ( 'NONE',  ( -0.8660254037844352659, 0.5000000000000057732, 0.000000000000000000 ) ) ;
#576 = VECTOR ( 'NONE', #8550, 1000.000000000000000 ) ;
#577 = B_SPLINE_SURFACE_WITH_KNOTS ( 'NONE', 3, 1, ( 
 ( #8019, #6723 ),
 ( #5428, #4679 ),
 ( #5964, #8776 ),
 ( #22, #8686 ),
 ( #2553, #1855 ),
 ( #1898, #3359 ),
 ( #5296, #7397 ),
 ( #1944, #1364 ),
 ( #1277, #5251 ),
 ( #2027, #3996 ),
 ( #7974, #4585 ),
 ( #7306, #3267 ),
 ( #7441, #1185 ),
 ( #3899, #514 ),
 ( #603, #4630 ),
 ( #7350, #1987 ),
 ( #1232, #3949 ),
 ( #6676, #6055 ),
 ( #8732, #556 ) ),
 .UNSPECIFIED., .F., .F., .F.,
 ( 4, 1, 1, 1, 1, 1, 1, 1, 1, 1, 1, 1, 1, 1, 1, 1, 4 ),
 ( 2, 2 ),
 ( 0.000000000000000000, 0.07839567510515432769, 0.1517982437908721172, 0.2212912086800543632, 0.2859906110108907384, 0.3474729027403634096, 0.4064669768115239390, 0.4633343466434628466, 0.5180546145021669435, 0.5724105276240772922, 0.6268134230566196896, 0.6818647050064643445, 0.7392488808523969279, 0.7993016995371499123, 0.8624018029988734790, 0.9291357703265392676, 1.000000000000000000 ),
 ( 0.000000000000000000, 1.000000000000000000 ),
 .UNSPECIFIED. ) ;
#578 = FACE_OUTER_BOUND ( 'NONE', #7120, .T. ) ;
#579 = ADVANCED_FACE ( 'NONE', ( #3150 ), #474, .T. ) ;
#580 = CARTESIAN_POINT ( 'NONE',  ( -55.19933037493642303, 0.4339745962156045800, -0.2000000000000000389 ) ) ;
#581 = CARTESIAN_POINT ( 'NONE',  ( -1.000000000000000000, 7.016154273188029755, 0.000000000000000000 ) ) ;
#582 = CARTESIAN_POINT ( 'NONE',  ( 1.699999999999999956, 1.699999999999999956, -0.9000000000000000222 ) ) ;
#584 = MECHANICAL_DESIGN_GEOMETRIC_PRESENTATION_REPRESENTATION (  '', ( #875 ), #7147 ) ;
#583 = AXIS2_PLACEMENT_3D ( 'NONE', #1004, #4579, #3811 ) ;
#585 = CARTESIAN_POINT ( 'NONE',  ( -43.87487960560562783, -0.9999999999999997780, 8.069384518227806780 ) ) ;
#586 = DIRECTION ( 'NONE',  ( 0.5000000000000061062, 0.8660254037844351549, 0.000000000000000000 ) ) ;
#587 = ORIENTED_EDGE ( 'NONE', *, *, #6448, .F. ) ;
#588 = ORIENTED_EDGE ( 'NONE', *, *, #7229, .T. ) ;
#589 = CARTESIAN_POINT ( 'NONE',  ( -20.90223109999023876, -0.6000000000000000888, 11.24779672474426206 ) ) ;
#590 = CARTESIAN_POINT ( 'NONE',  ( -39.80749425788496154, -1.000000000000000000, 7.353059882638998346 ) ) ;
#592 = VECTOR ( 'NONE', #7144, 999.9999999999998863 ) ;
#591 = VECTOR ( 'NONE', #575, 1000.000000000000341 ) ;
#593 = CARTESIAN_POINT ( 'NONE',  ( -26.13395978535061204, -1.000000000000000000, 11.88482645585770037 ) ) ;
#594 = ADVANCED_FACE ( 'NONE', ( #4000 ), #2605, .T. ) ;
#595 = CARTESIAN_POINT ( 'NONE',  ( -71.63371685740838757, 10.26878221735089980, 0.000000000000000000 ) ) ;
#596 = CARTESIAN_POINT ( 'NONE',  ( -18.11055746426819368, -0.6000000000000000888, 10.06486393383465661 ) ) ;
#597 = ORIENTED_EDGE ( 'NONE', *, *, #7956, .F. ) ;
#598 = CARTESIAN_POINT ( 'NONE',  ( -25.76538899472708266, -0.6000000000000000888, 11.02411251421794702 ) ) ;
#599 = AXIS2_PLACEMENT_3D ( 'NONE', #7376, #7418, #6698 ) ;
#600 = VERTEX_POINT ( 'NONE', #8116 ) ;
#601 = CARTESIAN_POINT ( 'NONE',  ( -12.33720200411145562, -0.9999999999999997780, 10.85957835661363369 ) ) ;
#602 = ORIENTED_EDGE ( 'NONE', *, *, #3621, .F. ) ;
#603 = CARTESIAN_POINT ( 'NONE',  ( -50.08547231253844245, -0.6000000000000003109, 10.30359116983397350 ) ) ;
#604 = EDGE_CURVE ( 'NONE', #8568, #3448, #4593, .T. ) ;
#605 = DIRECTION ( 'NONE',  ( 1.000000000000000000, 0.000000000000000000, 0.000000000000000000 ) ) ;
#606 = CARTESIAN_POINT ( 'NONE',  ( -15.95486267893760690, -1.000000000000000000, 5.353059882638999234 ) ) ;
#607 = VERTEX_POINT ( 'NONE', #7445 ) ;
#608 = CARTESIAN_POINT ( 'NONE',  ( -22.70788383248144982, 12.73647367098722505, 8.450000000000022382 ) ) ;
#609 = DIRECTION ( 'NONE',  ( 0.000000000000000000, 0.000000000000000000, -1.000000000000000000 ) ) ;
#610 = VERTEX_POINT ( 'NONE', #608 ) ;
#611 = CARTESIAN_POINT ( 'NONE',  ( -0.2078838324814590577, 11.87044826720278934, 11.75000000000000355 ) ) ;
#612 = ORIENTED_EDGE ( 'NONE', *, *, #4312, .T. ) ;
#613 = CARTESIAN_POINT ( 'NONE',  ( -27.32121158753087897, -0.6000000000000000888, 9.060909721805188610 ) ) ;
#614 = FACE_OUTER_BOUND ( 'NONE', #3369, .T. ) ;
#615 = CARTESIAN_POINT ( 'NONE',  ( -46.00921863632870412, -1.000000000000000000, 8.754145376654680177 ) ) ;
#616 = LINE ( 'NONE', #2528, #4774 ) ;
#617 = CARTESIAN_POINT ( 'NONE',  ( -23.20788383248145692, 11.87044826720278934, 11.75000000000000355 ) ) ;
#618 = EDGE_LOOP ( 'NONE', ( #6706, #6047, #1063, #6998 ) ) ;
#619 = CARTESIAN_POINT ( 'NONE',  ( -18.65669803925284143, -1.000000000000000222, 13.45661921709829656 ) ) ;
#620 = EDGE_CURVE ( 'NONE', #6560, #393, #7980, .T. ) ;
#621 = VERTEX_POINT ( 'NONE', #433 ) ;
#622 = CARTESIAN_POINT ( 'NONE',  ( -50.34615242270659508, 10.10275681356650068, 0.000000000000000000 ) ) ;
#623 = VECTOR ( 'NONE', #3284, 1000.000000000000000 ) ;
#624 = CARTESIAN_POINT ( 'NONE',  ( -17.94620321566788590, -1.000000000000000222, 10.29171977115982983 ) ) ;
#625 = CARTESIAN_POINT ( 'NONE',  ( -1.288830394134590013E-15, 7.593504542377649713, 0.000000000000000000 ) ) ;
#626 = PLANE ( 'NONE',  #824 ) ;
#627 = VECTOR ( 'NONE', #4023, 1000.000000000000114 ) ;
#628 = LINE ( 'NONE', #8047, #3761 ) ;
#629 = CARTESIAN_POINT ( 'NONE',  ( -42.92517620067590656, -0.6000000000000003109, 7.086278856927139991 ) ) ;
#630 = CARTESIAN_POINT ( 'NONE',  ( -43.47845153221862091, -0.6000000000000005329, 7.496610094251752621 ) ) ;
#631 = ORIENTED_EDGE ( 'NONE', *, *, #8622, .F. ) ;
#632 = EDGE_CURVE ( 'NONE', #5123, #745, #8691, .T. ) ;
#633 = ORIENTED_EDGE ( 'NONE', *, *, #3593, .F. ) ;
#634 = CARTESIAN_POINT ( 'NONE',  ( -41.72690215262179692, -0.6000000000000000888, 6.826744093165315164 ) ) ;
#635 = CARTESIAN_POINT ( 'NONE',  ( -26.89640400060024206, -0.9999999999999995559, 12.08870593368865975 ) ) ;
#636 = CARTESIAN_POINT ( 'NONE',  ( -50.96894561720709760, 8.961215932167760911, 0.000000000000000000 ) ) ;
#637 = CARTESIAN_POINT ( 'NONE',  ( -51.45025741577971701, -1.000000000000000000, 11.98463883000742136 ) ) ;
#638 = EDGE_LOOP ( 'NONE', ( #1358, #3696, #748, #3234 ) ) ;
#639 = ADVANCED_FACE ( 'NONE', ( #2560 ), #6554, .F. ) ;
#640 = CARTESIAN_POINT ( 'NONE',  ( -25.92171027634526226, -0.6000000000000000888, 11.67231097751628432 ) ) ;
#641 = VECTOR ( 'NONE', #8698, 1000.000000000000000 ) ;
#642 = VERTEX_POINT ( 'NONE', #8605 ) ;
#643 = CARTESIAN_POINT ( 'NONE',  ( -45.22048479344236682, -1.000000000000000000, 6.596036675707888541 ) ) ;
#644 = ORIENTED_EDGE ( 'NONE', *, *, #531, .T. ) ;
#645 = CARTESIAN_POINT ( 'NONE',  ( -3.499742261192788639, 10.76878221735088736, -0.9000000000000000222 ) ) ;
#646 = CARTESIAN_POINT ( 'NONE',  ( -19.17887231106379531, -0.5999999999999998668, 7.334199025909230230 ) ) ;
#647 = AXIS2_PLACEMENT_3D ( 'NONE', #6748, #4790, #5414 ) ;
#648 = FACE_OUTER_BOUND ( 'NONE', #5519, .T. ) ;
#649 = ORIENTED_EDGE ( 'NONE', *, *, #2974, .T. ) ;
#650 = EDGE_CURVE ( 'NONE', #8773, #8049, #8783, .T. ) ;
#651 = DIRECTION ( 'NONE',  ( 1.000000000000000000, 0.000000000000000000, 0.000000000000000000 ) ) ;
#652 = ADVANCED_FACE ( 'NONE', ( #2649 ), #3189, .T. ) ;
#653 = DIRECTION ( 'NONE',  ( 0.000000000000000000, -1.000000000000000000, 0.000000000000000000 ) ) ;
#654 = EDGE_CURVE ( 'NONE', #4082, #4985, #2236, .T. ) ;
#655 = EDGE_LOOP ( 'NONE', ( #4591, #3783, #8761, #8509 ) ) ;
#656 = CARTESIAN_POINT ( 'NONE',  ( -40.01445987057139320, -0.6000000000000000888, 13.22863998288572951 ) ) ;
#657 = EDGE_LOOP ( 'NONE', ( #2693, #8750, #149, #5163 ) ) ;
#658 = FACE_OUTER_BOUND ( 'NONE', #3767, .T. ) ;
#659 = VECTOR ( 'NONE', #3773, 1000.000000000000000 ) ;
#660 = CARTESIAN_POINT ( 'NONE',  ( -29.14118880364057773, 10.33083117443845822, 20.10000000000000142 ) ) ;
#661 = DIRECTION ( 'NONE',  ( -0.000000000000000000, -0.000000000000000000, -1.000000000000000000 ) ) ;
#662 = LINE ( 'NONE', #7323, #5910 ) ;
#663 = FACE_OUTER_BOUND ( 'NONE', #1002, .T. ) ;
#664 = ORIENTED_EDGE ( 'NONE', *, *, #6139, .T. ) ;
#665 = EDGE_CURVE ( 'NONE', #7841, #770, #1818, .T. ) ;
#666 = DIRECTION ( 'NONE',  ( 2.657184803002740111E-15, 1.000000000000000000, 0.000000000000000000 ) ) ;
#667 = VERTEX_POINT ( 'NONE', #4724 ) ;
#668 = DIRECTION ( 'NONE',  ( 0.5000000000000061062, 0.8660254037844351549, 0.000000000000000000 ) ) ;
#669 = FACE_OUTER_BOUND ( 'NONE', #2960, .T. ) ;
#670 = DIRECTION ( 'NONE',  ( -0.000000000000000000, -0.000000000000000000, 1.000000000000000000 ) ) ;
#671 = DIRECTION ( 'NONE',  ( -0.000000000000000000, -0.000000000000000000, 1.000000000000000000 ) ) ;
#672 = CARTESIAN_POINT ( 'NONE',  ( -49.31502264304105410, -0.6000000000000003109, 12.99878189308876664 ) ) ;
#673 = LINE ( 'NONE', #6218, #1012 ) ;
#674 = DIRECTION ( 'NONE',  ( 0.000000000000000000, -0.000000000000000000, 1.000000000000000000 ) ) ;
#675 = VECTOR ( 'NONE', #2277, 1000.000000000000000 ) ;
#676 = AXIS2_PLACEMENT_3D ( 'NONE', #1344, #3, #4063 ) ;
#677 = VERTEX_POINT ( 'NONE', #4545 ) ;
#678 = ORIENTED_EDGE ( 'NONE', *, *, #4852, .T. ) ;
#679 = VECTOR ( 'NONE', #6769, 1000.000000000000000 ) ;
#680 = PLANE ( 'NONE',  #8707 ) ;
#681 = CARTESIAN_POINT ( 'NONE',  ( -26.47091367939842499, -1.000000000000000000, 13.45646351525994611 ) ) ;
#682 = EDGE_CURVE ( 'NONE', #902, #6052, #6594, .T. ) ;
#683 = CARTESIAN_POINT ( 'NONE',  ( -18.12342450645337522, -1.000000000000000000, 8.171393628204475235 ) ) ;
#684 = CIRCLE ( 'NONE', #8382, 1.999999999999974021 ) ;
#685 = EDGE_CURVE ( 'NONE', #2954, #7, #8025, .T. ) ;
#686 = CARTESIAN_POINT ( 'NONE',  ( -12.57361267893760370, -0.6000000000000000888, 10.82674409316531516 ) ) ;
#687 = CARTESIAN_POINT ( 'NONE',  ( -43.85603664807204893, -0.6000000000000000888, 13.00110856180982033 ) ) ;
#688 = ORIENTED_EDGE ( 'NONE', *, *, #717, .T. ) ;
#689 = CARTESIAN_POINT ( 'NONE',  ( -12.10201275953803624, -0.6000000000000003109, 10.91553657044405412 ) ) ;
#690 = DIRECTION ( 'NONE',  ( 0.000000000000000000, 0.000000000000000000, -1.000000000000000000 ) ) ;
#691 = ORIENTED_EDGE ( 'NONE', *, *, #2770, .F. ) ;
#692 = CARTESIAN_POINT ( 'NONE',  ( -50.00619077176733640, -0.9999999999999997780, 8.272726543668008858 ) ) ;
#693 = CARTESIAN_POINT ( 'NONE',  ( -18.03381004735866000, -0.6000000000000000888, 8.232994093165316940 ) ) ;
#694 = EDGE_CURVE ( 'NONE', #2523, #1402, #5928, .T. ) ;
#695 = VECTOR ( 'NONE', #7179, 1000.000000000000227 ) ;
#696 = CARTESIAN_POINT ( 'NONE',  ( -69.00000000000000000, -1.000000000000000000, -0.9000000000000000222 ) ) ;
#697 = ORIENTED_EDGE ( 'NONE', *, *, #7686, .T. ) ;
#698 = CARTESIAN_POINT ( 'NONE',  ( -51.98878807424198811, 3.457628406783288533, 7.650000000000001243 ) ) ;
#699 = DIRECTION ( 'NONE',  ( 1.000000000000000000, 0.000000000000000000, -0.000000000000000000 ) ) ;
#700 = ORIENTED_EDGE ( 'NONE', *, *, #8297, .F. ) ;
#701 = DIRECTION ( 'NONE',  ( -0.000000000000000000, -1.000000000000000000, -0.000000000000000000 ) ) ;
#702 = ORIENTED_EDGE ( 'NONE', *, *, #5090, .F. ) ;
#703 = CARTESIAN_POINT ( 'NONE',  ( -27.86299318870419484, -0.6000000000000003109, 8.658960788302810130 ) ) ;
#704 = ADVANCED_FACE ( 'NONE', ( #5346 ), #1861, .T. ) ;
#705 = ADVANCED_FACE ( 'NONE', ( #1238 ), #3956, .T. ) ;
#706 = CARTESIAN_POINT ( 'NONE',  ( -39.80749425788496154, -0.6000000000000000888, 13.15240198790215764 ) ) ;
#707 = DIRECTION ( 'NONE',  ( -1.000000000000000000, 0.000000000000000000, 0.000000000000000000 ) ) ;
#708 = B_SPLINE_CURVE_WITH_KNOTS ( 'NONE', 3,
 ( #2306, #3695, #218, #2933, #6426, #3027, #4419, #395, #8609, #3070, #8532 ),
 .UNSPECIFIED., .F., .F.,
 ( 4, 1, 1, 1, 1, 1, 1, 1, 4 ),
 ( 0.000000000000000000, 0.1681741227021177898, 0.3187847659050448978, 0.4553617444871737030, 0.5787698975723892802, 0.6918086740834054060, 0.7954484750435915075, 0.8967266546925837245, 1.000000000000000000 ),
 .UNSPECIFIED. ) ;
#709 = DIRECTION ( 'NONE',  ( 0.8660254037844345998, -0.5000000000000068834, 0.000000000000000000 ) ) ;
#710 = VECTOR ( 'NONE', #4897, 1000.000000000000227 ) ;
#711 = CARTESIAN_POINT ( 'NONE',  ( -23.40070415551731742, 13.13647367099202867, 20.10000000000000142 ) ) ;
#712 = ORIENTED_EDGE ( 'NONE', *, *, #4448, .T. ) ;
#713 = CARTESIAN_POINT ( 'NONE',  ( -20.08399133045925922, -0.6000000000000003109, 13.20100050124290902 ) ) ;
#714 = ORIENTED_EDGE ( 'NONE', *, *, #4864, .T. ) ;
#715 = FACE_OUTER_BOUND ( 'NONE', #7371, .T. ) ;
#716 = CARTESIAN_POINT ( 'NONE',  ( -28.10504396203821287, -1.000000000000000222, 13.20100050124290902 ) ) ;
#717 = EDGE_CURVE ( 'NONE', #4333, #7706, #4531, .T. ) ;
#718 = CARTESIAN_POINT ( 'NONE',  ( -25.09233553322458832, -0.9999999999999995559, 8.944718803265367058 ) ) ;
#719 = CARTESIAN_POINT ( 'NONE',  ( -4.668945617207101328, 9.480831174438426601, 19.40000000000000213 ) ) ;
#720 = CARTESIAN_POINT ( 'NONE',  ( -68.50000000000000000, -1.000000000000000000, 0.000000000000000000 ) ) ;
#721 = CARTESIAN_POINT ( 'NONE',  ( -21.30000000000000071, 7.997649730810350910, 20.10000000000000142 ) ) ;
#722 = DIRECTION ( 'NONE',  ( -0.000000000000000000, -0.000000000000000000, 1.000000000000000000 ) ) ;
#723 = ORIENTED_EDGE ( 'NONE', *, *, #442, .T. ) ;
#724 = AXIS2_PLACEMENT_3D ( 'NONE', #3172, #2543, #505 ) ;
#725 = EDGE_LOOP ( 'NONE', ( #7544, #1608, #3103, #5126 ) ) ;
#726 = LINE ( 'NONE', #4215, #6000 ) ;
#727 = DIRECTION ( 'NONE',  ( 1.000000000000000000, 0.000000000000000000, 0.000000000000000000 ) ) ;
#728 = CARTESIAN_POINT ( 'NONE',  ( -3.499742261192795745, 10.76878221735089092, -0.9000000000000000222 ) ) ;
#730 = VECTOR ( 'NONE', #7115, 1000.000000000000000 ) ;
#729 = AXIS2_PLACEMENT_3D ( 'NONE', #4491, #8595, #5834 ) ;
#731 = ORIENTED_EDGE ( 'NONE', *, *, #1172, .T. ) ;
#732 = CARTESIAN_POINT ( 'NONE',  ( -50.08550992142152580, -1.000000000000000000, 11.15912902849110822 ) ) ;
#733 = DIRECTION ( 'NONE',  ( -0.8660254037844389297, 0.4999999999999994449, -0.000000000000000000 ) ) ;
#735 = AXIS2_PLACEMENT_3D ( 'NONE', #7689, #1663, #2181 ) ;
#734 = VECTOR ( 'NONE', #7636, 1000.000000000000000 ) ;
#736 = ORIENTED_EDGE ( 'NONE', *, *, #2048, .F. ) ;
#737 = PLANE ( 'NONE',  #6097 ) ;
#738 = DIRECTION ( 'NONE',  ( 0.000000000000000000, 0.000000000000000000, 1.000000000000000000 ) ) ;
#739 = ADVANCED_FACE ( 'NONE', ( #5527 ), #2694, .F. ) ;
#740 = VERTEX_POINT ( 'NONE', #1412 ) ;
#741 = CARTESIAN_POINT ( 'NONE',  ( -44.53914973390091347, -1.000000000000000000, 12.55498458402823303 ) ) ;
#742 = CARTESIAN_POINT ( 'NONE',  ( -11.28445080182806137, -1.000000000000000222, 12.79218496127833227 ) ) ;
#743 = CARTESIAN_POINT ( 'NONE',  ( -16.81751887838796478, -0.9999999999999997780, 12.98893199167539336 ) ) ;
#744 = AXIS2_PLACEMENT_3D ( 'NONE', #7352, #6724, #6810 ) ;
#745 = VERTEX_POINT ( 'NONE', #2872 ) ;
#746 = CARTESIAN_POINT ( 'NONE',  ( -28.70195831909959949, 8.691600689896679555, 0.000000000000000000 ) ) ;
#747 = LINE ( 'NONE', #1327, #156 ) ;
#748 = ORIENTED_EDGE ( 'NONE', *, *, #7532, .F. ) ;
#749 = EDGE_CURVE ( 'NONE', #4584, #1330, #5611, .T. ) ;
#750 = DIRECTION ( 'NONE',  ( -0.8660254037844479225, 0.4999999999999839573, 0.000000000000000000 ) ) ;
#751 = ORIENTED_EDGE ( 'NONE', *, *, #1529, .F. ) ;
#752 = CARTESIAN_POINT ( 'NONE',  ( -51.39319946171939790, -1.000000000000000222, 9.459176214736585209 ) ) ;
#753 = DIRECTION ( 'NONE',  ( -1.000000000000000000, 0.000000000000000000, 0.000000000000000000 ) ) ;
#754 = FACE_OUTER_BOUND ( 'NONE', #4654, .T. ) ;
#755 = DIRECTION ( 'NONE',  ( -1.000000000000000000, 0.000000000000000000, 0.000000000000000000 ) ) ;
#756 = CARTESIAN_POINT ( 'NONE',  ( -51.12223383784253627, -0.6000000000000003109, 11.96709621041650706 ) ) ;
#757 = VERTEX_POINT ( 'NONE', #117 ) ;
#758 = CARTESIAN_POINT ( 'NONE',  ( -29.23370258564760604, -0.6000000000000003109, 6.813307792856671874 ) ) ;
#759 = VERTEX_POINT ( 'NONE', #4899 ) ;
#760 = EDGE_CURVE ( 'NONE', #2151, #1438, #6907, .T. ) ;
#761 = CARTESIAN_POINT ( 'NONE',  ( -69.00000000000000000, 7.016154273188029755, -0.9000000000000000222 ) ) ;
#762 = CARTESIAN_POINT ( 'NONE',  ( -20.18666172525538727, -0.9999999999999997780, 11.76318253777725076 ) ) ;
#763 = CARTESIAN_POINT ( 'NONE',  ( -57.12420150553280251, 1.699999999999999956, -0.9000000000000000222 ) ) ;
#764 = CARTESIAN_POINT ( 'NONE',  ( -24.75975981208032906, -0.9999999999999997780, 9.266060483287299476 ) ) ;
#765 = CARTESIAN_POINT ( 'NONE',  ( -51.39319946171939790, -0.6000000000000003109, 9.459176214736585209 ) ) ;
#766 = CARTESIAN_POINT ( 'NONE',  ( -25.76538899472708266, -1.000000000000000000, 11.02411251421794702 ) ) ;
#767 = DIRECTION ( 'NONE',  ( 0.000000000000000000, -0.000000000000000000, -1.000000000000000000 ) ) ;
#768 = AXIS2_PLACEMENT_3D ( 'NONE', #2269, #1702, #7187 ) ;
#769 = CARTESIAN_POINT ( 'NONE',  ( -43.96423487988918311, -0.6000000000000003109, 8.290303515714006366 ) ) ;
#770 = VERTEX_POINT ( 'NONE', #4136 ) ;
#771 = EDGE_CURVE ( 'NONE', #7107, #7347, #6105, .T. ) ;
#772 = EDGE_CURVE ( 'NONE', #3203, #6499, #5477, .T. ) ;
#773 = VERTEX_POINT ( 'NONE', #2787 ) ;
#774 = PLANE ( 'NONE',  #1860 ) ;
#775 = FACE_OUTER_BOUND ( 'NONE', #1908, .T. ) ;
#776 = CIRCLE ( 'NONE', #1912, 1.999999999999988676 ) ;
#777 = CARTESIAN_POINT ( 'NONE',  ( -70.00000000000000000, 7.016154273188029755, -0.9000000000000000222 ) ) ;
#778 = DIRECTION ( 'NONE',  ( 0.4999999999999982236, 0.8660254037844395958, 0.000000000000000000 ) ) ;
#779 = B_SPLINE_CURVE_WITH_KNOTS ( 'NONE', 3,
 ( #1018, #3111, #3067, #215, #5804, #2303, #3737, #933, #6379, #258, #3778 ),
 .UNSPECIFIED., .F., .F.,
 ( 4, 1, 1, 1, 1, 1, 1, 1, 4 ),
 ( 0.000000000000000000, 0.1167874600497640775, 0.2340549638295243984, 0.3522908915644918926, 0.4727005074978259946, 0.5970991727026729867, 0.7258348733785957574, 0.8598550479402812252, 1.000000000000000000 ),
 .UNSPECIFIED. ) ;
#780 = CARTESIAN_POINT ( 'NONE',  ( -44.29999999999999716, 1.699999999999999956, 0.000000000000000000 ) ) ;
#781 = AXIS2_PLACEMENT_3D ( 'NONE', #7516, #3442, #2902 ) ;
#782 = ORIENTED_EDGE ( 'NONE', *, *, #7686, .F. ) ;
#783 = LINE ( 'NONE', #4268, #1681 ) ;
#784 = VERTEX_POINT ( 'NONE', #8245 ) ;
#785 = CARTESIAN_POINT ( 'NONE',  ( -42.22908105327545769, -0.6000000000000003109, 13.44905471862204571 ) ) ;
#786 = CARTESIAN_POINT ( 'NONE',  ( -12.46090230963856804, -1.000000000000000000, 12.33395831594061320 ) ) ;
#787 = FACE_OUTER_BOUND ( 'NONE', #5040, .T. ) ;
#788 = ORIENTED_EDGE ( 'NONE', *, *, #2499, .T. ) ;
#789 = FACE_OUTER_BOUND ( 'NONE', #657, .T. ) ;
#790 = CARTESIAN_POINT ( 'NONE',  ( -26.14447713803232887, -1.000000000000000000, 8.171393628204475235 ) ) ;
#791 = B_SPLINE_CURVE_WITH_KNOTS ( 'NONE', 3,
 ( #4464, #7139, #6561, #4551, #1025, #1067, #3742, #8611, #438, #2482, #8790, #8163, #6820, #703, #4690, #613, #2036 ),
 .UNSPECIFIED., .F., .F.,
 ( 4, 1, 1, 1, 1, 1, 1, 1, 1, 1, 1, 1, 1, 1, 4 ),
 ( 0.000000000000000000, 0.07412229567643563444, 0.1447511433472375986, 0.2128995532171854832, 0.2795387512765260540, 0.3446792376755450915, 0.4085710932211196744, 0.4715545728681682647, 0.5337593806582542344, 0.5956040207298691769, 0.6567025720409435108, 0.7169517840709500600, 0.7768403709702321747, 0.8924459826010791019, 1.000000000000000000 ),
 .UNSPECIFIED. ) ;
#792 = EDGE_LOOP ( 'NONE', ( #3888, #171, #1228, #3252, #6040 ) ) ;
#793 = DIRECTION ( 'NONE',  ( 0.5000000000000003331, 0.8660254037844384856, 0.000000000000000000 ) ) ;
#794 = ORIENTED_EDGE ( 'NONE', *, *, #4734, .F. ) ;
#795 = DIRECTION ( 'NONE',  ( -1.000000000000000000, 1.141265444721584300E-15, 0.000000000000000000 ) ) ;
#796 = VECTOR ( 'NONE', #6661, 1000.000000000000000 ) ;
#797 = VECTOR ( 'NONE', #7773, 1000.000000000000000 ) ;
#798 = CARTESIAN_POINT ( 'NONE',  ( -16.04930091927627345, -0.9999999999999995559, 10.44040175843616503 ) ) ;
#799 = CARTESIAN_POINT ( 'NONE',  ( -18.44986104781947489, -0.6000000000000000888, 13.45646351525994611 ) ) ;
#800 = ADVANCED_FACE ( 'NONE', ( #789 ), #4183, .T. ) ;
#801 = CARTESIAN_POINT ( 'NONE',  ( -17.90065764476630861, -1.000000000000000000, 11.67231097751628432 ) ) ;
#802 = VECTOR ( 'NONE', #1010, 1000.000000000000000 ) ;
#803 = EDGE_LOOP ( 'NONE', ( #1807, #7481, #2515, #4933 ) ) ;
#804 = VECTOR ( 'NONE', #7133, 1000.000000000000227 ) ;
#805 = CARTESIAN_POINT ( 'NONE',  ( -28.61268244924369597, -0.5999999999999996447, 7.931292166661541465 ) ) ;
#806 = ORIENTED_EDGE ( 'NONE', *, *, #4594, .T. ) ;
#807 = DIRECTION ( 'NONE',  ( 2.657184803002740111E-15, 1.000000000000000000, 0.000000000000000000 ) ) ;
#808 = DIRECTION ( 'NONE',  ( -0.8660254037844389297, 0.4999999999999994449, -0.000000000000000000 ) ) ;
#809 = CARTESIAN_POINT ( 'NONE',  ( -37.68117846841128227, -1.000000000000000000, 11.87937567211268330 ) ) ;
#810 = CARTESIAN_POINT ( 'NONE',  ( -26.59482534898189954, 3.500000000000100364, 9.601237499999999869 ) ) ;
#811 = CARTESIAN_POINT ( 'NONE',  ( -50.08547231253844245, -0.6000000000000003109, 10.30359116983397350 ) ) ;
#812 = EDGE_CURVE ( 'NONE', #7615, #7119, #8158, .T. ) ;
#813 = CARTESIAN_POINT ( 'NONE',  ( -26.13161009584714378, -1.000000000000000000, 10.06486393383465661 ) ) ;
#814 = CARTESIAN_POINT ( 'NONE',  ( -41.81638377648481963, -0.9999999999999995559, 6.828223267909236505 ) ) ;
#815 = CARTESIAN_POINT ( 'NONE',  ( -23.97591531051655878, -0.6000000000000000888, 5.353059882638999234 ) ) ;
#816 = ORIENTED_EDGE ( 'NONE', *, *, #1005, .F. ) ;
#817 = ORIENTED_EDGE ( 'NONE', *, *, #1566, .T. ) ;
#818 = FACE_OUTER_BOUND ( 'NONE', #6627, .T. ) ;
#819 = CARTESIAN_POINT ( 'NONE',  ( -40.96585143734886003, -0.6000000000000003109, 6.897598736873339575 ) ) ;
#820 = CARTESIAN_POINT ( 'NONE',  ( -46.00000000000000000, 1.700000000000029932, -0.9000000000000000222 ) ) ;
#821 = EDGE_CURVE ( 'NONE', #955, #7083, #4105, .T. ) ;
#822 = ADVANCED_FACE ( 'NONE', ( #5569 ), #4232, .T. ) ;
#823 = VECTOR ( 'NONE', #8135, 1000.000000000000000 ) ;
#824 = AXIS2_PLACEMENT_3D ( 'NONE', #3337, #1214, #7287 ) ;
#825 = DIRECTION ( 'NONE',  ( 1.000000000000000000, 0.000000000000000000, 0.000000000000000000 ) ) ;
#826 = CARTESIAN_POINT ( 'NONE',  ( -50.14933037493643297, 9.180831174438425890, -0.2000000000000000389 ) ) ;
#827 = VERTEX_POINT ( 'NONE', #8286 ) ;
#828 = LINE ( 'NONE', #2822, #2804 ) ;
#829 = DIRECTION ( 'NONE',  ( 0.000000000000000000, 0.000000000000000000, -1.000000000000000000 ) ) ;
#830 = ORIENTED_EDGE ( 'NONE', *, *, #1150, .F. ) ;
#831 = AXIS2_PLACEMENT_3D ( 'NONE', #3233, #349, #1909 ) ;
#832 = CARTESIAN_POINT ( 'NONE',  ( -44.53914973390091347, -0.6000000000000003109, 12.55498458402823303 ) ) ;
#833 = CARTESIAN_POINT ( 'NONE',  ( -10.98894645499383671, -0.9999999999999997780, 12.94742002647784496 ) ) ;
#834 = EDGE_CURVE ( 'NONE', #3114, #600, #2160, .T. ) ;
#835 = VERTEX_POINT ( 'NONE', #4943 ) ;
#836 = CARTESIAN_POINT ( 'NONE',  ( -6.141188803640575067, 10.33083117443845822, -0.9000000000000000222 ) ) ;
#837 = CARTESIAN_POINT ( 'NONE',  ( -37.68117846841128227, -0.6000000000000000888, 13.35305988263899835 ) ) ;
#838 = ORIENTED_EDGE ( 'NONE', *, *, #7123, .F. ) ;
#839 = CARTESIAN_POINT ( 'NONE',  ( -67.29999999999999716, 7.997649730810350910, -0.9000000000000000222 ) ) ;
#840 = ORIENTED_EDGE ( 'NONE', *, *, #8356, .F. ) ;
#841 = CARTESIAN_POINT ( 'NONE',  ( -15.95486267893760690, -0.6000000000000000888, 5.353059882638999234 ) ) ;
#842 = DIRECTION ( 'NONE',  ( -0.8660254037844390407, 0.4999999999999994449, 0.000000000000000000 ) ) ;
#843 = PLANE ( 'NONE',  #5764 ) ;
#844 = CIRCLE ( 'NONE', #3972, 1.899999999999999689 ) ;
#845 = CARTESIAN_POINT ( 'NONE',  ( -25.76538899472708266, -1.000000000000000000, 11.02411251421794702 ) ) ;
#846 = VERTEX_POINT ( 'NONE', #8200 ) ;
#847 = CARTESIAN_POINT ( 'NONE',  ( -27.45777383080737266, -0.5999999999999998668, 12.04114164335061332 ) ) ;
#848 = EDGE_LOOP ( 'NONE', ( #1152, #1139, #1679, #7440 ) ) ;
#849 = DIRECTION ( 'NONE',  ( -1.000000000000000000, 0.000000000000000000, 0.000000000000000000 ) ) ;
#850 = LINE ( 'NONE', #3520, #7094 ) ;
#851 = ADVANCED_FACE ( 'NONE', ( #1326 ), #4045, .T. ) ;
#852 = CYLINDRICAL_SURFACE ( 'NONE', #7163, 0.9999999999999996669 ) ;
#853 = CARTESIAN_POINT ( 'NONE',  ( -25.92162560986507458, -1.000000000000000000, 8.324842580625603006 ) ) ;
#854 = VECTOR ( 'NONE', #4713, 1000.000000000000227 ) ;
#855 = LINE ( 'NONE', #5499, #5475 ) ;
#856 = CARTESIAN_POINT ( 'NONE',  ( -25.96725584724683245, -0.6000000000000003109, 10.29171977115982983 ) ) ;
#857 = LINE ( 'NONE', #3571, #8721 ) ;
#858 = LINE ( 'NONE', #2899, #4794 ) ;
#859 = ORIENTED_EDGE ( 'NONE', *, *, #8310, .T. ) ;
#860 = ADVANCED_FACE ( 'NONE', ( #2031 ), #4768, .T. ) ;
#861 = DIRECTION ( 'NONE',  ( 0.000000000000000000, -0.000000000000000000, -1.000000000000000000 ) ) ;
#862 = PLANE ( 'NONE',  #781 ) ;
#863 = DIRECTION ( 'NONE',  ( 0.000000000000000000, 0.000000000000000000, 1.000000000000000000 ) ) ;
#864 = CARTESIAN_POINT ( 'NONE',  ( -50.44215671951913293, -0.9999999999999997780, 13.31863494924957259 ) ) ;
#865 = LINE ( 'NONE', #6847, #6298 ) ;
#866 = ORIENTED_EDGE ( 'NONE', *, *, #3980, .T. ) ;
#867 = EDGE_CURVE ( 'NONE', #7518, #4521, #6815, .T. ) ;
#868 = CARTESIAN_POINT ( 'NONE',  ( -11.92804908282615983, -0.2999999999999934386, -0.1999999999999987899 ) ) ;
#869 = CARTESIAN_POINT ( 'NONE',  ( -52.14433636314813469, -1.000000000000000000, 8.089901987902157643 ) ) ;
#870 = EDGE_CURVE ( 'NONE', #3647, #4936, #347, .T. ) ;
#871 = ORIENTED_EDGE ( 'NONE', *, *, #3633, .F. ) ;
#872 = DIRECTION ( 'NONE',  ( 1.000000000000000000, 0.000000000000000000, 0.000000000000000000 ) ) ;
#873 = CARTESIAN_POINT ( 'NONE',  ( -1.450704155516179927, 11.31782032302749919, 20.10000000000000142 ) ) ;
#875 = STYLED_ITEM ( 'NONE', ( #2153 ), #3974 ) ;
#874 = VECTOR ( 'NONE', #1894, 1000.000000000000114 ) ;
#876 = ORIENTED_EDGE ( 'NONE', *, *, #1795, .T. ) ;
#877 = ORIENTED_EDGE ( 'NONE', *, *, #7838, .T. ) ;
#878 = DIRECTION ( 'NONE',  ( -0.000000000000000000, -1.000000000000000000, -0.000000000000000000 ) ) ;
#879 = ORIENTED_EDGE ( 'NONE', *, *, #2014, .F. ) ;
#880 = EDGE_CURVE ( 'NONE', #513, #2420, #4382, .T. ) ;
#881 = CARTESIAN_POINT ( 'NONE',  ( -55.39215069796390623, 1.699999999999999956, 19.40000000000000213 ) ) ;
#882 = EDGE_CURVE ( 'NONE', #5094, #4791, #4335, .T. ) ;
#883 = ORIENTED_EDGE ( 'NONE', *, *, #2745, .T. ) ;
#884 = CARTESIAN_POINT ( 'NONE',  ( -7.429159782719369609, 1.699999999999929789, 0.000000000000000000 ) ) ;
#885 = CARTESIAN_POINT ( 'NONE',  ( -18.29687092441495722, -1.000000000000000000, 11.98748544938994876 ) ) ;
#886 = CARTESIAN_POINT ( 'NONE',  ( -28.66173695649160535, -0.6000000000000003109, 12.94884735617693927 ) ) ;
#887 = EDGE_LOOP ( 'NONE', ( #5560, #1398, #1910, #2720, #8022, #4942, #8422, #2973, #5405, #4767, #7558, #7468, #7170 ) ) ;
#888 = DIRECTION ( 'NONE',  ( 1.000000000000000000, -2.657184803002740111E-15, 0.000000000000000000 ) ) ;
#889 = CARTESIAN_POINT ( 'NONE',  ( -52.14433636314813469, -0.6000000000000000888, 11.98463883000742136 ) ) ;
#890 = ORIENTED_EDGE ( 'NONE', *, *, #2376, .T. ) ;
#891 = CARTESIAN_POINT ( 'NONE',  ( -27.86299318870419484, -1.000000000000000222, 8.658960788302810130 ) ) ;
#892 = ORIENTED_EDGE ( 'NONE', *, *, #7795, .F. ) ;
#893 = DIRECTION ( 'NONE',  ( -0.5000000000000061062, -0.8660254037844351549, -0.000000000000000000 ) ) ;
#894 = DIRECTION ( 'NONE',  ( 0.000000000000000000, 0.000000000000000000, 1.000000000000000000 ) ) ;
#895 = DIRECTION ( 'NONE',  ( 1.000000000000000000, 0.000000000000000000, 0.000000000000000000 ) ) ;
#896 = DIRECTION ( 'NONE',  ( 0.8660254037844351549, -0.5000000000000061062, 0.000000000000000000 ) ) ;
#897 = DIRECTION ( 'NONE',  ( -0.4999999999999994449, -0.8660254037844389297, 0.000000000000000000 ) ) ;
#898 = CARTESIAN_POINT ( 'NONE',  ( -25.77860818666815490, -0.5999999999999998668, 10.77110268277012217 ) ) ;
#899 = DIRECTION ( 'NONE',  ( 0.000000000000000000, 0.000000000000000000, 1.000000000000000000 ) ) ;
#900 = ADVANCED_FACE ( 'NONE', ( #4875 ), #6342, .T. ) ;
#901 = CARTESIAN_POINT ( 'NONE',  ( -42.63979359775149902, -0.9999999999999997780, 11.71192797724520318 ) ) ;
#902 = VERTEX_POINT ( 'NONE', #6299 ) ;
#903 = FACE_OUTER_BOUND ( 'NONE', #2597, .T. ) ;
#904 = CARTESIAN_POINT ( 'NONE',  ( -23.97811777933110733, -0.9999999999999997780, 11.27971252834454141 ) ) ;
#905 = PLANE ( 'NONE',  #2803 ) ;
#906 = EDGE_CURVE ( 'NONE', #740, #2213, #2948, .T. ) ;
#907 = CARTESIAN_POINT ( 'NONE',  ( -42.52436070216078434, -0.5999999999999998668, 5.256116442867400984 ) ) ;
#908 = ORIENTED_EDGE ( 'NONE', *, *, #2821, .T. ) ;
#909 = CARTESIAN_POINT ( 'NONE',  ( -18.03381004735866000, -0.6000000000000000888, 8.232994093165316940 ) ) ;
#910 = AXIS2_PLACEMENT_3D ( 'NONE', #569, #8745, #4553 ) ;
#911 = DIRECTION ( 'NONE',  ( 0.000000000000000000, 0.000000000000000000, 1.000000000000000000 ) ) ;
#912 = ORIENTED_EDGE ( 'NONE', *, *, #4954, .F. ) ;
#913 = CARTESIAN_POINT ( 'NONE',  ( -43.85603664807204893, -0.6000000000000000888, 13.00110856180982033 ) ) ;
#914 = CARTESIAN_POINT ( 'NONE',  ( -19.29539856724919744, -1.000000000000000222, 7.186074070534640867 ) ) ;
#915 = EDGE_CURVE ( 'NONE', #4867, #5838, #850, .T. ) ;
#916 = VECTOR ( 'NONE', #1028, 1000.000000000000227 ) ;
#917 = ORIENTED_EDGE ( 'NONE', *, *, #7321, .F. ) ;
#918 = ORIENTED_EDGE ( 'NONE', *, *, #1265, .T. ) ;
#919 = FACE_OUTER_BOUND ( 'NONE', #3178, .T. ) ;
#920 = VERTEX_POINT ( 'NONE', #2846 ) ;
#921 = CARTESIAN_POINT ( 'NONE',  ( 17.29804168090040051, 8.691600689896679555, -0.9000000000000000222 ) ) ;
#922 = ORIENTED_EDGE ( 'NONE', *, *, #312, .T. ) ;
#923 = DIRECTION ( 'NONE',  ( 1.187404304411920111E-15, 1.000000000000000000, 0.000000000000000000 ) ) ;
#924 = B_SPLINE_CURVE_WITH_KNOTS ( 'NONE', 3,
 ( #5103, #7827, #3751, #4220, #1447, #6484, #2775, #4173, #3083, #8541, #2148 ),
 .UNSPECIFIED., .F., .F.,
 ( 4, 1, 1, 1, 1, 1, 1, 1, 4 ),
 ( 0.000000000000000000, 0.1167874600497640775, 0.2340549638295243984, 0.3522908915644918926, 0.4727005074978259946, 0.5970991727026729867, 0.7258348733785957574, 0.8598550479402812252, 1.000000000000000000 ),
 .UNSPECIFIED. ) ;
#925 = B_SPLINE_SURFACE_WITH_KNOTS ( 'NONE', 3, 1, ( 
 ( #451, #5273 ),
 ( #1432, #6924 ),
 ( #2847, #5544 ),
 ( #8261, #7596 ),
 ( #4742, #716 ),
 ( #5409, #1477 ),
 ( #5588, #4876 ),
 ( #6831, #4203 ),
 ( #7460, #7638 ),
 ( #8307, #5452 ),
 ( #4157, #6882 ) ),
 .UNSPECIFIED., .F., .F., .F.,
 ( 4, 1, 1, 1, 1, 1, 1, 1, 4 ),
 ( 2, 2 ),
 ( 0.000000000000000000, 0.1242180585141686722, 0.2472068381769285117, 0.3696516862116497881, 0.4928776809722381080, 0.6164737459698425015, 0.7421957864292834106, 0.8693919454153733462, 1.000000000000000000 ),
 ( 0.000000000000000000, 1.000000000000000000 ),
 .UNSPECIFIED. ) ;
#926 = CARTESIAN_POINT ( 'NONE',  ( -17.63643228431167742, -0.9999999999999997780, 8.506930969293595268 ) ) ;
#927 = CARTESIAN_POINT ( 'NONE',  ( -49.46542398819188691, -0.5999999999999998668, 8.503656759020232769 ) ) ;
#928 = ADVANCED_FACE ( 'NONE', ( #6256 ), #2935, .T. ) ;
#929 = ORIENTED_EDGE ( 'NONE', *, *, #7484, .T. ) ;
#930 = EDGE_CURVE ( 'NONE', #517, #6279, #8231, .T. ) ;
#931 = CARTESIAN_POINT ( 'NONE',  ( -18.19950594900136309, -0.6000000000000003109, 11.94093354282247610 ) ) ;
#932 = ORIENTED_EDGE ( 'NONE', *, *, #1833, .F. ) ;
#933 = CARTESIAN_POINT ( 'NONE',  ( -28.45158834688514204, -0.9999999999999997780, 11.61724464217577157 ) ) ;
#934 = CARTESIAN_POINT ( 'NONE',  ( -28.20771435683433737, -0.9999999999999997780, 11.76318253777725076 ) ) ;
#935 = VERTEX_POINT ( 'NONE', #8306 ) ;
#936 = DIRECTION ( 'NONE',  ( 0.000000000000000000, 0.000000000000000000, -1.000000000000000000 ) ) ;
#937 = VECTOR ( 'NONE', #3558, 1000.000000000000000 ) ;
#938 = LINE ( 'NONE', #3652, #959 ) ;
#939 = DIRECTION ( 'NONE',  ( 0.000000000000000000, 0.000000000000000000, 1.000000000000000000 ) ) ;
#940 = DIRECTION ( 'NONE',  ( 0.8660254037844351549, -0.5000000000000061062, 0.000000000000000000 ) ) ;
#941 = CARTESIAN_POINT ( 'NONE',  ( -42.23419091815009807, -0.6000000000000000888, 5.250616105068262485 ) ) ;
#942 = VECTOR ( 'NONE', #6270, 1000.000000000000000 ) ;
#943 = EDGE_CURVE ( 'NONE', #3114, #6498, #176, .T. ) ;
#944 = CARTESIAN_POINT ( 'NONE',  ( -42.85927597967986458, -1.000000000000000222, 11.61153284887352477 ) ) ;
#945 = LINE ( 'NONE', #3528, #5592 ) ;
#946 = DIRECTION ( 'NONE',  ( -1.000000000000000000, 0.000000000000000000, 0.000000000000000000 ) ) ;
#947 = EDGE_LOOP ( 'NONE', ( #7565, #18, #7961, #2651 ) ) ;
#948 = CARTESIAN_POINT ( 'NONE',  ( -11.59217996156652752, -0.5999999999999998668, 12.64982990453783351 ) ) ;
#949 = CARTESIAN_POINT ( 'NONE',  ( -18.87004522831552933, -1.000000000000000222, 13.45325607948604052 ) ) ;
#950 = LINE ( 'NONE', #2410, #7526 ) ;
#951 = CARTESIAN_POINT ( 'NONE',  ( -16.48154462172413659, -0.6000000000000000888, 12.69506190363836140 ) ) ;
#952 = CARTESIAN_POINT ( 'NONE',  ( -44.39805221204633767, -0.6000000000000003109, 5.844934768171488493 ) ) ;
#953 = ORIENTED_EDGE ( 'NONE', *, *, #7351, .F. ) ;
#954 = CARTESIAN_POINT ( 'NONE',  ( 17.29804168090040051, 8.691600689896679555, 0.000000000000000000 ) ) ;
#955 = VERTEX_POINT ( 'NONE', #5543 ) ;
#956 = CARTESIAN_POINT ( 'NONE',  ( -51.13775741577971701, -0.6000000000000000888, 13.35305988263900012 ) ) ;
#957 = EDGE_CURVE ( 'NONE', #2763, #7749, #938, .T. ) ;
#958 = CARTESIAN_POINT ( 'NONE',  ( -24.75975981208032906, -0.9999999999999988898, 9.266060483287299476 ) ) ;
#959 = VECTOR ( 'NONE', #2980, 1000.000000000000000 ) ;
#960 = VERTEX_POINT ( 'NONE', #6385 ) ;
#961 = EDGE_LOOP ( 'NONE', ( #1774, #2832, #5379, #8789 ) ) ;
#962 = LINE ( 'NONE', #1503, #5011 ) ;
#963 = VECTOR ( 'NONE', #1506, 1000.000000000000000 ) ;
#964 = EDGE_LOOP ( 'NONE', ( #2730, #5952, #2030, #3383, #3364, #8651, #2638, #2140 ) ) ;
#965 = CARTESIAN_POINT ( 'NONE',  ( -23.20788383248145692, 11.87044826720278934, 11.75000000000000355 ) ) ;
#966 = ORIENTED_EDGE ( 'NONE', *, *, #8409, .T. ) ;
#967 = CARTESIAN_POINT ( 'NONE',  ( -71.84974226118899310, 11.89461524227730038, 20.10000000000000142 ) ) ;
#968 = ADVANCED_FACE ( 'NONE', ( #8260 ), #4522, .T. ) ;
#969 = CARTESIAN_POINT ( 'NONE',  ( -17.75321501850020667, -0.9999999999999995559, 11.26444070499204919 ) ) ;
#970 = CARTESIAN_POINT ( 'NONE',  ( -26.57644703894624527, -1.000000000000000222, 7.865486776446726225 ) ) ;
#971 = ORIENTED_EDGE ( 'NONE', *, *, #7562, .T. ) ;
#972 = CARTESIAN_POINT ( 'NONE',  ( -17.70958568959404289, -1.000000000000000222, 13.37210029883641305 ) ) ;
#973 = ORIENTED_EDGE ( 'NONE', *, *, #1487, .T. ) ;
#974 = CARTESIAN_POINT ( 'NONE',  ( 19.03009248846930035, 7.691600689896679555, 20.10000000000000142 ) ) ;
#975 = CARTESIAN_POINT ( 'NONE',  ( -27.71069237071168700, -0.6000000000000003109, 11.97530667582238273 ) ) ;
#976 = ORIENTED_EDGE ( 'NONE', *, *, #1850, .T. ) ;
#977 = FACE_OUTER_BOUND ( 'NONE', #7892, .T. ) ;
#978 = ORIENTED_EDGE ( 'NONE', *, *, #4323, .F. ) ;
#979 = CARTESIAN_POINT ( 'NONE',  ( -28.69292785458635109, -0.6000000000000000888, 11.44608733552980340 ) ) ;
#980 = EDGE_CURVE ( 'NONE', #7030, #5302, #4916, .T. ) ;
#981 = EDGE_CURVE ( 'NONE', #4532, #2151, #2801, .T. ) ;
#982 = CARTESIAN_POINT ( 'NONE',  ( -20.81476030064369453, -0.6000000000000003109, 12.84130764464735108 ) ) ;
#983 = CIRCLE ( 'NONE', #7403, 1.000000000000000222 ) ;
#984 = DIRECTION ( 'NONE',  ( 1.000000000000000000, 0.000000000000000000, 0.000000000000000000 ) ) ;
#985 = CARTESIAN_POINT ( 'NONE',  ( -42.52436070216078434, -0.5999999999999998668, 5.256116442867400984 ) ) ;
#986 = CARTESIAN_POINT ( 'NONE',  ( -71.63371685740838757, 10.26878221735089980, 0.000000000000000000 ) ) ;
#987 = CARTESIAN_POINT ( 'NONE',  ( -67.43397459621556322, 8.497649730810351798, 0.000000000000000000 ) ) ;
#988 = CARTESIAN_POINT ( 'NONE',  ( -41.71765922671350779, -1.000000000000000000, 11.87694484584753241 ) ) ;
#989 = VERTEX_POINT ( 'NONE', #4246 ) ;
#990 = EDGE_CURVE ( 'NONE', #8715, #2957, #6968, .T. ) ;
#991 = CARTESIAN_POINT ( 'NONE',  ( -10.26227450235789362, -0.6000000000000000888, 13.39894046658763038 ) ) ;
#992 = CARTESIAN_POINT ( 'NONE',  ( -19.18602629532821169, -1.000000000000000000, 13.42068050419670477 ) ) ;
#993 = CARTESIAN_POINT ( 'NONE',  ( -6.591188803640600113, 9.551408311032400178, 18.89999999999999858 ) ) ;
#994 = CARTESIAN_POINT ( 'NONE',  ( -17.82825204350587001, -1.000000000000000222, 10.52583176461639347 ) ) ;
#995 = DIRECTION ( 'NONE',  ( 0.000000000000000000, 0.000000000000000000, -1.000000000000000000 ) ) ;
#996 = VECTOR ( 'NONE', #8146, 1000.000000000000000 ) ;
#997 = VERTEX_POINT ( 'NONE', #2891 ) ;
#998 = DIRECTION ( 'NONE',  ( -0.8660254037844389297, 0.4999999999999994449, -0.000000000000000000 ) ) ;
#999 = DIRECTION ( 'NONE',  ( -1.000000000000000000, 0.000000000000000000, -3.304235192336776005E-16 ) ) ;
#1000 = CARTESIAN_POINT ( 'NONE',  ( -34.92804908282615628, -0.2999999999999934386, 19.40000000000000213 ) ) ;
#1001 = CARTESIAN_POINT ( 'NONE',  ( -25.33680051060991190, -0.9999999999999997780, 8.745503142338012736 ) ) ;
#1002 = EDGE_LOOP ( 'NONE', ( #6918, #6541, #5147, #2735 ) ) ;
#1003 = ORIENTED_EDGE ( 'NONE', *, *, #3482, .T. ) ;
#1004 = CARTESIAN_POINT ( 'NONE',  ( -24.00000000000000000, 7.016154273188029755, 0.000000000000000000 ) ) ;
#1005 = EDGE_CURVE ( 'NONE', #6279, #5116, #5629, .T. ) ;
#1006 = ORIENTED_EDGE ( 'NONE', *, *, #7648, .T. ) ;
#1008 = VECTOR ( 'NONE', #2185, 1000.000000000000000 ) ;
#1007 = CARTESIAN_POINT ( 'NONE',  ( 12.07195091717383839, 1.432050807568885142, -0.2000000000000000389 ) ) ;
#1009 = ORIENTED_EDGE ( 'NONE', *, *, #6813, .T. ) ;
#1010 = DIRECTION ( 'NONE',  ( 0.000000000000000000, 0.000000000000000000, -1.000000000000000000 ) ) ;
#1012 = VECTOR ( 'NONE', #7465, 1000.000000000000114 ) ;
#1011 = AXIS2_PLACEMENT_3D ( 'NONE', #837, #1550, #1637 ) ;
#1013 = CARTESIAN_POINT ( 'NONE',  ( -48.47609151920299553, -1.000000000000000222, 9.460296903298571536 ) ) ;
#1014 = EDGE_LOOP ( 'NONE', ( #8269, #6994, #8121, #7691 ) ) ;
#1015 = CARTESIAN_POINT ( 'NONE',  ( -16.22527928715679124, -1.000000000000000000, 12.33517386138926852 ) ) ;
#1016 = ORIENTED_EDGE ( 'NONE', *, *, #3350, .F. ) ;
#1017 = EDGE_CURVE ( 'NONE', #8702, #2961, #7899, .T. ) ;
#1018 = CARTESIAN_POINT ( 'NONE',  ( -26.94466531051655522, -1.000000000000000000, 12.08990198790215764 ) ) ;
#1019 = CARTESIAN_POINT ( 'NONE',  ( -40.70171990933618389, -0.6000000000000000888, 13.38556068087545547 ) ) ;
#1020 = VERTEX_POINT ( 'NONE', #5763 ) ;
#1021 = CYLINDRICAL_SURFACE ( 'NONE', #306, 0.5999999999999998668 ) ;
#1022 = ORIENTED_EDGE ( 'NONE', *, *, #3694, .F. ) ;
#1024 = VECTOR ( 'NONE', #4649, 1000.000000000000000 ) ;
#1023 = CIRCLE ( 'NONE', #6012, 3.000000000000002665 ) ;
#1025 = CARTESIAN_POINT ( 'NONE',  ( -29.23370258564760604, -0.6000000000000003109, 6.813307792856671874 ) ) ;
#1026 = DIRECTION ( 'NONE',  ( 0.000000000000000000, 0.000000000000000000, -1.000000000000000000 ) ) ;
#1027 = CARTESIAN_POINT ( 'NONE',  ( -42.23419091815009807, -1.000000000000000000, 5.250616105068262485 ) ) ;
#1028 = DIRECTION ( 'NONE',  ( 0.4999999999999986677, 0.8660254037844393737, 0.000000000000000000 ) ) ;
#1029 = LINE ( 'NONE', #5226, #8439 ) ;
#1030 = EDGE_CURVE ( 'NONE', #3066, #4689, #2826, .T. ) ;
#1031 = DIRECTION ( 'NONE',  ( -0.000000000000000000, -1.000000000000000000, -0.000000000000000000 ) ) ;
#1032 = CIRCLE ( 'NONE', #7594, 0.5999999999999998668 ) ;
#1033 = ORIENTED_EDGE ( 'NONE', *, *, #2497, .T. ) ;
#1034 = CARTESIAN_POINT ( 'NONE',  ( -1.883716857408379797, 11.56782032302750096, -0.9000000000000000222 ) ) ;
#1035 = PLANE ( 'NONE',  #7570 ) ;
#1036 = CARTESIAN_POINT ( 'NONE',  ( -2.283716857408399914, 10.87500000000000000, -0.9000000000000000222 ) ) ;
#1037 = DIRECTION ( 'NONE',  ( 0.000000000000000000, 0.000000000000000000, 1.000000000000000000 ) ) ;
#1038 = CARTESIAN_POINT ( 'NONE',  ( -17.80715485586626912, -0.6000000000000003109, 11.48517068482052572 ) ) ;
#1039 = EDGE_CURVE ( 'NONE', #7119, #4893, #3785, .T. ) ;
#1040 = EDGE_CURVE ( 'NONE', #8557, #5638, #983, .T. ) ;
#1041 = CARTESIAN_POINT ( 'NONE',  ( -50.08550992142152580, -0.6000000000000000888, 11.15912902849110822 ) ) ;
#1042 = EDGE_LOOP ( 'NONE', ( #201, #2696, #6152, #3868 ) ) ;
#1043 = LINE ( 'NONE', #3762, #7011 ) ;
#1044 = CARTESIAN_POINT ( 'NONE',  ( -47.00000000000000000, 7.016154273188029755, -0.9000000000000000222 ) ) ;
#1045 = CARTESIAN_POINT ( 'NONE',  ( -49.09125550325477150, -1.000000000000000222, 12.86857874154256365 ) ) ;
#1046 = CARTESIAN_POINT ( 'NONE',  ( -10.88117846841128689, -1.000000000000000000, 11.51095461948110632 ) ) ;
#1047 = EDGE_CURVE ( 'NONE', #4036, #5012, #7817, .T. ) ;
#1048 = ORIENTED_EDGE ( 'NONE', *, *, #5407, .T. ) ;
#1049 = AXIS2_PLACEMENT_3D ( 'NONE', #4692, #2527, #8699 ) ;
#1050 = ORIENTED_EDGE ( 'NONE', *, *, #6853, .T. ) ;
#1051 = CARTESIAN_POINT ( 'NONE',  ( -16.73870718050138251, -0.9999999999999997780, 9.266060483287299476 ) ) ;
#1052 = ORIENTED_EDGE ( 'NONE', *, *, #8130, .T. ) ;
#1053 = DIRECTION ( 'NONE',  ( -0.000000000000000000, -1.000000000000000000, -0.000000000000000000 ) ) ;
#1054 = ORIENTED_EDGE ( 'NONE', *, *, #4158, .F. ) ;
#1055 = CARTESIAN_POINT ( 'NONE',  ( -49.96990751153069965, 7.691600689896679555, 0.000000000000000000 ) ) ;
#1056 = VECTOR ( 'NONE', #5864, 1000.000000000000000 ) ;
#1057 = DIRECTION ( 'NONE',  ( -0.000000000000000000, -1.000000000000000000, -0.000000000000000000 ) ) ;
#1058 = VERTEX_POINT ( 'NONE', #3871 ) ;
#1059 = CARTESIAN_POINT ( 'NONE',  ( -27.19992494264274541, -0.5999999999999998668, 7.334199025909230230 ) ) ;
#1060 = VERTEX_POINT ( 'NONE', #8486 ) ;
#1061 = LINE ( 'NONE', #8566, #5404 ) ;
#1062 = DIRECTION ( 'NONE',  ( 1.000000000000000000, 0.000000000000000000, 0.000000000000000000 ) ) ;
#1063 = ORIENTED_EDGE ( 'NONE', *, *, #1119, .T. ) ;
#1064 = LINE ( 'NONE', #5137, #2381 ) ;
#1065 = PRODUCT_DEFINITION_FORMATION_WITH_SPECIFIED_SOURCE ( 'ไป', '', #4002, .NOT_KNOWN. ) ;
#1066 = VERTEX_POINT ( 'NONE', #479 ) ;
#1067 = CARTESIAN_POINT ( 'NONE',  ( -29.13996058936582401, -0.5999999999999996447, 7.063442957108943432 ) ) ;
#1068 = CARTESIAN_POINT ( 'NONE',  ( 14.58934475965829947, 0.000000000000000000, -0.9000000000000000222 ) ) ;
#1069 = CARTESIAN_POINT ( 'NONE',  ( -45.87757482536071763, -0.6000000000000003109, 7.946383204541650258 ) ) ;
#1070 = FACE_OUTER_BOUND ( 'NONE', #655, .T. ) ;
#1071 = CARTESIAN_POINT ( 'NONE',  ( -53.93381004735865503, -0.6000000000000000888, 5.353059882638999234 ) ) ;
#1072 = PLANE ( 'NONE',  #3077 ) ;
#1073 = ORIENTED_EDGE ( 'NONE', *, *, #1747, .F. ) ;
#1074 = FACE_OUTER_BOUND ( 'NONE', #1877, .T. ) ;
#1075 = CARTESIAN_POINT ( 'NONE',  ( -20.74423120497478479, -0.9999999999999997780, 7.734030817966677240 ) ) ;
#1076 = CARTESIAN_POINT ( 'NONE',  ( -52.14433636314813469, -0.6000000000000000888, 11.98463883000742136 ) ) ;
#1077 = EDGE_CURVE ( 'NONE', #3647, #5667, #351, .T. ) ;
#1078 = CIRCLE ( 'NONE', #6927, 1.999999999999977573 ) ;
#1079 = CARTESIAN_POINT ( 'NONE',  ( -41.81638377648481963, -1.000000000000000000, 6.828223267909236505 ) ) ;
#1080 = CARTESIAN_POINT ( 'NONE',  ( -17.94620321566788590, -1.000000000000000222, 10.29171977115982983 ) ) ;
#1081 = CARTESIAN_POINT ( 'NONE',  ( -1.883716857408379797, 11.56782032302750096, 0.000000000000000000 ) ) ;
#1082 = VECTOR ( 'NONE', #7746, 1000.000000000000000 ) ;
#1083 = AXIS2_PLACEMENT_3D ( 'NONE', #2531, #3242, #7372 ) ;
#1084 = ORIENTED_EDGE ( 'NONE', *, *, #7149, .F. ) ;
#1085 = DIRECTION ( 'NONE',  ( -1.000000000000000000, 2.665330340693531997E-15, 0.000000000000000000 ) ) ;
#1086 = AXIS2_PLACEMENT_3D ( 'NONE', #6999, #4237, #4859 ) ;
#1087 = CARTESIAN_POINT ( 'NONE',  ( -26.13371685740840178, 9.402756813566504945, 20.10000000000000142 ) ) ;
#1088 = DIRECTION ( 'NONE',  ( -1.000000000000000000, 0.000000000000000000, 0.000000000000000000 ) ) ;
#1089 = EDGE_CURVE ( 'NONE', #2523, #5516, #1697, .T. ) ;
#1090 = EDGE_CURVE ( 'NONE', #6063, #8449, #2353, .T. ) ;
#1091 = LINE ( 'NONE', #8634, #1424 ) ;
#1092 = VERTEX_POINT ( 'NONE', #7275 ) ;
#1093 = VERTEX_POINT ( 'NONE', #5810 ) ;
#1094 = CARTESIAN_POINT ( 'NONE',  ( -27.44843532778709871, -1.000000000000000222, 6.853208813283835354 ) ) ;
#1095 = ORIENTED_EDGE ( 'NONE', *, *, #6751, .T. ) ;
#1096 = CARTESIAN_POINT ( 'NONE',  ( -49.49974226119279308, 10.76878221735089269, -0.9000000000000000222 ) ) ;
#1097 = VERTEX_POINT ( 'NONE', #7986 ) ;
#1098 = DIRECTION ( 'NONE',  ( 0.000000000000000000, 0.000000000000000000, -1.000000000000000000 ) ) ;
#1099 = ADVANCED_FACE ( 'NONE', ( #5261 ), #7776, .T. ) ;
#1100 = DIRECTION ( 'NONE',  ( -1.000000000000000000, 0.000000000000000000, 0.000000000000000000 ) ) ;
#1101 = ORIENTED_EDGE ( 'NONE', *, *, #2059, .T. ) ;
#1102 = FACE_OUTER_BOUND ( 'NONE', #7427, .T. ) ;
#1103 = CIRCLE ( 'NONE', #8663, 1.999999999999984457 ) ;
#1104 = AXIS2_PLACEMENT_3D ( 'NONE', #2383, #380, #8684 ) ;
#1105 = ORIENTED_EDGE ( 'NONE', *, *, #6202, .T. ) ;
#1106 = CARTESIAN_POINT ( 'NONE',  ( -0.1339745962155588221, 7.516154273188023538, 20.10000000000000142 ) ) ;
#1107 = DIRECTION ( 'NONE',  ( 1.000000000000000000, 0.000000000000000000, 0.000000000000000000 ) ) ;
#1108 = ORIENTED_EDGE ( 'NONE', *, *, #5398, .T. ) ;
#1109 = AXIS2_PLACEMENT_3D ( 'NONE', #8737, #1950, #4638 ) ;
#1110 = CARTESIAN_POINT ( 'NONE',  ( -63.79999999999999716, -1.000000000000000000, 9.599999999999999645 ) ) ;
#1111 = EDGE_LOOP ( 'NONE', ( #1684, #2084, #1174, #1009 ) ) ;
#1112 = CARTESIAN_POINT ( 'NONE',  ( -40.89292505810868050, -0.6000000000000000888, 11.80821662361342206 ) ) ;
#1113 = VECTOR ( 'NONE', #1371, 1000.000000000000000 ) ;
#1114 = CARTESIAN_POINT ( 'NONE',  ( -21.31641288252173538, -0.6000000000000003109, 6.264985160292822819 ) ) ;
#1115 = CARTESIAN_POINT ( 'NONE',  ( -44.39805221204633767, -0.6000000000000003109, 5.844934768171488493 ) ) ;
#1116 = DIRECTION ( 'NONE',  ( -0.8660254037844389297, 0.4999999999999994449, -0.000000000000000000 ) ) ;
#1117 = DIRECTION ( 'NONE',  ( 0.000000000000000000, 0.000000000000000000, -1.000000000000000000 ) ) ;
#1118 = CARTESIAN_POINT ( 'NONE',  ( -44.11616055922389990, -1.000000000000000000, 9.592298449347469003 ) ) ;
#1119 = EDGE_CURVE ( 'NONE', #191, #3688, #791, .T. ) ;
#1120 = ORIENTED_EDGE ( 'NONE', *, *, #632, .F. ) ;
#1121 = DIRECTION ( 'NONE',  ( 0.4999999999999827360, 0.8660254037844485886, 0.000000000000000000 ) ) ;
#1122 = EDGE_CURVE ( 'NONE', #2507, #7400, #844, .T. ) ;
#1123 = CARTESIAN_POINT ( 'NONE',  ( -70.88371685740838757, 11.56782032302750096, 20.10000000000000142 ) ) ;
#1124 = LINE ( 'NONE', #7911, #5598 ) ;
#1125 = VECTOR ( 'NONE', #5215, 1000.000000000000000 ) ;
#1126 = CARTESIAN_POINT ( 'NONE',  ( -44.12172288220737926, -1.000000000000000222, 9.216430453691458524 ) ) ;
#1127 = CARTESIAN_POINT ( 'NONE',  ( -17.74740613163083935, -0.6000000000000000888, 11.10720526602429281 ) ) ;
#1128 = PLANE ( 'NONE',  #8499 ) ;
#1129 = EDGE_CURVE ( 'NONE', #960, #6491, #5351, .T. ) ;
#1130 = ORIENTED_EDGE ( 'NONE', *, *, #5111, .F. ) ;
#1131 = CARTESIAN_POINT ( 'NONE',  ( -19.00928865389167655, -1.000000000000000000, 12.08736108273493315 ) ) ;
#1132 = CARTESIAN_POINT ( 'NONE',  ( -40.02562919381769291, -0.9999999999999997780, 7.226649450201747094 ) ) ;
#1133 = CARTESIAN_POINT ( 'NONE',  ( -50.12578086371441799, -0.6000000000000000888, 13.26732074283014029 ) ) ;
#1134 = CARTESIAN_POINT ( 'NONE',  ( -24.07035355085521999, -0.9999999999999986677, 10.44040175843616503 ) ) ;
#1135 = VECTOR ( 'NONE', #2418, 1000.000000000000000 ) ;
#1136 = VERTEX_POINT ( 'NONE', #8077 ) ;
#1137 = EDGE_CURVE ( 'NONE', #5772, #4676, #6153, .T. ) ;
#1138 = CARTESIAN_POINT ( 'NONE',  ( -15.95486267893760690, -1.000000000000000000, 11.19516514579689570 ) ) ;
#1139 = ORIENTED_EDGE ( 'NONE', *, *, #5958, .F. ) ;
#1140 = CARTESIAN_POINT ( 'NONE',  ( 18.55066962506356276, 8.661215932167763754, 19.40000000000000213 ) ) ;
#1141 = ORIENTED_EDGE ( 'NONE', *, *, #5793, .T. ) ;
#1142 = LINE ( 'NONE', #8600, #4941 ) ;
#1143 = LINE ( 'NONE', #4540, #7733 ) ;
#1144 = DIRECTION ( 'NONE',  ( 1.000000000000000000, 0.000000000000000000, 0.000000000000000000 ) ) ;
#1145 = ORIENTED_EDGE ( 'NONE', *, *, #8760, .F. ) ;
#1146 = CARTESIAN_POINT ( 'NONE',  ( -16.34269936008279700, -0.9999999999999997780, 12.52353250357850634 ) ) ;
#1147 = VERTEX_POINT ( 'NONE', #6110 ) ;
#1148 = ADVANCED_FACE ( 'NONE', ( #8697 ), #7365, .F. ) ;
#1149 = CARTESIAN_POINT ( 'NONE',  ( -69.40070415551733163, 13.13647367099202867, 20.10000000000000142 ) ) ;
#1150 = EDGE_CURVE ( 'NONE', #2532, #3012, #2265, .T. ) ;
#1151 = CARTESIAN_POINT ( 'NONE',  ( 0.2921161675185474649, 12.73647367098722505, 8.450000000000022382 ) ) ;
#1152 = ORIENTED_EDGE ( 'NONE', *, *, #4321, .F. ) ;
#1153 = DIRECTION ( 'NONE',  ( -0.4999999999999993894, -0.8660254037844389297, 0.000000000000000000 ) ) ;
#1154 = EDGE_LOOP ( 'NONE', ( #8365, #2424, #2585, #7752 ) ) ;
#1155 = CARTESIAN_POINT ( 'NONE',  ( -40.00864177073067651, -0.6000000000000003109, 11.47877592027236737 ) ) ;
#1156 = DIRECTION ( 'NONE',  ( -1.000000000000000000, 0.000000000000000000, 0.000000000000000000 ) ) ;
#1157 = CARTESIAN_POINT ( 'NONE',  ( -1.000000000000000000, 7.016154273188029755, 20.10000000000000142 ) ) ;
#1158 = CARTESIAN_POINT ( 'NONE',  ( -28.10504396203821287, -1.000000000000000222, 13.20100050124290902 ) ) ;
#1159 = CARTESIAN_POINT ( 'NONE',  ( -41.21429442403899657, -0.9999999999999997780, 6.856929004042124909 ) ) ;
#1160 = VERTEX_POINT ( 'NONE', #8122 ) ;
#1161 = DIRECTION ( 'NONE',  ( 0.8660254037844351549, -0.5000000000000061062, 0.000000000000000000 ) ) ;
#1163 = VECTOR ( 'NONE', #6200, 1000.000000000000000 ) ;
#1162 = VECTOR ( 'NONE', #6164, 1000.000000000000000 ) ;
#1164 = EDGE_LOOP ( 'NONE', ( #518, #2413, #6781, #342 ) ) ;
#1165 = CARTESIAN_POINT ( 'NONE',  ( -69.40070415551733163, 13.13647367099202867, 20.10000000000000142 ) ) ;
#1166 = CARTESIAN_POINT ( 'NONE',  ( -19.18348109999023876, -0.9999999999999995559, 9.144178303691631982 ) ) ;
#1167 = CARTESIAN_POINT ( 'NONE',  ( -17.74877132050828266, -0.9999999999999997780, 10.93922927633373021 ) ) ;
#1168 = DIRECTION ( 'NONE',  ( 0.000000000000000000, 0.000000000000000000, -1.000000000000000000 ) ) ;
#1169 = DIRECTION ( 'NONE',  ( -1.000000000000000000, 0.000000000000000000, 0.000000000000000000 ) ) ;
#1170 = AXIS2_PLACEMENT_3D ( 'NONE', #7683, #4383, #5096 ) ;
#1171 = LINE ( 'NONE', #5234, #5770 ) ;
#1172 = EDGE_CURVE ( 'NONE', #456, #97, #3245, .T. ) ;
#1173 = DIRECTION ( 'NONE',  ( 0.8660254037844389297, -0.4999999999999994449, 0.000000000000000000 ) ) ;
#1174 = ORIENTED_EDGE ( 'NONE', *, *, #7623, .T. ) ;
#1175 = CARTESIAN_POINT ( 'NONE',  ( -29.59118880364060189, 9.551408311032400178, 19.19999999999999929 ) ) ;
#1176 = DIRECTION ( 'NONE',  ( -0.000000000000000000, -0.000000000000000000, 1.000000000000000000 ) ) ;
#1177 = DIRECTION ( 'NONE',  ( 0.000000000000000000, 0.000000000000000000, 1.000000000000000000 ) ) ;
#1178 = DIRECTION ( 'NONE',  ( -0.4999999999999812927, -0.8660254037844494768, 0.000000000000000000 ) ) ;
#1179 = ADVANCED_FACE ( 'NONE', ( #658 ), #2700, .T. ) ;
#1180 = ORIENTED_EDGE ( 'NONE', *, *, #7965, .F. ) ;
#1181 = CARTESIAN_POINT ( 'NONE',  ( -15.99205414764425370, -1.000000000000000222, 10.67843027939516887 ) ) ;
#1182 = VERTEX_POINT ( 'NONE', #2079 ) ;
#1183 = CARTESIAN_POINT ( 'NONE',  ( -51.45025741577971701, -0.6000000000000000888, 11.98463883000742136 ) ) ;
#1184 = ORIENTED_EDGE ( 'NONE', *, *, #1475, .T. ) ;
#1185 = CARTESIAN_POINT ( 'NONE',  ( -50.17380673311689065, -1.000000000000000444, 10.06211892732051894 ) ) ;
#1186 = FACE_OUTER_BOUND ( 'NONE', #2682, .T. ) ;
#1187 = EDGE_CURVE ( 'NONE', #3066, #5885, #6646, .T. ) ;
#1188 = CARTESIAN_POINT ( 'NONE',  ( -50.00619077176733640, -0.9999999999999997780, 8.272726543668008858 ) ) ;
#1189 = VERTEX_POINT ( 'NONE', #3912 ) ;
#1190 = ORIENTED_EDGE ( 'NONE', *, *, #8310, .F. ) ;
#1191 = CARTESIAN_POINT ( 'NONE',  ( -1.395788997485660116E-16, 1.699999999999910028, 20.10000000000000142 ) ) ;
#1192 = CARTESIAN_POINT ( 'NONE',  ( -39.87569882523044384, -0.9999999999999997780, 13.17752586909018575 ) ) ;
#1193 = ORIENTED_EDGE ( 'NONE', *, *, #5308, .T. ) ;
#1194 = LINE ( 'NONE', #3910, #1967 ) ;
#1195 = VERTEX_POINT ( 'NONE', #4643 ) ;
#1196 = CARTESIAN_POINT ( 'NONE',  ( -46.20788383248146403, 11.87044826720278934, 8.450000000000020606 ) ) ;
#1197 = AXIS2_PLACEMENT_3D ( 'NONE', #4424, #5767, #4385 ) ;
#1198 = EDGE_CURVE ( 'NONE', #4893, #784, #7407, .T. ) ;
#1199 = EDGE_CURVE ( 'NONE', #1182, #7222, #6734, .T. ) ;
#1200 = CARTESIAN_POINT ( 'NONE',  ( -20.88290991014304865, -0.5999999999999998668, 7.523244421182097241 ) ) ;
#1201 = CARTESIAN_POINT ( 'NONE',  ( -52.14433636314813469, -0.6000000000000000888, 8.089901987902157643 ) ) ;
#1202 = DIRECTION ( 'NONE',  ( 0.000000000000000000, 0.000000000000000000, 1.000000000000000000 ) ) ;
#1203 = PLANE ( 'NONE',  #2576 ) ;
#1204 = ORIENTED_EDGE ( 'NONE', *, *, #5902, .F. ) ;
#1205 = VECTOR ( 'NONE', #1116, 1000.000000000000114 ) ;
#1206 = CARTESIAN_POINT ( 'NONE',  ( -43.74098378802475651, -0.9999999999999997780, 10.81037771255542523 ) ) ;
#1207 = AXIS2_PLACEMENT_3D ( 'NONE', #8498, #3086, #2364 ) ;
#1208 = ORIENTED_EDGE ( 'NONE', *, *, #1735, .T. ) ;
#1209 = DIRECTION ( 'NONE',  ( -0.8660254037843710950, 0.5000000000001171285, 0.000000000000000000 ) ) ;
#1210 = CARTESIAN_POINT ( 'NONE',  ( -1.000000000000000000, 7.016154273188029755, 0.000000000000000000 ) ) ;
#1211 =( GEOMETRIC_REPRESENTATION_CONTEXT ( 3 ) GLOBAL_UNCERTAINTY_ASSIGNED_CONTEXT ( ( #7748 ) ) GLOBAL_UNIT_ASSIGNED_CONTEXT ( ( #8298, #6292, #2883 ) ) REPRESENTATION_CONTEXT ( 'NONE', 'WORKASPACE' ) );
#1212 = EDGE_CURVE ( 'NONE', #6757, #4597, #3370, .T. ) ;
#1213 = DIRECTION ( 'NONE',  ( -1.000000000000000000, -1.697280072648819919E-16, 0.000000000000000000 ) ) ;
#1214 = DIRECTION ( 'NONE',  ( -0.8660254037844172803, 0.5000000000000371925, 0.000000000000000000 ) ) ;
#1215 = LINE ( 'NONE', #5412, #8189 ) ;
#1216 = AXIS2_PLACEMENT_3D ( 'NONE', #8459, #4399, #999 ) ;
#1217 = LINE ( 'NONE', #500, #2350 ) ;
#1218 = VERTEX_POINT ( 'NONE', #4141 ) ;
#1219 = CARTESIAN_POINT ( 'NONE',  ( -20.18666172525538727, -0.5999999999999998668, 11.76318253777725076 ) ) ;
#1220 = AXIS2_PLACEMENT_3D ( 'NONE', #617, #1335, #6116 ) ;
#1221 = CIRCLE ( 'NONE', #4064, 2.000000000000000000 ) ;
#1222 = CARTESIAN_POINT ( 'NONE',  ( -40.72299234419925540, -0.6000000000000000888, 6.955568178303475513 ) ) ;
#1223 = CARTESIAN_POINT ( 'NONE',  ( -32.19933037493642303, 0.4339745962156045800, -0.2000000000000000389 ) ) ;
#1224 = CARTESIAN_POINT ( 'NONE',  ( -19.42738269620814151, -1.000000000000000222, 6.853208813283835354 ) ) ;
#1225 = AXIS2_PLACEMENT_3D ( 'NONE', #7224, #1776, #4546 ) ;
#1226 = ORIENTED_EDGE ( 'NONE', *, *, #6773, .F. ) ;
#1227 = CARTESIAN_POINT ( 'NONE',  ( -45.73206539917264024, -0.6000000000000000888, 10.90882525594158814 ) ) ;
#1228 = ORIENTED_EDGE ( 'NONE', *, *, #7047, .F. ) ;
#1229 = CARTESIAN_POINT ( 'NONE',  ( -45.76129807924282744, -0.9999999999999997780, 7.576105151623785616 ) ) ;
#1230 = EDGE_CURVE ( 'NONE', #8143, #757, #7151, .T. ) ;
#1231 = ORIENTED_EDGE ( 'NONE', *, *, #1030, .F. ) ;
#1232 = CARTESIAN_POINT ( 'NONE',  ( -50.04130700198207649, -0.5999999999999998668, 10.58454004708197971 ) ) ;
#1233 = ADVANCED_FACE ( 'NONE', ( #7626 ), #2836, .F. ) ;
#1234 = CARTESIAN_POINT ( 'NONE',  ( -19.49346260204018222, -0.6000000000000000888, 13.36897872456435188 ) ) ;
#1235 = DIRECTION ( 'NONE',  ( -0.8660254037844389297, 0.4999999999999994449, 0.000000000000000000 ) ) ;
#1236 = ORIENTED_EDGE ( 'NONE', *, *, #1351, .T. ) ;
#1237 = ORIENTED_EDGE ( 'NONE', *, *, #5782, .T. ) ;
#1238 = FACE_OUTER_BOUND ( 'NONE', #7538, .T. ) ;
#1239 = CARTESIAN_POINT ( 'NONE',  ( -22.70788383248144982, 12.73647367098722505, 7.450000000000003730 ) ) ;
#1240 = EDGE_LOOP ( 'NONE', ( #838, #2394, #1236, #4420 ) ) ;
#1241 = EDGE_CURVE ( 'NONE', #2307, #3498, #3598, .T. ) ;
#1242 = DIRECTION ( 'NONE',  ( -0.000000000000000000, -1.000000000000000000, -0.000000000000000000 ) ) ;
#1243 = ORIENTED_EDGE ( 'NONE', *, *, #7050, .F. ) ;
#1244 = DIRECTION ( 'NONE',  ( 0.4999999999999995004, 0.8660254037844390407, 0.000000000000000000 ) ) ;
#1245 = CARTESIAN_POINT ( 'NONE',  ( -20.08537884979999788, -0.6000000000000000888, 8.460146205115751883 ) ) ;
#1246 = AXIS2_PLACEMENT_3D ( 'NONE', #6079, #7377, #2537 ) ;
#1247 = CIRCLE ( 'NONE', #3522, 4.799999999999998934 ) ;
#1248 = CARTESIAN_POINT ( 'NONE',  ( -39.80749425788496154, -0.6000000000000000888, 11.35305988263899835 ) ) ;
#1249 = CARTESIAN_POINT ( 'NONE',  ( -12.46090230963856804, -0.6000000000000000888, 12.33395831594061320 ) ) ;
#1250 = CARTESIAN_POINT ( 'NONE',  ( -50.39046881405645451, -0.6000000000000000888, 11.67434962313249613 ) ) ;
#1251 = VERTEX_POINT ( 'NONE', #6328 ) ;
#1252 = FACE_OUTER_BOUND ( 'NONE', #6074, .T. ) ;
#1253 = ORIENTED_EDGE ( 'NONE', *, *, #1904, .F. ) ;
#1254 = EDGE_CURVE ( 'NONE', #2780, #5909, #3551, .T. ) ;
#1255 = CARTESIAN_POINT ( 'NONE',  ( 19.29804168090040761, 8.691600689896679555, 20.10000000000000142 ) ) ;
#1256 = ADVANCED_FACE ( 'NONE', ( #5533 ), #6913, .F. ) ;
#1257 = VECTOR ( 'NONE', #6597, 1000.000000000000000 ) ;
#1258 = CARTESIAN_POINT ( 'NONE',  ( -17.94620321566788590, -0.6000000000000003109, 10.29171977115982983 ) ) ;
#1259 = LINE ( 'NONE', #6699, #5818 ) ;
#1260 = DIRECTION ( 'NONE',  ( -2.657184803002740111E-15, -1.000000000000000000, 0.000000000000000000 ) ) ;
#1261 = CARTESIAN_POINT ( 'NONE',  ( 14.58934475965829947, 0.000000000000000000, 0.000000000000000000 ) ) ;
#1262 = CARTESIAN_POINT ( 'NONE',  ( -43.76145867775951359, -0.9999999999999995559, 7.864472865219164888 ) ) ;
#1263 = LINE ( 'NONE', #3129, #796 ) ;
#1264 = ORIENTED_EDGE ( 'NONE', *, *, #323, .T. ) ;
#1265 = EDGE_CURVE ( 'NONE', #4333, #4353, #2122, .T. ) ;
#1266 = ORIENTED_EDGE ( 'NONE', *, *, #247, .F. ) ;
#1267 = CARTESIAN_POINT ( 'NONE',  ( -9.091704784200763001, -1.000000000000000000, 5.353059882638999234 ) ) ;
#1268 = CARTESIAN_POINT ( 'NONE',  ( -40.02562919381769291, -0.5999999999999998668, 7.226649450201747094 ) ) ;
#1269 = CARTESIAN_POINT ( 'NONE',  ( -48.56130874636985340, -0.6000000000000000888, 12.35521939459442109 ) ) ;
#1270 = CARTESIAN_POINT ( 'NONE',  ( 1.566025403784438996, 8.497649730810351798, 0.000000000000000000 ) ) ;
#1271 = VECTOR ( 'NONE', #7942, 1000.000000000000000 ) ;
#1272 = ORIENTED_EDGE ( 'NONE', *, *, #5927, .F. ) ;
#1273 = CARTESIAN_POINT ( 'NONE',  ( -47.45070415551619902, 11.31782032302749919, -0.9000000000000000222 ) ) ;
#1274 = ORIENTED_EDGE ( 'NONE', *, *, #3816, .T. ) ;
#1275 = CARTESIAN_POINT ( 'NONE',  ( -11.22575557069733065, -0.6000000000000000888, 11.26882162540568544 ) ) ;
#1276 = ORIENTED_EDGE ( 'NONE', *, *, #1372, .F. ) ;
#1277 = CARTESIAN_POINT ( 'NONE',  ( -50.48498912895652779, -0.6000000000000000888, 9.700936334354896218 ) ) ;
#1278 = CARTESIAN_POINT ( 'NONE',  ( -18.79497014306826230, -0.9999999999999997780, 7.688095032606631740 ) ) ;
#1279 = CIRCLE ( 'NONE', #6415, 1.899999999999999689 ) ;
#1280 = CARTESIAN_POINT ( 'NONE',  ( -70.45070415551620613, 11.31782032302749919, 0.000000000000000000 ) ) ;
#1281 = EDGE_CURVE ( 'NONE', #8370, #6705, #5575, .T. ) ;
#1282 = ORIENTED_EDGE ( 'NONE', *, *, #1651, .T. ) ;
#1283 = DIRECTION ( 'NONE',  ( 0.000000000000000000, 0.000000000000000000, -1.000000000000000000 ) ) ;
#1284 = CARTESIAN_POINT ( 'NONE',  ( -28.61268244924369597, -0.9999999999999995559, 7.931292166661541465 ) ) ;
#1285 = ORIENTED_EDGE ( 'NONE', *, *, #1915, .F. ) ;
#1286 = FACE_OUTER_BOUND ( 'NONE', #5747, .T. ) ;
#1287 = ORIENTED_EDGE ( 'NONE', *, *, #930, .T. ) ;
#1288 = CARTESIAN_POINT ( 'NONE',  ( -48.47609151920299553, -0.6000000000000003109, 9.460296903298571536 ) ) ;
#1289 = CYLINDRICAL_SURFACE ( 'NONE', #2776, 0.9999999999999996669 ) ;
#1290 = FACE_OUTER_BOUND ( 'NONE', #6327, .T. ) ;
#1291 = ADVANCED_FACE ( 'NONE', ( #166 ), #4992, .T. ) ;
#1292 = CARTESIAN_POINT ( 'NONE',  ( -26.27788204834400787, -0.9999999999999997780, 13.45282866697923296 ) ) ;
#1293 = CARTESIAN_POINT ( 'NONE',  ( -50.70768768190120568, -0.6000000000000000888, 11.86556699362417788 ) ) ;
#1294 = ORIENTED_EDGE ( 'NONE', *, *, #2545, .T. ) ;
#1295 = CARTESIAN_POINT ( 'NONE',  ( -19.49346260204018222, -1.000000000000000000, 13.36897872456435188 ) ) ;
#1296 = ORIENTED_EDGE ( 'NONE', *, *, #480, .T. ) ;
#1297 = LINE ( 'NONE', #1966, #2149 ) ;
#1298 = CARTESIAN_POINT ( 'NONE',  ( 15.09374768689830049, 12.27365149746590056, 0.000000000000000000 ) ) ;
#1299 = DIRECTION ( 'NONE',  ( -1.000000000000000000, 0.000000000000000000, 0.000000000000000000 ) ) ;
#1300 = CARTESIAN_POINT ( 'NONE',  ( -71.28371685740839325, 10.87500000000000000, -0.9000000000000000222 ) ) ;
#1301 = EDGE_CURVE ( 'NONE', #2361, #745, #8291, .T. ) ;
#1302 = CARTESIAN_POINT ( 'NONE',  ( -43.74098378802475651, -0.5999999999999998668, 10.81037771255542523 ) ) ;
#1303 = AXIS2_PLACEMENT_3D ( 'NONE', #6361, #235, #1085 ) ;
#1304 = CARTESIAN_POINT ( 'NONE',  ( -43.30922636425738403, -0.5999999999999998668, 7.338705006720899426 ) ) ;
#1305 = CARTESIAN_POINT ( 'NONE',  ( -43.76145867775951359, -0.6000000000000000888, 7.864472865219164888 ) ) ;
#1306 = VERTEX_POINT ( 'NONE', #2878 ) ;
#1307 = ORIENTED_EDGE ( 'NONE', *, *, #5645, .T. ) ;
#1308 = CARTESIAN_POINT ( 'NONE',  ( -27.70195831909937922, 10.42365149746543551, 20.10000000000000142 ) ) ;
#1309 = VECTOR ( 'NONE', #3660, 1000.000000000000227 ) ;
#1310 = DIRECTION ( 'NONE',  ( -0.000000000000000000, -0.000000000000000000, -1.000000000000000000 ) ) ;
#1311 = CARTESIAN_POINT ( 'NONE',  ( -32.19933037493642303, 0.4339745962156045800, -0.2000000000000000389 ) ) ;
#1312 = EDGE_CURVE ( 'NONE', #3984, #8354, #7582, .T. ) ;
#1313 = EDGE_CURVE ( 'NONE', #8435, #1060, #4512, .T. ) ;
#1314 = EDGE_CURVE ( 'NONE', #7849, #1182, #1417, .T. ) ;
#1315 = CARTESIAN_POINT ( 'NONE',  ( -50.44933037493643013, 8.661215932167761977, 19.40000000000000213 ) ) ;
#1316 = ORIENTED_EDGE ( 'NONE', *, *, #5841, .T. ) ;
#1317 = CARTESIAN_POINT ( 'NONE',  ( -26.31792355599391087, -0.6000000000000000888, 11.98748544938994876 ) ) ;
#1318 = ORIENTED_EDGE ( 'NONE', *, *, #2988, .F. ) ;
#1319 = CARTESIAN_POINT ( 'NONE',  ( 0.2921161675185474649, 12.73647367098722505, 11.75000000000000355 ) ) ;
#1320 = ORIENTED_EDGE ( 'NONE', *, *, #4687, .F. ) ;
#1321 = CARTESIAN_POINT ( 'NONE',  ( -46.01485649338525263, -0.9999999999999997780, 9.338984046589576593 ) ) ;
#1322 = CARTESIAN_POINT ( 'NONE',  ( -18.30043912704096698, -0.5999999999999998668, 8.049714793748339758 ) ) ;
#1323 = EDGE_CURVE ( 'NONE', #242, #6567, #2469, .T. ) ;
#1324 = CARTESIAN_POINT ( 'NONE',  ( -16.12656316330597406, -0.5999999999999998668, 12.13312336911525335 ) ) ;
#1325 = VERTEX_POINT ( 'NONE', #7930 ) ;
#1326 = FACE_OUTER_BOUND ( 'NONE', #1240, .T. ) ;
#1327 = CARTESIAN_POINT ( 'NONE',  ( 16.85881119635942227, 10.33083117443845822, -0.9000000000000000222 ) ) ;
#1328 = ORIENTED_EDGE ( 'NONE', *, *, #8038, .T. ) ;
#1329 = CARTESIAN_POINT ( 'NONE',  ( 15.09374768689830049, 12.27365149746590056, -0.9000000000000000222 ) ) ;
#1330 = VERTEX_POINT ( 'NONE', #8520 ) ;
#1331 = CARTESIAN_POINT ( 'NONE',  ( -48.80035978499709159, -0.6000000000000003109, 9.025731659529938611 ) ) ;
#1332 = CARTESIAN_POINT ( 'NONE',  ( -55.19933037493642303, 0.4339745962156045800, -0.2000000000000000389 ) ) ;
#1333 = CARTESIAN_POINT ( 'NONE',  ( -46.01504013221320122, -1.000000000000000000, 9.038215902441333327 ) ) ;
#1334 = CARTESIAN_POINT ( 'NONE',  ( -27.81364335808200039, -1.000000000000000222, 13.29364821499873983 ) ) ;
#1335 = DIRECTION ( 'NONE',  ( 0.000000000000000000, 0.000000000000000000, -1.000000000000000000 ) ) ;
#1336 = ORIENTED_EDGE ( 'NONE', *, *, #2002, .F. ) ;
#1337 = CARTESIAN_POINT ( 'NONE',  ( -45.29999999999999716, 7.997649730810350910, 0.000000000000000000 ) ) ;
#1338 = ORIENTED_EDGE ( 'NONE', *, *, #6422, .F. ) ;
#1339 = DIRECTION ( 'NONE',  ( 0.8660254037844351549, -0.5000000000000061062, 0.000000000000000000 ) ) ;
#1340 = AXIS2_PLACEMENT_3D ( 'NONE', #1456, #6811, #2828 ) ;
#1341 = EDGE_CURVE ( 'NONE', #3448, #3632, #7888, .T. ) ;
#1342 = CARTESIAN_POINT ( 'NONE',  ( -23.40070415550900051, 13.13647367098723073, 11.75000000000000355 ) ) ;
#1343 = CARTESIAN_POINT ( 'NONE',  ( -0.2078838324814590577, 11.87044826720278934, 8.450000000000022382 ) ) ;
#1344 = CARTESIAN_POINT ( 'NONE',  ( -6.591188803640600113, 9.551408311032400178, 19.19999999999999929 ) ) ;
#1345 = VECTOR ( 'NONE', #8490, 1000.000000000000000 ) ;
#1346 = DIRECTION ( 'NONE',  ( -0.4999999999999839573, -0.8660254037844479225, 0.000000000000000000 ) ) ;
#1347 = LINE ( 'NONE', #1388, #3008 ) ;
#1348 = CARTESIAN_POINT ( 'NONE',  ( -42.71379303610329004, -0.6000000000000000888, 6.989265806664327840 ) ) ;
#1349 = ORIENTED_EDGE ( 'NONE', *, *, #8572, .F. ) ;
#1350 = ORIENTED_EDGE ( 'NONE', *, *, #3900, .F. ) ;
#1351 = EDGE_CURVE ( 'NONE', #7301, #7356, #3858, .T. ) ;
#1352 = CARTESIAN_POINT ( 'NONE',  ( -50.70195831909941120, 10.42365149746538933, 20.10000000000000142 ) ) ;
#1353 = CARTESIAN_POINT ( 'NONE',  ( -23.00000000000000355, 7.016154273188029755, 20.10000000000000142 ) ) ;
#1354 = CYLINDRICAL_SURFACE ( 'NONE', #8411, 0.6000000000000033085 ) ;
#1355 = CARTESIAN_POINT ( 'NONE',  ( -50.23534124308987714, -1.000000000000000222, 11.49799743305849908 ) ) ;
#1356 = CARTESIAN_POINT ( 'NONE',  ( -44.53914973390091347, -0.6000000000000003109, 12.55498458402823303 ) ) ;
#1357 = VECTOR ( 'NONE', #1659, 1000.000000000000114 ) ;
#1358 = ORIENTED_EDGE ( 'NONE', *, *, #2684, .F. ) ;
#1359 = EDGE_CURVE ( 'NONE', #827, #3562, #1767, .T. ) ;
#1360 = LINE ( 'NONE', #1319, #5243 ) ;
#1361 = DIRECTION ( 'NONE',  ( 0.000000000000000000, 0.000000000000000000, -1.000000000000000000 ) ) ;
#1362 = ADVANCED_FACE ( 'NONE', ( #1685 ), #7084, .T. ) ;
#1363 = ORIENTED_EDGE ( 'NONE', *, *, #6590, .F. ) ;
#1364 = CARTESIAN_POINT ( 'NONE',  ( -50.59002047602295704, -1.000000000000000000, 9.634305474934947711 ) ) ;
#1365 = CARTESIAN_POINT ( 'NONE',  ( -10.92804908282616161, 1.432050807568885142, 19.40000000000000213 ) ) ;
#1366 = CARTESIAN_POINT ( 'NONE',  ( -16.04858515814862585, -1.000000000000000222, 11.91652698281619571 ) ) ;
#1367 = ORIENTED_EDGE ( 'NONE', *, *, #5880, .F. ) ;
#1368 = DIRECTION ( 'NONE',  ( 1.000000000000000000, 0.000000000000000000, 0.000000000000000000 ) ) ;
#1369 = FACE_OUTER_BOUND ( 'NONE', #961, .T. ) ;
#1370 = ORIENTED_EDGE ( 'NONE', *, *, #4967, .T. ) ;
#1371 = DIRECTION ( 'NONE',  ( 0.000000000000000000, 0.000000000000000000, 1.000000000000000000 ) ) ;
#1372 = EDGE_CURVE ( 'NONE', #6535, #4532, #4230, .T. ) ;
#1373 = EDGE_LOOP ( 'NONE', ( #6585, #8476, #7761, #5826 ) ) ;
#1374 = DIRECTION ( 'NONE',  ( 0.4999999999935974548, 0.8660254037881351952, 0.000000000000000000 ) ) ;
#1375 = CARTESIAN_POINT ( 'NONE',  ( -21.30000000000000071, 1.699999999999999956, 20.10000000000000142 ) ) ;
#1376 = CARTESIAN_POINT ( 'NONE',  ( -27.34615242270649915, 10.10275681356650068, 0.000000000000000000 ) ) ;
#1377 = CARTESIAN_POINT ( 'NONE',  ( -24.50259725330308669, -1.000000000000000000, 12.69506190363836140 ) ) ;
#1378 = FACE_OUTER_BOUND ( 'NONE', #7797, .T. ) ;
#1379 = ORIENTED_EDGE ( 'NONE', *, *, #90, .F. ) ;
#1380 = DIRECTION ( 'NONE',  ( -0.000000000000000000, -1.000000000000000000, -0.000000000000000000 ) ) ;
#1381 = ORIENTED_EDGE ( 'NONE', *, *, #3814, .T. ) ;
#1382 = CARTESIAN_POINT ( 'NONE',  ( -21.30000000000000071, 1.699999999999999956, 20.10000000000000142 ) ) ;
#1383 = FACE_OUTER_BOUND ( 'NONE', #6371, .T. ) ;
#1384 = PLANE ( 'NONE',  #5384 ) ;
#1385 = LINE ( 'NONE', #2807, #333 ) ;
#1386 = AXIS2_PLACEMENT_3D ( 'NONE', #7489, #3412, #4089 ) ;
#1387 = CARTESIAN_POINT ( 'NONE',  ( -48.56130874636985340, -0.6000000000000000888, 12.35521939459442109 ) ) ;
#1388 = CARTESIAN_POINT ( 'NONE',  ( -26.05486267893761010, -0.6000000000000000888, 8.232994093165316940 ) ) ;
#1389 = CARTESIAN_POINT ( 'NONE',  ( -44.12328373156917394, -0.6000000000000000888, 9.308651987902157643 ) ) ;
#1390 = EDGE_CURVE ( 'NONE', #237, #7716, #1142, .T. ) ;
#1391 = CIRCLE ( 'NONE', #8524, 2.000000000000005329 ) ;
#1392 = VECTOR ( 'NONE', #671, 1000.000000000000000 ) ;
#1393 = VERTEX_POINT ( 'NONE', #7757 ) ;
#1394 = ORIENTED_EDGE ( 'NONE', *, *, #3249, .T. ) ;
#1395 = CARTESIAN_POINT ( 'NONE',  ( -1.050704155510469917, 12.01064064606490156, -0.9000000000000000222 ) ) ;
#1396 = CARTESIAN_POINT ( 'NONE',  ( -24.24633191873573779, -1.000000000000000000, 12.33517386138926852 ) ) ;
#1397 = DIRECTION ( 'NONE',  ( -0.000000000000000000, -0.000000000000000000, -1.000000000000000000 ) ) ;
#1398 = ORIENTED_EDGE ( 'NONE', *, *, #5398, .F. ) ;
#1399 = EDGE_CURVE ( 'NONE', #4683, #4413, #6588, .T. ) ;
#1400 = CARTESIAN_POINT ( 'NONE',  ( -51.12223383784253627, -1.000000000000000222, 11.96709621041650706 ) ) ;
#1401 = CARTESIAN_POINT ( 'NONE',  ( -25.76538899472708266, -1.000000000000000000, 11.02411251421794702 ) ) ;
#1402 = VERTEX_POINT ( 'NONE', #4538 ) ;
#1403 = CYLINDRICAL_SURFACE ( 'NONE', #535, 2.000000000000001776 ) ;
#1404 =( NAMED_UNIT ( * ) SI_UNIT ( $, .STERADIAN. ) SOLID_ANGLE_UNIT ( ) );
#1405 = ORIENTED_EDGE ( 'NONE', *, *, #4968, .T. ) ;
#1406 = CARTESIAN_POINT ( 'NONE',  ( -45.56338495460222759, -0.5999999999999998668, 11.28483772057675338 ) ) ;
#1407 = CARTESIAN_POINT ( 'NONE',  ( -41.67918202419151186, -1.000000000000000222, 13.45745411035514216 ) ) ;
#1408 = DIRECTION ( 'NONE',  ( -1.000000000000000000, 0.000000000000000000, 0.000000000000000000 ) ) ;
#1409 = EDGE_CURVE ( 'NONE', #7467, #3846, #2512, .T. ) ;
#1410 = EDGE_CURVE ( 'NONE', #5755, #7941, #3141, .T. ) ;
#1411 = ORIENTED_EDGE ( 'NONE', *, *, #1129, .T. ) ;
#1412 = CARTESIAN_POINT ( 'NONE',  ( -68.50000000000000000, -1.000000000000000000, -0.9000000000000000222 ) ) ;
#1413 = CARTESIAN_POINT ( 'NONE',  ( -28.45209318390248399, -1.000000000000000666, 8.118792711873181744 ) ) ;
#1414 = ORIENTED_EDGE ( 'NONE', *, *, #4040, .F. ) ;
#1415 = DIRECTION ( 'NONE',  ( -1.000000000000000000, 0.000000000000000000, 0.000000000000000000 ) ) ;
#1416 = ORIENTED_EDGE ( 'NONE', *, *, #1710, .T. ) ;
#1417 = LINE ( 'NONE', #1464, #7932 ) ;
#1418 = B_SPLINE_SURFACE_WITH_KNOTS ( 'NONE', 3, 1, ( 
 ( #8601, #2471 ),
 ( #7977, #1812 ),
 ( #5210, #5253 ),
 ( #7933, #1857 ),
 ( #7308, #2785 ),
 ( #69, #5525 ),
 ( #6857, #3503 ),
 ( #8198, #1622 ),
 ( #4765, #743 ),
 ( #7068, #8156 ),
 ( #951, #5019 ),
 ( #3667, #7573 ),
 ( #3454, #2692 ),
 ( #1324, #7486 ),
 ( #24, #1366 ),
 ( #3361, #2733 ),
 ( #2072, #6189 ),
 ( #8242, #2994 ),
 ( #2113, #6102 ) ),
 .UNSPECIFIED., .F., .F., .F.,
 ( 4, 1, 1, 1, 1, 1, 1, 1, 1, 1, 1, 1, 1, 1, 1, 1, 4 ),
 ( 2, 2 ),
 ( 0.000000000000000000, 0.07613619422941891868, 0.1488248202887804961, 0.2181368005180020775, 0.2843944313180614691, 0.3480732160077175119, 0.4093288163255653922, 0.4682102510086970648, 0.5257174298963283032, 0.5825163633480937575, 0.6390314107546767319, 0.6954483444328789510, 0.7533025338527684633, 0.8121384240391916753, 0.8725331507925628838, 0.9348301940760049833, 1.000000000000000000 ),
 ( 0.000000000000000000, 1.000000000000000000 ),
 .UNSPECIFIED. ) ;
#1419 = DIRECTION ( 'NONE',  ( 1.000000000000000000, 0.000000000000000000, 0.000000000000000000 ) ) ;
#1420 = LINE ( 'NONE', #8165, #1902 ) ;
#1421 = ADVANCED_FACE ( 'NONE', ( #3182 ), #5921, .T. ) ;
#1422 = EDGE_CURVE ( 'NONE', #4853, #4445, #7802, .T. ) ;
#1423 = CARTESIAN_POINT ( 'NONE',  ( -24.14761579488492060, -0.9999999999999997780, 12.13312336911525335 ) ) ;
#1424 = VECTOR ( 'NONE', #2505, 1000.000000000000000 ) ;
#1425 = CARTESIAN_POINT ( 'NONE',  ( -50.83477570816024382, -0.9999999999999995559, 11.91036730736978377 ) ) ;
#1426 = ORIENTED_EDGE ( 'NONE', *, *, #8335, .F. ) ;
#1427 = CARTESIAN_POINT ( 'NONE',  ( -29.33746551410068548, -1.000000000000000222, 6.264985160292822819 ) ) ;
#1428 = VERTEX_POINT ( 'NONE', #3730 ) ;
#1429 = CARTESIAN_POINT ( 'NONE',  ( -42.08545478420074915, -0.6000000000000000888, 5.247796724744262065 ) ) ;
#1430 = CARTESIAN_POINT ( 'NONE',  ( -19.93941726842965068, -0.5999999999999998668, 11.88195087725122612 ) ) ;
#1431 = B_SPLINE_CURVE_WITH_KNOTS ( 'NONE', 3,
 ( #6133, #2186, #4973, #6268, #819, #5640, #6892, #6311, #4120, #2058, #3534 ),
 .UNSPECIFIED., .F., .F.,
 ( 4, 1, 1, 1, 1, 1, 1, 1, 4 ),
 ( 0.000000000000000000, 0.1290135847555134718, 0.2552928794162042103, 0.3802065797206067854, 0.5035318291440405991, 0.6266597861494624944, 0.7501793166744054053, 0.8746737302826989024, 1.000000000000000000 ),
 .UNSPECIFIED. ) ;
#1432 = CARTESIAN_POINT ( 'NONE',  ( -28.83581293222264108, -0.6000000000000003109, 12.84130764464735108 ) ) ;
#1433 = FACE_OUTER_BOUND ( 'NONE', #6966, .T. ) ;
#1434 = CARTESIAN_POINT ( 'NONE',  ( -27.44959952104287026, -0.6000000000000000888, 6.826744093165315164 ) ) ;
#1435 = DIRECTION ( 'NONE',  ( -0.8660254037844389297, 0.4999999999999994449, -0.000000000000000000 ) ) ;
#1436 = CARTESIAN_POINT ( 'NONE',  ( -44.08515415459702069, -0.6000000000000003109, 8.773793037346317547 ) ) ;
#1437 = LINE ( 'NONE', #4884, #4931 ) ;
#1438 = VERTEX_POINT ( 'NONE', #425 ) ;
#1439 = VECTOR ( 'NONE', #6537, 1000.000000000000000 ) ;
#1440 = VERTEX_POINT ( 'NONE', #6464 ) ;
#1441 = CARTESIAN_POINT ( 'NONE',  ( -33.68117846841128937, -0.6000000000000000888, 11.87937567211268330 ) ) ;
#1442 = CARTESIAN_POINT ( 'NONE',  ( -25.03422238872195749, -0.6000000000000003109, 13.11135946260412233 ) ) ;
#1443 = DIRECTION ( 'NONE',  ( -0.000000000000000000, -0.000000000000000000, 1.000000000000000000 ) ) ;
#1445 = VECTOR ( 'NONE', #829, 1000.000000000000000 ) ;
#1444 = AXIS2_PLACEMENT_3D ( 'NONE', #4639, #5478, #699 ) ;
#1446 = CARTESIAN_POINT ( 'NONE',  ( -18.03381004735866000, -0.6000000000000000888, 8.232994093165316940 ) ) ;
#1447 = CARTESIAN_POINT ( 'NONE',  ( -19.68963973913272980, -1.000000000000000222, 11.97530667582238273 ) ) ;
#1449 = AXIS2_PLACEMENT_3D ( 'NONE', #4923, #1615, #181 ) ;
#1448 = VECTOR ( 'NONE', #2978, 1000.000000000000000 ) ;
#1450 = ORIENTED_EDGE ( 'NONE', *, *, #2278, .T. ) ;
#1451 = LINE ( 'NONE', #4980, #3097 ) ;
#1452 = ORIENTED_EDGE ( 'NONE', *, *, #6226, .F. ) ;
#1453 = CARTESIAN_POINT ( 'NONE',  ( -48.28371685740840036, 10.87500000000000000, -0.9000000000000000222 ) ) ;
#1454 = EDGE_CURVE ( 'NONE', #4925, #6194, #339, .T. ) ;
#1455 = CARTESIAN_POINT ( 'NONE',  ( 3.299999999999999822, 3.500000000000005329, 9.599999999999999645 ) ) ;
#1456 = CARTESIAN_POINT ( 'NONE',  ( -32.39215069796390623, 1.699999999999999956, 0.000000000000000000 ) ) ;
#1457 = CIRCLE ( 'NONE', #599, 2.000000000000001776 ) ;
#1458 = ORIENTED_EDGE ( 'NONE', *, *, #2937, .T. ) ;
#1459 = CARTESIAN_POINT ( 'NONE',  ( 18.55066962506356276, 8.661215932167763754, 0.000000000000000000 ) ) ;
#1460 = CARTESIAN_POINT ( 'NONE',  ( -42.66880369208625723, -1.000000000000000000, 13.39102087204579838 ) ) ;
#1461 = EDGE_LOOP ( 'NONE', ( #8466, #131, #8342, #386, #6408, #3507, #6162, #5541, #3149, #7898 ) ) ;
#1462 = CARTESIAN_POINT ( 'NONE',  ( -50.03907320525339486, -0.6000000000000000888, 10.73628356684952578 ) ) ;
#1463 = ORIENTED_EDGE ( 'NONE', *, *, #5917, .F. ) ;
#1464 = CARTESIAN_POINT ( 'NONE',  ( -53.90625231310169596, 12.27365149746590056, 0.000000000000000000 ) ) ;
#1465 = EDGE_CURVE ( 'NONE', #3662, #7849, #5798, .T. ) ;
#1466 = LINE ( 'NONE', #706, #7066 ) ;
#1467 = DIRECTION ( 'NONE',  ( -1.000000000000000000, 2.657184803002740111E-15, 0.000000000000000000 ) ) ;
#1468 = CARTESIAN_POINT ( 'NONE',  ( -69.40070415550901828, 13.13647367098722718, 7.649999999999995026 ) ) ;
#1469 = CARTESIAN_POINT ( 'NONE',  ( -17.75321501850020667, -0.9999999999999995559, 11.26444070499204919 ) ) ;
#1470 = ORIENTED_EDGE ( 'NONE', *, *, #6487, .T. ) ;
#1471 = CARTESIAN_POINT ( 'NONE',  ( -28.20771435683433737, -0.5999999999999998668, 11.76318253777725076 ) ) ;
#1472 = ORIENTED_EDGE ( 'NONE', *, *, #5497, .F. ) ;
#1473 = DIRECTION ( 'NONE',  ( 0.8660254037844332675, -0.5000000000000092149, 0.000000000000000000 ) ) ;
#1474 = DIRECTION ( 'NONE',  ( 0.000000000000000000, 0.000000000000000000, -1.000000000000000000 ) ) ;
#1475 = EDGE_CURVE ( 'NONE', #7293, #7806, #5879, .T. ) ;
#1476 = EDGE_CURVE ( 'NONE', #1943, #249, #1725, .T. ) ;
#1477 = CARTESIAN_POINT ( 'NONE',  ( -27.81364335808200039, -1.000000000000000222, 13.29364821499873983 ) ) ;
#1478 = B_SPLINE_CURVE_WITH_KNOTS ( 'NONE', 3,
 ( #1978, #8315, #6132, #8227, #4927, #4119, #3533, #2100, #2721, #6267, #6978 ),
 .UNSPECIFIED., .F., .F.,
 ( 4, 1, 1, 1, 1, 1, 1, 1, 4 ),
 ( 0.000000000000000000, 0.1681741227021177898, 0.3187847659050448978, 0.4553617444871737030, 0.5787698975723892802, 0.6918086740834054060, 0.7954484750435915075, 0.8967266546925837245, 1.000000000000000000 ),
 .UNSPECIFIED. ) ;
#1479 = CARTESIAN_POINT ( 'NONE',  ( -39.80749425788496154, -1.000000000000000000, 5.678717777375840825 ) ) ;
#1480 = PLANE ( 'NONE',  #7042 ) ;
#1481 = CARTESIAN_POINT ( 'NONE',  ( -31.75625231310170449, 10.80140831103240018, -0.9000000000000000222 ) ) ;
#1482 = CARTESIAN_POINT ( 'NONE',  ( -46.01802057367443410, -1.000000000000000000, 9.183651987902157643 ) ) ;
#1483 = VECTOR ( 'NONE', #2134, 1000.000000000000000 ) ;
#1484 = CARTESIAN_POINT ( 'NONE',  ( -69.00000000000000000, -0.4999999999999995559, 0.000000000000000000 ) ) ;
#1485 = VERTEX_POINT ( 'NONE', #7173 ) ;
#1486 = VERTEX_POINT ( 'NONE', #384 ) ;
#1487 = EDGE_CURVE ( 'NONE', #6645, #8276, #3961, .T. ) ;
#1488 = CARTESIAN_POINT ( 'NONE',  ( -8.306252313101618157, 11.58083117443855237, 20.10000000000000142 ) ) ;
#1489 = LINE ( 'NONE', #6842, #63 ) ;
#1490 = VECTOR ( 'NONE', #2850, 1000.000000000000227 ) ;
#1491 = LINE ( 'NONE', #6269, #7382 ) ;
#1492 = CARTESIAN_POINT ( 'NONE',  ( -51.39320756509756905, -1.000000000000000000, 11.98375273464900381 ) ) ;
#1493 = DIRECTION ( 'NONE',  ( -0.4999999999999839573, -0.8660254037844479225, 0.000000000000000000 ) ) ;
#1494 = B_SPLINE_SURFACE_WITH_KNOTS ( 'NONE', 3, 1, ( 
 ( #3121, #6605 ),
 ( #1785, #6565 ),
 ( #485, #3199 ),
 ( #444, #8616 ),
 ( #3422, #4824 ),
 ( #6738, #4694 ),
 ( #5980, #2572 ),
 ( #6159, #2662 ),
 ( #8795, #5402 ),
 ( #1250, #7412 ),
 ( #7543, #2041 ),
 ( #6780, #4778 ),
 ( #1293, #4149 ),
 ( #5315, #1425 ),
 ( #6873, #8210 ),
 ( #756, #4103 ),
 ( #8168, #7370 ),
 ( #3330, #8036 ),
 ( #8701, #1917 ) ),
 .UNSPECIFIED., .F., .F., .F.,
 ( 4, 1, 1, 1, 1, 1, 1, 1, 1, 1, 1, 1, 1, 1, 1, 1, 4 ),
 ( 2, 2 ),
 ( 0.000000000000000000, 0.07011018934377258316, 0.1360544989338614286, 0.1983480566089767527, 0.2576012821021735344, 0.3142107889745636151, 0.3698590787118303247, 0.4236358988019955918, 0.4774935660739978993, 0.5328072520127974387, 0.5894986829611488233, 0.6491325227268548437, 0.7112815638153063835, 0.7763089820840697319, 0.8465555686826917725, 0.9207541570716761825, 1.000000000000000000 ),
 ( 0.000000000000000000, 1.000000000000000000 ),
 .UNSPECIFIED. ) ;
#1495 = VERTEX_POINT ( 'NONE', #645 ) ;
#1496 = DIRECTION ( 'NONE',  ( 0.000000000000000000, 0.000000000000000000, -1.000000000000000000 ) ) ;
#1497 = CARTESIAN_POINT ( 'NONE',  ( 14.69374768689829125, 11.58083117443840315, 0.000000000000000000 ) ) ;
#1498 = ORIENTED_EDGE ( 'NONE', *, *, #3927, .F. ) ;
#1499 = CARTESIAN_POINT ( 'NONE',  ( -45.11890423313316489, -1.000000000000000000, 11.97074823795775877 ) ) ;
#1500 = CARTESIAN_POINT ( 'NONE',  ( -19.42854688946392372, -0.6000000000000003109, 6.826744093165316052 ) ) ;
#1501 = EDGE_LOOP ( 'NONE', ( #4195, #3309 ) ) ;
#1502 = DIRECTION ( 'NONE',  ( 0.000000000000000000, 0.000000000000000000, -1.000000000000000000 ) ) ;
#1503 = CARTESIAN_POINT ( 'NONE',  ( -17.74433636314813256, -0.6000000000000000888, 11.02411251421794702 ) ) ;
#1504 = ADVANCED_FACE ( 'NONE', ( #6141 ), #577, .T. ) ;
#1505 = EDGE_LOOP ( 'NONE', ( #64, #4505, #5649, #6513, #8256 ) ) ;
#1506 = DIRECTION ( 'NONE',  ( 0.000000000000000000, 0.000000000000000000, 1.000000000000000000 ) ) ;
#1507 = EDGE_LOOP ( 'NONE', ( #6038, #2479, #4513, #163 ) ) ;
#1508 = DIRECTION ( 'NONE',  ( 0.000000000000000000, 0.000000000000000000, -1.000000000000000000 ) ) ;
#1509 = AXIS2_PLACEMENT_3D ( 'NONE', #2500, #4664, #2456 ) ;
#1510 = VECTOR ( 'NONE', #4465, 1000.000000000000000 ) ;
#1511 = DIRECTION ( 'NONE',  ( -2.891205793294680200E-15, -1.000000000000000000, 0.000000000000000000 ) ) ;
#1512 = CARTESIAN_POINT ( 'NONE',  ( -16.48154462172413659, -0.6000000000000000888, 12.69506190363836140 ) ) ;
#1513 = CARTESIAN_POINT ( 'NONE',  ( -26.13371685740840178, 9.402756813566508498, -0.9000000000000000222 ) ) ;
#1514 = DIRECTION ( 'NONE',  ( -0.000000000000000000, -1.000000000000000000, -0.000000000000000000 ) ) ;
#1515 = VECTOR ( 'NONE', #5127, 1000.000000000000000 ) ;
#1516 = ORIENTED_EDGE ( 'NONE', *, *, #8296, .T. ) ;
#1517 = ADVANCED_FACE ( 'NONE', ( #4039 ), #6348, .T. ) ;
#1518 = VECTOR ( 'NONE', #40, 1000.000000000000000 ) ;
#1519 = CARTESIAN_POINT ( 'NONE',  ( -28.61268244924369597, -0.9999999999999995559, 7.931292166661541465 ) ) ;
#1520 = VERTEX_POINT ( 'NONE', #6363 ) ;
#1521 = FACE_OUTER_BOUND ( 'NONE', #7816, .T. ) ;
#1522 = VECTOR ( 'NONE', #3987, 1000.000000000000227 ) ;
#1523 = DIRECTION ( 'NONE',  ( 1.000000000000000000, -2.657184803002740111E-15, 0.000000000000000000 ) ) ;
#1524 = CARTESIAN_POINT ( 'NONE',  ( -29.34433636314813398, -1.000000000000000000, 5.973125672112684192 ) ) ;
#1525 = CARTESIAN_POINT ( 'NONE',  ( 17.29804168090040051, 8.691600689896679555, 20.10000000000000142 ) ) ;
#1526 = DIRECTION ( 'NONE',  ( 0.000000000000000000, 0.000000000000000000, 1.000000000000000000 ) ) ;
#1527 = CARTESIAN_POINT ( 'NONE',  ( -43.25989412863530958, -0.9999999999999997780, 11.35045327651616098 ) ) ;
#1528 = DIRECTION ( 'NONE',  ( 0.000000000000000000, 0.000000000000000000, 1.000000000000000000 ) ) ;
#1529 = EDGE_CURVE ( 'NONE', #5318, #7107, #1936, .T. ) ;
#1530 = EDGE_CURVE ( 'NONE', #6063, #8715, #5881, .T. ) ;
#1531 = DIRECTION ( 'NONE',  ( 0.4999999999999818479, 0.8660254037844490327, 0.000000000000000000 ) ) ;
#1532 = ORIENTED_EDGE ( 'NONE', *, *, #8730, .T. ) ;
#1533 = CARTESIAN_POINT ( 'NONE',  ( -42.08545478420074915, -0.6000000000000000888, 5.247796724744262065 ) ) ;
#1534 = CARTESIAN_POINT ( 'NONE',  ( -25.73063832117299299, -1.000000000000000222, 13.37210029883641305 ) ) ;
#1535 = CARTESIAN_POINT ( 'NONE',  ( -32.19933037493642303, 0.4339745962156045800, 19.40000000000000213 ) ) ;
#1536 = AXIS2_PLACEMENT_3D ( 'NONE', #3568, #6301, #4159 ) ;
#1537 = VECTOR ( 'NONE', #3248, 1000.000000000000114 ) ;
#1538 = EDGE_CURVE ( 'NONE', #2557, #5516, #3452, .T. ) ;
#1539 = CARTESIAN_POINT ( 'NONE',  ( -48.15064929207026978, -1.000000000000000222, 11.09791147849600890 ) ) ;
#1540 = AXIS2_PLACEMENT_3D ( 'NONE', #2519, #1283, #6638 ) ;
#1541 = CARTESIAN_POINT ( 'NONE',  ( -63.79999999999999716, 3.500000000000400124, 6.599999999999998757 ) ) ;
#1542 = ORIENTED_EDGE ( 'NONE', *, *, #6457, .T. ) ;
#1543 = CARTESIAN_POINT ( 'NONE',  ( -16.32720768385619436, -0.6000000000000003109, 9.806611711463459002 ) ) ;
#1544 = ORIENTED_EDGE ( 'NONE', *, *, #4644, .F. ) ;
#1545 = CIRCLE ( 'NONE', #6242, 1.999999999999975797 ) ;
#1546 = CARTESIAN_POINT ( 'NONE',  ( -45.85929189580021870, -0.9999999999999995559, 10.50898600422353724 ) ) ;
#1547 = CARTESIAN_POINT ( 'NONE',  ( -12.23715049554417966, -0.9999999999999995559, 12.40052185498298698 ) ) ;
#1548 = ORIENTED_EDGE ( 'NONE', *, *, #6061, .T. ) ;
#1549 = ORIENTED_EDGE ( 'NONE', *, *, #6641, .F. ) ;
#1550 = DIRECTION ( 'NONE',  ( 0.000000000000000000, 0.000000000000000000, -1.000000000000000000 ) ) ;
#1551 = ORIENTED_EDGE ( 'NONE', *, *, #2450, .T. ) ;
#1552 = CARTESIAN_POINT ( 'NONE',  ( -34.92804908282614917, 1.700000000000006617, 19.40000000000000213 ) ) ;
#1553 = ORIENTED_EDGE ( 'NONE', *, *, #4764, .T. ) ;
#1554 = DIRECTION ( 'NONE',  ( -0.8660254037844300479, 0.5000000000000146549, 0.000000000000000000 ) ) ;
#1555 = AXIS2_PLACEMENT_3D ( 'NONE', #5230, #4561, #2534 ) ;
#1556 = CARTESIAN_POINT ( 'NONE',  ( -17.90065764476630861, -1.000000000000000000, 11.67231097751628432 ) ) ;
#1557 = CARTESIAN_POINT ( 'NONE',  ( -15.95706514775215723, -0.5999999999999998668, 11.27971252834454141 ) ) ;
#1558 = CARTESIAN_POINT ( 'NONE',  ( -5.701958319099609263, 8.691600689896679555, 20.10000000000000142 ) ) ;
#1559 = CARTESIAN_POINT ( 'NONE',  ( -25.77426765007915321, -0.5999999999999996447, 11.26444070499204919 ) ) ;
#1560 = ORIENTED_EDGE ( 'NONE', *, *, #2146, .T. ) ;
#1561 = CARTESIAN_POINT ( 'NONE',  ( -28.45158834688514204, -0.5999999999999998668, 11.61724464217577157 ) ) ;
#1562 = EDGE_LOOP ( 'NONE', ( #8050, #4885, #2184, #1193 ) ) ;
#1563 = DIRECTION ( 'NONE',  ( 0.5000000000000115463, 0.8660254037844319353, 0.000000000000000000 ) ) ;
#1564 = CARTESIAN_POINT ( 'NONE',  ( -5.701958319099609263, 8.691600689896679555, 0.000000000000000000 ) ) ;
#1565 = DIRECTION ( 'NONE',  ( -0.5000000000000248690, -0.8660254037844242747, 0.000000000000000000 ) ) ;
#1566 = EDGE_CURVE ( 'NONE', #757, #5344, #7780, .T. ) ;
#1567 = CARTESIAN_POINT ( 'NONE',  ( -40.27924333944917379, -1.000000000000000000, 5.485127420077968274 ) ) ;
#1568 = VECTOR ( 'NONE', #5283, 1000.000000000000000 ) ;
#1569 = DIRECTION ( 'NONE',  ( -0.8660254037844390407, 0.4999999999999995004, 0.000000000000000000 ) ) ;
#1570 = CARTESIAN_POINT ( 'NONE',  ( -41.62657320525338633, -1.000000000000000000, 11.87937567211268330 ) ) ;
#1571 = B_SPLINE_SURFACE_WITH_KNOTS ( 'NONE', 3, 1, ( 
 ( #7861, #5812 ),
 ( #941, #1027 ),
 ( #985, #5723 ),
 ( #8575, #3033 ),
 ( #5051, #7821 ),
 ( #2444, #7902 ),
 ( #7729, #7231 ),
 ( #1115, #7774 ),
 ( #6518, #1613 ),
 ( #8536, #6392 ),
 ( #267, #8489 ),
 ( #8444, #2311 ),
 ( #3744, #2400 ),
 ( #5143, #4466 ),
 ( #1069, #3788 ),
 ( #7945, #8793 ),
 ( #4053, #615 ),
 ( #2660, #1333 ),
 ( #1827, #8654 ) ),
 .UNSPECIFIED., .F., .F., .F.,
 ( 4, 1, 1, 1, 1, 1, 1, 1, 1, 1, 1, 1, 1, 1, 1, 1, 4 ),
 ( 2, 2 ),
 ( 0.000000000000000000, 0.07090162114000125859, 0.1383221920989916032, 0.2029832625205131025, 0.2649186162933190869, 0.3253405412634201577, 0.3845886251577826931, 0.4435243756130386461, 0.5027407231181081348, 0.5620159137353570866, 0.6207681211783212527, 0.6797595184390936573, 0.7396325189045436233, 0.8009907167423827579, 0.8645745558296419331, 0.9306659977574629483, 1.000000000000000000 ),
 ( 0.000000000000000000, 1.000000000000000000 ),
 .UNSPECIFIED. ) ;
#1572 = LINE ( 'NONE', #269, #6445 ) ;
#1573 = CARTESIAN_POINT ( 'NONE',  ( -25.09233553322458832, -0.5999999999999996447, 8.944718803265367058 ) ) ;
#1574 = ORIENTED_EDGE ( 'NONE', *, *, #8186, .F. ) ;
#1575 = CARTESIAN_POINT ( 'NONE',  ( -10.43438111984557359, -1.000000000000000000, 13.27876496025743336 ) ) ;
#1576 = CARTESIAN_POINT ( 'NONE',  ( -23.97591531051655878, -1.000000000000000000, 11.19516514579689570 ) ) ;
#1577 = ADVANCED_FACE ( 'NONE', ( #2781 ), #4896, .F. ) ;
#1578 = CARTESIAN_POINT ( 'NONE',  ( 0.000000000000000000, 1.699999999999910028, -0.9000000000000000222 ) ) ;
#1579 = B_SPLINE_CURVE_WITH_KNOTS ( 'NONE', 3,
 ( #7551, #8174, #2848, #5453, #7598, #6124, #2222, #7507, #6883, #6972, #764, #2893, #718, #3525, #4785, #853, #4962 ),
 .UNSPECIFIED., .F., .F.,
 ( 4, 1, 1, 1, 1, 1, 1, 1, 1, 1, 1, 1, 1, 1, 4 ),
 ( 0.000000000000000000, 0.07027423074979503859, 0.1375218968061227842, 0.2016456227554903335, 0.2634561117706851197, 0.3237857200459774987, 0.3833129871676841938, 0.4431784845893546598, 0.5025541057359215191, 0.5624446974201235960, 0.6228225426260304287, 0.6841893059895861606, 0.7463950832633993171, 0.8720773565786248405, 0.9999999999999998890 ),
 .UNSPECIFIED. ) ;
#1580 = DIRECTION ( 'NONE',  ( -0.5000000000000093259, -0.8660254037844333785, 0.000000000000000000 ) ) ;
#1581 = VERTEX_POINT ( 'NONE', #1453 ) ;
#1582 = DIRECTION ( 'NONE',  ( -0.4999999999999863443, -0.8660254037844464792, 0.000000000000000000 ) ) ;
#1583 = CARTESIAN_POINT ( 'NONE',  ( -37.68117846841128227, -0.6000000000000000888, 11.87937567211268330 ) ) ;
#1584 = VERTEX_POINT ( 'NONE', #4226 ) ;
#1585 = AXIS2_PLACEMENT_3D ( 'NONE', #7180, #1062, #3779 ) ;
#1586 = CARTESIAN_POINT ( 'NONE',  ( 18.03105438279289885, 8.961215932167762688, 19.40000000000000213 ) ) ;
#1587 = ADVANCED_FACE ( 'NONE', ( #7703 ), #6234, .F. ) ;
#1588 = EDGE_CURVE ( 'NONE', #667, #6362, #7165, .T. ) ;
#1589 = DIRECTION ( 'NONE',  ( 0.000000000000000000, 0.000000000000000000, -1.000000000000000000 ) ) ;
#1591 = AXIS2_PLACEMENT_3D ( 'NONE', #6805, #3541, #2195 ) ;
#1590 = VECTOR ( 'NONE', #7884, 1000.000000000000000 ) ;
#1592 = ORIENTED_EDGE ( 'NONE', *, *, #6373, .F. ) ;
#1593 = ORIENTED_EDGE ( 'NONE', *, *, #2203, .F. ) ;
#1594 = CARTESIAN_POINT ( 'NONE',  ( -26.81602277464721240, -0.5999999999999998668, 7.688095032606631740 ) ) ;
#1595 = ORIENTED_EDGE ( 'NONE', *, *, #7755, .T. ) ;
#1596 = FACE_OUTER_BOUND ( 'NONE', #8016, .T. ) ;
#1597 = ORIENTED_EDGE ( 'NONE', *, *, #654, .T. ) ;
#1598 = CARTESIAN_POINT ( 'NONE',  ( -50.17380673311689065, -1.000000000000000444, 10.06211892732051894 ) ) ;
#1599 = EDGE_CURVE ( 'NONE', #3152, #2610, #416, .T. ) ;
#1600 = AXIS2_PLACEMENT_3D ( 'NONE', #309, #6589, #220 ) ;
#1601 = CARTESIAN_POINT ( 'NONE',  ( -70.45070415551620613, 11.31782032302749919, -0.9000000000000000222 ) ) ;
#1602 = CARTESIAN_POINT ( 'NONE',  ( -48.62453245112172340, -0.9999999999999997780, 9.235462373883432718 ) ) ;
#1603 = EDGE_LOOP ( 'NONE', ( #7856, #7181, #1984, #1849 ) ) ;
#1604 = CARTESIAN_POINT ( 'NONE',  ( -26.66712077892548649, -0.5999999999999998668, 12.07566957060192259 ) ) ;
#1605 = ORIENTED_EDGE ( 'NONE', *, *, #3875, .T. ) ;
#1606 = CARTESIAN_POINT ( 'NONE',  ( -69.90070415550901828, 12.27044826720279502, 11.75000000000000355 ) ) ;
#1607 = CARTESIAN_POINT ( 'NONE',  ( -27.45777383080737266, -0.9999999999999997780, 12.04114164335061332 ) ) ;
#1608 = ORIENTED_EDGE ( 'NONE', *, *, #2229, .F. ) ;
#1609 = DIRECTION ( 'NONE',  ( -0.000000000000000000, -0.000000000000000000, -1.000000000000000000 ) ) ;
#1610 = DIRECTION ( 'NONE',  ( -0.4999999999999982236, -0.8660254037844395958, 0.000000000000000000 ) ) ;
#1611 = CARTESIAN_POINT ( 'NONE',  ( -46.90070415550901117, 12.27044826720279502, 11.75000000000000355 ) ) ;
#1612 = FACE_OUTER_BOUND ( 'NONE', #6592, .T. ) ;
#1613 = CARTESIAN_POINT ( 'NONE',  ( -44.69887036030659289, -0.9999999999999997780, 6.065230226629397592 ) ) ;
#1614 = CARTESIAN_POINT ( 'NONE',  ( -26.58705397826201278, -0.6000000000000005329, 9.610252367229712434 ) ) ;
#1615 = DIRECTION ( 'NONE',  ( -0.000000000000000000, -0.000000000000000000, 1.000000000000000000 ) ) ;
#1616 = CARTESIAN_POINT ( 'NONE',  ( -24.47160671375159424, -0.6000000000000003109, 9.616731248157075029 ) ) ;
#1617 = ORIENTED_EDGE ( 'NONE', *, *, #2669, .F. ) ;
#1618 = EDGE_CURVE ( 'NONE', #3793, #3064, #7921, .T. ) ;
#1619 = CARTESIAN_POINT ( 'NONE',  ( -10.98894645499383671, -0.9999999999999997780, 12.94742002647784496 ) ) ;
#1620 = CARTESIAN_POINT ( 'NONE',  ( -19.49346260204018222, -1.000000000000000000, 13.36897872456435188 ) ) ;
#1621 = DIRECTION ( 'NONE',  ( 1.000000000000000000, -1.090037151450160023E-15, 0.000000000000000000 ) ) ;
#1622 = CARTESIAN_POINT ( 'NONE',  ( -17.01316975714300739, -1.000000000000000222, 13.11135946260412233 ) ) ;
#1623 = CARTESIAN_POINT ( 'NONE',  ( -43.72138747476321896, -0.6000000000000005329, 5.508348244037241770 ) ) ;
#1624 = ADVANCED_FACE ( 'NONE', ( #4400 ), #5871, .T. ) ;
#1625 = EDGE_LOOP ( 'NONE', ( #8012, #7604, #344, #8056, #7625, #3132, #4308, #7048 ) ) ;
#1626 = CIRCLE ( 'NONE', #2752, 0.9999999999999986677 ) ;
#1627 = DIRECTION ( 'NONE',  ( -0.000000000000000000, -1.000000000000000000, -0.000000000000000000 ) ) ;
#1628 = ORIENTED_EDGE ( 'NONE', *, *, #3213, .F. ) ;
#1629 = DIRECTION ( 'NONE',  ( 0.000000000000000000, 0.000000000000000000, 1.000000000000000000 ) ) ;
#1630 = CARTESIAN_POINT ( 'NONE',  ( -19.36492657879145085, -0.6000000000000003109, 7.069950585207321225 ) ) ;
#1631 = AXIS2_PLACEMENT_3D ( 'NONE', #4425, #7903, #354 ) ;
#1632 = VECTOR ( 'NONE', #5776, 1000.000000000000000 ) ;
#1633 = ORIENTED_EDGE ( 'NONE', *, *, #8680, .T. ) ;
#1634 = EDGE_CURVE ( 'NONE', #8279, #677, #2958, .T. ) ;
#1635 = ORIENTED_EDGE ( 'NONE', *, *, #2068, .F. ) ;
#1636 = EDGE_CURVE ( 'NONE', #1092, #4550, #3005, .T. ) ;
#1637 = DIRECTION ( 'NONE',  ( -1.000000000000000000, 0.000000000000000000, -0.000000000000000000 ) ) ;
#1638 = EDGE_LOOP ( 'NONE', ( #8060, #3055, #3855, #1328 ) ) ;
#1639 = DIRECTION ( 'NONE',  ( -1.000000000000000000, 0.000000000000000000, 0.000000000000000000 ) ) ;
#1640 = VERTEX_POINT ( 'NONE', #3050 ) ;
#1641 = CARTESIAN_POINT ( 'NONE',  ( -50.44933037493643724, 8.661215932167763754, 0.000000000000000000 ) ) ;
#1642 = ADVANCED_BREP_SHAPE_REPRESENTATION ( '[a]_PTC212-413_Holder (Wago221 knockoffs)', ( #3974, #4057 ), #1211 ) ;
#1643 = LINE ( 'NONE', #4370, #1445 ) ;
#1644 = CARTESIAN_POINT ( 'NONE',  ( -49.00056448051102365, -0.5999999999999996447, 8.831632689562095351 ) ) ;
#1645 = ORIENTED_EDGE ( 'NONE', *, *, #7520, .T. ) ;
#1646 = CARTESIAN_POINT ( 'NONE',  ( -23.97591531051655878, -1.000000000000000000, 11.19516514579689570 ) ) ;
#1647 = ORIENTED_EDGE ( 'NONE', *, *, #6534, .F. ) ;
#1648 = CARTESIAN_POINT ( 'NONE',  ( -26.59964268369743579, 10.00996317224838883, 20.10000000000000142 ) ) ;
#1649 = EDGE_CURVE ( 'NONE', #6608, #773, #1717, .T. ) ;
#1650 = LINE ( 'NONE', #130, #6644 ) ;
#1651 = EDGE_CURVE ( 'NONE', #1325, #6196, #8551, .T. ) ;
#1652 = ORIENTED_EDGE ( 'NONE', *, *, #8130, .F. ) ;
#1653 = LINE ( 'NONE', #7681, #3722 ) ;
#1654 = VECTOR ( 'NONE', #6228, 1000.000000000000000 ) ;
#1655 = AXIS2_PLACEMENT_3D ( 'NONE', #5722, #5050, #4691 ) ;
#1656 = ORIENTED_EDGE ( 'NONE', *, *, #2316, .T. ) ;
#1657 = CARTESIAN_POINT ( 'NONE',  ( 17.29804168090040051, 8.691600689896679555, 20.10000000000000142 ) ) ;
#1658 = PLANE ( 'NONE',  #3731 ) ;
#1659 = DIRECTION ( 'NONE',  ( 0.8660254037844287156, -0.5000000000000172085, 0.000000000000000000 ) ) ;
#1660 = FACE_BOUND ( 'NONE', #7478, .T. ) ;
#1661 = CONICAL_SURFACE ( 'NONE', #4658, 3.000000000000000000, 0.7853981633973442511 ) ;
#1662 = LINE ( 'NONE', #7104, #1205 ) ;
#1663 = DIRECTION ( 'NONE',  ( 0.000000000000000000, 0.000000000000000000, -1.000000000000000000 ) ) ;
#1664 = CARTESIAN_POINT ( 'NONE',  ( -41.62657320525338633, -1.000000000000000000, 11.87937567211268330 ) ) ;
#1665 = VERTEX_POINT ( 'NONE', #8417 ) ;
#1666 = CARTESIAN_POINT ( 'NONE',  ( -12.23715049554417966, -0.5999999999999996447, 12.40052185498298698 ) ) ;
#1667 = DIRECTION ( 'NONE',  ( 1.000000000000000000, -2.891205793294679017E-15, 0.000000000000000000 ) ) ;
#1668 = FACE_OUTER_BOUND ( 'NONE', #2900, .T. ) ;
#1669 = CARTESIAN_POINT ( 'NONE',  ( -51.29400741577970990, -1.000000000000000000, 8.089901987902157643 ) ) ;
#1670 = CARTESIAN_POINT ( 'NONE',  ( -50.17476567760736117, -0.6000000000000000888, 11.39464388014898866 ) ) ;
#1671 = EDGE_LOOP ( 'NONE', ( #7413, #8378, #6912, #877 ) ) ;
#1672 = DIRECTION ( 'NONE',  ( 0.000000000000000000, 0.000000000000000000, 1.000000000000000000 ) ) ;
#1673 = CARTESIAN_POINT ( 'NONE',  ( -24.45070415551619902, 11.31782032302749919, 20.10000000000000142 ) ) ;
#1674 = CARTESIAN_POINT ( 'NONE',  ( -19.42854688946392017, -1.000000000000000000, 6.826744093165315164 ) ) ;
#1675 = CARTESIAN_POINT ( 'NONE',  ( -26.49974226119280019, 10.76878221735089802, 0.000000000000000000 ) ) ;
#1676 = AXIS2_PLACEMENT_3D ( 'NONE', #3357, #6721, #5426 ) ;
#1677 = ADVANCED_FACE ( 'NONE', ( #5201 ), #4357, .T. ) ;
#1678 = ORIENTED_EDGE ( 'NONE', *, *, #2545, .F. ) ;
#1679 = ORIENTED_EDGE ( 'NONE', *, *, #7742, .F. ) ;
#1680 = FACE_OUTER_BOUND ( 'NONE', #2199, .T. ) ;
#1681 = VECTOR ( 'NONE', #4845, 1000.000000000000000 ) ;
#1682 = EDGE_LOOP ( 'NONE', ( #6339, #8250, #3532, #6552, #7950, #8727, #1141, #5120, #6288, #644, #2173, #1532, #1729 ) ) ;
#1683 = CARTESIAN_POINT ( 'NONE',  ( -35.47065215262180971, -0.6000000000000000888, 11.87937567211268330 ) ) ;
#1684 = ORIENTED_EDGE ( 'NONE', *, *, #1254, .F. ) ;
#1685 = FACE_OUTER_BOUND ( 'NONE', #1042, .T. ) ;
#1686 = ADVANCED_FACE ( 'NONE', ( #7837 ), #2416, .T. ) ;
#1687 = FACE_OUTER_BOUND ( 'NONE', #8018, .T. ) ;
#1688 = CARTESIAN_POINT ( 'NONE',  ( -26.14447713803232887, -1.000000000000000000, 8.171393628204475235 ) ) ;
#1689 = ORIENTED_EDGE ( 'NONE', *, *, #6332, .T. ) ;
#1690 = CARTESIAN_POINT ( 'NONE',  ( -15.95706514775215723, -0.9999999999999997780, 11.27971252834454141 ) ) ;
#1691 = ORIENTED_EDGE ( 'NONE', *, *, #4211, .F. ) ;
#1692 = CARTESIAN_POINT ( 'NONE',  ( -63.79999999999999716, -1.000000000000000000, 9.599999999999999645 ) ) ;
#1693 = CARTESIAN_POINT ( 'NONE',  ( -40.95384935742451660, -1.000000000000000222, 13.41774754298076289 ) ) ;
#1694 = ORIENTED_EDGE ( 'NONE', *, *, #8781, .F. ) ;
#1695 = CARTESIAN_POINT ( 'NONE',  ( -63.79999999999999716, 1.699999999999999956, 4.799999999999973177 ) ) ;
#1696 = ORIENTED_EDGE ( 'NONE', *, *, #7050, .T. ) ;
#1697 = LINE ( 'NONE', #4506, #6265 ) ;
#1698 = EDGE_CURVE ( 'NONE', #3590, #3116, #5785, .T. ) ;
#1699 = ADVANCED_FACE ( 'NONE', ( #7075 ), #4993, .T. ) ;
#1700 = VECTOR ( 'NONE', #6516, 1000.000000000000114 ) ;
#1701 = CARTESIAN_POINT ( 'NONE',  ( -10.88117846841128689, -0.6000000000000000888, 5.353059882638999234 ) ) ;
#1702 = DIRECTION ( 'NONE',  ( 1.000000000000000000, -1.090037151450160023E-15, 0.000000000000000000 ) ) ;
#1703 = DIRECTION ( 'NONE',  ( -0.8660254037843710950, 0.5000000000001171285, 0.000000000000000000 ) ) ;
#1704 = CARTESIAN_POINT ( 'NONE',  ( -23.49999999999999645, 7.882179676972461912, -0.9000000000000000222 ) ) ;
#1705 = CARTESIAN_POINT ( 'NONE',  ( -21.43397459621555967, 8.497649730810351798, 0.000000000000000000 ) ) ;
#1706 = ORIENTED_EDGE ( 'NONE', *, *, #2998, .T. ) ;
#1707 = CARTESIAN_POINT ( 'NONE',  ( -3.599642683697416690, 10.00996317224838705, -0.9000000000000000222 ) ) ;
#1708 = CARTESIAN_POINT ( 'NONE',  ( -40.41191608131305912, 9.678845264289613226, 0.000000000000000000 ) ) ;
#1709 = CARTESIAN_POINT ( 'NONE',  ( -23.98242562951247336, -1.000000000000000222, 11.44508034414950792 ) ) ;
#1710 = EDGE_CURVE ( 'NONE', #7671, #3518, #3939, .T. ) ;
#1711 = CARTESIAN_POINT ( 'NONE',  ( -41.99105858689405579, -1.000000000000000000, 6.831110727443411079 ) ) ;
#1712 = CARTESIAN_POINT ( 'NONE',  ( -17.74433636314813256, -1.000000000000000000, 11.02411251421794702 ) ) ;
#1713 = CARTESIAN_POINT ( 'NONE',  ( -48.24407621969716331, -1.000000000000000222, 11.66092198582440531 ) ) ;
#1714 = ORIENTED_EDGE ( 'NONE', *, *, #492, .F. ) ;
#1715 = CARTESIAN_POINT ( 'NONE',  ( -23.13397459621555896, 7.516154273188023538, 0.000000000000000000 ) ) ;
#1716 = ORIENTED_EDGE ( 'NONE', *, *, #567, .F. ) ;
#1717 = LINE ( 'NONE', #5829, #3787 ) ;
#1718 = CARTESIAN_POINT ( 'NONE',  ( -24.60906586822473230, -0.9999999999999993339, 9.436308346986304940 ) ) ;
#1719 = EDGE_LOOP ( 'NONE', ( #7634, #4806, #1101, #4624 ) ) ;
#1720 = ORIENTED_EDGE ( 'NONE', *, *, #3913, .T. ) ;
#1721 = CARTESIAN_POINT ( 'NONE',  ( -70.05070415551050189, 12.01064064606490156, -0.9000000000000000222 ) ) ;
#1722 = ORIENTED_EDGE ( 'NONE', *, *, #4659, .T. ) ;
#1723 = DIRECTION ( 'NONE',  ( 1.000000000000000000, 0.000000000000000000, 0.000000000000000000 ) ) ;
#1724 = ORIENTED_EDGE ( 'NONE', *, *, #5466, .T. ) ;
#1725 = LINE ( 'NONE', #3818, #367 ) ;
#1727 = VECTOR ( 'NONE', #4128, 1000.000000000000000 ) ;
#1726 = AXIS2_PLACEMENT_3D ( 'NONE', #3582, #5515, #3447 ) ;
#1728 = DIRECTION ( 'NONE',  ( 0.000000000000000000, 0.000000000000000000, -1.000000000000000000 ) ) ;
#1729 = ORIENTED_EDGE ( 'NONE', *, *, #8760, .T. ) ;
#1730 = CARTESIAN_POINT ( 'NONE',  ( -26.94466531051655522, -0.6000000000000000888, 12.08990198790215764 ) ) ;
#1731 = ORIENTED_EDGE ( 'NONE', *, *, #5212, .F. ) ;
#1732 = PLANE ( 'NONE',  #4266 ) ;
#1733 = FACE_OUTER_BOUND ( 'NONE', #280, .T. ) ;
#1734 = VERTEX_POINT ( 'NONE', #1979 ) ;
#1735 = EDGE_CURVE ( 'NONE', #6491, #827, #4634, .T. ) ;
#1736 = DIRECTION ( 'NONE',  ( 0.000000000000000000, 0.000000000000000000, -1.000000000000000000 ) ) ;
#1737 = ORIENTED_EDGE ( 'NONE', *, *, #1710, .F. ) ;
#1738 = VECTOR ( 'NONE', #7777, 1000.000000000000000 ) ;
#1739 = CARTESIAN_POINT ( 'NONE',  ( -41.62657320525338633, -0.6000000000000000888, 11.87937567211268330 ) ) ;
#1740 = DIRECTION ( 'NONE',  ( -0.4999999999999994449, -0.8660254037844389297, 0.000000000000000000 ) ) ;
#1741 = LINE ( 'NONE', #4508, #4621 ) ;
#1742 = CARTESIAN_POINT ( 'NONE',  ( -42.08545478420074915, -0.6000000000000000888, 5.247796724744262065 ) ) ;
#1743 = CARTESIAN_POINT ( 'NONE',  ( -33.92804908282615628, 1.432050807568885142, -0.2000000000000000389 ) ) ;
#1744 = CARTESIAN_POINT ( 'NONE',  ( -41.62657320525338633, -0.6000000000000000888, 11.87937567211268330 ) ) ;
#1745 = AXIS2_PLACEMENT_3D ( 'NONE', #4110, #6167, #44 ) ;
#1746 = EDGE_LOOP ( 'NONE', ( #6522, #1472, #3820, #7622 ) ) ;
#1747 = EDGE_CURVE ( 'NONE', #6196, #5667, #5454, .T. ) ;
#1748 = CARTESIAN_POINT ( 'NONE',  ( -40.03608539922219478, -0.5999999999999998668, 5.574170410639514017 ) ) ;
#1749 = DIRECTION ( 'NONE',  ( 0.8660254037844317132, -0.5000000000000121014, 0.000000000000000000 ) ) ;
#1750 = LINE ( 'NONE', #5108, #2331 ) ;
#1751 = DIRECTION ( 'NONE',  ( 1.000000000000000000, 0.000000000000000000, 0.000000000000000000 ) ) ;
#1752 = CARTESIAN_POINT ( 'NONE',  ( -18.78198193659801163, -0.6000000000000003109, 12.08639197032431767 ) ) ;
#1753 = CARTESIAN_POINT ( 'NONE',  ( -28.92328373156918886, -1.000000000000000000, 11.24779672474426206 ) ) ;
#1754 = EDGE_CURVE ( 'NONE', #2602, #1941, #459, .T. ) ;
#1755 = EDGE_LOOP ( 'NONE', ( #6323, #1994, #4362, #6587 ) ) ;
#1756 = DIRECTION ( 'NONE',  ( 1.000000000000000000, 0.000000000000000000, 0.000000000000000000 ) ) ;
#1757 = DIRECTION ( 'NONE',  ( 0.8660254037844385966, 0.5000000000000000000, 0.000000000000000000 ) ) ;
#1758 = DIRECTION ( 'NONE',  ( 0.000000000000000000, 0.000000000000000000, -1.000000000000000000 ) ) ;
#1759 = CARTESIAN_POINT ( 'NONE',  ( -25.09233553322458832, -0.9999999999999986677, 8.944718803265367058 ) ) ;
#1760 = ORIENTED_EDGE ( 'NONE', *, *, #7034, .T. ) ;
#1761 = VECTOR ( 'NONE', #1057, 1000.000000000000000 ) ;
#1762 = ORIENTED_EDGE ( 'NONE', *, *, #2146, .F. ) ;
#1763 = CARTESIAN_POINT ( 'NONE',  ( -15.95486267893760690, -0.6000000000000000888, 11.19516514579689570 ) ) ;
#1764 = EDGE_LOOP ( 'NONE', ( #3175, #6774, #4182, #7406 ) ) ;
#1765 = DIRECTION ( 'NONE',  ( 0.000000000000000000, 0.000000000000000000, -1.000000000000000000 ) ) ;
#1766 = VERTEX_POINT ( 'NONE', #8633 ) ;
#1767 = LINE ( 'NONE', #2425, #6789 ) ;
#1768 = VECTOR ( 'NONE', #5225, 1000.000000000000000 ) ;
#1769 = CARTESIAN_POINT ( 'NONE',  ( -48.14656698535185342, -1.000000000000000000, 10.69554701818006492 ) ) ;
#1770 = ORIENTED_EDGE ( 'NONE', *, *, #2987, .T. ) ;
#1771 = APPLICATION_PROTOCOL_DEFINITION ( 'draft international standard', 'automotive_design', 1998, #6835 ) ;
#1772 = EDGE_CURVE ( 'NONE', #3291, #3461, #6043, .T. ) ;
#1773 = CARTESIAN_POINT ( 'NONE',  ( -15.96137299793352504, -1.000000000000000222, 11.44508034414950792 ) ) ;
#1774 = ORIENTED_EDGE ( 'NONE', *, *, #2937, .F. ) ;
#1775 = CARTESIAN_POINT ( 'NONE',  ( 0.000000000000000000, -1.000000000000000000, 0.000000000000000000 ) ) ;
#1776 = DIRECTION ( 'NONE',  ( -0.000000000000000000, -0.000000000000000000, 1.000000000000000000 ) ) ;
#1777 = EDGE_LOOP ( 'NONE', ( #2688, #3999, #5291, #4913 ) ) ;
#1778 = DIRECTION ( 'NONE',  ( -0.000000000000000000, -0.000000000000000000, 1.000000000000000000 ) ) ;
#1779 = ORIENTED_EDGE ( 'NONE', *, *, #5294, .T. ) ;
#1780 = CARTESIAN_POINT ( 'NONE',  ( -39.87489220272798462, -0.9999999999999997780, 11.39518321019311564 ) ) ;
#1781 = DIRECTION ( 'NONE',  ( 0.000000000000000000, 0.000000000000000000, -1.000000000000000000 ) ) ;
#1782 = FACE_BOUND ( 'NONE', #5203, .T. ) ;
#1783 = EDGE_CURVE ( 'NONE', #8715, #2126, #8054, .T. ) ;
#1784 = PLANE ( 'NONE',  #2903 ) ;
#1785 = CARTESIAN_POINT ( 'NONE',  ( -50.03983235039792277, -0.6000000000000000888, 10.78677080780236253 ) ) ;
#1786 = DIRECTION ( 'NONE',  ( 0.000000000000000000, -0.000000000000000000, -1.000000000000000000 ) ) ;
#1787 = VECTOR ( 'NONE', #3236, 1000.000000000000000 ) ;
#1788 = ORIENTED_EDGE ( 'NONE', *, *, #8412, .F. ) ;
#1789 = DIRECTION ( 'NONE',  ( 1.000000000000000000, 0.000000000000000000, 0.000000000000000000 ) ) ;
#1790 = LINE ( 'NONE', #1123, #6540 ) ;
#1791 = CARTESIAN_POINT ( 'NONE',  ( -19.07156169615362984, -0.9999999999999997780, 9.225014081453197790 ) ) ;
#1792 = CIRCLE ( 'NONE', #8635, 0.5999999999999998668 ) ;
#1793 = DIRECTION ( 'NONE',  ( -1.398540486336292413E-16, -1.000000000000000000, -9.124869017117147742E-15 ) ) ;
#1794 = EDGE_CURVE ( 'NONE', #2764, #4627, #6580, .T. ) ;
#1795 = EDGE_CURVE ( 'NONE', #7438, #2255, #3347, .T. ) ;
#1796 = CARTESIAN_POINT ( 'NONE',  ( -1.883716857408379797, 11.56782032302750096, -0.9000000000000000222 ) ) ;
#1797 = DIRECTION ( 'NONE',  ( 0.000000000000000000, -0.000000000000000000, -1.000000000000000000 ) ) ;
#1798 = EDGE_LOOP ( 'NONE', ( #5918, #8607, #631, #7927 ) ) ;
#1799 = FACE_OUTER_BOUND ( 'NONE', #8646, .T. ) ;
#1800 = VECTOR ( 'NONE', #7846, 1000.000000000000000 ) ;
#1801 = CARTESIAN_POINT ( 'NONE',  ( -69.20788383248147113, 11.87044826720278934, 11.75000000000000355 ) ) ;
#1802 = CARTESIAN_POINT ( 'NONE',  ( -12.57361267893760370, -0.6000000000000000888, 10.82674409316531516 ) ) ;
#1803 = CARTESIAN_POINT ( 'NONE',  ( -25.09233553322458832, -0.5999999999999996447, 8.944718803265367058 ) ) ;
#1804 = ADVANCED_FACE ( 'NONE', ( #3173 ), #8101, .T. ) ;
#1805 = ORIENTED_EDGE ( 'NONE', *, *, #7599, .T. ) ;
#1806 = CARTESIAN_POINT ( 'NONE',  ( -27.44606916586927881, -0.6000000000000003109, 6.906996973109859717 ) ) ;
#1807 = ORIENTED_EDGE ( 'NONE', *, *, #6150, .F. ) ;
#1808 = DIRECTION ( 'NONE',  ( -0.000000000000000000, -1.000000000000000000, -0.000000000000000000 ) ) ;
#1809 = ORIENTED_EDGE ( 'NONE', *, *, #3680, .F. ) ;
#1810 = CARTESIAN_POINT ( 'NONE',  ( -23.40070415551731742, 13.13647367099202867, 20.10000000000000142 ) ) ;
#1811 = CARTESIAN_POINT ( 'NONE',  ( -70.88371685740838757, 11.56782032302750096, -0.9000000000000000222 ) ) ;
#1812 = CARTESIAN_POINT ( 'NONE',  ( -18.44986104781947489, -1.000000000000000000, 13.45646351525994611 ) ) ;
#1813 = ORIENTED_EDGE ( 'NONE', *, *, #7597, .T. ) ;
#1814 = CARTESIAN_POINT ( 'NONE',  ( -27.31645119882815109, -0.6000000000000003109, 7.186074070534640867 ) ) ;
#1815 = VECTOR ( 'NONE', #6033, 1000.000000000000000 ) ;
#1816 = VECTOR ( 'NONE', #1808, 1000.000000000000000 ) ;
#1817 = ORIENTED_EDGE ( 'NONE', *, *, #7744, .F. ) ;
#1818 = LINE ( 'NONE', #8069, #2663 ) ;
#1819 = DIRECTION ( 'NONE',  ( 1.000000000000000000, 0.000000000000000000, 0.000000000000000000 ) ) ;
#1820 = ORIENTED_EDGE ( 'NONE', *, *, #1077, .T. ) ;
#1821 = VECTOR ( 'NONE', #6861, 1000.000000000000000 ) ;
#1822 = DIRECTION ( 'NONE',  ( -0.000000000000000000, -0.000000000000000000, -1.000000000000000000 ) ) ;
#1823 = VERTEX_POINT ( 'NONE', #1934 ) ;
#1824 = CARTESIAN_POINT ( 'NONE',  ( -40.21923710052491430, -0.9999999999999995559, 11.58615879277497029 ) ) ;
#1825 = EDGE_CURVE ( 'NONE', #5803, #3262, #6709, .T. ) ;
#1826 = LINE ( 'NONE', #5262, #5641 ) ;
#1827 = CARTESIAN_POINT ( 'NONE',  ( -46.01802057367443410, -0.6000000000000000888, 9.183651987902157643 ) ) ;
#1828 = CARTESIAN_POINT ( 'NONE',  ( 1.566025403784438774, 8.497649730810351798, -0.9000000000000000222 ) ) ;
#1829 = DIRECTION ( 'NONE',  ( -0.8660254037844317132, 0.5000000000000121014, 0.000000000000000000 ) ) ;
#1830 = LINE ( 'NONE', #7907, #2783 ) ;
#1831 = VERTEX_POINT ( 'NONE', #99 ) ;
#1832 = CARTESIAN_POINT ( 'NONE',  ( -28.92328373156918886, -0.6000000000000000888, 11.24779672474426206 ) ) ;
#1833 = EDGE_CURVE ( 'NONE', #2129, #8716, #8191, .T. ) ;
#1834 = LINE ( 'NONE', #4515, #8397 ) ;
#1835 = DIRECTION ( 'NONE',  ( 0.000000000000000000, 0.000000000000000000, 1.000000000000000000 ) ) ;
#1836 = VECTOR ( 'NONE', #1749, 1000.000000000000000 ) ;
#1837 = DIRECTION ( 'NONE',  ( 0.4999999999999993894, 0.8660254037844389297, 0.000000000000000000 ) ) ;
#1838 = CARTESIAN_POINT ( 'NONE',  ( -1.000000000000000000, 7.016154273188029755, -0.9000000000000000222 ) ) ;
#1839 = CARTESIAN_POINT ( 'NONE',  ( -26.56966531051655522, -0.6000000000000000888, 13.45832304053373818 ) ) ;
#1840 = ORIENTED_EDGE ( 'NONE', *, *, #1465, .T. ) ;
#1841 = EDGE_CURVE ( 'NONE', #8225, #1136, #1431, .T. ) ;
#1842 = CARTESIAN_POINT ( 'NONE',  ( -20.43053571530618839, -0.9999999999999997780, 11.61724464217577157 ) ) ;
#1843 = CARTESIAN_POINT ( 'NONE',  ( -40.72299234419925540, -1.000000000000000000, 6.955568178303475513 ) ) ;
#1844 = CARTESIAN_POINT ( 'NONE',  ( -48.14647820057933103, -1.000000000000000000, 10.89701092248616909 ) ) ;
#1845 = CARTESIAN_POINT ( 'NONE',  ( -23.20788383248145692, 11.87044826720278934, 11.75000000000000355 ) ) ;
#1846 = VECTOR ( 'NONE', #4227, 1000.000000000000000 ) ;
#1847 = ORIENTED_EDGE ( 'NONE', *, *, #990, .T. ) ;
#1848 = CARTESIAN_POINT ( 'NONE',  ( -51.13775741577971701, -1.000000000000000000, 13.35305988263900012 ) ) ;
#1849 = ORIENTED_EDGE ( 'NONE', *, *, #4090, .T. ) ;
#1850 = EDGE_CURVE ( 'NONE', #3504, #5432, #1489, .T. ) ;
#1851 = DIRECTION ( 'NONE',  ( 0.000000000000000000, 0.000000000000000000, 1.000000000000000000 ) ) ;
#1852 = EDGE_CURVE ( 'NONE', #5699, #5383, #7652, .T. ) ;
#1853 = VERTEX_POINT ( 'NONE', #6939 ) ;
#1854 = EDGE_CURVE ( 'NONE', #4185, #1020, #5555, .T. ) ;
#1855 = CARTESIAN_POINT ( 'NONE',  ( -50.97283565831656205, -0.9999999999999997780, 9.499306930357157341 ) ) ;
#1856 = FACE_OUTER_BOUND ( 'NONE', #8384, .T. ) ;
#1857 = CARTESIAN_POINT ( 'NONE',  ( -17.97503018238898775, -0.9999999999999997780, 13.42347595443742314 ) ) ;
#1858 = VERTEX_POINT ( 'NONE', #3575 ) ;
#1859 = ORIENTED_EDGE ( 'NONE', *, *, #6112, .F. ) ;
#1860 = AXIS2_PLACEMENT_3D ( 'NONE', #1441, #4168, #3487 ) ;
#1861 = PLANE ( 'NONE',  #1109 ) ;
#1862 = DIRECTION ( 'NONE',  ( -0.8660254037844290487, 0.5000000000000164313, 0.000000000000000000 ) ) ;
#1863 = ORIENTED_EDGE ( 'NONE', *, *, #6931, .T. ) ;
#1864 = DIRECTION ( 'NONE',  ( 2.657184803002740111E-15, 1.000000000000000000, 0.000000000000000000 ) ) ;
#1865 = EDGE_CURVE ( 'NONE', #677, #3459, #4169, .T. ) ;
#1866 = ORIENTED_EDGE ( 'NONE', *, *, #1314, .F. ) ;
#1867 = CARTESIAN_POINT ( 'NONE',  ( -40.66132259256465886, -0.9999999999999995559, 11.75108166421085265 ) ) ;
#1869 = VECTOR ( 'NONE', #5495, 1000.000000000000000 ) ;
#1868 = AXIS2_PLACEMENT_3D ( 'NONE', #6984, #4265, #4843 ) ;
#1870 = DIRECTION ( 'NONE',  ( 2.657184803002740111E-15, 1.000000000000000000, 0.000000000000000000 ) ) ;
#1871 = DIRECTION ( 'NONE',  ( 1.000000000000000000, 0.000000000000000000, 0.000000000000000000 ) ) ;
#1872 = CARTESIAN_POINT ( 'NONE',  ( -46.00000000000000000, 1.700000000000029932, 20.10000000000000142 ) ) ;
#1873 = CARTESIAN_POINT ( 'NONE',  ( -40.48553748581812073, -1.000000000000000000, 7.029651179024559049 ) ) ;
#1874 = ORIENTED_EDGE ( 'NONE', *, *, #5841, .F. ) ;
#1875 = CARTESIAN_POINT ( 'NONE',  ( -15.95486267893760690, -1.000000000000000000, 11.19516514579689570 ) ) ;
#1876 = VECTOR ( 'NONE', #6171, 1000.000000000000000 ) ;
#1877 = EDGE_LOOP ( 'NONE', ( #286, #6860, #7225, #6679 ) ) ;
#1878 = CARTESIAN_POINT ( 'NONE',  ( -52.59118880364060544, 9.551408311032400178, -0.1999999999999987899 ) ) ;
#1879 = CARTESIAN_POINT ( 'NONE',  ( -19.84194055712524118, -0.6000000000000003109, 8.658960788302810130 ) ) ;
#1880 = CARTESIAN_POINT ( 'NONE',  ( -17.74433636314813256, -0.6000000000000000888, 11.02411251421794702 ) ) ;
#1881 = CARTESIAN_POINT ( 'NONE',  ( -22.30000000000000071, 7.997649730810350910, -0.9000000000000000222 ) ) ;
#1882 = CYLINDRICAL_SURFACE ( 'NONE', #3374, 0.9999999999999995559 ) ;
#1883 = CIRCLE ( 'NONE', #6878, 0.9999999999999662492 ) ;
#1884 = CARTESIAN_POINT ( 'NONE',  ( -44.11616055922389990, -0.6000000000000000888, 9.592298449347469003 ) ) ;
#1885 = CARTESIAN_POINT ( 'NONE',  ( -44.97325647081275690, -0.5999999999999998668, 6.317446428796033686 ) ) ;
#1886 = ADVANCED_FACE ( 'NONE', ( #775 ), #862, .T. ) ;
#1887 = ORIENTED_EDGE ( 'NONE', *, *, #5893, .T. ) ;
#1888 = DIRECTION ( 'NONE',  ( -0.8660254037844390407, 0.4999999999999995004, 0.000000000000000000 ) ) ;
#1889 = CARTESIAN_POINT ( 'NONE',  ( -41.72690215262179692, -1.000000000000000000, 6.826744093165315164 ) ) ;
#1890 = CARTESIAN_POINT ( 'NONE',  ( 14.58934475965829947, -1.000000000000000000, -0.9000000000000000222 ) ) ;
#1891 = CARTESIAN_POINT ( 'NONE',  ( -19.42501653429032871, -1.000000000000000222, 6.906996973109859717 ) ) ;
#1892 = ADVANCED_FACE ( 'NONE', ( #2856 ), #4282, .T. ) ;
#1893 = ORIENTED_EDGE ( 'NONE', *, *, #8234, .T. ) ;
#1894 = DIRECTION ( 'NONE',  ( 0.4999999999999982236, 0.8660254037844395958, 0.000000000000000000 ) ) ;
#1895 = ORIENTED_EDGE ( 'NONE', *, *, #1698, .T. ) ;
#1896 = CARTESIAN_POINT ( 'NONE',  ( -11.42631204318075255, -0.6000000000000000888, 11.16190439220950203 ) ) ;
#1897 = ORIENTED_EDGE ( 'NONE', *, *, #1399, .F. ) ;
#1898 = CARTESIAN_POINT ( 'NONE',  ( -50.83525334777657179, -0.6000000000000000888, 9.536790187084969617 ) ) ;
#1899 = CARTESIAN_POINT ( 'NONE',  ( -47.88371685740839467, 11.56782032302750096, -0.9000000000000000222 ) ) ;
#1900 = CARTESIAN_POINT ( 'NONE',  ( -50.94946010435885597, -0.6000000000000003109, 8.096113592212564214 ) ) ;
#1901 = EDGE_CURVE ( 'NONE', #4584, #5123, #1750, .T. ) ;
#1902 = VECTOR ( 'NONE', #2039, 1000.000000000000114 ) ;
#1903 = ORIENTED_EDGE ( 'NONE', *, *, #2499, .F. ) ;
#1904 = EDGE_CURVE ( 'NONE', #7568, #4082, #5777, .T. ) ;
#1905 = ORIENTED_EDGE ( 'NONE', *, *, #2451, .F. ) ;
#1906 = DIRECTION ( 'NONE',  ( 0.000000000000000000, 0.000000000000000000, -1.000000000000000000 ) ) ;
#1907 = CARTESIAN_POINT ( 'NONE',  ( 18.29804168090059591, 10.42365149746539998, -0.9000000000000000222 ) ) ;
#1908 = EDGE_LOOP ( 'NONE', ( #5646, #8324, #4328, #3836 ) ) ;
#1909 = DIRECTION ( 'NONE',  ( 1.000000000000000000, 0.000000000000000000, 0.000000000000000000 ) ) ;
#1910 = ORIENTED_EDGE ( 'NONE', *, *, #5189, .F. ) ;
#1911 = CARTESIAN_POINT ( 'NONE',  ( -48.62453245112172340, -0.5999999999999998668, 9.235462373883432718 ) ) ;
#1912 = AXIS2_PLACEMENT_3D ( 'NONE', #1558, #4286, #8253 ) ;
#1913 = DIRECTION ( 'NONE',  ( 0.4999999999935974548, 0.8660254037881351952, 0.000000000000000000 ) ) ;
#1914 = CARTESIAN_POINT ( 'NONE',  ( -20.43104055232352323, -1.000000000000000666, 8.118792711873181744 ) ) ;
#1915 = EDGE_CURVE ( 'NONE', #3777, #8067, #6528, .T. ) ;
#1916 = LINE ( 'NONE', #3198, #7768 ) ;
#1917 = CARTESIAN_POINT ( 'NONE',  ( -51.45025741577971701, -0.9999999999999997780, 11.98463883000742136 ) ) ;
#1918 = VERTEX_POINT ( 'NONE', #3618 ) ;
#1919 = CARTESIAN_POINT ( 'NONE',  ( -42.85927597967986458, -1.000000000000000222, 11.61153284887352477 ) ) ;
#1920 = VECTOR ( 'NONE', #4712, 1000.000000000000000 ) ;
#1921 = ORIENTED_EDGE ( 'NONE', *, *, #5870, .F. ) ;
#1922 = DIRECTION ( 'NONE',  ( 0.8660254037881350841, -0.4999999999935975104, 0.000000000000000000 ) ) ;
#1923 = CARTESIAN_POINT ( 'NONE',  ( -21.80000000000000071, 8.863675134594789284, 0.000000000000000000 ) ) ;
#1924 = CARTESIAN_POINT ( 'NONE',  ( -19.18348109999023876, -0.6000000000000000888, 9.144178303691631982 ) ) ;
#1925 = DIRECTION ( 'NONE',  ( -0.4999999999999993894, -0.8660254037844389297, -0.000000000000000000 ) ) ;
#1926 = CARTESIAN_POINT ( 'NONE',  ( -47.88371685740839467, 11.56782032302750096, -0.9000000000000000222 ) ) ;
#1927 = CARTESIAN_POINT ( 'NONE',  ( -46.01802057367443410, -0.6000000000000000888, 9.183651987902157643 ) ) ;
#1928 = ORIENTED_EDGE ( 'NONE', *, *, #5187, .T. ) ;
#1929 = ORIENTED_EDGE ( 'NONE', *, *, #1359, .T. ) ;
#1930 = DIRECTION ( 'NONE',  ( 0.000000000000000000, 0.000000000000000000, -1.000000000000000000 ) ) ;
#1931 = VECTOR ( 'NONE', #3537, 1000.000000000000227 ) ;
#1932 = VECTOR ( 'NONE', #5621, 1000.000000000000000 ) ;
#1933 = PLANE ( 'NONE',  #2139 ) ;
#1934 = CARTESIAN_POINT ( 'NONE',  ( -57.12420150553280251, 1.700000000000004396, -0.2000000000000000389 ) ) ;
#1935 = DIRECTION ( 'NONE',  ( -0.000000000000000000, -1.000000000000000000, -0.000000000000000000 ) ) ;
#1936 = CIRCLE ( 'NONE', #8785, 0.5999999999999998668 ) ;
#1937 = B_SPLINE_SURFACE_WITH_KNOTS ( 'NONE', 3, 1, ( 
 ( #1763, #1138 ),
 ( #3177, #7926 ),
 ( #5875, #3726 ),
 ( #2465, #1181 ),
 ( #5204, #3057 ),
 ( #3011, #8516 ),
 ( #4533, #5079 ),
 ( #7255, #7798 ),
 ( #2380, #3853 ),
 ( #5122, #7842 ),
 ( #4447, #1051 ),
 ( #3769, #6500 ),
 ( #6626, #3220 ),
 ( #552, #5960 ),
 ( #7393, #3263 ),
 ( #8682, #3943 ),
 ( #8149, #2023 ) ),
 .UNSPECIFIED., .F., .F., .F.,
 ( 4, 1, 1, 1, 1, 1, 1, 1, 1, 1, 1, 1, 1, 1, 4 ),
 ( 2, 2 ),
 ( 0.000000000000000000, 0.07027423074979503859, 0.1375218968061227842, 0.2016456227554903335, 0.2634561117706851197, 0.3237857200459774987, 0.3833129871676841938, 0.4431784845893546598, 0.5025541057359215191, 0.5624446974201235960, 0.6228225426260304287, 0.6841893059895861606, 0.7463950832633993171, 0.8720773565786248405, 0.9999999999999998890 ),
 ( 0.000000000000000000, 1.000000000000000000 ),
 .UNSPECIFIED. ) ;
#1938 = CIRCLE ( 'NONE', #8355, 0.9999999999999626965 ) ;
#1939 = VERTEX_POINT ( 'NONE', #2318 ) ;
#1940 = CARTESIAN_POINT ( 'NONE',  ( -43.08671972706192577, -0.6000000000000000888, 13.30041332112531727 ) ) ;
#1941 = VERTEX_POINT ( 'NONE', #7829 ) ;
#1942 = CARTESIAN_POINT ( 'NONE',  ( -11.86805380003419153, -0.5999999999999998668, 10.98300126531580290 ) ) ;
#1943 = VERTEX_POINT ( 'NONE', #1036 ) ;
#1944 = CARTESIAN_POINT ( 'NONE',  ( -50.59002047602295704, -0.6000000000000000888, 9.634305474934947711 ) ) ;
#1945 = EDGE_CURVE ( 'NONE', #4482, #8798, #6621, .T. ) ;
#1946 = CARTESIAN_POINT ( 'NONE',  ( -18.30043912704096698, -0.9999999999999997780, 8.049714793748339758 ) ) ;
#1947 = CARTESIAN_POINT ( 'NONE',  ( -47.69974226119958871, 13.88647367098246121, 20.10000000000000142 ) ) ;
#1948 = ORIENTED_EDGE ( 'NONE', *, *, #5686, .F. ) ;
#1949 = ORIENTED_EDGE ( 'NONE', *, *, #3259, .F. ) ;
#1950 = DIRECTION ( 'NONE',  ( -1.000000000000000000, -1.697280072648819919E-16, 0.000000000000000000 ) ) ;
#1951 = DIRECTION ( 'NONE',  ( 0.000000000000000000, 0.000000000000000000, -1.000000000000000000 ) ) ;
#1952 = ORIENTED_EDGE ( 'NONE', *, *, #8369, .T. ) ;
#1953 = LINE ( 'NONE', #2739, #399 ) ;
#1954 = ORIENTED_EDGE ( 'NONE', *, *, #2389, .F. ) ;
#1955 = CARTESIAN_POINT ( 'NONE',  ( -50.94946010435885597, -0.6000000000000003109, 8.096113592212564214 ) ) ;
#1956 = ADVANCED_FACE ( 'NONE', ( #361 ), #6353, .T. ) ;
#1957 = CARTESIAN_POINT ( 'NONE',  ( -20.26127406683331955, -0.6000000000000000888, 8.294386105673760667 ) ) ;
#1958 = AXIS2_PLACEMENT_3D ( 'NONE', #580, #1168, #3294 ) ;
#1959 = VECTOR ( 'NONE', #2581, 1000.000000000000000 ) ;
#1960 = CARTESIAN_POINT ( 'NONE',  ( -19.30015895595192887, -1.000000000000000000, 9.060909721805188610 ) ) ;
#1961 = CARTESIAN_POINT ( 'NONE',  ( -28.38728336393429430, -1.000000000000000000, 13.08467914565414070 ) ) ;
#1962 = CARTESIAN_POINT ( 'NONE',  ( -0.4007041555173184166, 13.13647367099202867, 20.10000000000000142 ) ) ;
#1963 = EDGE_LOOP ( 'NONE', ( #6104, #7579, #305, #1282 ) ) ;
#1964 = DIRECTION ( 'NONE',  ( -1.000000000000000000, 0.000000000000000000, 0.000000000000000000 ) ) ;
#1965 = VERTEX_POINT ( 'NONE', #8405 ) ;
#1966 = CARTESIAN_POINT ( 'NONE',  ( 13.60784930203610088, 1.699999999999999956, -0.2000000000000000389 ) ) ;
#1967 = VECTOR ( 'NONE', #1242, 1000.000000000000000 ) ;
#1968 = FACE_OUTER_BOUND ( 'NONE', #2466, .T. ) ;
#1969 = PRODUCT_DEFINITION_CONTEXT ( 'detailed design', #6835, 'design' ) ;
#1970 = DIRECTION ( 'NONE',  ( 0.000000000000000000, 0.000000000000000000, -1.000000000000000000 ) ) ;
#1971 = CARTESIAN_POINT ( 'NONE',  ( 12.07195091717383839, 1.432050807568885142, 19.40000000000000213 ) ) ;
#1972 = FACE_OUTER_BOUND ( 'NONE', #7936, .T. ) ;
#1973 = CARTESIAN_POINT ( 'NONE',  ( -43.12420507131003689, -0.6000000000000000888, 7.201560398398343388 ) ) ;
#1974 = FACE_OUTER_BOUND ( 'NONE', #7345, .T. ) ;
#1975 = ORIENTED_EDGE ( 'NONE', *, *, #5902, .T. ) ;
#1976 = ORIENTED_EDGE ( 'NONE', *, *, #7423, .T. ) ;
#1977 = ADVANCED_FACE ( 'NONE', ( #2276 ), #4392, .T. ) ;
#1978 = CARTESIAN_POINT ( 'NONE',  ( -27.20453373156918531, -0.6000000000000000888, 9.144178303691631982 ) ) ;
#1979 = CARTESIAN_POINT ( 'NONE',  ( -53.93381004735865503, -1.000000000000000000, 13.35305988263900012 ) ) ;
#1980 = CARTESIAN_POINT ( 'NONE',  ( -25.84974226118900376, 11.89461524227730216, 20.10000000000000142 ) ) ;
#1981 = DIRECTION ( 'NONE',  ( -0.8660254037881351952, 0.4999999999935973993, 0.000000000000000000 ) ) ;
#1982 = ORIENTED_EDGE ( 'NONE', *, *, #2376, .F. ) ;
#1983 = CARTESIAN_POINT ( 'NONE',  ( -26.13395978535061204, -0.6000000000000000888, 11.88482645585770037 ) ) ;
#1984 = ORIENTED_EDGE ( 'NONE', *, *, #2417, .T. ) ;
#1985 = CARTESIAN_POINT ( 'NONE',  ( -5.295967751214427643, 3.057628406783276187, 0.000000000000000000 ) ) ;
#1986 = ORIENTED_EDGE ( 'NONE', *, *, #4596, .F. ) ;
#1987 = CARTESIAN_POINT ( 'NONE',  ( -50.05806442613877749, -0.9999999999999997780, 10.43924417806116622 ) ) ;
#1988 = DIRECTION ( 'NONE',  ( -0.8660254037844389297, 0.4999999999999994449, -0.000000000000000000 ) ) ;
#1989 = AXIS2_PLACEMENT_3D ( 'NONE', #197, #114, #6903 ) ;
#1990 = CARTESIAN_POINT ( 'NONE',  ( -51.29400741577970990, -1.000000000000000000, 8.089901987902157643 ) ) ;
#1991 = ORIENTED_EDGE ( 'NONE', *, *, #6713, .T. ) ;
#1992 = CARTESIAN_POINT ( 'NONE',  ( -47.00000000000000000, 7.016154273188029755, 20.10000000000000142 ) ) ;
#1993 = CARTESIAN_POINT ( 'NONE',  ( -23.40070415551731742, 13.13647367099202867, 20.10000000000000142 ) ) ;
#1994 = ORIENTED_EDGE ( 'NONE', *, *, #1698, .F. ) ;
#1995 = LINE ( 'NONE', #4139, #3102 ) ;
#1996 = ORIENTED_EDGE ( 'NONE', *, *, #3261, .F. ) ;
#1997 = DIRECTION ( 'NONE',  ( 1.000000000000000000, 0.000000000000000000, 0.000000000000000000 ) ) ;
#1998 = CARTESIAN_POINT ( 'NONE',  ( -11.92804908282615983, -0.2999999999999934386, 19.40000000000000213 ) ) ;
#1999 = CARTESIAN_POINT ( 'NONE',  ( -28.92328373156918886, -0.6000000000000000888, 12.78727040895478950 ) ) ;
#2000 = DIRECTION ( 'NONE',  ( -1.000000000000000000, 0.000000000000000000, 0.000000000000000000 ) ) ;
#2001 = LINE ( 'NONE', #6070, #1024 ) ;
#2002 = EDGE_CURVE ( 'NONE', #5920, #2916, #7340, .T. ) ;
#2003 = CARTESIAN_POINT ( 'NONE',  ( -29.33746551410068548, -0.6000000000000003109, 6.264985160292822819 ) ) ;
#2004 = ORIENTED_EDGE ( 'NONE', *, *, #682, .F. ) ;
#2005 = DIRECTION ( 'NONE',  ( -1.000000000000000000, 2.657184803002740111E-15, 0.000000000000000000 ) ) ;
#2006 = CARTESIAN_POINT ( 'NONE',  ( 18.85066962506356347, 9.180831174438425890, 19.40000000000000213 ) ) ;
#2007 = DIRECTION ( 'NONE',  ( -1.000000000000000000, 0.000000000000000000, 0.000000000000000000 ) ) ;
#2008 = DIRECTION ( 'NONE',  ( -1.000000000000000000, 1.141265444721583708E-15, 0.000000000000000000 ) ) ;
#2009 = CARTESIAN_POINT ( 'NONE',  ( -43.95486073852632103, -0.5999999999999998668, 10.36851273804107265 ) ) ;
#2011 = VECTOR ( 'NONE', #1627, 1000.000000000000000 ) ;
#2010 = VECTOR ( 'NONE', #8662, 1000.000000000000227 ) ;
#2012 = CARTESIAN_POINT ( 'NONE',  ( -43.96423487988918311, -0.9999999999999997780, 8.290303515714006366 ) ) ;
#2013 = EDGE_CURVE ( 'NONE', #3110, #4036, #5150, .T. ) ;
#2014 = EDGE_CURVE ( 'NONE', #517, #920, #5060, .T. ) ;
#2015 = CARTESIAN_POINT ( 'NONE',  ( -24.06963778972758661, -0.6000000000000003109, 11.91652698281619571 ) ) ;
#2016 = ORIENTED_EDGE ( 'NONE', *, *, #2593, .T. ) ;
#2017 = VERTEX_POINT ( 'NONE', #7065 ) ;
#2018 = CARTESIAN_POINT ( 'NONE',  ( -57.12420150553280251, 1.699999999999999956, 0.2999999999999999889 ) ) ;
#2019 = CARTESIAN_POINT ( 'NONE',  ( -25.76538899472708266, -1.000000000000000000, 11.02411251421794702 ) ) ;
#2020 = CARTESIAN_POINT ( 'NONE',  ( -18.03381004735866000, -1.000000000000000000, 8.232994093165316940 ) ) ;
#2021 = EDGE_CURVE ( 'NONE', #6996, #6671, #3126, .T. ) ;
#2022 = DIRECTION ( 'NONE',  ( 0.000000000000000000, 0.000000000000000000, -1.000000000000000000 ) ) ;
#2023 = CARTESIAN_POINT ( 'NONE',  ( -18.03381004735866000, -1.000000000000000000, 8.232994093165316940 ) ) ;
#2024 = VERTEX_POINT ( 'NONE', #7023 ) ;
#2025 = CARTESIAN_POINT ( 'NONE',  ( -39.80749425788496154, -0.6000000000000000888, 5.678717777375840825 ) ) ;
#2026 = ORIENTED_EDGE ( 'NONE', *, *, #5568, .F. ) ;
#2027 = CARTESIAN_POINT ( 'NONE',  ( -50.38928273665847968, -0.6000000000000003109, 9.774996174458285836 ) ) ;
#2028 = CARTESIAN_POINT ( 'NONE',  ( -39.80749425788496154, -1.000000000000000000, 13.15240198790215764 ) ) ;
#2029 = DIRECTION ( 'NONE',  ( -0.4999999999999982236, -0.8660254037844395958, 0.000000000000000000 ) ) ;
#2030 = ORIENTED_EDGE ( 'NONE', *, *, #4186, .F. ) ;
#2031 = FACE_OUTER_BOUND ( 'NONE', #5883, .T. ) ;
#2032 = LINE ( 'NONE', #1993, #4440 ) ;
#2033 = ORIENTED_EDGE ( 'NONE', *, *, #7599, .F. ) ;
#2034 = CARTESIAN_POINT ( 'NONE',  ( 3.299999999999999822, 1.700000000000002176, 9.599999999999999645 ) ) ;
#2035 = ORIENTED_EDGE ( 'NONE', *, *, #8844, .F. ) ;
#2036 = CARTESIAN_POINT ( 'NONE',  ( -27.20453373156918531, -0.6000000000000000888, 9.144178303691631982 ) ) ;
#2037 = EDGE_CURVE ( 'NONE', #2315, #7925, #6969, .T. ) ;
#2038 = LINE ( 'NONE', #4732, #1932 ) ;
#2039 = DIRECTION ( 'NONE',  ( -0.8660254037844389297, 0.4999999999999994449, -0.000000000000000000 ) ) ;
#2040 = CARTESIAN_POINT ( 'NONE',  ( -12.57361267893760370, -1.000000000000000000, 10.82674409316531516 ) ) ;
#2041 = CARTESIAN_POINT ( 'NONE',  ( -50.48389711804703950, -1.000000000000000222, 11.74922394191066033 ) ) ;
#2042 = ORIENTED_EDGE ( 'NONE', *, *, #6990, .F. ) ;
#2043 = DIRECTION ( 'NONE',  ( 0.000000000000000000, 0.000000000000000000, 1.000000000000000000 ) ) ;
#2044 = ORIENTED_EDGE ( 'NONE', *, *, #7387, .F. ) ;
#2045 = CARTESIAN_POINT ( 'NONE',  ( -40.53937059963232770, -0.6000000000000003109, 5.411449435844889244 ) ) ;
#2046 = VECTOR ( 'NONE', #1871, 1000.000000000000000 ) ;
#2047 = DIRECTION ( 'NONE',  ( -0.9659258262890682012, -0.2588190451025211836, 0.000000000000000000 ) ) ;
#2048 = EDGE_CURVE ( 'NONE', #378, #1665, #1032, .T. ) ;
#2049 = DIRECTION ( 'NONE',  ( 0.5000000000000119904, 0.8660254037844318242, 0.000000000000000000 ) ) ;
#2050 = CARTESIAN_POINT ( 'NONE',  ( -50.59002047602295704, -0.6000000000000000888, 9.634305474934947711 ) ) ;
#2051 = VECTOR ( 'NONE', #484, 1000.000000000000227 ) ;
#2052 = DIRECTION ( 'NONE',  ( 0.000000000000000000, 0.000000000000000000, -1.000000000000000000 ) ) ;
#2053 = DIRECTION ( 'NONE',  ( 1.000000000000000000, 0.000000000000000000, 0.000000000000000000 ) ) ;
#2054 = FACE_OUTER_BOUND ( 'NONE', #5505, .T. ) ;
#2055 = ORIENTED_EDGE ( 'NONE', *, *, #5901, .T. ) ;
#2056 = EDGE_LOOP ( 'NONE', ( #8748, #8107, #7045, #1788 ) ) ;
#2057 = LINE ( 'NONE', #6938, #6430 ) ;
#2058 = CARTESIAN_POINT ( 'NONE',  ( -39.88036713501679031, -0.6000000000000003109, 7.310829637072004950 ) ) ;
#2059 = EDGE_CURVE ( 'NONE', #1858, #5481, #7999, .T. ) ;
#2060 = DIRECTION ( 'NONE',  ( -0.000000000000000000, -0.000000000000000000, 1.000000000000000000 ) ) ;
#2061 = CARTESIAN_POINT ( 'NONE',  ( -50.04130553301551032, -1.000000000000000000, 10.88474538660017821 ) ) ;
#2062 = CARTESIAN_POINT ( 'NONE',  ( -26.80303456817695817, -0.6000000000000003109, 12.08639197032431767 ) ) ;
#2063 = VECTOR ( 'NONE', #4098, 1000.000000000000000 ) ;
#2064 = ORIENTED_EDGE ( 'NONE', *, *, #2157, .T. ) ;
#2065 = FACE_OUTER_BOUND ( 'NONE', #486, .T. ) ;
#2066 = ORIENTED_EDGE ( 'NONE', *, *, #7188, .T. ) ;
#2067 = CARTESIAN_POINT ( 'NONE',  ( -43.85603664807204893, -0.9999999999999997780, 13.00110856180982033 ) ) ;
#2068 = EDGE_CURVE ( 'NONE', #5327, #4627, #1457, .T. ) ;
#2069 = EDGE_CURVE ( 'NONE', #4689, #759, #7331, .T. ) ;
#2070 = PLANE ( 'NONE',  #744 ) ;
#2071 = VECTOR ( 'NONE', #8339, 1000.000000000000000 ) ;
#2072 = CARTESIAN_POINT ( 'NONE',  ( -15.96137299793352504, -0.6000000000000003109, 11.44508034414950792 ) ) ;
#2073 = ORIENTED_EDGE ( 'NONE', *, *, #5958, .T. ) ;
#2074 = DIRECTION ( 'NONE',  ( 0.000000000000000000, 0.000000000000000000, -1.000000000000000000 ) ) ;
#2075 = DIRECTION ( 'NONE',  ( 0.5000000000000135447, 0.8660254037844308250, 0.000000000000000000 ) ) ;
#2076 = ORIENTED_EDGE ( 'NONE', *, *, #7229, .F. ) ;
#2077 = LINE ( 'NONE', #1329, #5824 ) ;
#2078 = VERTEX_POINT ( 'NONE', #5364 ) ;
#2079 = CARTESIAN_POINT ( 'NONE',  ( -53.90625231310169596, 12.27365149746590056, 20.10000000000000142 ) ) ;
#2080 = LINE ( 'NONE', #6156, #2859 ) ;
#2081 = CARTESIAN_POINT ( 'NONE',  ( -33.68117846841128937, -1.000000000000000000, 5.353059882638998346 ) ) ;
#2082 = DIRECTION ( 'NONE',  ( 0.8660254037844352659, -0.5000000000000057732, 0.000000000000000000 ) ) ;
#2083 = CYLINDRICAL_SURFACE ( 'NONE', #4369, 1.000000000000000222 ) ;
#2084 = ORIENTED_EDGE ( 'NONE', *, *, #2870, .F. ) ;
#2085 = CARTESIAN_POINT ( 'NONE',  ( -27.44959952104287026, -0.6000000000000000888, 6.826744093165315164 ) ) ;
#2086 = ORIENTED_EDGE ( 'NONE', *, *, #5435, .F. ) ;
#2087 = CARTESIAN_POINT ( 'NONE',  ( -42.08545478420074915, -1.000000000000000000, 5.247796724744262065 ) ) ;
#2088 = CARTESIAN_POINT ( 'NONE',  ( -11.12420150553280074, 1.699999999999999956, 0.2999999999999999889 ) ) ;
#2089 = DIRECTION ( 'NONE',  ( -0.8660254037844389297, 0.4999999999999994449, 0.000000000000000000 ) ) ;
#2090 = CARTESIAN_POINT ( 'NONE',  ( -34.12420150553280251, 1.699999999999999956, 20.10000000000000142 ) ) ;
#2091 = DIRECTION ( 'NONE',  ( 1.000000000000000000, 0.000000000000000000, 0.000000000000000000 ) ) ;
#2092 = VECTOR ( 'NONE', #1610, 1000.000000000000114 ) ;
#2093 = CARTESIAN_POINT ( 'NONE',  ( -47.88371685740839467, 11.56782032302750096, 0.000000000000000000 ) ) ;
#2094 = DIRECTION ( 'NONE',  ( -0.8660254037881350841, 0.4999999999935973993, 0.000000000000000000 ) ) ;
#2095 = CARTESIAN_POINT ( 'NONE',  ( -23.98242562951247336, -0.6000000000000003109, 11.44508034414950792 ) ) ;
#2096 = AXIS2_PLACEMENT_3D ( 'NONE', #3013, #6911, #793 ) ;
#2097 = ORIENTED_EDGE ( 'NONE', *, *, #8812, .F. ) ;
#2098 = ADVANCED_FACE ( 'NONE', ( #1968 ), #8336, .T. ) ;
#2099 = ORIENTED_EDGE ( 'NONE', *, *, #6308, .F. ) ;
#2100 = CARTESIAN_POINT ( 'NONE',  ( -25.84930467508481300, -0.6000000000000003109, 10.52583176461639347 ) ) ;
#2101 = CARTESIAN_POINT ( 'NONE',  ( -24.14761579488492060, -0.9999999999999997780, 12.13312336911525335 ) ) ;
#2102 = CARTESIAN_POINT ( 'NONE',  ( -33.92804908282615628, 1.432050807568885364, 19.40000000000000213 ) ) ;
#2103 = CARTESIAN_POINT ( 'NONE',  ( -3.969907511530729849, 7.691600689896679555, 0.000000000000000000 ) ) ;
#2104 = ADVANCED_FACE ( 'NONE', ( #6611 ), #8666, .T. ) ;
#2105 = CARTESIAN_POINT ( 'NONE',  ( -27.66894561720710044, 9.480831174438428377, -0.2000000000000000389 ) ) ;
#2106 = ORIENTED_EDGE ( 'NONE', *, *, #8780, .T. ) ;
#2107 = CARTESIAN_POINT ( 'NONE',  ( -49.96990751153079913, 7.691600689896679555, 20.10000000000000142 ) ) ;
#2108 = CARTESIAN_POINT ( 'NONE',  ( -4.701958319099380113, 10.42365149746539998, -0.9000000000000000222 ) ) ;
#2109 = ORIENTED_EDGE ( 'NONE', *, *, #7635, .F. ) ;
#2110 = DIRECTION ( 'NONE',  ( 0.000000000000000000, 0.000000000000000000, -1.000000000000000000 ) ) ;
#2111 = VECTOR ( 'NONE', #4096, 1000.000000000000227 ) ;
#2112 = DIRECTION ( 'NONE',  ( 1.187404304411920111E-15, 1.000000000000000000, 0.000000000000000000 ) ) ;
#2113 = CARTESIAN_POINT ( 'NONE',  ( -15.95486267893760690, -0.6000000000000000888, 11.19516514579689570 ) ) ;
#2114 = ORIENTED_EDGE ( 'NONE', *, *, #882, .F. ) ;
#2115 = ADVANCED_FACE ( 'NONE', ( #578 ), #5231, .F. ) ;
#2116 = CARTESIAN_POINT ( 'NONE',  ( -34.92804908282615628, -0.2999999999999934386, 19.40000000000000213 ) ) ;
#2117 = EDGE_CURVE ( 'NONE', #3846, #5627, #3293, .T. ) ;
#2118 = CARTESIAN_POINT ( 'NONE',  ( -68.70788383248145692, 12.73647367098722505, 11.75000000000000355 ) ) ;
#2119 = VERTEX_POINT ( 'NONE', #3208 ) ;
#2120 = LINE ( 'NONE', #611, #2242 ) ;
#2121 = ORIENTED_EDGE ( 'NONE', *, *, #2387, .T. ) ;
#2122 = LINE ( 'NONE', #8379, #5652 ) ;
#2123 = CARTESIAN_POINT ( 'NONE',  ( -0.4007041555090006257, 13.13647367098723073, 11.75000000000000355 ) ) ;
#2124 = CARTESIAN_POINT ( 'NONE',  ( -26.87631342791338795, -0.6000000000000000888, 7.633822231476623976 ) ) ;
#2125 = CARTESIAN_POINT ( 'NONE',  ( -26.13395978535061204, -1.000000000000000000, 11.88482645585770037 ) ) ;
#2126 = VERTEX_POINT ( 'NONE', #5320 ) ;
#2127 = EDGE_CURVE ( 'NONE', #7083, #5339, #1124, .T. ) ;
#2128 = CARTESIAN_POINT ( 'NONE',  ( -20.64068432491265170, -1.000000000000000222, 12.94884735617693927 ) ) ;
#2129 = VERTEX_POINT ( 'NONE', #536 ) ;
#2130 = LINE ( 'NONE', #8259, #2714 ) ;
#2131 = CARTESIAN_POINT ( 'NONE',  ( -28.20771435683433737, -0.5999999999999998668, 11.76318253777725076 ) ) ;
#2132 = DIRECTION ( 'NONE',  ( 2.657184803002740111E-15, 1.000000000000000000, 0.000000000000000000 ) ) ;
#2133 = CARTESIAN_POINT ( 'NONE',  ( -41.11015227504949365, -1.000000000000000222, 5.305255928631666507 ) ) ;
#2134 = DIRECTION ( 'NONE',  ( 1.000000000000000000, 0.000000000000000000, 0.000000000000000000 ) ) ;
#2135 = CARTESIAN_POINT ( 'NONE',  ( -48.14433636314813469, -0.6000000000000000888, 10.79384935632321074 ) ) ;
#2136 = PLANE ( 'NONE',  #2439 ) ;
#2137 = CARTESIAN_POINT ( 'NONE',  ( -25.48125891907885077, -0.5999999999999998668, 13.30335631723544410 ) ) ;
#2138 = ORIENTED_EDGE ( 'NONE', *, *, #2618, .F. ) ;
#2139 = AXIS2_PLACEMENT_3D ( 'NONE', #1801, #6708, #7428 ) ;
#2140 = ORIENTED_EDGE ( 'NONE', *, *, #221, .F. ) ;
#2141 = DIRECTION ( 'NONE',  ( -0.5000000000000370814, -0.8660254037844171693, 0.000000000000000000 ) ) ;
#2142 = DIRECTION ( 'NONE',  ( -1.000000000000000000, 0.000000000000000000, 0.000000000000000000 ) ) ;
#2143 = LINE ( 'NONE', #4890, #3839 ) ;
#2145 = AXIS2_PLACEMENT_3D ( 'NONE', #6886, #4705, #7510 ) ;
#2144 = AXIS2_PLACEMENT_3D ( 'NONE', #8070, #1951, #6816 ) ;
#2146 = EDGE_CURVE ( 'NONE', #3595, #3140, #8089, .T. ) ;
#2147 = CARTESIAN_POINT ( 'NONE',  ( -50.59110886703109600, -1.000000000000000222, 11.81131159885338100 ) ) ;
#2148 = CARTESIAN_POINT ( 'NONE',  ( -20.90223109999023876, -1.000000000000000000, 11.24779672474426206 ) ) ;
#2150 = VECTOR ( 'NONE', #5184, 1000.000000000000000 ) ;
#2149 = VECTOR ( 'NONE', #2005, 1000.000000000000000 ) ;
#2151 = VERTEX_POINT ( 'NONE', #3840 ) ;
#2152 = CARTESIAN_POINT ( 'NONE',  ( -16.89779320872035484, -0.6000000000000005329, 9.100084778766696303 ) ) ;
#2153 = PRESENTATION_STYLE_ASSIGNMENT (( #4846 ) ) ;
#2154 = ORIENTED_EDGE ( 'NONE', *, *, #3802, .F. ) ;
#2155 = CARTESIAN_POINT ( 'NONE',  ( -41.92829683008832831, -0.9999999999999997780, 13.45518866424742832 ) ) ;
#2156 = FACE_OUTER_BOUND ( 'NONE', #6993, .T. ) ;
#2157 = EDGE_CURVE ( 'NONE', #3993, #5574, #3246, .T. ) ;
#2158 = VECTOR ( 'NONE', #3883, 1000.000000000000114 ) ;
#2159 = ORIENTED_EDGE ( 'NONE', *, *, #7387, .T. ) ;
#2160 = LINE ( 'NONE', #836, #7521 ) ;
#2161 = CARTESIAN_POINT ( 'NONE',  ( -45.11890423313316489, -1.000000000000000222, 11.97074823795775877 ) ) ;
#2162 = VERTEX_POINT ( 'NONE', #8753 ) ;
#2163 = LINE ( 'NONE', #289, #7668 ) ;
#2164 = VERTEX_POINT ( 'NONE', #2622 ) ;
#2165 = CARTESIAN_POINT ( 'NONE',  ( -50.70778676851144695, -1.000000000000000000, 9.580683613408742971 ) ) ;
#2166 = ADVANCED_FACE ( 'NONE', ( #6570 ), #925, .T. ) ;
#2167 = CARTESIAN_POINT ( 'NONE',  ( -27.20453373156918531, -0.6000000000000000888, 9.144178303691631982 ) ) ;
#2168 = FACE_OUTER_BOUND ( 'NONE', #4750, .T. ) ;
#2169 = CARTESIAN_POINT ( 'NONE',  ( -24.83857150996690777, -0.9999999999999997780, 12.98893199167539336 ) ) ;
#2170 = CARTESIAN_POINT ( 'NONE',  ( -18.29687092441495722, -1.000000000000000000, 11.98748544938994876 ) ) ;
#2171 = ORIENTED_EDGE ( 'NONE', *, *, #6799, .T. ) ;
#2172 = CARTESIAN_POINT ( 'NONE',  ( -26.94466531051655522, -1.000000000000000000, 12.08990198790215764 ) ) ;
#2173 = ORIENTED_EDGE ( 'NONE', *, *, #59, .T. ) ;
#2174 = DIRECTION ( 'NONE',  ( 0.5000000000000061062, 0.8660254037844351549, 0.000000000000000000 ) ) ;
#2175 = CARTESIAN_POINT ( 'NONE',  ( -6.591188803640600113, 9.551408311032400178, 20.10000000000000142 ) ) ;
#2176 = FACE_OUTER_BOUND ( 'NONE', #6977, .T. ) ;
#2177 = EDGE_CURVE ( 'NONE', #3200, #8157, #8133, .T. ) ;
#2178 = FACE_OUTER_BOUND ( 'NONE', #3266, .T. ) ;
#2179 = DIRECTION ( 'NONE',  ( 0.4999999999999993894, 0.8660254037844389297, 0.000000000000000000 ) ) ;
#2180 = CARTESIAN_POINT ( 'NONE',  ( -42.40482642443307526, -0.6000000000000003109, 11.78656447492751624 ) ) ;
#2181 = DIRECTION ( 'NONE',  ( 1.000000000000000000, 0.000000000000000000, 0.000000000000000000 ) ) ;
#2182 = VECTOR ( 'NONE', #3874, 1000.000000000000000 ) ;
#2183 = CARTESIAN_POINT ( 'NONE',  ( -29.14118880364059905, 10.33083117443839960, 19.40000000000000213 ) ) ;
#2184 = ORIENTED_EDGE ( 'NONE', *, *, #1854, .T. ) ;
#2185 = DIRECTION ( 'NONE',  ( -0.8660254037843696517, 0.5000000000001194600, 0.000000000000000000 ) ) ;
#2186 = CARTESIAN_POINT ( 'NONE',  ( -41.64021843971669057, -0.5999999999999998668, 6.828280298884699562 ) ) ;
#2187 = AXIS2_PLACEMENT_3D ( 'NONE', #5474, #7443, #8826 ) ;
#2188 = DIRECTION ( 'NONE',  ( -1.000000000000000000, 0.000000000000000000, 0.000000000000000000 ) ) ;
#2189 = CYLINDRICAL_SURFACE ( 'NONE', #7501, 2.000000000000000000 ) ;
#2190 = AXIS2_PLACEMENT_3D ( 'NONE', #7588, #81, #2795 ) ;
#2191 = FACE_OUTER_BOUND ( 'NONE', #5417, .T. ) ;
#2192 = B_SPLINE_SURFACE_WITH_KNOTS ( 'NONE', 3, 1, ( 
 ( #8404, #2275 ),
 ( #5013, #8450 ),
 ( #4431, #2317 ),
 ( #5059, #3708 ),
 ( #7108, #3207 ),
 ( #5271, #3796 ),
 ( #7195, #2452 ),
 ( #7998, #7954 ),
 ( #7284, #1075 ),
 ( #7240, #5903 ),
 ( #3125, #5861 ),
 ( #5944, #6527 ),
 ( #7330, #7910 ),
 ( #1879, #6569 ),
 ( #3882, #8623 ),
 ( #493, #407 ),
 ( #8583, #1166 ) ),
 .UNSPECIFIED., .F., .F., .F.,
 ( 4, 1, 1, 1, 1, 1, 1, 1, 1, 1, 1, 1, 1, 1, 4 ),
 ( 2, 2 ),
 ( 0.000000000000000000, 0.07412229567643563444, 0.1447511433472375986, 0.2128995532171854832, 0.2795387512765260540, 0.3446792376755450915, 0.4085710932211196744, 0.4715545728681682647, 0.5337593806582542344, 0.5956040207298691769, 0.6567025720409435108, 0.7169517840709500600, 0.7768403709702321747, 0.8924459826010791019, 1.000000000000000000 ),
 ( 0.000000000000000000, 1.000000000000000000 ),
 .UNSPECIFIED. ) ;
#2193 = ORIENTED_EDGE ( 'NONE', *, *, #3814, .F. ) ;
#2194 = CARTESIAN_POINT ( 'NONE',  ( -16.73870718050138251, -0.5999999999999998668, 9.266060483287299476 ) ) ;
#2195 = DIRECTION ( 'NONE',  ( 0.8660254037844377084, 0.5000000000000015543, 0.000000000000000000 ) ) ;
#2196 = VERTEX_POINT ( 'NONE', #809 ) ;
#2197 = CARTESIAN_POINT ( 'NONE',  ( -45.85929189580021870, -0.5999999999999998668, 10.50898600422353724 ) ) ;
#2198 = LINE ( 'NONE', #873, #710 ) ;
#2199 = EDGE_LOOP ( 'NONE', ( #8514, #8527, #918, #4971 ) ) ;
#2200 = DIRECTION ( 'NONE',  ( 1.000000000000000000, 0.000000000000000000, 0.000000000000000000 ) ) ;
#2201 = CARTESIAN_POINT ( 'NONE',  ( -44.84368077843728884, -0.9999999999999997780, 12.27726238021945804 ) ) ;
#2202 = EDGE_LOOP ( 'NONE', ( #8485, #830, #6439, #4617, #7220, #6947, #6085 ) ) ;
#2203 = EDGE_CURVE ( 'NONE', #3264, #1918, #3523, .T. ) ;
#2204 = DIRECTION ( 'NONE',  ( 0.000000000000000000, 0.000000000000000000, 1.000000000000000000 ) ) ;
#2205 = VERTEX_POINT ( 'NONE', #1342 ) ;
#2206 = CARTESIAN_POINT ( 'NONE',  ( -47.00000000000000000, 7.016154273188029755, -0.9000000000000000222 ) ) ;
#2207 = VECTOR ( 'NONE', #6037, 1000.000000000000000 ) ;
#2208 = CARTESIAN_POINT ( 'NONE',  ( -18.03381004735866000, -1.000000000000000000, 8.232994093165316940 ) ) ;
#2209 = CARTESIAN_POINT ( 'NONE',  ( -16.04858515814862585, -0.6000000000000003109, 11.91652698281619571 ) ) ;
#2210 = DIRECTION ( 'NONE',  ( -1.000000000000000000, 0.000000000000000000, 0.000000000000000000 ) ) ;
#2211 = CARTESIAN_POINT ( 'NONE',  ( -25.76845876320978945, -0.6000000000000000888, 11.10720526602429281 ) ) ;
#2212 = AXIS2_PLACEMENT_3D ( 'NONE', #5520, #2110, #4848 ) ;
#2213 = VERTEX_POINT ( 'NONE', #8173 ) ;
#2214 = CIRCLE ( 'NONE', #1083, 0.5999999999999998668 ) ;
#2215 = CARTESIAN_POINT ( 'NONE',  ( -44.29999999999999716, 1.699999999999999956, 20.10000000000000142 ) ) ;
#2216 = ORIENTED_EDGE ( 'NONE', *, *, #8598, .F. ) ;
#2217 = ADVANCED_FACE ( 'NONE', ( #2176 ), #4249, .T. ) ;
#2218 = CARTESIAN_POINT ( 'NONE',  ( -65.69999999999998863, -1.000000000000000000, 9.599999999999999645 ) ) ;
#2219 = VECTOR ( 'NONE', #468, 1000.000000000000000 ) ;
#2220 = CARTESIAN_POINT ( 'NONE',  ( 19.29804168090040051, 8.691600689896679555, 0.000000000000000000 ) ) ;
#2221 = CARTESIAN_POINT ( 'NONE',  ( -28.29596775121442676, 3.057628406783276187, 8.450000000000020606 ) ) ;
#2222 = CARTESIAN_POINT ( 'NONE',  ( -24.24154904329582294, -0.9999999999999997780, 10.00757015016720253 ) ) ;
#2223 = DIRECTION ( 'NONE',  ( 0.000000000000000000, 0.000000000000000000, -1.000000000000000000 ) ) ;
#2224 = FACE_OUTER_BOUND ( 'NONE', #1963, .T. ) ;
#2225 = FACE_OUTER_BOUND ( 'NONE', #372, .T. ) ;
#2226 = CARTESIAN_POINT ( 'NONE',  ( -24.75975981208032906, -0.5999999999999998668, 9.266060483287299476 ) ) ;
#2227 = VERTEX_POINT ( 'NONE', #1524 ) ;
#2228 = ADVANCED_FACE ( 'NONE', ( #6970 ), #852, .T. ) ;
#2229 = EDGE_CURVE ( 'NONE', #1581, #4482, #177, .T. ) ;
#2230 = ADVANCED_FACE ( 'NONE', ( #669 ), #6211, .F. ) ;
#2231 = CARTESIAN_POINT ( 'NONE',  ( -10.70511896022156684, -0.6000000000000000888, 13.10947707157168907 ) ) ;
#2232 = CARTESIAN_POINT ( 'NONE',  ( -25.24860384174612093, -0.5999999999999998668, 13.21655031022526217 ) ) ;
#2233 = FACE_OUTER_BOUND ( 'NONE', #7303, .T. ) ;
#2234 = VECTOR ( 'NONE', #670, 1000.000000000000000 ) ;
#2235 = CARTESIAN_POINT ( 'NONE',  ( -9.392150697963900896, 1.699999999999999956, -0.2000000000000000389 ) ) ;
#2236 = CIRCLE ( 'NONE', #6529, 0.9999999999999940048 ) ;
#2237 = EDGE_CURVE ( 'NONE', #5781, #3679, #6122, .T. ) ;
#2238 = ORIENTED_EDGE ( 'NONE', *, *, #4577, .T. ) ;
#2239 = CARTESIAN_POINT ( 'NONE',  ( -17.07128290164564888, -0.5999999999999996447, 8.944718803265367058 ) ) ;
#2240 = CARTESIAN_POINT ( 'NONE',  ( -23.50000000000000000, 7.882179676972460136, 0.000000000000000000 ) ) ;
#2241 = ORIENTED_EDGE ( 'NONE', *, *, #1794, .F. ) ;
#2242 = VECTOR ( 'NONE', #3415, 1000.000000000000227 ) ;
#2243 = DIRECTION ( 'NONE',  ( 1.000000000000000000, 0.000000000000000000, 0.000000000000000000 ) ) ;
#2244 = CARTESIAN_POINT ( 'NONE',  ( -12.49554056684074865, -0.9999999999999997780, 10.83758725961048519 ) ) ;
#2245 = ORIENTED_EDGE ( 'NONE', *, *, #8024, .T. ) ;
#2246 = ORIENTED_EDGE ( 'NONE', *, *, #3206, .F. ) ;
#2247 = CARTESIAN_POINT ( 'NONE',  ( -26.13371685740840178, 9.402756813566508498, 0.000000000000000000 ) ) ;
#2248 = ORIENTED_EDGE ( 'NONE', *, *, #7060, .F. ) ;
#2249 = LINE ( 'NONE', #881, #2951 ) ;
#2250 = ORIENTED_EDGE ( 'NONE', *, *, #189, .T. ) ;
#2251 = CARTESIAN_POINT ( 'NONE',  ( -47.45070415551619902, 11.31782032302749919, 0.000000000000000000 ) ) ;
#2252 = AXIS2_PLACEMENT_3D ( 'NONE', #1708, #2363, #273 ) ;
#2253 = LINE ( 'NONE', #1601, #8580 ) ;
#2254 = CARTESIAN_POINT ( 'NONE',  ( -48.80035978499709159, -1.000000000000000222, 9.025731659529938611 ) ) ;
#2255 = VERTEX_POINT ( 'NONE', #763 ) ;
#2256 = DIRECTION ( 'NONE',  ( 0.5000000000000014433, 0.8660254037844378194, 0.000000000000000000 ) ) ;
#2257 = EDGE_CURVE ( 'NONE', #2843, #2789, #2710, .T. ) ;
#2258 = CARTESIAN_POINT ( 'NONE',  ( -18.92361267893760868, -1.000000000000000000, 12.08990198790215764 ) ) ;
#2259 = EDGE_LOOP ( 'NONE', ( #8224, #6274, #697, #8320 ) ) ;
#2260 = DIRECTION ( 'NONE',  ( 0.8660254037844332675, -0.5000000000000092149, 0.000000000000000000 ) ) ;
#2261 = LINE ( 'NONE', #216, #3930 ) ;
#2262 = ORIENTED_EDGE ( 'NONE', *, *, #6656, .F. ) ;
#2263 = DIRECTION ( 'NONE',  ( 0.8660254037844384856, -0.5000000000000003331, 0.000000000000000000 ) ) ;
#2264 = CARTESIAN_POINT ( 'NONE',  ( -28.84536331640767415, -0.6000000000000000888, 11.31487071008127288 ) ) ;
#2265 = B_SPLINE_CURVE_WITH_KNOTS ( 'NONE', 3,
 ( #2565, #566, #5397, #7450, #3417, #3325, #1288, #1911, #1331, #5439, #4818, #3962, #2741, #3280, #5310, #7494, #1955, #6022, #8743 ),
 .UNSPECIFIED., .F., .F.,
 ( 4, 1, 1, 1, 1, 1, 1, 1, 1, 1, 1, 1, 1, 1, 1, 1, 4 ),
 ( 0.000000000000000000, 0.06309565136562546306, 0.1239514016813179076, 0.1827110115365284115, 0.2402055871725875535, 0.2972171794580890647, 0.3546448570009386181, 0.4128968538364464758, 0.4726649806940408927, 0.5333840565634606623, 0.5943405859397068447, 0.6563888886088051766, 0.7199007911699144557, 0.7853464048423194344, 0.8537890560462549905, 0.9249540786285178617, 1.000000000000000000 ),
 .UNSPECIFIED. ) ;
#2266 = LINE ( 'NONE', #5004, #5023 ) ;
#2267 = DIRECTION ( 'NONE',  ( 0.4999999999999932276, 0.8660254037844425934, 0.000000000000000000 ) ) ;
#2268 = VECTOR ( 'NONE', #1178, 1000.000000000000227 ) ;
#2269 = CARTESIAN_POINT ( 'NONE',  ( -44.29999999999999716, 1.699999999999999956, 0.000000000000000000 ) ) ;
#2270 = ADVANCED_FACE ( 'NONE', ( #1383 ), #4453, .T. ) ;
#2271 = CARTESIAN_POINT ( 'NONE',  ( -43.74098378802475651, -0.5999999999999998668, 10.81037771255542523 ) ) ;
#2272 = DIRECTION ( 'NONE',  ( 0.000000000000000000, 0.000000000000000000, 1.000000000000000000 ) ) ;
#2273 = CARTESIAN_POINT ( 'NONE',  ( -23.40070415551731742, 13.13647367099202867, -0.9000000000000000222 ) ) ;
#2274 = ORIENTED_EDGE ( 'NONE', *, *, #2536, .T. ) ;
#2275 = CARTESIAN_POINT ( 'NONE',  ( -21.32328373156918389, -0.9999999999999995559, 5.973125672112684192 ) ) ;
#2276 = FACE_OUTER_BOUND ( 'NONE', #3509, .T. ) ;
#2277 = DIRECTION ( 'NONE',  ( -0.5000000000000061062, -0.8660254037844351549, -9.476346269835266841E-17 ) ) ;
#2278 = EDGE_CURVE ( 'NONE', #2361, #7669, #2753, .T. ) ;
#2279 = ADVANCED_FACE ( 'NONE', ( #3475 ), #2805, .F. ) ;
#2280 = PLANE ( 'NONE',  #3463 ) ;
#2281 = CARTESIAN_POINT ( 'NONE',  ( -21.32328373156918389, -0.6000000000000000888, 5.973125672112684192 ) ) ;
#2282 = EDGE_LOOP ( 'NONE', ( #2871, #7373, #6829, #8118, #929, #6840, #1243, #7718 ) ) ;
#2283 = FACE_OUTER_BOUND ( 'NONE', #3023, .T. ) ;
#2284 = EDGE_LOOP ( 'NONE', ( #3058, #1316, #1863, #2653 ) ) ;
#2285 = VECTOR ( 'NONE', #6717, 1000.000000000000000 ) ;
#2286 = DIRECTION ( 'NONE',  ( -0.000000000000000000, -1.000000000000000000, -0.000000000000000000 ) ) ;
#2287 = CARTESIAN_POINT ( 'NONE',  ( -19.42501653429032871, -1.000000000000000222, 6.906996973109859717 ) ) ;
#2288 = ADVANCED_FACE ( 'NONE', ( #8642 ), #1658, .T. ) ;
#2290 = VECTOR ( 'NONE', #6900, 1000.000000000000227 ) ;
#2289 = AXIS2_PLACEMENT_3D ( 'NONE', #132, #5362, #8088 ) ;
#2291 = VERTEX_POINT ( 'NONE', #5252 ) ;
#2292 = EDGE_LOOP ( 'NONE', ( #6208, #116, #5550, #8171, #6421, #1237, #1714, #8073 ) ) ;
#2293 = PLANE ( 'NONE',  #1011 ) ;
#2294 = ORIENTED_EDGE ( 'NONE', *, *, #1454, .F. ) ;
#2295 = CARTESIAN_POINT ( 'NONE',  ( -48.28371685740840036, 10.87500000000000000, 20.10000000000000142 ) ) ;
#2296 = ORIENTED_EDGE ( 'NONE', *, *, #3258, .T. ) ;
#2297 = DIRECTION ( 'NONE',  ( 0.7071067811865450192, -0.7071067811865500152, 0.000000000000000000 ) ) ;
#2298 = DIRECTION ( 'NONE',  ( 0.4999999999999994449, 0.8660254037844389297, 0.000000000000000000 ) ) ;
#2299 = CARTESIAN_POINT ( 'NONE',  ( -26.32149175861992063, -0.9999999999999997780, 8.049714793748339758 ) ) ;
#2300 = EDGE_LOOP ( 'NONE', ( #922, #4728, #3813, #1452 ) ) ;
#2301 = CARTESIAN_POINT ( 'NONE',  ( -18.19950594900136309, -1.000000000000000222, 11.94093354282247610 ) ) ;
#2302 = VERTEX_POINT ( 'NONE', #6632 ) ;
#2303 = CARTESIAN_POINT ( 'NONE',  ( -27.96046990000860077, -0.9999999999999997780, 11.88195087725122612 ) ) ;
#2304 = DIRECTION ( 'NONE',  ( 1.000000000000000000, 0.000000000000000000, 0.000000000000000000 ) ) ;
#2305 = ORIENTED_EDGE ( 'NONE', *, *, #3851, .F. ) ;
#2306 = CARTESIAN_POINT ( 'NONE',  ( -27.20453373156918531, -1.000000000000000000, 9.144178303691631982 ) ) ;
#2307 = VERTEX_POINT ( 'NONE', #4961 ) ;
#2308 = DIRECTION ( 'NONE',  ( -2.891205793294680200E-15, -1.000000000000000000, 0.000000000000000000 ) ) ;
#2309 = CARTESIAN_POINT ( 'NONE',  ( 0.6999999999999999556, 7.997649730810350910, 0.000000000000000000 ) ) ;
#2310 = CARTESIAN_POINT ( 'NONE',  ( -51.45025741577971701, -0.6000000000000000888, 11.98463883000742136 ) ) ;
#2311 = CARTESIAN_POINT ( 'NONE',  ( -45.43275971719831574, -0.9999999999999995559, 6.901367954618664591 ) ) ;
#2312 = FACE_OUTER_BOUND ( 'NONE', #5563, .T. ) ;
#2313 = DIRECTION ( 'NONE',  ( -0.8660254037844389297, 0.4999999999999994449, -0.000000000000000000 ) ) ;
#2314 = DIRECTION ( 'NONE',  ( -1.000000000000000000, -1.697280072648819919E-16, 0.000000000000000000 ) ) ;
#2315 = VERTEX_POINT ( 'NONE', #2981 ) ;
#2316 = EDGE_CURVE ( 'NONE', #7811, #7467, #2892, .T. ) ;
#2317 = CARTESIAN_POINT ( 'NONE',  ( -21.31641288252173538, -0.9999999999999997780, 6.264985160292822819 ) ) ;
#2318 = CARTESIAN_POINT ( 'NONE',  ( -11.12420150553280074, 1.700000000000004396, -0.2000000000000000389 ) ) ;
#2319 = PLANE ( 'NONE',  #3947 ) ;
#2320 = EDGE_CURVE ( 'NONE', #4482, #8563, #1143, .T. ) ;
#2321 = LINE ( 'NONE', #6531, #2612 ) ;
#2322 = CARTESIAN_POINT ( 'NONE',  ( -50.48389711804703950, -0.6000000000000005329, 11.74922394191066033 ) ) ;
#2323 = ORIENTED_EDGE ( 'NONE', *, *, #3301, .F. ) ;
#2324 = ADVANCED_FACE ( 'NONE', ( #6429 ), #3183, .T. ) ;
#2325 = VECTOR ( 'NONE', #8208, 1000.000000000000227 ) ;
#2326 = CARTESIAN_POINT ( 'NONE',  ( -10.88117846841128689, -0.6000000000000000888, 5.353059882638999234 ) ) ;
#2327 = ORIENTED_EDGE ( 'NONE', *, *, #6072, .T. ) ;
#2328 = CARTESIAN_POINT ( 'NONE',  ( -21.32328373156918389, -1.000000000000000000, 5.353059882638999234 ) ) ;
#2329 = CARTESIAN_POINT ( 'NONE',  ( -24.60906586822473230, -0.6000000000000003109, 9.436308346986304940 ) ) ;
#2330 = VECTOR ( 'NONE', #8700, 1000.000000000000000 ) ;
#2331 = VECTOR ( 'NONE', #4346, 1000.000000000000000 ) ;
#2332 = ORIENTED_EDGE ( 'NONE', *, *, #4213, .T. ) ;
#2333 = ORIENTED_EDGE ( 'NONE', *, *, #6275, .F. ) ;
#2334 = CARTESIAN_POINT ( 'NONE',  ( -10.88117846841128689, -0.6000000000000000888, 5.353059882638999234 ) ) ;
#2335 = ORIENTED_EDGE ( 'NONE', *, *, #930, .F. ) ;
#2336 = ADVANCED_FACE ( 'NONE', ( #1856 ), #4586, .T. ) ;
#2337 = CARTESIAN_POINT ( 'NONE',  ( -18.85526079633443430, -0.6000000000000000888, 7.633822231476623976 ) ) ;
#2338 = ADVANCED_FACE ( 'NONE', ( #1186 ), #5922, .T. ) ;
#2339 = VERTEX_POINT ( 'NONE', #5720 ) ;
#2340 = CARTESIAN_POINT ( 'NONE',  ( -48.63371685740839467, 10.26878221735089980, 0.000000000000000000 ) ) ;
#2341 = CARTESIAN_POINT ( 'NONE',  ( -16.58801323664577509, -1.000000000000000222, 9.436308346986304940 ) ) ;
#2342 = CARTESIAN_POINT ( 'NONE',  ( -23.00000000000000000, 1.699999999999969980, -0.9000000000000000222 ) ) ;
#2343 = ORIENTED_EDGE ( 'NONE', *, *, #1852, .T. ) ;
#2344 = CARTESIAN_POINT ( 'NONE',  ( -26.05486267893761010, -0.6000000000000000888, 8.232994093165316940 ) ) ;
#2345 = ORIENTED_EDGE ( 'NONE', *, *, #7351, .T. ) ;
#2346 = CARTESIAN_POINT ( 'NONE',  ( -2.230127018922159809, 11.76782032302750025, 0.000000000000000000 ) ) ;
#2347 = CARTESIAN_POINT ( 'NONE',  ( -27.71069237071168700, -1.000000000000000222, 11.97530667582238273 ) ) ;
#2348 = ORIENTED_EDGE ( 'NONE', *, *, #8526, .T. ) ;
#2349 = DIRECTION ( 'NONE',  ( 0.000000000000000000, 0.000000000000000000, -1.000000000000000000 ) ) ;
#2350 = VECTOR ( 'NONE', #8714, 1000.000000000000114 ) ;
#2351 = CIRCLE ( 'NONE', #8065, 3.000000000000000000 ) ;
#2352 = ORIENTED_EDGE ( 'NONE', *, *, #6980, .F. ) ;
#2353 = LINE ( 'NONE', #5891, #4700 ) ;
#2354 = DIRECTION ( 'NONE',  ( 0.000000000000000000, 1.000000000000000000, 0.000000000000000000 ) ) ;
#2355 = CARTESIAN_POINT ( 'NONE',  ( -51.70195831909960305, 8.691600689896679555, 0.000000000000000000 ) ) ;
#2356 = FACE_OUTER_BOUND ( 'NONE', #3893, .T. ) ;
#2357 = VECTOR ( 'NONE', #7895, 1000.000000000000000 ) ;
#2358 = CARTESIAN_POINT ( 'NONE',  ( -43.95486073852632103, -0.5999999999999998668, 10.36851273804107265 ) ) ;
#2359 = LINE ( 'NONE', #2486, #592 ) ;
#2360 = CARTESIAN_POINT ( 'NONE',  ( -24.60906586822473230, -0.6000000000000003109, 9.436308346986304940 ) ) ;
#2361 = VERTEX_POINT ( 'NONE', #3653 ) ;
#2362 = DIRECTION ( 'NONE',  ( 0.000000000000000000, 0.000000000000000000, 1.000000000000000000 ) ) ;
#2363 = DIRECTION ( 'NONE',  ( 0.4999999999935974548, 0.8660254037881351952, 0.000000000000000000 ) ) ;
#2364 = DIRECTION ( 'NONE',  ( -0.5000000000000059952, -0.8660254037844351549, 0.000000000000000000 ) ) ;
#2365 = CARTESIAN_POINT ( 'NONE',  ( -47.88371685740839467, 11.56782032302750096, 20.10000000000000142 ) ) ;
#2366 = CARTESIAN_POINT ( 'NONE',  ( -17.90065764476630861, -0.6000000000000000888, 11.67231097751628432 ) ) ;
#2367 = EDGE_CURVE ( 'NONE', #7973, #413, #3901, .T. ) ;
#2368 = DIRECTION ( 'NONE',  ( -1.000000000000000000, 0.000000000000000000, 0.000000000000000000 ) ) ;
#2369 = ORIENTED_EDGE ( 'NONE', *, *, #7755, .F. ) ;
#2370 = CARTESIAN_POINT ( 'NONE',  ( -39.80749425788496154, -0.6000000000000000888, 13.15240198790215764 ) ) ;
#2371 = ORIENTED_EDGE ( 'NONE', *, *, #8388, .F. ) ;
#2372 = CARTESIAN_POINT ( 'NONE',  ( -49.31502264304105410, -1.000000000000000222, 12.99878189308876664 ) ) ;
#2373 = CARTESIAN_POINT ( 'NONE',  ( -25.92162560986507458, -0.9999999999999991118, 8.324842580625603006 ) ) ;
#2374 = CIRCLE ( 'NONE', #4677, 0.9999999999999835687 ) ;
#2375 = VECTOR ( 'NONE', #2204, 1000.000000000000000 ) ;
#2376 = EDGE_CURVE ( 'NONE', #7314, #8531, #5285, .T. ) ;
#2377 = ADVANCED_FACE ( 'NONE', ( #3609 ), #6343, .F. ) ;
#2378 = EDGE_LOOP ( 'NONE', ( #4671, #1264, #587, #6002, #3739, #6021, #5603, #2665, #3455, #6336, #5878 ) ) ;
#2379 = VERTEX_POINT ( 'NONE', #8441 ) ;
#2380 = CARTESIAN_POINT ( 'NONE',  ( -16.45055408217264414, -0.6000000000000003109, 9.616731248157075029 ) ) ;
#2381 = VECTOR ( 'NONE', #6514, 1000.000000000000000 ) ;
#2382 = ORIENTED_EDGE ( 'NONE', *, *, #3180, .F. ) ;
#2383 = CARTESIAN_POINT ( 'NONE',  ( -11.68023817072501913, -0.6000000000000000888, 11.05449039310960302 ) ) ;
#2384 = ORIENTED_EDGE ( 'NONE', *, *, #4122, .T. ) ;
#2385 = DIRECTION ( 'NONE',  ( 0.5000000000000131006, 0.8660254037844311581, 0.000000000000000000 ) ) ;
#2386 = CARTESIAN_POINT ( 'NONE',  ( -48.25855916150560176, -1.000000000000000000, 9.952088590633501042 ) ) ;
#2387 = EDGE_CURVE ( 'NONE', #3140, #997, #7819, .T. ) ;
#2388 = ORIENTED_EDGE ( 'NONE', *, *, #6713, .F. ) ;
#2389 = EDGE_CURVE ( 'NONE', #2789, #2227, #2266, .T. ) ;
#2390 = CARTESIAN_POINT ( 'NONE',  ( -17.82825204350587001, -0.6000000000000003109, 10.52583176461639347 ) ) ;
#2391 = VERTEX_POINT ( 'NONE', #1611 ) ;
#2392 = DIRECTION ( 'NONE',  ( -0.000000000000000000, -1.000000000000000000, -0.000000000000000000 ) ) ;
#2393 = CARTESIAN_POINT ( 'NONE',  ( -27.14933037493643653, 9.180831174438425890, -0.2000000000000000389 ) ) ;
#2394 = ORIENTED_EDGE ( 'NONE', *, *, #5570, .F. ) ;
#2395 = CARTESIAN_POINT ( 'NONE',  ( -45.70788383248145692, 12.73647367098722505, 7.450000000000003730 ) ) ;
#2396 = ORIENTED_EDGE ( 'NONE', *, *, #6123, .T. ) ;
#2397 = DIRECTION ( 'NONE',  ( -0.000000000000000000, -1.000000000000000000, -0.000000000000000000 ) ) ;
#2398 = VECTOR ( 'NONE', #1523, 1000.000000000000000 ) ;
#2399 = LINE ( 'NONE', #352, #3922 ) ;
#2400 = CARTESIAN_POINT ( 'NONE',  ( -45.61598655636788635, -1.000000000000000444, 7.226459553139680025 ) ) ;
#2401 = ADVANCED_FACE ( 'NONE', ( #4336 ), #6390, .T. ) ;
#2402 = LINE ( 'NONE', #402, #916 ) ;
#2403 = CARTESIAN_POINT ( 'NONE',  ( -52.14433636314813469, -1.000000000000000000, 8.089901987902157643 ) ) ;
#2404 = LINE ( 'NONE', #4511, #3351 ) ;
#2405 = ORIENTED_EDGE ( 'NONE', *, *, #1945, .T. ) ;
#2406 = DIRECTION ( 'NONE',  ( -1.000000000000000000, 1.141265444721583708E-15, 0.000000000000000000 ) ) ;
#2407 = CARTESIAN_POINT ( 'NONE',  ( -10.17723109999023734, -1.000000000000000222, 13.45832304053373818 ) ) ;
#2408 = VECTOR ( 'NONE', #6056, 1000.000000000000114 ) ;
#2409 = DIRECTION ( 'NONE',  ( -1.000000000000000000, 0.000000000000000000, 0.000000000000000000 ) ) ;
#2410 = CARTESIAN_POINT ( 'NONE',  ( -24.88371685740840178, 11.56782032302750096, 0.000000000000000000 ) ) ;
#2411 = CARTESIAN_POINT ( 'NONE',  ( -18.00871222819220918, -0.6000000000000000888, 11.80173094658537281 ) ) ;
#2412 = DIRECTION ( 'NONE',  ( -0.8660254037844171693, 0.5000000000000371925, -0.000000000000000000 ) ) ;
#2413 = ORIENTED_EDGE ( 'NONE', *, *, #7838, .F. ) ;
#2414 = DIRECTION ( 'NONE',  ( -0.4999999999999832911, -0.8660254037844482555, 0.000000000000000000 ) ) ;
#2415 = DIRECTION ( 'NONE',  ( 0.000000000000000000, 0.000000000000000000, 1.000000000000000000 ) ) ;
#2416 = CYLINDRICAL_SURFACE ( 'NONE', #4228, 2.000000000000001776 ) ;
#2417 = EDGE_CURVE ( 'NONE', #2126, #3952, #5052, .T. ) ;
#2418 = DIRECTION ( 'NONE',  ( 0.000000000000000000, 0.000000000000000000, -1.000000000000000000 ) ) ;
#2419 = ORIENTED_EDGE ( 'NONE', *, *, #3511, .F. ) ;
#2420 = VERTEX_POINT ( 'NONE', #1365 ) ;
#2421 = CARTESIAN_POINT ( 'NONE',  ( -27.19992494264274541, -0.9999999999999997780, 7.334199025909230230 ) ) ;
#2422 = ORIENTED_EDGE ( 'NONE', *, *, #8176, .F. ) ;
#2423 = CARTESIAN_POINT ( 'NONE',  ( -43.72138747476321896, -1.000000000000000444, 5.508348244037241770 ) ) ;
#2424 = ORIENTED_EDGE ( 'NONE', *, *, #7787, .F. ) ;
#2425 = CARTESIAN_POINT ( 'NONE',  ( 14.58934475965829236, -1.000000000000000000, 20.10000000000000142 ) ) ;
#2426 = ADVANCED_FACE ( 'NONE', ( #8196 ), #2070, .T. ) ;
#2428 = AXIS2_PLACEMENT_3D ( 'NONE', #8007, #5911, #3937 ) ;
#2427 = VECTOR ( 'NONE', #2819, 1000.000000000000114 ) ;
#2429 = DIRECTION ( 'NONE',  ( 0.5000000000000062172, 0.8660254037844351549, -0.000000000000000000 ) ) ;
#2430 = ORIENTED_EDGE ( 'NONE', *, *, #4070, .F. ) ;
#2431 = DIRECTION ( 'NONE',  ( 0.000000000000000000, 0.000000000000000000, 1.000000000000000000 ) ) ;
#2432 = CARTESIAN_POINT ( 'NONE',  ( -17.22755121016717794, -0.9999999999999997780, 13.21655031022526217 ) ) ;
#2433 = ORIENTED_EDGE ( 'NONE', *, *, #6422, .T. ) ;
#2434 = CARTESIAN_POINT ( 'NONE',  ( -46.00000000000000000, 7.593504542377649713, 0.000000000000000000 ) ) ;
#2435 = CARTESIAN_POINT ( 'NONE',  ( -68.29999999999999716, 7.997649730810350910, 20.10000000000000142 ) ) ;
#2436 = ORIENTED_EDGE ( 'NONE', *, *, #8401, .T. ) ;
#2437 = DIRECTION ( 'NONE',  ( 0.000000000000000000, 0.000000000000000000, -1.000000000000000000 ) ) ;
#2438 = VERTEX_POINT ( 'NONE', #4041 ) ;
#2439 = AXIS2_PLACEMENT_3D ( 'NONE', #4883, #7602, #1528 ) ;
#2440 = DIRECTION ( 'NONE',  ( -0.000000000000000000, -1.000000000000000000, -0.000000000000000000 ) ) ;
#2441 = EDGE_CURVE ( 'NONE', #1428, #4737, #1883, .T. ) ;
#2442 = EDGE_CURVE ( 'NONE', #4827, #8563, #4850, .T. ) ;
#2443 = PLANE ( 'NONE',  #7495 ) ;
#2444 = CARTESIAN_POINT ( 'NONE',  ( -43.72138747476321896, -0.6000000000000005329, 5.508348244037241770 ) ) ;
#2445 = CARTESIAN_POINT ( 'NONE',  ( -44.12087236794346978, -0.6000000000000000888, 9.404673076053921221 ) ) ;
#2446 = FACE_OUTER_BOUND ( 'NONE', #2378, .T. ) ;
#2447 = CARTESIAN_POINT ( 'NONE',  ( -57.12420150553280251, 1.699999999999999956, 20.10000000000000142 ) ) ;
#2448 = ORIENTED_EDGE ( 'NONE', *, *, #6163, .T. ) ;
#2449 = FACE_OUTER_BOUND ( 'NONE', #3162, .T. ) ;
#2450 = EDGE_CURVE ( 'NONE', #8531, #3846, #8687, .T. ) ;
#2451 = EDGE_CURVE ( 'NONE', #1734, #5961, #8777, .T. ) ;
#2452 = CARTESIAN_POINT ( 'NONE',  ( -21.00507900787838977, -0.9999999999999995559, 7.298196685397028816 ) ) ;
#2453 = CARTESIAN_POINT ( 'NONE',  ( -20.36623073235534065, -1.000000000000000000, 13.08467914565414070 ) ) ;
#2454 = CARTESIAN_POINT ( 'NONE',  ( -44.11867523863845975, -1.000000000000000000, 9.036362874762010833 ) ) ;
#2455 = DIRECTION ( 'NONE',  ( 0.000000000000000000, 0.000000000000000000, 1.000000000000000000 ) ) ;
#2456 = DIRECTION ( 'NONE',  ( 0.000000000000000000, 0.000000000000000000, -1.000000000000000000 ) ) ;
#2457 = ORIENTED_EDGE ( 'NONE', *, *, #5128, .T. ) ;
#2458 = B_SPLINE_CURVE_WITH_KNOTS ( 'NONE', 3,
 ( #6489, #1127, #5823, #1038, #2366, #2411, #7111, #5948, #7831, #3843, #411, #7874, #1752, #7200, #7913 ),
 .UNSPECIFIED., .F., .F.,
 ( 4, 1, 1, 1, 1, 1, 1, 1, 1, 1, 1, 1, 4 ),
 ( 0.000000000000000000, 0.1367039883603697048, 0.2586833526536852501, 0.3709414131933319592, 0.4785760303022709161, 0.5331492739294553251, 0.5900053033407540726, 0.6481585953923468812, 0.7104150693803554795, 0.7756764888071543407, 0.8461861521810664089, 0.9204958455208714918, 1.000000000000000000 ),
 .UNSPECIFIED. ) ;
#2459 = CARTESIAN_POINT ( 'NONE',  ( -19.43672119922842256, -0.5999999999999998668, 12.04114164335061332 ) ) ;
#2460 = CARTESIAN_POINT ( 'NONE',  ( -50.66894561720710044, 9.480831174438426601, 19.40000000000000213 ) ) ;
#2461 = DIRECTION ( 'NONE',  ( 0.000000000000000000, 0.000000000000000000, 1.000000000000000000 ) ) ;
#2462 = DIRECTION ( 'NONE',  ( -1.000000000000000000, 0.000000000000000000, 0.000000000000000000 ) ) ;
#2463 = ORIENTED_EDGE ( 'NONE', *, *, #4805, .T. ) ;
#2464 = VECTOR ( 'NONE', #2029, 1000.000000000000114 ) ;
#2465 = CARTESIAN_POINT ( 'NONE',  ( -15.99205414764425370, -0.6000000000000003109, 10.67843027939516887 ) ) ;
#2466 = EDGE_LOOP ( 'NONE', ( #8290, #5718, #6220, #7210 ) ) ;
#2467 = CARTESIAN_POINT ( 'NONE',  ( -42.94746805471123707, -1.000000000000000222, 5.308809546622576647 ) ) ;
#2468 = ORIENTED_EDGE ( 'NONE', *, *, #4578, .T. ) ;
#2469 = LINE ( 'NONE', #3683, #1800 ) ;
#2470 = AXIS2_PLACEMENT_3D ( 'NONE', #3034, #3702, #1703 ) ;
#2471 = CARTESIAN_POINT ( 'NONE',  ( -18.54861267893760512, -1.000000000000000000, 13.45832304053373818 ) ) ;
#2472 = ORIENTED_EDGE ( 'NONE', *, *, #8670, .T. ) ;
#2473 = EDGE_CURVE ( 'NONE', #5749, #7969, #5297, .T. ) ;
#2474 = DIRECTION ( 'NONE',  ( 1.000000000000000000, 0.000000000000000000, -0.000000000000000000 ) ) ;
#2475 = ORIENTED_EDGE ( 'NONE', *, *, #1187, .F. ) ;
#2476 = EDGE_CURVE ( 'NONE', #8362, #1581, #8112, .T. ) ;
#2477 = DIRECTION ( 'NONE',  ( 0.5000000000000003331, 0.8660254037844384856, 0.000000000000000000 ) ) ;
#2478 = CARTESIAN_POINT ( 'NONE',  ( -41.67918202419151186, -0.6000000000000003109, 13.45745411035514216 ) ) ;
#2479 = ORIENTED_EDGE ( 'NONE', *, *, #1636, .F. ) ;
#2480 = CARTESIAN_POINT ( 'NONE',  ( -0.2078838324814590577, 11.87044826720278934, 11.75000000000000355 ) ) ;
#2481 = ORIENTED_EDGE ( 'NONE', *, *, #6061, .F. ) ;
#2482 = CARTESIAN_POINT ( 'NONE',  ( -28.61268244924369597, -0.5999999999999996447, 7.931292166661541465 ) ) ;
#2483 = FACE_OUTER_BOUND ( 'NONE', #3241, .T. ) ;
#2484 = CARTESIAN_POINT ( 'NONE',  ( -21.11890795778687746, -0.9999999999999995559, 7.063442957108943432 ) ) ;
#2485 = CARTESIAN_POINT ( 'NONE',  ( -43.95486073852632103, -0.9999999999999997780, 10.36851273804107265 ) ) ;
#2486 = CARTESIAN_POINT ( 'NONE',  ( 15.09374768689830049, 12.27365149746590056, 20.10000000000000142 ) ) ;
#2487 = EDGE_CURVE ( 'NONE', #8105, #7209, #2732, .T. ) ;
#2488 = CARTESIAN_POINT ( 'NONE',  ( -26.70195831909959949, 8.691600689896679555, 0.000000000000000000 ) ) ;
#2489 = CIRCLE ( 'NONE', #3631, 2.000000000000005329 ) ;
#2490 = ORIENTED_EDGE ( 'NONE', *, *, #5558, .T. ) ;
#2491 = CARTESIAN_POINT ( 'NONE',  ( -49.49974226119279308, 10.76878221735089447, -0.9000000000000000222 ) ) ;
#2492 = PLANE ( 'NONE',  #1555 ) ;
#2493 = DIRECTION ( 'NONE',  ( 0.000000000000000000, 0.000000000000000000, -1.000000000000000000 ) ) ;
#2494 = VECTOR ( 'NONE', #3379, 1000.000000000000000 ) ;
#2495 = DIRECTION ( 'NONE',  ( -1.000000000000000000, 0.000000000000000000, 0.000000000000000000 ) ) ;
#2496 = CARTESIAN_POINT ( 'NONE',  ( -70.00000000000000000, 7.016154273188029755, -0.9000000000000000222 ) ) ;
#2497 = EDGE_CURVE ( 'NONE', #5254, #6784, #6642, .T. ) ;
#2498 = B_SPLINE_CURVE_WITH_KNOTS ( 'NONE', 3,
 ( #598, #3895, #4757, #6759, #640, #4800, #1983, #7435, #1317, #8106, #3354, #5380, #2062, #8818, #2549 ),
 .UNSPECIFIED., .F., .F.,
 ( 4, 1, 1, 1, 1, 1, 1, 1, 1, 1, 1, 1, 4 ),
 ( 0.000000000000000000, 0.1367039883603697048, 0.2586833526536852501, 0.3709414131933319592, 0.4785760303022709161, 0.5331492739294553251, 0.5900053033407540726, 0.6481585953923468812, 0.7104150693803554795, 0.7756764888071543407, 0.8461861521810664089, 0.9204958455208714918, 1.000000000000000000 ),
 .UNSPECIFIED. ) ;
#2499 = EDGE_CURVE ( 'NONE', #8067, #2119, #557, .T. ) ;
#2500 = CARTESIAN_POINT ( 'NONE',  ( -35.47065215262180971, -0.6000000000000000888, 5.353059882638998346 ) ) ;
#2501 = ORIENTED_EDGE ( 'NONE', *, *, #2895, .T. ) ;
#2502 = CARTESIAN_POINT ( 'NONE',  ( -19.18099276673383358, -0.6000000000000003109, 12.08226882825182358 ) ) ;
#2503 = CARTESIAN_POINT ( 'NONE',  ( -41.54263195046153356, -1.000000000000000000, 11.87782203073417087 ) ) ;
#2504 = CARTESIAN_POINT ( 'NONE',  ( -48.43114265483784919, -1.000000000000000222, 12.14431982003273269 ) ) ;
#2505 = DIRECTION ( 'NONE',  ( -1.000000000000000000, 0.000000000000000000, 0.000000000000000000 ) ) ;
#2506 = ADVANCED_FACE ( 'NONE', ( #4721 ), #2906, .T. ) ;
#2507 = VERTEX_POINT ( 'NONE', #1455 ) ;
#2508 = DIRECTION ( 'NONE',  ( 0.000000000000000000, -0.000000000000000000, -1.000000000000000000 ) ) ;
#2509 = ORIENTED_EDGE ( 'NONE', *, *, #7259, .T. ) ;
#2510 = CARTESIAN_POINT ( 'NONE',  ( -0.4999999999999900080, 7.882179676972460136, 0.000000000000000000 ) ) ;
#2511 = ORIENTED_EDGE ( 'NONE', *, *, #4945, .T. ) ;
#2512 = LINE ( 'NONE', #7126, #8078 ) ;
#2513 = CARTESIAN_POINT ( 'NONE',  ( -51.29596775121442676, 3.057628406783276187, 8.450000000000020606 ) ) ;
#2514 = FACE_OUTER_BOUND ( 'NONE', #6233, .T. ) ;
#2515 = ORIENTED_EDGE ( 'NONE', *, *, #1735, .F. ) ;
#2516 = AXIS2_PLACEMENT_3D ( 'NONE', #5232, #2495, #7958 ) ;
#2517 = AXIS2_PLACEMENT_3D ( 'NONE', #8001, #3295, #1169 ) ;
#2518 = ORIENTED_EDGE ( 'NONE', *, *, #7966, .T. ) ;
#2519 = CARTESIAN_POINT ( 'NONE',  ( -27.96894561720710115, 8.961215932167762688, 0.000000000000000000 ) ) ;
#2520 = CARTESIAN_POINT ( 'NONE',  ( -40.01445987057139320, -1.000000000000000000, 13.22863998288572951 ) ) ;
#2521 = EDGE_LOOP ( 'NONE', ( #1996, #2004, #1986, #4903 ) ) ;
#2522 = DIRECTION ( 'NONE',  ( 0.000000000000000000, 0.000000000000000000, -1.000000000000000000 ) ) ;
#2523 = VERTEX_POINT ( 'NONE', #8418 ) ;
#2524 = CARTESIAN_POINT ( 'NONE',  ( -70.00000000000000000, 7.016154273188029755, 20.10000000000000142 ) ) ;
#2525 = EDGE_CURVE ( 'NONE', #7400, #2507, #1279, .T. ) ;
#2526 = FACE_OUTER_BOUND ( 'NONE', #6508, .T. ) ;
#2527 = DIRECTION ( 'NONE',  ( 0.5000000000001171285, 0.8660254037843710950, 0.000000000000000000 ) ) ;
#2528 = CARTESIAN_POINT ( 'NONE',  ( -7.906252313101699514, 12.27365149746590056, 0.000000000000000000 ) ) ;
#2529 = CARTESIAN_POINT ( 'NONE',  ( -41.72690215262179692, -1.000000000000000000, 6.826744093165315164 ) ) ;
#2530 = EDGE_LOOP ( 'NONE', ( #7939, #4225, #7854, #4576 ) ) ;
#2531 = CARTESIAN_POINT ( 'NONE',  ( -27.96894561720710115, 8.961215932167762688, -0.2000000000000000389 ) ) ;
#2532 = VERTEX_POINT ( 'NONE', #7663 ) ;
#2533 = CARTESIAN_POINT ( 'NONE',  ( -15.95486267893760690, -0.6000000000000000888, 6.826744093165315164 ) ) ;
#2534 = DIRECTION ( 'NONE',  ( 1.090037151450160023E-15, 1.000000000000000000, 0.000000000000000000 ) ) ;
#2535 = DIRECTION ( 'NONE',  ( 0.000000000000000000, 0.000000000000000000, 1.000000000000000000 ) ) ;
#2536 = EDGE_CURVE ( 'NONE', #1766, #2557, #3016, .T. ) ;
#2537 = DIRECTION ( 'NONE',  ( 0.8660254037844322683, -0.5000000000000112133, 0.000000000000000000 ) ) ;
#2538 = DIRECTION ( 'NONE',  ( 0.8660254037844384856, -0.5000000000000003331, 0.000000000000000000 ) ) ;
#2539 = CARTESIAN_POINT ( 'NONE',  ( -48.24407621969716331, -0.6000000000000003109, 11.66092198582440531 ) ) ;
#2540 = CARTESIAN_POINT ( 'NONE',  ( -45.87757482536071763, -0.6000000000000003109, 7.946383204541650258 ) ) ;
#2541 = ORIENTED_EDGE ( 'NONE', *, *, #4009, .F. ) ;
#2542 = DIRECTION ( 'NONE',  ( 0.000000000000000000, -1.000000000000000000, 0.000000000000000000 ) ) ;
#2543 = DIRECTION ( 'NONE',  ( 0.8660254037844318242, -0.5000000000000119904, 0.000000000000000000 ) ) ;
#2544 = DIRECTION ( 'NONE',  ( 0.5000000000001171285, 0.8660254037843710950, 0.000000000000000000 ) ) ;
#2545 = EDGE_CURVE ( 'NONE', #2648, #7779, #4738, .T. ) ;
#2546 = CARTESIAN_POINT ( 'NONE',  ( -20.90223109999023876, -0.6000000000000000888, 12.78727040895478950 ) ) ;
#2547 = AXIS2_PLACEMENT_3D ( 'NONE', #7206, #3806, #8593 ) ;
#2548 = ORIENTED_EDGE ( 'NONE', *, *, #5551, .T. ) ;
#2549 = CARTESIAN_POINT ( 'NONE',  ( -26.94466531051655522, -0.6000000000000000888, 12.08990198790215764 ) ) ;
#2550 = VERTEX_POINT ( 'NONE', #6992 ) ;
#2551 = DIRECTION ( 'NONE',  ( 0.000000000000000000, 0.000000000000000000, -1.000000000000000000 ) ) ;
#2552 = ORIENTED_EDGE ( 'NONE', *, *, #5308, .F. ) ;
#2553 = CARTESIAN_POINT ( 'NONE',  ( -50.97283565831656205, -0.5999999999999998668, 9.499306930357157341 ) ) ;
#2554 = ADVANCED_FACE ( 'NONE', ( #2156 ), #4272, .F. ) ;
#2555 = CARTESIAN_POINT ( 'NONE',  ( -53.93381004735865503, -1.000000000000000000, 13.35305988263900012 ) ) ;
#2556 = CARTESIAN_POINT ( 'NONE',  ( -50.61665455375469236, -0.9999999999999997780, 8.131076500000441243 ) ) ;
#2557 = VERTEX_POINT ( 'NONE', #2827 ) ;
#2558 = ORIENTED_EDGE ( 'NONE', *, *, #2117, .T. ) ;
#2559 = VECTOR ( 'NONE', #5107, 1000.000000000000000 ) ;
#2560 = FACE_OUTER_BOUND ( 'NONE', #7491, .T. ) ;
#2561 = CARTESIAN_POINT ( 'NONE',  ( -29.13996058936582401, -0.9999999999999995559, 7.063442957108943432 ) ) ;
#2562 = ORIENTED_EDGE ( 'NONE', *, *, #8834, .F. ) ;
#2563 = PLANE ( 'NONE',  #3812 ) ;
#2564 = ORIENTED_EDGE ( 'NONE', *, *, #3979, .F. ) ;
#2565 = CARTESIAN_POINT ( 'NONE',  ( -48.14433636314813469, -0.6000000000000000888, 10.79384935632321074 ) ) ;
#2566 = B_SPLINE_CURVE_WITH_KNOTS ( 'NONE', 3,
 ( #7087, #1688, #2299, #970, #3107, #3774, #3643, #4454, #7044, #7804, #6331, #8562, #7715 ),
 .UNSPECIFIED., .F., .F.,
 ( 4, 1, 1, 1, 1, 1, 1, 1, 1, 1, 4 ),
 ( 0.000000000000000000, 0.1603753861776184564, 0.3167880320051173482, 0.4639547215212923015, 0.5998108780809138230, 0.7215978882881363132, 0.8288275933772883963, 0.8766716099927726047, 0.9208419748405914929, 0.9610528601879236854, 1.000000000000000000 ),
 .UNSPECIFIED. ) ;
#2568 = VECTOR ( 'NONE', #8216, 1000.000000000000000 ) ;
#2567 = CIRCLE ( 'NONE', #1726, 0.5000000000000004441 ) ;
#2569 = PLANE ( 'NONE',  #5074 ) ;
#2570 = CARTESIAN_POINT ( 'NONE',  ( -53.90625231310169596, 12.27365149746590056, -0.9000000000000000222 ) ) ;
#2571 = FACE_OUTER_BOUND ( 'NONE', #5696, .T. ) ;
#2572 = CARTESIAN_POINT ( 'NONE',  ( -50.17476567760736117, -0.9999999999999997780, 11.39464388014898866 ) ) ;
#2573 = ORIENTED_EDGE ( 'NONE', *, *, #3694, .T. ) ;
#2574 = FACE_OUTER_BOUND ( 'NONE', #1461, .T. ) ;
#2576 = AXIS2_PLACEMENT_3D ( 'NONE', #8492, #5100, #7279 ) ;
#2575 = AXIS2_PLACEMENT_3D ( 'NONE', #8392, #2263, #4245 ) ;
#2577 = ORIENTED_EDGE ( 'NONE', *, *, #5196, .T. ) ;
#2578 = CARTESIAN_POINT ( 'NONE',  ( -40.03608539922219478, -0.9999999999999997780, 5.574170410639514017 ) ) ;
#2579 = CARTESIAN_POINT ( 'NONE',  ( -18.31789943073571081, -0.6000000000000000888, 9.838943678661337344 ) ) ;
#2580 = DIRECTION ( 'NONE',  ( 0.8660254037844257180, -0.5000000000000225375, 0.000000000000000000 ) ) ;
#2581 = DIRECTION ( 'NONE',  ( -0.8660254037844351549, 0.5000000000000061062, 0.000000000000000000 ) ) ;
#2582 = VECTOR ( 'NONE', #5732, 1000.000000000000000 ) ;
#2583 = PLANE ( 'NONE',  #5335 ) ;
#2584 = DIRECTION ( 'NONE',  ( -1.000000000000000000, 0.000000000000000000, 0.000000000000000000 ) ) ;
#2585 = ORIENTED_EDGE ( 'NONE', *, *, #7995, .T. ) ;
#2586 = EDGE_CURVE ( 'NONE', #3170, #3518, #2198, .T. ) ;
#2587 = ORIENTED_EDGE ( 'NONE', *, *, #6174, .F. ) ;
#2588 = LINE ( 'NONE', #2088, #3144 ) ;
#2589 = FACE_OUTER_BOUND ( 'NONE', #1746, .T. ) ;
#2590 = CARTESIAN_POINT ( 'NONE',  ( -26.22055858058030609, -1.000000000000000222, 11.94093354282247610 ) ) ;
#2591 = DIRECTION ( 'NONE',  ( -0.8660254037844384856, 0.5000000000000003331, 0.000000000000000000 ) ) ;
#2592 = ORIENTED_EDGE ( 'NONE', *, *, #531, .F. ) ;
#2593 = EDGE_CURVE ( 'NONE', #413, #2864, #5705, .T. ) ;
#2594 = CARTESIAN_POINT ( 'NONE',  ( -45.95108718553326810, -0.6000000000000005329, 10.08724050026382812 ) ) ;
#2595 = ORIENTED_EDGE ( 'NONE', *, *, #8608, .T. ) ;
#2596 = FACE_OUTER_BOUND ( 'NONE', #3770, .T. ) ;
#2597 = EDGE_LOOP ( 'NONE', ( #7514, #714, #678, #5427, #5088, #3967, #7721, #3100 ) ) ;
#2598 = CARTESIAN_POINT ( 'NONE',  ( -48.35293476897723508, -1.000000000000000000, 9.698575200008773933 ) ) ;
#2599 = CARTESIAN_POINT ( 'NONE',  ( -18.12342450645337522, -0.6000000000000000888, 8.171393628204475235 ) ) ;
#2600 = CARTESIAN_POINT ( 'NONE',  ( -55.19933037493642303, 0.4339745962156045800, 19.40000000000000213 ) ) ;
#2601 = AXIS2_PLACEMENT_3D ( 'NONE', #7058, #6432, #3158 ) ;
#2602 = VERTEX_POINT ( 'NONE', #4984 ) ;
#2603 = ORIENTED_EDGE ( 'NONE', *, *, #4592, .T. ) ;
#2604 = EDGE_CURVE ( 'NONE', #3705, #5926, #3500, .T. ) ;
#2605 = PLANE ( 'NONE',  #4978 ) ;
#2606 = EDGE_CURVE ( 'NONE', #4185, #2339, #6949, .T. ) ;
#2607 = DIRECTION ( 'NONE',  ( -0.5000000000000370814, -0.8660254037844171693, 0.000000000000000000 ) ) ;
#2608 = ORIENTED_EDGE ( 'NONE', *, *, #5671, .F. ) ;
#2609 = CARTESIAN_POINT ( 'NONE',  ( -40.95384935742451660, -0.6000000000000003109, 13.41774754298076289 ) ) ;
#2610 = VERTEX_POINT ( 'NONE', #7704 ) ;
#2611 = DIRECTION ( 'NONE',  ( 0.000000000000000000, 0.000000000000000000, -1.000000000000000000 ) ) ;
#2612 = VECTOR ( 'NONE', #324, 1000.000000000000000 ) ;
#2613 = CARTESIAN_POINT ( 'NONE',  ( -63.41191608131308044, 9.678845264289613226, 0.000000000000000000 ) ) ;
#2614 = CARTESIAN_POINT ( 'NONE',  ( -20.08537884979999788, -1.000000000000000000, 8.460146205115751883 ) ) ;
#2615 = CARTESIAN_POINT ( 'NONE',  ( -12.57361267893760370, -0.6000000000000000888, 12.30042830369163198 ) ) ;
#2616 = PLANE ( 'NONE',  #5073 ) ;
#2617 = ORIENTED_EDGE ( 'NONE', *, *, #8176, .T. ) ;
#2618 = EDGE_CURVE ( 'NONE', #8110, #8279, #155, .T. ) ;
#2619 = FACE_OUTER_BOUND ( 'NONE', #1373, .T. ) ;
#2620 = ORIENTED_EDGE ( 'NONE', *, *, #2013, .T. ) ;
#2621 = DIRECTION ( 'NONE',  ( -0.8660254037843756469, 0.5000000000001092459, 0.000000000000000000 ) ) ;
#2622 = CARTESIAN_POINT ( 'NONE',  ( -23.20788383248145692, 11.87044826720278934, 8.450000000000022382 ) ) ;
#2623 = CARTESIAN_POINT ( 'NONE',  ( -31.36538899472707342, -1.000000000000000000, 13.35305988263899835 ) ) ;
#2624 = CARTESIAN_POINT ( 'NONE',  ( -52.14118880364058128, 10.33083117443845822, 20.10000000000000142 ) ) ;
#2625 = CARTESIAN_POINT ( 'NONE',  ( -44.03125784386730146, -0.6000000000000000888, 10.12542089263933853 ) ) ;
#2626 = CARTESIAN_POINT ( 'NONE',  ( -43.47845153221862091, -1.000000000000000000, 7.496610094251752621 ) ) ;
#2627 = CARTESIAN_POINT ( 'NONE',  ( -24.01643429819849018, -0.5999999999999998668, 11.68681218735810212 ) ) ;
#2628 = EDGE_LOOP ( 'NONE', ( #1145, #1593, #5828, #8819 ) ) ;
#2629 = ORIENTED_EDGE ( 'NONE', *, *, #2476, .T. ) ;
#2630 = CARTESIAN_POINT ( 'NONE',  ( -20.67187522300740454, -1.000000000000000000, 11.44608733552980340 ) ) ;
#2631 = CIRCLE ( 'NONE', #6633, 1.000000000000000888 ) ;
#2632 = LINE ( 'NONE', #2460, #4863 ) ;
#2633 = DIRECTION ( 'NONE',  ( 1.000000000000000000, 0.000000000000000000, 0.000000000000000000 ) ) ;
#2634 = DIRECTION ( 'NONE',  ( -1.000000000000000000, 0.000000000000000000, 0.000000000000000000 ) ) ;
#2635 = VECTOR ( 'NONE', #872, 1000.000000000000000 ) ;
#2636 = AXIS2_PLACEMENT_3D ( 'NONE', #4780, #666, #6695 ) ;
#2637 = CARTESIAN_POINT ( 'NONE',  ( -17.94620321566788590, -0.6000000000000003109, 10.29171977115982983 ) ) ;
#2638 = ORIENTED_EDGE ( 'NONE', *, *, #4177, .F. ) ;
#2639 = CARTESIAN_POINT ( 'NONE',  ( -45.36200032166362206, -0.6000000000000000888, 11.64029926446091423 ) ) ;
#2640 = AXIS2_PLACEMENT_3D ( 'NONE', #6958, #5617, #3639 ) ;
#2641 = EDGE_LOOP ( 'NONE', ( #6817, #5730, #375, #6451, #8522, #1706, #4717, #2121, #4279, #8331, #195, #6458, #7167, #8214, #1656, #8211, #348, #8288, #7227, #876, #1405, #1696, #1840, #3906, #530, #3438, #5381, #6459, #465, #8640, #3733, #7008, #7274, #3188, #357, #4979, #2457, #2867, #2629, #4135, #2405, #7392, #7254, #3187, #7235, #6129, #3194, #3271, #8808, #7971, #8006, #2348, #228, #2016, #6845, #2468, #3960, #2738, #6093, #7081, #1296, #8243, #4418, #3318, #2977, #8340, #8301, #4069, #2327, #712, #3586, #106, #5613, #7125, #2548, #1450, #8673, #544, #3423, #5806, #2396, #3970, #649, #2109, #6988, #4494, #7979, #5983, #6897, #4542, #5539, #2436, #336, #4497, #5080, #6547, #3852, #8742, #966 ) ) ;
#2642 = CARTESIAN_POINT ( 'NONE',  ( -12.10201275953803624, -1.000000000000000222, 10.91553657044405412 ) ) ;
#2643 = ORIENTED_EDGE ( 'NONE', *, *, #3913, .F. ) ;
#2644 = CARTESIAN_POINT ( 'NONE',  ( -46.01802057367444121, -0.6000000000000003109, 9.183651987902159419 ) ) ;
#2645 = CARTESIAN_POINT ( 'NONE',  ( -63.79999999999999716, 3.500000000000400124, 12.59999999999999964 ) ) ;
#2646 = EDGE_CURVE ( 'NONE', #4689, #6483, #4316, .T. ) ;
#2647 = CARTESIAN_POINT ( 'NONE',  ( -37.68117846841128227, -1.000000000000000000, 13.35305988263899835 ) ) ;
#2648 = VERTEX_POINT ( 'NONE', #1046 ) ;
#2649 = FACE_OUTER_BOUND ( 'NONE', #7745, .T. ) ;
#2650 = CARTESIAN_POINT ( 'NONE',  ( -9.199330374936424803, 0.4339745962156045800, 19.40000000000000213 ) ) ;
#2651 = ORIENTED_EDGE ( 'NONE', *, *, #7520, .F. ) ;
#2652 = CYLINDRICAL_SURFACE ( 'NONE', #8103, 2.000000000000000000 ) ;
#2653 = ORIENTED_EDGE ( 'NONE', *, *, #2525, .F. ) ;
#2654 = DIRECTION ( 'NONE',  ( -2.657184803002740111E-15, -1.000000000000000000, 0.000000000000000000 ) ) ;
#2655 = EDGE_CURVE ( 'NONE', #6191, #1486, #1091, .T. ) ;
#2656 = EDGE_CURVE ( 'NONE', #2164, #610, #7118, .T. ) ;
#2657 = CARTESIAN_POINT ( 'NONE',  ( -44.12328373156917394, -0.6000000000000000888, 9.308651987902157643 ) ) ;
#2658 = AXIS2_PLACEMENT_3D ( 'NONE', #1535, #5512, #6981 ) ;
#2659 = VECTOR ( 'NONE', #1925, 1000.000000000000114 ) ;
#2660 = CARTESIAN_POINT ( 'NONE',  ( -46.01504013221320122, -0.6000000000000000888, 9.038215902441333327 ) ) ;
#2661 = DIRECTION ( 'NONE',  ( 0.000000000000000000, 0.000000000000000000, 1.000000000000000000 ) ) ;
#2662 = CARTESIAN_POINT ( 'NONE',  ( -50.23534124308987714, -1.000000000000000000, 11.49799743305849908 ) ) ;
#2663 = VECTOR ( 'NONE', #520, 1000.000000000000000 ) ;
#2664 = DIRECTION ( 'NONE',  ( 0.000000000000000000, 0.000000000000000000, -1.000000000000000000 ) ) ;
#2665 = ORIENTED_EDGE ( 'NONE', *, *, #4077, .T. ) ;
#2666 = CARTESIAN_POINT ( 'NONE',  ( 13.80066962506357520, 0.4339745962156045800, -0.2000000000000000389 ) ) ;
#2667 = AXIS2_PLACEMENT_3D ( 'NONE', #5218, #7940, #2522 ) ;
#2668 = DIRECTION ( 'NONE',  ( 0.8660254037844422603, 0.4999999999999937272, 0.000000000000000000 ) ) ;
#2669 = EDGE_CURVE ( 'NONE', #1823, #3243, #6407, .T. ) ;
#2670 = CARTESIAN_POINT ( 'NONE',  ( -5.701958319099609263, 8.691600689896679555, -0.9000000000000000222 ) ) ;
#2671 = LINE ( 'NONE', #2712, #5105 ) ;
#2672 = CARTESIAN_POINT ( 'NONE',  ( -49.83204199356378439, -0.6000000000000003109, 13.19928929557445763 ) ) ;
#2673 = CARTESIAN_POINT ( 'NONE',  ( -42.48634278863162450, -0.9999999999999995559, 6.917772663003124656 ) ) ;
#2674 = CARTESIAN_POINT ( 'NONE',  ( -9.091704784200763001, -0.6000000000000000888, 5.353059882638999234 ) ) ;
#2675 = ORIENTED_EDGE ( 'NONE', *, *, #2656, .T. ) ;
#2676 = ORIENTED_EDGE ( 'NONE', *, *, #8080, .T. ) ;
#2677 = AXIS2_PLACEMENT_3D ( 'NONE', #2346, #8479, #2260 ) ;
#2678 = DIRECTION ( 'NONE',  ( 0.5000000000000003331, 0.8660254037844384856, 0.000000000000000000 ) ) ;
#2679 = DIRECTION ( 'NONE',  ( -0.8660254037844389297, 0.4999999999999994449, -0.000000000000000000 ) ) ;
#2680 = CARTESIAN_POINT ( 'NONE',  ( -69.00000000000000000, 1.000000000000000000, -0.9000000000000000222 ) ) ;
#2681 = CARTESIAN_POINT ( 'NONE',  ( -46.20788383248146403, 11.87044826720278934, 8.450000000000022382 ) ) ;
#2682 = EDGE_LOOP ( 'NONE', ( #6243, #1948, #1722, #932 ) ) ;
#2683 = PLANE ( 'NONE',  #5158 ) ;
#2684 = EDGE_CURVE ( 'NONE', #4544, #835, #284, .T. ) ;
#2685 = ORIENTED_EDGE ( 'NONE', *, *, #7735, .T. ) ;
#2686 = CARTESIAN_POINT ( 'NONE',  ( -45.87757482536071763, -1.000000000000000222, 7.946383204541650258 ) ) ;
#2687 = ADVANCED_FACE ( 'NONE', ( #5873 ), #4487, .T. ) ;
#2688 = ORIENTED_EDGE ( 'NONE', *, *, #3376, .F. ) ;
#2689 = CARTESIAN_POINT ( 'NONE',  ( -48.47609151920299553, -1.000000000000000222, 9.460296903298571536 ) ) ;
#2690 = CARTESIAN_POINT ( 'NONE',  ( -18.55539440736729517, -1.000000000000000222, 7.865486776446726225 ) ) ;
#2691 = AXIS2_PLACEMENT_3D ( 'NONE', #7032, #2112, #5608 ) ;
#2692 = CARTESIAN_POINT ( 'NONE',  ( -16.22527928715679124, -1.000000000000000000, 12.33517386138926852 ) ) ;
#2693 = ORIENTED_EDGE ( 'NONE', *, *, #5447, .F. ) ;
#2694 = PLANE ( 'NONE',  #3381 ) ;
#2695 = DIRECTION ( 'NONE',  ( -0.000000000000000000, -0.000000000000000000, -1.000000000000000000 ) ) ;
#2696 = ORIENTED_EDGE ( 'NONE', *, *, #147, .F. ) ;
#2697 = EDGE_CURVE ( 'NONE', #7749, #6086, #7698, .T. ) ;
#2698 = CARTESIAN_POINT ( 'NONE',  ( -40.23282527874630432, -0.5999999999999998668, 13.28778901120029943 ) ) ;
#2699 = ORIENTED_EDGE ( 'NONE', *, *, #4954, .T. ) ;
#2700 = PLANE ( 'NONE',  #4408 ) ;
#2701 = DIRECTION ( 'NONE',  ( -0.000000000000000000, 0.000000000000000000, 1.000000000000000000 ) ) ;
#2702 = DIRECTION ( 'NONE',  ( -0.000000000000000000, -1.000000000000000000, -0.000000000000000000 ) ) ;
#2703 = CARTESIAN_POINT ( 'NONE',  ( -10.26227450235789362, -0.6000000000000000888, 13.39894046658763038 ) ) ;
#2704 = FACE_OUTER_BOUND ( 'NONE', #4152, .T. ) ;
#2705 = CARTESIAN_POINT ( 'NONE',  ( -20.90223109999023876, -1.000000000000000000, 12.78727040895478950 ) ) ;
#2706 = EDGE_LOOP ( 'NONE', ( #2216, #3693, #8115, #437, #4570, #3741, #1516 ) ) ;
#2707 = EDGE_CURVE ( 'NONE', #109, #4017, #7252, .T. ) ;
#2708 = CARTESIAN_POINT ( 'NONE',  ( -40.81665005360910925, -0.5999999999999998668, 5.353414334471236380 ) ) ;
#2709 = VECTOR ( 'NONE', #2962, 1000.000000000000000 ) ;
#2710 = LINE ( 'NONE', #4784, #4313 ) ;
#2711 = CARTESIAN_POINT ( 'NONE',  ( -42.08545478420074915, -1.000000000000000000, 5.247796724744262065 ) ) ;
#2712 = CARTESIAN_POINT ( 'NONE',  ( -31.36538899472707342, -0.6000000000000000888, 13.35305988263899835 ) ) ;
#2713 = CARTESIAN_POINT ( 'NONE',  ( -50.44215671951913293, -0.5999999999999998668, 13.31863494924957259 ) ) ;
#2715 = VECTOR ( 'NONE', #8364, 1000.000000000000000 ) ;
#2714 = VECTOR ( 'NONE', #6209, 1000.000000000000000 ) ;
#2716 = CARTESIAN_POINT ( 'NONE',  ( -44.08515415459702069, -0.9999999999999997780, 8.773793037346317547 ) ) ;
#2717 = LINE ( 'NONE', #6172, #3071 ) ;
#2718 = EDGE_LOOP ( 'NONE', ( #5391, #5301, #478, #6583 ) ) ;
#2719 = EDGE_CURVE ( 'NONE', #7849, #4457, #5241, .T. ) ;
#2720 = ORIENTED_EDGE ( 'NONE', *, *, #7995, .F. ) ;
#2721 = CARTESIAN_POINT ( 'NONE',  ( -25.77860818666815490, -0.5999999999999998668, 10.77110268277012217 ) ) ;
#2722 = CARTESIAN_POINT ( 'NONE',  ( -24.50259725330308669, -1.000000000000000000, 12.69506190363836140 ) ) ;
#2723 = VECTOR ( 'NONE', #3430, 1000.000000000000000 ) ;
#2724 = CARTESIAN_POINT ( 'NONE',  ( -19.29539856724919744, -1.000000000000000222, 7.186074070534640867 ) ) ;
#2725 = DIRECTION ( 'NONE',  ( 0.000000000000000000, 0.000000000000000000, -1.000000000000000000 ) ) ;
#2726 = CARTESIAN_POINT ( 'NONE',  ( -45.85929189580021870, -0.5999999999999998668, 10.50898600422353724 ) ) ;
#2727 = ORIENTED_EDGE ( 'NONE', *, *, #5631, .T. ) ;
#2728 = DIRECTION ( 'NONE',  ( 0.8660254037844351549, -0.5000000000000061062, 0.000000000000000000 ) ) ;
#2729 = LINE ( 'NONE', #4269, #6155 ) ;
#2730 = ORIENTED_EDGE ( 'NONE', *, *, #2127, .F. ) ;
#2731 = CARTESIAN_POINT ( 'NONE',  ( -20.43053571530618839, -0.5999999999999998668, 11.61724464217577157 ) ) ;
#2732 = LINE ( 'NONE', #6677, #7411 ) ;
#2733 = CARTESIAN_POINT ( 'NONE',  ( -15.99538166661954364, -0.9999999999999997780, 11.68681218735810212 ) ) ;
#2734 = ADVANCED_FACE ( 'NONE', ( #5202 ), #3623, .T. ) ;
#2735 = ORIENTED_EDGE ( 'NONE', *, *, #2834, .T. ) ;
#2736 = DIRECTION ( 'NONE',  ( 0.4999999999999982236, 0.8660254037844395958, 0.000000000000000000 ) ) ;
#2737 = DIRECTION ( 'NONE',  ( 0.000000000000000000, 0.000000000000000000, -1.000000000000000000 ) ) ;
#2738 = ORIENTED_EDGE ( 'NONE', *, *, #5855, .T. ) ;
#2739 = CARTESIAN_POINT ( 'NONE',  ( -4.701958319099382777, 10.42365149746540887, 20.10000000000000142 ) ) ;
#2740 = ORIENTED_EDGE ( 'NONE', *, *, #3483, .T. ) ;
#2741 = CARTESIAN_POINT ( 'NONE',  ( -49.72671330931588329, -0.6000000000000000888, 8.375417232841403603 ) ) ;
#2742 = ADVANCED_FACE ( 'NONE', ( #4574 ), #1354, .F. ) ;
#2743 = CARTESIAN_POINT ( 'NONE',  ( -53.42915978271929589, 1.700000000000059908, 20.10000000000000142 ) ) ;
#2744 = DIRECTION ( 'NONE',  ( 0.000000000000000000, 0.000000000000000000, -1.000000000000000000 ) ) ;
#2745 = EDGE_CURVE ( 'NONE', #2162, #6996, #4075, .T. ) ;
#2746 = DIRECTION ( 'NONE',  ( 0.000000000000000000, 0.000000000000000000, -1.000000000000000000 ) ) ;
#2747 = LINE ( 'NONE', #3286, #503 ) ;
#2748 = ORIENTED_EDGE ( 'NONE', *, *, #1241, .F. ) ;
#2749 = CARTESIAN_POINT ( 'NONE',  ( -29.34433636314813398, -0.6000000000000000888, 5.973125672112684192 ) ) ;
#2750 = EDGE_LOOP ( 'NONE', ( #8658, #6359, #8817, #5469 ) ) ;
#2751 = FACE_OUTER_BOUND ( 'NONE', #4231, .T. ) ;
#2752 = AXIS2_PLACEMENT_3D ( 'NONE', #1157, #661, #6690 ) ;
#2753 = LINE ( 'NONE', #4830, #6855 ) ;
#2754 = PLANE ( 'NONE',  #8206 ) ;
#2755 = CARTESIAN_POINT ( 'NONE',  ( -50.23630896984103344, -0.6000000000000000888, 9.957686940767136008 ) ) ;
#2756 = EDGE_CURVE ( 'NONE', #3046, #4988, #5377, .T. ) ;
#2757 = CIRCLE ( 'NONE', #6198, 1.000000000000000222 ) ;
#2758 = CARTESIAN_POINT ( 'NONE',  ( -25.76982395208723275, -0.5999999999999998668, 10.93922927633373021 ) ) ;
#2759 = PRODUCT_DEFINITION_SHAPE ( 'NONE', 'NONE',  #4343 ) ;
#2760 = VECTOR ( 'NONE', #506, 1000.000000000000000 ) ;
#2761 = CARTESIAN_POINT ( 'NONE',  ( -44.12328373156917394, -0.6000000000000000888, 9.308651987902157643 ) ) ;
#2762 = CARTESIAN_POINT ( 'NONE',  ( -25.03422238872195749, -0.6000000000000003109, 13.11135946260412233 ) ) ;
#2763 = VERTEX_POINT ( 'NONE', #3257 ) ;
#2764 = VERTEX_POINT ( 'NONE', #1311 ) ;
#2765 = VECTOR ( 'NONE', #2256, 1000.000000000000114 ) ;
#2766 = CARTESIAN_POINT ( 'NONE',  ( -41.11015227504949365, -0.6000000000000003109, 5.305255928631666507 ) ) ;
#2767 = CARTESIAN_POINT ( 'NONE',  ( -26.56966531051655522, -1.000000000000000000, 13.45832304053373818 ) ) ;
#2768 = CARTESIAN_POINT ( 'NONE',  ( -31.30625231310171230, 11.58083117443840315, 0.000000000000000000 ) ) ;
#2769 = EDGE_CURVE ( 'NONE', #5772, #109, #4032, .T. ) ;
#2770 = EDGE_CURVE ( 'NONE', #7458, #8557, #4753, .T. ) ;
#2771 = EDGE_LOOP ( 'NONE', ( #4404, #8840, #288, #4300 ) ) ;
#2772 = CARTESIAN_POINT ( 'NONE',  ( -50.70195831909940409, 10.42365149746539998, 0.000000000000000000 ) ) ;
#2773 = B_SPLINE_CURVE_WITH_KNOTS ( 'NONE', 3,
 ( #7288, #7786, #3711, #6446, #3044, #5779, #8502, #5110, #8711, #4615, #6702, #1302, #6035, #2009, #2625, #7335, #1884, #3977, #4746 ),
 .UNSPECIFIED., .F., .F.,
 ( 4, 1, 1, 1, 1, 1, 1, 1, 1, 1, 1, 1, 1, 1, 1, 1, 4 ),
 ( 0.000000000000000000, 0.06758290741465568241, 0.1323147132012320315, 0.1947884898547089239, 0.2555041314539875930, 0.3148541182162521435, 0.3735312126748823736, 0.4325961568887486952, 0.4924914459876305051, 0.5524171142552698477, 0.6119021568199176642, 0.6719946359940104363, 0.7328844354027108654, 0.7955380463532730762, 0.8607955405925501458, 0.9287592960736230641, 1.000000000000000000 ),
 .UNSPECIFIED. ) ;
#2774 = AXIS2_PLACEMENT_3D ( 'NONE', #343, #8603, #2474 ) ;
#2775 = CARTESIAN_POINT ( 'NONE',  ( -20.18666172525538727, -0.9999999999999997780, 11.76318253777725076 ) ) ;
#2776 = AXIS2_PLACEMENT_3D ( 'NONE', #7944, #7276, #3327 ) ;
#2777 = ORIENTED_EDGE ( 'NONE', *, *, #5658, .F. ) ;
#2778 = FACE_OUTER_BOUND ( 'NONE', #7325, .T. ) ;
#2779 = LINE ( 'NONE', #7614, #2290 ) ;
#2780 = VERTEX_POINT ( 'NONE', #7474 ) ;
#2781 = FACE_OUTER_BOUND ( 'NONE', #5024, .T. ) ;
#2782 = CARTESIAN_POINT ( 'NONE',  ( -11.64217700949805945, -1.000000000000000000, 11.06730969087240268 ) ) ;
#2783 = VECTOR ( 'NONE', #7234, 1000.000000000000000 ) ;
#2784 = ADVANCED_FACE ( 'NONE', ( #6624 ), #507, .T. ) ;
#2785 = CARTESIAN_POINT ( 'NONE',  ( -17.70958568959404289, -1.000000000000000222, 13.37210029883641305 ) ) ;
#2786 = ORIENTED_EDGE ( 'NONE', *, *, #2059, .F. ) ;
#2787 = CARTESIAN_POINT ( 'NONE',  ( -67.29999999999999716, 1.699999999999999956, 20.10000000000000142 ) ) ;
#2788 = CARTESIAN_POINT ( 'NONE',  ( -44.53914973390091347, -1.000000000000000222, 12.55498458402823303 ) ) ;
#2789 = VERTEX_POINT ( 'NONE', #5465 ) ;
#2790 = PLANE ( 'NONE',  #6103 ) ;
#2791 = ORIENTED_EDGE ( 'NONE', *, *, #2157, .F. ) ;
#2792 = CARTESIAN_POINT ( 'NONE',  ( -50.48498912895652779, -1.000000000000000000, 9.700936334354896218 ) ) ;
#2793 = CARTESIAN_POINT ( 'NONE',  ( -15.95735444249028134, -0.9999999999999997780, 11.10628253234542484 ) ) ;
#2794 = DIRECTION ( 'NONE',  ( -0.5000000000000112133, -0.8660254037844322683, 0.000000000000000000 ) ) ;
#2795 = DIRECTION ( 'NONE',  ( 0.8660254037844322683, -0.5000000000000112133, 0.000000000000000000 ) ) ;
#2796 = CARTESIAN_POINT ( 'NONE',  ( -69.20788383248147113, 11.87044826720278934, 8.450000000000020606 ) ) ;
#2797 = ORIENTED_EDGE ( 'NONE', *, *, #8283, .F. ) ;
#2798 = CARTESIAN_POINT ( 'NONE',  ( -20.36623073235534065, -1.000000000000000000, 13.08467914565414070 ) ) ;
#2799 = ORIENTED_EDGE ( 'NONE', *, *, #8132, .F. ) ;
#2800 = CARTESIAN_POINT ( 'NONE',  ( -63.79999999999999716, 3.500000000000210054, 9.599999999999999645 ) ) ;
#2801 = LINE ( 'NONE', #7637, #2398 ) ;
#2802 = EDGE_CURVE ( 'NONE', #249, #8151, #3348, .T. ) ;
#2803 = AXIS2_PLACEMENT_3D ( 'NONE', #8229, #2188, #3444 ) ;
#2804 = VECTOR ( 'NONE', #8277, 1000.000000000000000 ) ;
#2805 = PLANE ( 'NONE',  #2997 ) ;
#2806 = DIRECTION ( 'NONE',  ( -1.000000000000000000, 0.000000000000000000, 0.000000000000000000 ) ) ;
#2807 = CARTESIAN_POINT ( 'NONE',  ( -0.4007041555173184166, 13.13647367099202867, -0.9000000000000000222 ) ) ;
#2808 = CARTESIAN_POINT ( 'NONE',  ( -26.33895206231465735, -0.6000000000000000888, 9.838943678661337344 ) ) ;
#2809 = CARTESIAN_POINT ( 'NONE',  ( -44.11867523863845975, -0.6000000000000000888, 9.036362874762010833 ) ) ;
#2810 = CARTESIAN_POINT ( 'NONE',  ( -24.14761579488492060, -0.5999999999999998668, 12.13312336911525335 ) ) ;
#2811 = CIRCLE ( 'NONE', #110, 0.6000000000000033085 ) ;
#2812 = ORIENTED_EDGE ( 'NONE', *, *, #4783, .F. ) ;
#2813 = VERTEX_POINT ( 'NONE', #7299 ) ;
#2814 = EDGE_CURVE ( 'NONE', #2213, #6483, #8814, .T. ) ;
#2815 = PLANE ( 'NONE',  #2996 ) ;
#2816 = DIRECTION ( 'NONE',  ( -1.000000000000000000, 0.000000000000000000, 0.000000000000000000 ) ) ;
#2817 = DIRECTION ( 'NONE',  ( -1.000000000000000000, 0.000000000000000000, 0.000000000000000000 ) ) ;
#2818 = CARTESIAN_POINT ( 'NONE',  ( -33.68117846841128937, -1.000000000000000000, 11.87937567211268330 ) ) ;
#2819 = DIRECTION ( 'NONE',  ( -0.8660254037844287156, 0.5000000000000172085, 0.000000000000000000 ) ) ;
#2820 = EDGE_LOOP ( 'NONE', ( #7266, #5513, #2841, #5625 ) ) ;
#2821 = EDGE_CURVE ( 'NONE', #4324, #2164, #5421, .T. ) ;
#2822 = CARTESIAN_POINT ( 'NONE',  ( -4.701958319099380113, 10.42365149746539998, 0.000000000000000000 ) ) ;
#2823 = LINE ( 'NONE', #8278, #447 ) ;
#2824 = EDGE_LOOP ( 'NONE', ( #2274, #4275, #1605, #369, #4726, #1294, #8430 ) ) ;
#2825 = CARTESIAN_POINT ( 'NONE',  ( -45.73206539917264024, -0.9999999999999997780, 10.90882525594158814 ) ) ;
#2826 = CIRCLE ( 'NONE', #127, 1.000000000000000888 ) ;
#2827 = CARTESIAN_POINT ( 'NONE',  ( -10.17723109999023734, -1.000000000000000222, 13.45832304053373818 ) ) ;
#2828 = DIRECTION ( 'NONE',  ( -1.000000000000000000, 2.657184803002740111E-15, 0.000000000000000000 ) ) ;
#2829 = ORIENTED_EDGE ( 'NONE', *, *, #8598, .T. ) ;
#2830 = DIRECTION ( 'NONE',  ( 0.000000000000000000, 0.000000000000000000, 1.000000000000000000 ) ) ;
#2831 = CARTESIAN_POINT ( 'NONE',  ( -45.73206539917264024, -1.000000000000000000, 10.90882525594158814 ) ) ;
#2832 = ORIENTED_EDGE ( 'NONE', *, *, #6387, .F. ) ;
#2833 = CARTESIAN_POINT ( 'NONE',  ( -12.10201275953803624, -0.6000000000000003109, 10.91553657044405412 ) ) ;
#2834 = EDGE_CURVE ( 'NONE', #2126, #2315, #5956, .T. ) ;
#2835 = ORIENTED_EDGE ( 'NONE', *, *, #1089, .T. ) ;
#2836 = PLANE ( 'NONE',  #2640 ) ;
#2837 = CARTESIAN_POINT ( 'NONE',  ( -16.22049641171686929, -0.9999999999999997780, 10.00757015016720253 ) ) ;
#2838 = DIRECTION ( 'NONE',  ( 2.657184803002740111E-15, 1.000000000000000000, 0.000000000000000000 ) ) ;
#2839 = CARTESIAN_POINT ( 'NONE',  ( -23.98242562951247336, -1.000000000000000222, 11.44508034414950792 ) ) ;
#2840 = CARTESIAN_POINT ( 'NONE',  ( -26.42457249622139059, -0.6000000000000000888, 12.02454957350305520 ) ) ;
#2841 = ORIENTED_EDGE ( 'NONE', *, *, #2707, .T. ) ;
#2842 = CARTESIAN_POINT ( 'NONE',  ( -29.13996058936582401, -0.9999999999999995559, 7.063442957108943432 ) ) ;
#2843 = VERTEX_POINT ( 'NONE', #7430 ) ;
#2844 = LINE ( 'NONE', #4914, #734 ) ;
#2845 = B_SPLINE_CURVE_WITH_KNOTS ( 'NONE', 3,
 ( #1479, #4204, #4111, #1567, #135, #5545, #2133, #6925, #5589, #6832, #2711 ),
 .UNSPECIFIED., .F., .F.,
 ( 4, 1, 1, 1, 1, 1, 1, 1, 4 ),
 ( 0.000000000000000000, 0.1061423706777562537, 0.2163113850479786160, 0.3318822470816424897, 0.4527507471107638515, 0.5796221109945302041, 0.7133990261055831450, 0.8529446710950195909, 1.000000000000000000 ),
 .UNSPECIFIED. ) ;
#2846 = CARTESIAN_POINT ( 'NONE',  ( 19.03009248846926482, 7.691600689896702647, -0.9000000000000000222 ) ) ;
#2847 = CARTESIAN_POINT ( 'NONE',  ( -28.66173695649160535, -0.6000000000000003109, 12.94884735617693927 ) ) ;
#2848 = CARTESIAN_POINT ( 'NONE',  ( -23.98328328611025739, -0.9999999999999997780, 10.93234529440608505 ) ) ;
#2849 = LINE ( 'NONE', #1434, #1483 ) ;
#2850 = DIRECTION ( 'NONE',  ( -0.5000000000000061062, -0.8660254037844351549, -0.000000000000000000 ) ) ;
#2851 = CARTESIAN_POINT ( 'NONE',  ( -41.99105858689405579, -0.6000000000000000888, 6.831110727443411079 ) ) ;
#2852 = LINE ( 'NONE', #5683, #7650 ) ;
#2853 = EDGE_CURVE ( 'NONE', #642, #667, #8464, .T. ) ;
#2854 = VERTEX_POINT ( 'NONE', #3940 ) ;
#2855 = DIRECTION ( 'NONE',  ( -0.5000000000000216493, -0.8660254037844261621, 0.000000000000000000 ) ) ;
#2856 = FACE_OUTER_BOUND ( 'NONE', #2628, .T. ) ;
#2857 = DIRECTION ( 'NONE',  ( 0.000000000000000000, 0.000000000000000000, 1.000000000000000000 ) ) ;
#2859 = VECTOR ( 'NONE', #8207, 1000.000000000000000 ) ;
#2858 = VECTOR ( 'NONE', #4944, 1000.000000000000000 ) ;
#2860 = ADVANCED_FACE ( 'NONE', ( #7390 ), #548, .T. ) ;
#2861 = CARTESIAN_POINT ( 'NONE',  ( -28.92328373156918886, -0.6000000000000000888, 11.24779672474426206 ) ) ;
#2862 = CARTESIAN_POINT ( 'NONE',  ( -37.68117846841128227, -0.6000000000000000888, 13.35305988263899835 ) ) ;
#2863 = VECTOR ( 'NONE', #4556, 1000.000000000000000 ) ;
#2864 = VERTEX_POINT ( 'NONE', #6045 ) ;
#2865 = DIRECTION ( 'NONE',  ( -0.000000000000000000, -1.000000000000000000, -0.000000000000000000 ) ) ;
#2866 = FACE_OUTER_BOUND ( 'NONE', #4461, .T. ) ;
#2867 = ORIENTED_EDGE ( 'NONE', *, *, #6112, .T. ) ;
#2868 = CARTESIAN_POINT ( 'NONE',  ( 1.699999999999999956, 1.699999999999999956, 6.315186458868629948 ) ) ;
#2869 = CARTESIAN_POINT ( 'NONE',  ( -44.29999999999999716, 7.997649730810350910, 0.000000000000000000 ) ) ;
#2870 = EDGE_CURVE ( 'NONE', #6510, #2780, #5332, .T. ) ;
#2871 = ORIENTED_EDGE ( 'NONE', *, *, #6227, .F. ) ;
#2872 = CARTESIAN_POINT ( 'NONE',  ( -7.429159782719389149, 1.699999999999929789, 20.10000000000000142 ) ) ;
#2873 = CARTESIAN_POINT ( 'NONE',  ( -46.01802057367443410, -1.000000000000000000, 9.183651987902157643 ) ) ;
#2874 = EDGE_CURVE ( 'NONE', #7669, #1330, #8768, .T. ) ;
#2875 = ORIENTED_EDGE ( 'NONE', *, *, #4411, .T. ) ;
#2876 = PLANE ( 'NONE',  #2096 ) ;
#2877 = ORIENTED_EDGE ( 'NONE', *, *, #1754, .T. ) ;
#2878 = CARTESIAN_POINT ( 'NONE',  ( -1.883716857408379797, 11.56782032302750096, 20.10000000000000142 ) ) ;
#2879 = DIRECTION ( 'NONE',  ( -1.239088197126290817E-16, 8.260587980841938780E-17, 1.000000000000000000 ) ) ;
#2880 = DIRECTION ( 'NONE',  ( -0.8660254037844389297, 0.4999999999999994449, 0.000000000000000000 ) ) ;
#2881 = EDGE_CURVE ( 'NONE', #7706, #5574, #2983, .T. ) ;
#2882 = EDGE_CURVE ( 'NONE', #6784, #3554, #2143, .T. ) ;
#2883 =( NAMED_UNIT ( * ) SI_UNIT ( $, .STERADIAN. ) SOLID_ANGLE_UNIT ( ) );
#2884 = EDGE_CURVE ( 'NONE', #3865, #4376, #231, .T. ) ;
#2885 = CARTESIAN_POINT ( 'NONE',  ( -17.75321501850020667, -0.5999999999999996447, 11.26444070499204919 ) ) ;
#2886 = ORIENTED_EDGE ( 'NONE', *, *, #8226, .F. ) ;
#2887 = CARTESIAN_POINT ( 'NONE',  ( -28.92328373156918886, -1.000000000000000000, 11.24779672474426206 ) ) ;
#2888 = VERTEX_POINT ( 'NONE', #4974 ) ;
#2889 = CARTESIAN_POINT ( 'NONE',  ( -4.449330374936437238, 8.661215932167761977, -0.2000000000000000389 ) ) ;
#2890 = B_SPLINE_CURVE_WITH_KNOTS ( 'NONE', 3,
 ( #4412, #6418, #886, #3019, #2970, #7848, #5800, #4496, #5039, #385, #5170 ),
 .UNSPECIFIED., .F., .F.,
 ( 4, 1, 1, 1, 1, 1, 1, 1, 4 ),
 ( 0.000000000000000000, 0.1242180585141686722, 0.2472068381769285117, 0.3696516862116497881, 0.4928776809722381080, 0.6164737459698425015, 0.7421957864292834106, 0.8693919454153733462, 1.000000000000000000 ),
 .UNSPECIFIED. ) ;
#2891 = CARTESIAN_POINT ( 'NONE',  ( -72.13371685740840178, 9.402756813566508498, -0.9000000000000000222 ) ) ;
#2892 = LINE ( 'NONE', #1811, #453 ) ;
#2893 = CARTESIAN_POINT ( 'NONE',  ( -24.91884584029930849, -1.000000000000000444, 9.100084778766696303 ) ) ;
#2894 = CARTESIAN_POINT ( 'NONE',  ( -1.699742261199585824, 13.88647367098246121, 20.10000000000000142 ) ) ;
#2895 = EDGE_CURVE ( 'NONE', #563, #4490, #57, .T. ) ;
#2896 = CARTESIAN_POINT ( 'NONE',  ( -18.92361267893760868, -1.000000000000000000, 12.08990198790215764 ) ) ;
#2897 = CARTESIAN_POINT ( 'NONE',  ( 16.85881119635942227, 10.33083117443845822, -0.9000000000000000222 ) ) ;
#2898 = VECTOR ( 'NONE', #3819, 1000.000000000000000 ) ;
#2899 = CARTESIAN_POINT ( 'NONE',  ( -26.49974226119279663, 10.76878221735089802, -0.9000000000000000222 ) ) ;
#2900 = EDGE_LOOP ( 'NONE', ( #4079, #1381, #6934, #3542 ) ) ;
#2901 = CARTESIAN_POINT ( 'NONE',  ( -11.59217996156652752, -0.9999999999999997780, 12.64982990453783351 ) ) ;
#2902 = DIRECTION ( 'NONE',  ( 0.000000000000000000, 0.000000000000000000, 1.000000000000000000 ) ) ;
#2903 = AXIS2_PLACEMENT_3D ( 'NONE', #5768, #7775, #3659 ) ;
#2904 = CARTESIAN_POINT ( 'NONE',  ( -8.756252313101699158, 10.80140831103240018, -0.9000000000000000222 ) ) ;
#2905 = CARTESIAN_POINT ( 'NONE',  ( -52.14433636314813469, -1.000000000000000000, 9.458323040533736403 ) ) ;
#2906 = B_SPLINE_SURFACE_WITH_KNOTS ( 'NONE', 3, 1, ( 
 ( #693, #6011 ),
 ( #2599, #8062 ),
 ( #1322, #1946 ),
 ( #7442, #2690 ),
 ( #4680, #1278 ),
 ( #3997, #6766 ),
 ( #646, #3360 ),
 ( #5429, #914 ),
 ( #1630, #7617 ),
 ( #6856, #4849 ),
 ( #3629, #2287 ),
 ( #4938, #6365 ),
 ( #1500, #5698 ) ),
 .UNSPECIFIED., .F., .F., .F.,
 ( 4, 1, 1, 1, 1, 1, 1, 1, 1, 1, 4 ),
 ( 2, 2 ),
 ( 0.000000000000000000, 0.1603753861776184564, 0.3167880320051173482, 0.4639547215212923015, 0.5998108780809138230, 0.7215978882881363132, 0.8288275933772883963, 0.8766716099927726047, 0.9208419748405914929, 0.9610528601879236854, 1.000000000000000000 ),
 ( 0.000000000000000000, 1.000000000000000000 ),
 .UNSPECIFIED. ) ;
#2907 = ORIENTED_EDGE ( 'NONE', *, *, #7431, .F. ) ;
#2908 = CARTESIAN_POINT ( 'NONE',  ( -17.31574787903095469, -0.6000000000000007550, 8.745503142338012736 ) ) ;
#2909 = DIRECTION ( 'NONE',  ( 0.000000000000000000, 0.000000000000000000, 1.000000000000000000 ) ) ;
#2910 = ORIENTED_EDGE ( 'NONE', *, *, #5187, .F. ) ;
#2911 = CARTESIAN_POINT ( 'NONE',  ( -45.95108718553326810, -1.000000000000000222, 10.08724050026382812 ) ) ;
#2912 = EDGE_CURVE ( 'NONE', #4627, #955, #187, .T. ) ;
#2913 = CARTESIAN_POINT ( 'NONE',  ( -11.90923940590071695, -1.000000000000000222, 12.51754095874282413 ) ) ;
#2914 = AXIS2_PLACEMENT_3D ( 'NONE', #5935, #8081, #8653 ) ;
#2915 = ORIENTED_EDGE ( 'NONE', *, *, #654, .F. ) ;
#2916 = VERTEX_POINT ( 'NONE', #4121 ) ;
#2917 = CARTESIAN_POINT ( 'NONE',  ( -26.32149175861992063, -0.9999999999999997780, 8.049714793748339758 ) ) ;
#2918 = ORIENTED_EDGE ( 'NONE', *, *, #1265, .F. ) ;
#2919 = CARTESIAN_POINT ( 'NONE',  ( -12.33720200411145562, -0.5999999999999998668, 10.85957835661363369 ) ) ;
#2920 = EDGE_LOOP ( 'NONE', ( #1770, #7770, #7444, #2595 ) ) ;
#2921 = CARTESIAN_POINT ( 'NONE',  ( -0.4999999999999898415, 7.882179676972460136, -0.9000000000000000222 ) ) ;
#2922 = EDGE_CURVE ( 'NONE', #3595, #3066, #3409, .T. ) ;
#2923 = VECTOR ( 'NONE', #3661, 1000.000000000000227 ) ;
#2924 = DIRECTION ( 'NONE',  ( -0.8660254037844390407, 0.4999999999999995004, 0.000000000000000000 ) ) ;
#2925 = FACE_OUTER_BOUND ( 'NONE', #8540, .T. ) ;
#2926 = ORIENTED_EDGE ( 'NONE', *, *, #7322, .F. ) ;
#2927 = CARTESIAN_POINT ( 'NONE',  ( -44.43397459621556322, 8.497649730810351798, -0.9000000000000000222 ) ) ;
#2928 = CARTESIAN_POINT ( 'NONE',  ( -18.78198193659801163, -1.000000000000000222, 12.08639197032431767 ) ) ;
#2929 = ORIENTED_EDGE ( 'NONE', *, *, #6701, .F. ) ;
#2930 = CARTESIAN_POINT ( 'NONE',  ( 13.80066962506357520, 0.4339745962156045800, 19.40000000000000213 ) ) ;
#2931 = FACE_OUTER_BOUND ( 'NONE', #3982, .T. ) ;
#2932 = ORIENTED_EDGE ( 'NONE', *, *, #3926, .T. ) ;
#2933 = CARTESIAN_POINT ( 'NONE',  ( -26.58705397826201278, -1.000000000000000444, 9.610252367229712434 ) ) ;
#2934 = VECTOR ( 'NONE', #5706, 1000.000000000000000 ) ;
#2935 = PLANE ( 'NONE',  #4819 ) ;
#2936 = ADVANCED_FACE ( 'NONE', ( #2233 ), #905, .T. ) ;
#2937 = EDGE_CURVE ( 'NONE', #524, #935, #3620, .T. ) ;
#2938 = CARTESIAN_POINT ( 'NONE',  ( -69.50000000000000000, 7.882179676972463689, -0.9000000000000000222 ) ) ;
#2939 = DIRECTION ( 'NONE',  ( 1.000000000000000000, 0.000000000000000000, 0.000000000000000000 ) ) ;
#2940 = DIRECTION ( 'NONE',  ( -1.000000000000000000, 4.027909055100013937E-15, 0.000000000000000000 ) ) ;
#2941 = CARTESIAN_POINT ( 'NONE',  ( -41.89598864856261429, -0.9999999999999997780, 11.87218574191993348 ) ) ;
#2942 = CARTESIAN_POINT ( 'NONE',  ( -53.93381004735865503, -1.000000000000000000, 5.353059882638999234 ) ) ;
#2943 = CARTESIAN_POINT ( 'NONE',  ( -24.24154904329582294, -0.5999999999999998668, 10.00757015016720253 ) ) ;
#2944 = ORIENTED_EDGE ( 'NONE', *, *, #2669, .T. ) ;
#2945 = ADVANCED_FACE ( 'NONE', ( #7694 ), #4929, .F. ) ;
#2946 = DIRECTION ( 'NONE',  ( -0.000000000000000000, -1.000000000000000000, -0.000000000000000000 ) ) ;
#2947 = CARTESIAN_POINT ( 'NONE',  ( 19.03009248846930035, 7.691600689896679555, 0.000000000000000000 ) ) ;
#2948 = CIRCLE ( 'NONE', #8659, 0.5000000000000004441 ) ;
#2949 = LINE ( 'NONE', #3577, #244 ) ;
#2950 = VECTOR ( 'NONE', #3087, 1000.000000000000000 ) ;
#2951 = VECTOR ( 'NONE', #5703, 1000.000000000000000 ) ;
#2952 = CARTESIAN_POINT ( 'NONE',  ( -50.03907320525339486, -0.6000000000000000888, 10.73628356684952578 ) ) ;
#2953 = VECTOR ( 'NONE', #160, 1000.000000000000000 ) ;
#2954 = VERTEX_POINT ( 'NONE', #5599 ) ;
#2955 = DIRECTION ( 'NONE',  ( 0.000000000000000000, -0.000000000000000000, 1.000000000000000000 ) ) ;
#2956 = CARTESIAN_POINT ( 'NONE',  ( -52.14433636314813469, -0.5999999999999691136, 9.458323040533736403 ) ) ;
#2957 = VERTEX_POINT ( 'NONE', #6312 ) ;
#2958 = LINE ( 'NONE', #4486, #7215 ) ;
#2959 = CARTESIAN_POINT ( 'NONE',  ( -10.17723109999023734, -1.000000000000000222, 13.45832304053373818 ) ) ;
#2960 = EDGE_LOOP ( 'NONE', ( #3108, #41, #2829, #8842, #6722, #6176, #4415, #5438 ) ) ;
#2961 = VERTEX_POINT ( 'NONE', #820 ) ;
#2962 = DIRECTION ( 'NONE',  ( -0.8660254037844351549, 0.5000000000000061062, -0.000000000000000000 ) ) ;
#2963 = EDGE_CURVE ( 'NONE', #4985, #8702, #6844, .T. ) ;
#2964 = ORIENTED_EDGE ( 'NONE', *, *, #6332, .F. ) ;
#2965 = CARTESIAN_POINT ( 'NONE',  ( -41.77459952104285890, -0.6000000000000000888, 13.45832304053373640 ) ) ;
#2966 = ORIENTED_EDGE ( 'NONE', *, *, #5671, .T. ) ;
#2967 = CARTESIAN_POINT ( 'NONE',  ( -50.05806442613877749, -0.9999999999999997780, 10.43924417806116622 ) ) ;
#2968 = VECTOR ( 'NONE', #6337, 1000.000000000000000 ) ;
#2969 = CARTESIAN_POINT ( 'NONE',  ( -17.90057297828612803, -1.000000000000000000, 8.324842580625603006 ) ) ;
#2970 = CARTESIAN_POINT ( 'NONE',  ( -28.10504396203821287, -0.6000000000000003109, 13.20100050124290902 ) ) ;
#2971 = ORIENTED_EDGE ( 'NONE', *, *, #8013, .F. ) ;
#2972 = CARTESIAN_POINT ( 'NONE',  ( -18.87535136902129196, -0.5999999999999996447, 12.08870593368865975 ) ) ;
#2973 = ORIENTED_EDGE ( 'NONE', *, *, #188, .F. ) ;
#2974 = EDGE_CURVE ( 'NONE', #1495, #5939, #5556, .T. ) ;
#2975 = CARTESIAN_POINT ( 'NONE',  ( -51.13775741577971701, -0.6000000000000000888, 13.35305988263900012 ) ) ;
#2976 = CARTESIAN_POINT ( 'NONE',  ( -28.76528383655373844, -1.000000000000000222, 7.734030817966677240 ) ) ;
#2977 = ORIENTED_EDGE ( 'NONE', *, *, #3310, .T. ) ;
#2978 = DIRECTION ( 'NONE',  ( -0.8660254037844171693, 0.5000000000000371925, -0.000000000000000000 ) ) ;
#2979 = ORIENTED_EDGE ( 'NONE', *, *, #3310, .F. ) ;
#2980 = DIRECTION ( 'NONE',  ( 0.000000000000000000, 0.000000000000000000, -1.000000000000000000 ) ) ;
#2981 = CARTESIAN_POINT ( 'NONE',  ( -20.90223109999023876, -1.000000000000000000, 12.78727040895478950 ) ) ;
#2982 = PLANE ( 'NONE',  #1655 ) ;
#2983 = CIRCLE ( 'NONE', #8126, 1.000000000000000888 ) ;
#2984 = FACE_BOUND ( 'NONE', #6794, .T. ) ;
#2985 = CARTESIAN_POINT ( 'NONE',  ( 0.2921161675185467432, 12.73647367098722505, 8.450000000000022382 ) ) ;
#2986 = DIRECTION ( 'NONE',  ( 0.000000000000000000, -0.000000000000000000, 1.000000000000000000 ) ) ;
#2987 = EDGE_CURVE ( 'NONE', #2391, #7119, #2949, .T. ) ;
#2988 = EDGE_CURVE ( 'NONE', #7716, #5492, #7561, .T. ) ;
#2989 = CYLINDRICAL_SURFACE ( 'NONE', #5932, 1.000000000000000222 ) ;
#2990 = ORIENTED_EDGE ( 'NONE', *, *, #7199, .F. ) ;
#2991 = CARTESIAN_POINT ( 'NONE',  ( -10.26227450235789362, -1.000000000000000000, 13.39894046658763038 ) ) ;
#2992 = DIRECTION ( 'NONE',  ( 0.000000000000000000, 0.000000000000000000, -1.000000000000000000 ) ) ;
#2993 = CARTESIAN_POINT ( 'NONE',  ( -6.141188803640575067, 10.33083117443845822, 20.10000000000000142 ) ) ;
#2994 = CARTESIAN_POINT ( 'NONE',  ( -15.95706514775215723, -0.9999999999999997780, 11.27971252834454141 ) ) ;
#2995 = EDGE_CURVE ( 'NONE', #1402, #4770, #8185, .T. ) ;
#2996 = AXIS2_PLACEMENT_3D ( 'NONE', #5554, #8270, #2141 ) ;
#2997 = AXIS2_PLACEMENT_3D ( 'NONE', #470, #265, #5677 ) ;
#2998 = EDGE_CURVE ( 'NONE', #6483, #5885, #5104, .T. ) ;
#2999 = CARTESIAN_POINT ( 'NONE',  ( -50.03983235039792277, -0.6000000000000000888, 10.78677080780236253 ) ) ;
#3000 = ORIENTED_EDGE ( 'NONE', *, *, #685, .T. ) ;
#3001 = CARTESIAN_POINT ( 'NONE',  ( -50.03907320525339486, -0.6000000000000000888, 10.73628356684952578 ) ) ;
#3002 = ORIENTED_EDGE ( 'NONE', *, *, #1649, .F. ) ;
#3004 = AXIS2_PLACEMENT_3D ( 'NONE', #7803, #3642, #8474 ) ;
#3003 = VECTOR ( 'NONE', #8606, 999.9999999999998863 ) ;
#3005 = LINE ( 'NONE', #3094, #3349 ) ;
#3006 = CARTESIAN_POINT ( 'NONE',  ( -23.98328328611025739, -0.9999999999999988898, 10.93234529440608505 ) ) ;
#3008 = VECTOR ( 'NONE', #5457, 1000.000000000000000 ) ;
#3007 = VECTOR ( 'NONE', #6523, 1000.000000000000000 ) ;
#3009 = EDGE_LOOP ( 'NONE', ( #4801, #2552, #3717, #3636 ) ) ;
#3010 = ORIENTED_EDGE ( 'NONE', *, *, #4401, .T. ) ;
#3011 = CARTESIAN_POINT ( 'NONE',  ( -16.12480915016182337, -0.6000000000000005329, 10.21679991709144808 ) ) ;
#3012 = VERTEX_POINT ( 'NONE', #6179 ) ;
#3013 = CARTESIAN_POINT ( 'NONE',  ( 14.58934475965830124, 0.000000000000000000, 0.000000000000000000 ) ) ;
#3014 = ORIENTED_EDGE ( 'NONE', *, *, #4659, .F. ) ;
#3015 = DIRECTION ( 'NONE',  ( 0.000000000000000000, 0.000000000000000000, -1.000000000000000000 ) ) ;
#3016 = B_SPLINE_CURVE_WITH_KNOTS ( 'NONE', 3,
 ( #6235, #786, #1547, #2913, #7747, #742, #833, #239, #7571, #5028, #2959 ),
 .UNSPECIFIED., .F., .F.,
 ( 4, 1, 1, 1, 1, 1, 1, 1, 4 ),
 ( 0.000000000000000000, 0.1318840711953371547, 0.2618153091293463630, 0.3902933495210611503, 0.5171257721934421347, 0.6420020715531483679, 0.7645768275012225779, 0.8836698560593276852, 1.000000000000000000 ),
 .UNSPECIFIED. ) ;
#3017 = VECTOR ( 'NONE', #5945, 1000.000000000000000 ) ;
#3018 = CARTESIAN_POINT ( 'NONE',  ( -17.31574787903095469, -1.000000000000000666, 8.745503142338012736 ) ) ;
#3019 = CARTESIAN_POINT ( 'NONE',  ( -28.38728336393429430, -0.6000000000000000888, 13.08467914565414070 ) ) ;
#3020 = ORIENTED_EDGE ( 'NONE', *, *, #3051, .T. ) ;
#3021 = PRODUCT_CONTEXT ( 'NONE', #3339, 'mechanical' ) ;
#3022 = CARTESIAN_POINT ( 'NONE',  ( -19.07156169615362984, -0.5999999999999998668, 9.225014081453197790 ) ) ;
#3023 = EDGE_LOOP ( 'NONE', ( #6865, #6016, #3098, #8512 ) ) ;
#3024 = DIRECTION ( 'NONE',  ( 1.000000000000000000, 0.000000000000000000, 0.000000000000000000 ) ) ;
#3025 = CARTESIAN_POINT ( 'NONE',  ( -27.20453373156918531, -1.000000000000000000, 9.144178303691631982 ) ) ;
#3026 = ORIENTED_EDGE ( 'NONE', *, *, #4293, .F. ) ;
#3027 = CARTESIAN_POINT ( 'NONE',  ( -26.13161009584714378, -1.000000000000000000, 10.06486393383465661 ) ) ;
#3028 = VERTEX_POINT ( 'NONE', #7608 ) ;
#3029 = CARTESIAN_POINT ( 'NONE',  ( -26.94466531051655522, -0.6000000000000000888, 12.08990198790215764 ) ) ;
#3030 = DIRECTION ( 'NONE',  ( -0.8660254037844304920, 0.5000000000000139888, 0.000000000000000000 ) ) ;
#3031 = EDGE_CURVE ( 'NONE', #6117, #378, #6355, .T. ) ;
#3032 = DIRECTION ( 'NONE',  ( 0.000000000000000000, 0.000000000000000000, 1.000000000000000000 ) ) ;
#3033 = CARTESIAN_POINT ( 'NONE',  ( -42.94746805471123707, -1.000000000000000222, 5.308809546622576647 ) ) ;
#3034 = CARTESIAN_POINT ( 'NONE',  ( -48.96990751153079913, 9.423651497465280968, 0.000000000000000000 ) ) ;
#3035 = DIRECTION ( 'NONE',  ( 0.000000000000000000, 0.000000000000000000, -1.000000000000000000 ) ) ;
#3036 = CARTESIAN_POINT ( 'NONE',  ( -41.89598864856261429, -0.9999999999999997780, 11.87218574191993348 ) ) ;
#3037 = ORIENTED_EDGE ( 'NONE', *, *, #8780, .F. ) ;
#3038 = PLANE ( 'NONE',  #1868 ) ;
#3039 = LINE ( 'NONE', #6398, #2559 ) ;
#3040 = DIRECTION ( 'NONE',  ( 1.000000000000000000, 0.000000000000000000, 0.000000000000000000 ) ) ;
#3041 = EDGE_CURVE ( 'NONE', #3307, #3595, #1491, .T. ) ;
#3042 = FACE_OUTER_BOUND ( 'NONE', #5610, .T. ) ;
#3043 = VECTOR ( 'NONE', #1728, 1000.000000000000000 ) ;
#3044 = CARTESIAN_POINT ( 'NONE',  ( -42.40482642443307526, -0.6000000000000003109, 11.78656447492751624 ) ) ;
#3045 = CARTESIAN_POINT ( 'NONE',  ( -50.78249905516356222, -1.000000000000000222, 13.34761494748980404 ) ) ;
#3046 = VERTEX_POINT ( 'NONE', #6443 ) ;
#3047 = AXIS2_PLACEMENT_3D ( 'NONE', #6779, #7454, #5355 ) ;
#3048 = DIRECTION ( 'NONE',  ( -1.000000000000000000, 0.000000000000000000, -0.000000000000000000 ) ) ;
#3049 = LINE ( 'NONE', #5784, #576 ) ;
#3050 = CARTESIAN_POINT ( 'NONE',  ( -23.97591531051655878, -1.000000000000000000, 5.353059882638999234 ) ) ;
#3051 = EDGE_CURVE ( 'NONE', #3116, #4557, #8134, .T. ) ;
#3052 = EDGE_CURVE ( 'NONE', #6625, #6803, #5733, .T. ) ;
#3053 = CARTESIAN_POINT ( 'NONE',  ( -25.65748491589063462, -0.5999999999999998668, 8.506930969293595268 ) ) ;
#3054 = VECTOR ( 'NONE', #1310, 1000.000000000000000 ) ;
#3055 = ORIENTED_EDGE ( 'NONE', *, *, #1323, .T. ) ;
#3056 = ORIENTED_EDGE ( 'NONE', *, *, #4480, .T. ) ;
#3057 = CARTESIAN_POINT ( 'NONE',  ( -16.04930091927627345, -0.9999999999999995559, 10.44040175843616503 ) ) ;
#3058 = ORIENTED_EDGE ( 'NONE', *, *, #8680, .F. ) ;
#3059 = CARTESIAN_POINT ( 'NONE',  ( -46.40070415551731742, 13.13647367099202867, 20.10000000000000142 ) ) ;
#3060 = EDGE_LOOP ( 'NONE', ( #3772, #7063, #3760, #3344, #5915, #3878, #1897, #3439 ) ) ;
#3061 = CARTESIAN_POINT ( 'NONE',  ( -3.599642683697447776, 10.00996317224837817, 0.000000000000000000 ) ) ;
#3062 = ADVANCED_FACE ( 'NONE', ( #3042 ), #7154, .T. ) ;
#3063 = PLANE ( 'NONE',  #6899 ) ;
#3064 = VERTEX_POINT ( 'NONE', #452 ) ;
#3065 = CARTESIAN_POINT ( 'NONE',  ( -44.43397459621556322, 8.497649730810351798, 20.10000000000000142 ) ) ;
#3066 = VERTEX_POINT ( 'NONE', #8453 ) ;
#3067 = CARTESIAN_POINT ( 'NONE',  ( -27.20204539831278723, -1.000000000000000222, 12.08226882825182358 ) ) ;
#3068 = CARTESIAN_POINT ( 'NONE',  ( -0.9007041555090071761, 12.27044826720279502, 7.650000000000015454 ) ) ;
#3069 = ORIENTED_EDGE ( 'NONE', *, *, #5736, .T. ) ;
#3070 = CARTESIAN_POINT ( 'NONE',  ( -25.76982395208723275, -0.9999999999999997780, 10.93922927633373021 ) ) ;
#3071 = VECTOR ( 'NONE', #3529, 1000.000000000000227 ) ;
#3072 = AXIS2_PLACEMENT_3D ( 'NONE', #2355, #1781, #984 ) ;
#3073 = ORIENTED_EDGE ( 'NONE', *, *, #1212, .F. ) ;
#3074 = DIRECTION ( 'NONE',  ( 0.000000000000000000, 0.000000000000000000, -1.000000000000000000 ) ) ;
#3075 = CARTESIAN_POINT ( 'NONE',  ( -25.28371685740840391, 10.87500000000000000, 0.000000000000000000 ) ) ;
#3076 = FACE_BOUND ( 'NONE', #2824, .T. ) ;
#3077 = AXIS2_PLACEMENT_3D ( 'NONE', #8618, #1161, #8539 ) ;
#3078 = DIRECTION ( 'NONE',  ( -0.8660254037844351549, 0.5000000000000061062, -0.000000000000000000 ) ) ;
#3079 = CARTESIAN_POINT ( 'NONE',  ( -40.72299234419925540, -1.000000000000000000, 6.955568178303475513 ) ) ;
#3080 = LINE ( 'NONE', #1744, #4940 ) ;
#3081 = AXIS2_PLACEMENT_3D ( 'NONE', #2206, #7672, #5036 ) ;
#3082 = ORIENTED_EDGE ( 'NONE', *, *, #6123, .F. ) ;
#3083 = CARTESIAN_POINT ( 'NONE',  ( -20.67187522300740454, -1.000000000000000000, 11.44608733552980340 ) ) ;
#3084 = EDGE_CURVE ( 'NONE', #4683, #4324, #3841, .T. ) ;
#3085 = DIRECTION ( 'NONE',  ( 0.8660254037844389297, -0.4999999999999994449, 0.000000000000000000 ) ) ;
#3086 = DIRECTION ( 'NONE',  ( 0.6123724356957948034, -0.3535533905932795595, -0.7071067811865444641 ) ) ;
#3087 = DIRECTION ( 'NONE',  ( -1.000000000000000000, 0.000000000000000000, 0.000000000000000000 ) ) ;
#3088 = DIRECTION ( 'NONE',  ( 0.4999999999999994449, 0.8660254037844389297, 0.000000000000000000 ) ) ;
#3089 = CARTESIAN_POINT ( 'NONE',  ( -50.97339704878729805, -0.6000000000000000888, 11.94249659581809908 ) ) ;
#3090 = EDGE_CURVE ( 'NONE', #5702, #4544, #410, .T. ) ;
#3091 = ORIENTED_EDGE ( 'NONE', *, *, #5831, .F. ) ;
#3092 = CARTESIAN_POINT ( 'NONE',  ( -3.499742261192809956, 10.76878221735089802, 0.000000000000000000 ) ) ;
#3093 = CARTESIAN_POINT ( 'NONE',  ( -53.93381004735865503, -0.6000000000000000888, 5.353059882638999234 ) ) ;
#3094 = CARTESIAN_POINT ( 'NONE',  ( -52.14433636314813469, -0.6000000000000000888, 8.089901987902157643 ) ) ;
#3095 = CARTESIAN_POINT ( 'NONE',  ( -24.75975981208032906, -0.5999999999999998668, 9.266060483287299476 ) ) ;
#3096 = AXIS2_PLACEMENT_3D ( 'NONE', #1881, #4612, #1299 ) ;
#3097 = VECTOR ( 'NONE', #7700, 1000.000000000000114 ) ;
#3098 = ORIENTED_EDGE ( 'NONE', *, *, #5736, .F. ) ;
#3099 = EDGE_CURVE ( 'NONE', #8681, #2954, #950, .T. ) ;
#3100 = ORIENTED_EDGE ( 'NONE', *, *, #6712, .F. ) ;
#3101 = CARTESIAN_POINT ( 'NONE',  ( -27.44959952104287382, -1.000000000000000222, 6.826744093165316052 ) ) ;
#3102 = VECTOR ( 'NONE', #7448, 1000.000000000000000 ) ;
#3103 = ORIENTED_EDGE ( 'NONE', *, *, #5658, .T. ) ;
#3104 = CARTESIAN_POINT ( 'NONE',  ( -42.52436070216078434, -0.9999999999999997780, 5.256116442867400984 ) ) ;
#3105 = ORIENTED_EDGE ( 'NONE', *, *, #441, .T. ) ;
#3106 = CARTESIAN_POINT ( 'NONE',  ( -48.14433636314813469, -1.000000000000000000, 10.79384935632321074 ) ) ;
#3107 = CARTESIAN_POINT ( 'NONE',  ( -26.81602277464721240, -0.9999999999999997780, 7.688095032606631740 ) ) ;
#3108 = ORIENTED_EDGE ( 'NONE', *, *, #7931, .F. ) ;
#3109 = CARTESIAN_POINT ( 'NONE',  ( -16.48154462172413659, -1.000000000000000000, 12.69506190363836140 ) ) ;
#3110 = VERTEX_POINT ( 'NONE', #3127 ) ;
#3111 = CARTESIAN_POINT ( 'NONE',  ( -27.03034128547062664, -1.000000000000000000, 12.08736108273493315 ) ) ;
#3112 = ADVANCED_FACE ( 'NONE', ( #5778, #5109 ), #5192, .T. ) ;
#3113 = DIRECTION ( 'NONE',  ( -0.5000000000000061062, -0.8660254037844351549, -0.000000000000000000 ) ) ;
#3114 = VERTEX_POINT ( 'NONE', #2993 ) ;
#3115 = DIRECTION ( 'NONE',  ( -0.8660254037844390407, 0.4999999999999994449, 0.000000000000000000 ) ) ;
#3116 = VERTEX_POINT ( 'NONE', #3754 ) ;
#3117 = CARTESIAN_POINT ( 'NONE',  ( -40.00864177073067651, -1.000000000000000222, 11.47877592027236737 ) ) ;
#3118 = DIRECTION ( 'NONE',  ( 2.657184803002740111E-15, 1.000000000000000000, 0.000000000000000000 ) ) ;
#3119 = PLANE ( 'NONE',  #1197 ) ;
#3120 = DIRECTION ( 'NONE',  ( -1.000000000000000000, 0.000000000000000000, 0.000000000000000000 ) ) ;
#3121 = CARTESIAN_POINT ( 'NONE',  ( -50.03907320525339486, -0.6000000000000000888, 10.73628356684952578 ) ) ;
#3122 = DIRECTION ( 'NONE',  ( -0.000000000000000000, -1.000000000000000000, -0.000000000000000000 ) ) ;
#3123 = EDGE_LOOP ( 'NONE', ( #3564, #8058, #511, #4710 ) ) ;
#3124 = FACE_OUTER_BOUND ( 'NONE', #5963, .T. ) ;
#3125 = CARTESIAN_POINT ( 'NONE',  ( -20.43104055232352323, -0.6000000000000007550, 8.118792711873181744 ) ) ;
#3126 = LINE ( 'NONE', #4303, #2582 ) ;
#3127 = CARTESIAN_POINT ( 'NONE',  ( -52.14433636314813469, -0.6000000000000000888, 11.98463883000742136 ) ) ;
#3128 = CARTESIAN_POINT ( 'NONE',  ( -18.85941133449850327, -0.9999999999999995559, 9.378243449184864744 ) ) ;
#3129 = CARTESIAN_POINT ( 'NONE',  ( -26.59964268369747131, 10.00996317224837817, 0.000000000000000000 ) ) ;
#3130 = ORIENTED_EDGE ( 'NONE', *, *, #6448, .T. ) ;
#3131 = LINE ( 'NONE', #4398, #3861 ) ;
#3132 = ORIENTED_EDGE ( 'NONE', *, *, #1390, .T. ) ;
#3133 = DIRECTION ( 'NONE',  ( -3.304235192336776005E-16, 0.000000000000000000, 1.000000000000000000 ) ) ;
#3134 = DIRECTION ( 'NONE',  ( 0.000000000000000000, 0.000000000000000000, 1.000000000000000000 ) ) ;
#3135 = EDGE_CURVE ( 'NONE', #4027, #129, #1391, .T. ) ;
#3136 = ORIENTED_EDGE ( 'NONE', *, *, #1198, .F. ) ;
#3137 = CYLINDRICAL_SURFACE ( 'NONE', #583, 1.000000000000000222 ) ;
#3138 = VERTEX_POINT ( 'NONE', #5016 ) ;
#3139 = DIRECTION ( 'NONE',  ( -0.4999999999999993894, -0.8660254037844389297, -0.000000000000000000 ) ) ;
#3140 = VERTEX_POINT ( 'NONE', #4349 ) ;
#3141 = LINE ( 'NONE', #8471, #2219 ) ;
#3142 = ADVANCED_FACE ( 'NONE', ( #1668 ), #2319, .T. ) ;
#3144 = VECTOR ( 'NONE', #6210, 1000.000000000000000 ) ;
#3143 = AXIS2_PLACEMENT_3D ( 'NONE', #5916, #5247, #335 ) ;
#3145 = CARTESIAN_POINT ( 'NONE',  ( -5.701958319099609263, 8.691600689896679555, 20.10000000000000142 ) ) ;
#3146 = VERTEX_POINT ( 'NONE', #2365 ) ;
#3147 = SHAPE_DEFINITION_REPRESENTATION ( #2759, #1642 ) ;
#3148 = CARTESIAN_POINT ( 'NONE',  ( -17.97503018238898775, -0.9999999999999997780, 13.42347595443742314 ) ) ;
#3149 = ORIENTED_EDGE ( 'NONE', *, *, #5037, .F. ) ;
#3150 = FACE_OUTER_BOUND ( 'NONE', #5660, .T. ) ;
#3151 = CARTESIAN_POINT ( 'NONE',  ( -41.21727455279182806, -0.5999999999999998668, 13.44008155705128438 ) ) ;
#3152 = VERTEX_POINT ( 'NONE', #7830 ) ;
#3153 = CARTESIAN_POINT ( 'NONE',  ( -65.69999999999998863, 3.500000000000215383, 9.599999999999999645 ) ) ;
#3154 = EDGE_LOOP ( 'NONE', ( #5092, #8031, #5250, #8328 ) ) ;
#3155 = CARTESIAN_POINT ( 'NONE',  ( -52.14433636314813469, -0.6000000000000000888, 9.458323040533736403 ) ) ;
#3156 = EDGE_CURVE ( 'NONE', #1438, #1251, #6488, .T. ) ;
#3157 = CARTESIAN_POINT ( 'NONE',  ( -21.00507900787838977, -0.6000000000000000888, 7.298196685397028816 ) ) ;
#3158 = DIRECTION ( 'NONE',  ( 1.000000000000000000, 0.000000000000000000, 0.000000000000000000 ) ) ;
#3159 = CARTESIAN_POINT ( 'NONE',  ( -44.08524283061587568, -0.6000000000000000888, 9.866566445964696896 ) ) ;
#3160 = CARTESIAN_POINT ( 'NONE',  ( -41.46868817251289840, -1.000000000000000000, 6.831320152263092638 ) ) ;
#3161 = FACE_OUTER_BOUND ( 'NONE', #1603, .T. ) ;
#3162 = EDGE_LOOP ( 'NONE', ( #4167, #4174, #424, #8636 ) ) ;
#3163 = LINE ( 'NONE', #1165, #3007 ) ;
#3164 = FACE_OUTER_BOUND ( 'NONE', #5832, .T. ) ;
#3165 = CARTESIAN_POINT ( 'NONE',  ( -19.07156169615362984, -0.5999999999999998668, 9.225014081453197790 ) ) ;
#3166 = ADVANCED_FACE ( 'NONE', ( #8544 ), #3247, .T. ) ;
#3167 = LINE ( 'NONE', #3209, #7952 ) ;
#3168 = CARTESIAN_POINT ( 'NONE',  ( -18.56600134668305913, -1.000000000000000444, 9.610252367229712434 ) ) ;
#3169 = CARTESIAN_POINT ( 'NONE',  ( -45.61598655636788635, -0.6000000000000005329, 7.226459553139680025 ) ) ;
#3170 = VERTEX_POINT ( 'NONE', #8000 ) ;
#3171 = DIRECTION ( 'NONE',  ( -1.000000000000000000, 0.000000000000000000, 0.000000000000000000 ) ) ;
#3172 = CARTESIAN_POINT ( 'NONE',  ( -48.28371685740840036, 10.87500000000000000, 0.000000000000000000 ) ) ;
#3173 = FACE_OUTER_BOUND ( 'NONE', #7088, .T. ) ;
#3174 = DIRECTION ( 'NONE',  ( 0.000000000000000000, 0.000000000000000000, -1.000000000000000000 ) ) ;
#3175 = ORIENTED_EDGE ( 'NONE', *, *, #2684, .T. ) ;
#3176 = VECTOR ( 'NONE', #6778, 1000.000000000000000 ) ;
#3177 = CARTESIAN_POINT ( 'NONE',  ( -15.95735444249028134, -0.5999999999999998668, 11.10628253234542484 ) ) ;
#3178 = EDGE_LOOP ( 'NONE', ( #1006, #7074, #8199, #376 ) ) ;
#3179 = CARTESIAN_POINT ( 'NONE',  ( -19.42738269620814151, -0.6000000000000003109, 6.853208813283835354 ) ) ;
#3180 = EDGE_CURVE ( 'NONE', #30, #8099, #5905, .T. ) ;
#3181 = ORIENTED_EDGE ( 'NONE', *, *, #7100, .T. ) ;
#3182 = FACE_OUTER_BOUND ( 'NONE', #3682, .T. ) ;
#3183 = PLANE ( 'NONE',  #8448 ) ;
#3184 = AXIS2_PLACEMENT_3D ( 'NONE', #8587, #2455, #5194 ) ;
#3185 = AXIS2_PLACEMENT_3D ( 'NONE', #8676, #2544, #8010 ) ;
#3186 = CARTESIAN_POINT ( 'NONE',  ( -23.97591531051655878, -1.000000000000000000, 6.826744093165315164 ) ) ;
#3187 = ORIENTED_EDGE ( 'NONE', *, *, #1865, .T. ) ;
#3188 = ORIENTED_EDGE ( 'NONE', *, *, #8620, .T. ) ;
#3189 = PLANE ( 'NONE',  #394 ) ;
#3190 = CARTESIAN_POINT ( 'NONE',  ( -3.499742261192809956, 10.76878221735089802, 20.10000000000000142 ) ) ;
#3191 = ORIENTED_EDGE ( 'NONE', *, *, #7585, .T. ) ;
#3192 = EDGE_CURVE ( 'NONE', #4629, #7107, #8044, .T. ) ;
#3193 = LINE ( 'NONE', #2480, #8720 ) ;
#3194 = ORIENTED_EDGE ( 'NONE', *, *, #8496, .T. ) ;
#3195 = DIRECTION ( 'NONE',  ( -1.000000000000000000, 0.000000000000000000, 0.000000000000000000 ) ) ;
#3196 = PLANE ( 'NONE',  #2914 ) ;
#3197 = LINE ( 'NONE', #1248, #623 ) ;
#3198 = CARTESIAN_POINT ( 'NONE',  ( -12.57361267893760370, -0.6000000000000000888, 12.30042830369163198 ) ) ;
#3199 = CARTESIAN_POINT ( 'NONE',  ( -50.04130553301551032, -0.9999999999999997780, 10.88474538660017821 ) ) ;
#3200 = VERTEX_POINT ( 'NONE', #1924 ) ;
#3201 = DIRECTION ( 'NONE',  ( 0.000000000000000000, -1.000000000000000000, 0.000000000000000000 ) ) ;
#3202 = AXIS2_PLACEMENT_3D ( 'NONE', #3419, #842, #124 ) ;
#3203 = VERTEX_POINT ( 'NONE', #3336 ) ;
#3204 = ADVANCED_FACE ( 'NONE', ( #4660 ), #6658, .T. ) ;
#3205 = CARTESIAN_POINT ( 'NONE',  ( -39.88273979380020506, -1.000000000000000000, 5.644303833805745185 ) ) ;
#3206 = EDGE_CURVE ( 'NONE', #3954, #397, #1103, .T. ) ;
#3207 = CARTESIAN_POINT ( 'NONE',  ( -21.21264995406865594, -0.9999999999999997780, 6.813307792856671874 ) ) ;
#3208 = CARTESIAN_POINT ( 'NONE',  ( -56.92804908282615628, 1.432050807568885142, 19.40000000000000213 ) ) ;
#3209 = CARTESIAN_POINT ( 'NONE',  ( -47.88371685740839467, 11.56782032302750096, 20.10000000000000142 ) ) ;
#3210 = CARTESIAN_POINT ( 'NONE',  ( 1.199999999999999734, 8.863675134594789284, 20.10000000000000142 ) ) ;
#3211 = CARTESIAN_POINT ( 'NONE',  ( -17.74877132050828266, -0.9999999999999997780, 10.93922927633373021 ) ) ;
#3212 = DIRECTION ( 'NONE',  ( 1.000000000000000000, -2.891205793294662451E-15, 0.000000000000000000 ) ) ;
#3213 = EDGE_CURVE ( 'NONE', #2017, #3277, #5274, .T. ) ;
#3214 = ORIENTED_EDGE ( 'NONE', *, *, #221, .T. ) ;
#3215 = CARTESIAN_POINT ( 'NONE',  ( -19.43672119922842256, -0.9999999999999997780, 12.04114164335061332 ) ) ;
#3216 = PLANE ( 'NONE',  #724 ) ;
#3217 = DIRECTION ( 'NONE',  ( 0.000000000000000000, 0.000000000000000000, 1.000000000000000000 ) ) ;
#3218 = CARTESIAN_POINT ( 'NONE',  ( -23.20788383248145692, 11.87044826720278934, 8.450000000000020606 ) ) ;
#3219 = EDGE_LOOP ( 'NONE', ( #5326, #6806, #4779, #7256 ) ) ;
#3220 = CARTESIAN_POINT ( 'NONE',  ( -17.07128290164564888, -0.9999999999999995559, 8.944718803265367058 ) ) ;
#3221 = EDGE_LOOP ( 'NONE', ( #4996, #2675, #332, #883 ) ) ;
#3222 = CARTESIAN_POINT ( 'NONE',  ( -19.00231723032660369, -0.6000000000000003109, 7.507929389053945357 ) ) ;
#3223 = ORIENTED_EDGE ( 'NONE', *, *, #8679, .F. ) ;
#3224 = CARTESIAN_POINT ( 'NONE',  ( -48.25855916150560176, -1.000000000000000000, 9.952088590633501042 ) ) ;
#3225 = CARTESIAN_POINT ( 'NONE',  ( -45.29999999999999716, 7.997649730810350910, 20.10000000000000142 ) ) ;
#3226 = CARTESIAN_POINT ( 'NONE',  ( -50.61665455375469236, -0.5999999999999998668, 8.131076500000441243 ) ) ;
#3227 = ORIENTED_EDGE ( 'NONE', *, *, #49, .T. ) ;
#3228 = VECTOR ( 'NONE', #248, 1000.000000000000114 ) ;
#3229 = EDGE_LOOP ( 'NONE', ( #5809, #5001, #7337, #4901 ) ) ;
#3230 = CARTESIAN_POINT ( 'NONE',  ( -46.50000000000000000, 7.882179676972463689, -0.9000000000000000222 ) ) ;
#3231 = CARTESIAN_POINT ( 'NONE',  ( -41.77459952104285890, -1.000000000000000000, 13.45832304053373640 ) ) ;
#3232 = ORIENTED_EDGE ( 'NONE', *, *, #4009, .T. ) ;
#3233 = CARTESIAN_POINT ( 'NONE',  ( -9.199330374936424803, 0.4339745962156045800, 19.40000000000000213 ) ) ;
#3234 = ORIENTED_EDGE ( 'NONE', *, *, #8109, .F. ) ;
#3235 = DIRECTION ( 'NONE',  ( -0.8660254037844389297, 0.4999999999999994449, 0.000000000000000000 ) ) ;
#3236 = DIRECTION ( 'NONE',  ( -0.000000000000000000, -1.000000000000000000, -0.000000000000000000 ) ) ;
#3237 = CARTESIAN_POINT ( 'NONE',  ( -70.88371685740838757, 11.56782032302750096, -0.9000000000000000222 ) ) ;
#3238 = EDGE_CURVE ( 'NONE', #565, #30, #102, .T. ) ;
#3239 = CARTESIAN_POINT ( 'NONE',  ( -28.83581293222264108, -1.000000000000000222, 12.84130764464735108 ) ) ;
#3240 = CARTESIAN_POINT ( 'NONE',  ( -23.97591531051655878, -1.000000000000000000, 5.353059882638999234 ) ) ;
#3241 = EDGE_LOOP ( 'NONE', ( #2294, #2541, #2384, #1272 ) ) ;
#3242 = DIRECTION ( 'NONE',  ( -0.000000000000000000, -0.000000000000000000, 1.000000000000000000 ) ) ;
#3243 = VERTEX_POINT ( 'NONE', #3884 ) ;
#3244 = CARTESIAN_POINT ( 'NONE',  ( -51.13775741577971701, -0.6000000000000000888, 13.35305988263900012 ) ) ;
#3245 = CIRCLE ( 'NONE', #8254, 1.999999999999939382 ) ;
#3246 = LINE ( 'NONE', #1923, #4889 ) ;
#3247 = PLANE ( 'NONE',  #2516 ) ;
#3248 = DIRECTION ( 'NONE',  ( -0.8660254037844389297, 0.4999999999999994449, -0.000000000000000000 ) ) ;
#3249 = EDGE_CURVE ( 'NONE', #3146, #6705, #3167, .T. ) ;
#3250 = CARTESIAN_POINT ( 'NONE',  ( -48.49974226119270071, 12.50083302491999859, 0.000000000000000000 ) ) ;
#3251 = LINE ( 'NONE', #7960, #5787 ) ;
#3252 = ORIENTED_EDGE ( 'NONE', *, *, #2013, .F. ) ;
#3253 = ORIENTED_EDGE ( 'NONE', *, *, #1530, .F. ) ;
#3254 = CARTESIAN_POINT ( 'NONE',  ( -71.63371685740838757, 10.26878221735089980, 20.10000000000000142 ) ) ;
#3255 = CARTESIAN_POINT ( 'NONE',  ( -40.48553748581812073, -1.000000000000000000, 7.029651179024559049 ) ) ;
#3256 = CARTESIAN_POINT ( 'NONE',  ( -25.92171027634526226, -1.000000000000000000, 11.67231097751628432 ) ) ;
#3257 = CARTESIAN_POINT ( 'NONE',  ( -72.59964268369742513, 10.00996317224838883, 20.10000000000000142 ) ) ;
#3258 = EDGE_CURVE ( 'NONE', #4925, #5781, #2374, .T. ) ;
#3259 = EDGE_CURVE ( 'NONE', #2532, #6645, #4702, .T. ) ;
#3260 = EDGE_CURVE ( 'NONE', #1965, #2438, #4564, .T. ) ;
#3261 = EDGE_CURVE ( 'NONE', #6052, #350, #1259, .T. ) ;
#3262 = VERTEX_POINT ( 'NONE', #1343 ) ;
#3263 = CARTESIAN_POINT ( 'NONE',  ( -17.63643228431167742, -0.9999999999999997780, 8.506930969293595268 ) ) ;
#3264 = VERTEX_POINT ( 'NONE', #5321 ) ;
#3265 = DIRECTION ( 'NONE',  ( -1.000000000000000000, 0.000000000000000000, -0.000000000000000000 ) ) ;
#3266 = EDGE_LOOP ( 'NONE', ( #3485, #1054, #509, #1426 ) ) ;
#3267 = CARTESIAN_POINT ( 'NONE',  ( -50.23630896984103344, -1.000000000000000000, 9.957686940767136008 ) ) ;
#3268 = CARTESIAN_POINT ( 'NONE',  ( -48.63371685740839467, 10.26878221735089980, 20.10000000000000142 ) ) ;
#3269 = ADVANCED_FACE ( 'NONE', ( #5946 ), #7286, .F. ) ;
#3270 = CARTESIAN_POINT ( 'NONE',  ( -51.29400741577970990, -0.6000000000000000888, 8.089901987902157643 ) ) ;
#3271 = ORIENTED_EDGE ( 'NONE', *, *, #6306, .T. ) ;
#3272 = ORIENTED_EDGE ( 'NONE', *, *, #4687, .T. ) ;
#3273 = VECTOR ( 'NONE', #8591, 1000.000000000000000 ) ;
#3274 = DIRECTION ( 'NONE',  ( 0.000000000000000000, -0.000000000000000000, 1.000000000000000000 ) ) ;
#3275 = CARTESIAN_POINT ( 'NONE',  ( -28.76528383655373844, -1.000000000000000222, 7.734030817966677240 ) ) ;
#3276 = B_SPLINE_SURFACE_WITH_KNOTS ( 'NONE', 3, 1, ( 
 ( #5445, #6825 ),
 ( #4329, #6335 ),
 ( #2885, #1469 ),
 ( #7762, #8386 ),
 ( #8431, #801 ),
 ( #4866, #7046 ),
 ( #3646, #5624 ),
 ( #931, #2301 ),
 ( #4241, #2170 ),
 ( #3467, #82 ),
 ( #6377, #170 ),
 ( #6963, #8255 ),
 ( #6204, #2928 ),
 ( #2972, #5041 ),
 ( #4287, #2258 ) ),
 .UNSPECIFIED., .F., .F., .F.,
 ( 4, 1, 1, 1, 1, 1, 1, 1, 1, 1, 1, 1, 4 ),
 ( 2, 2 ),
 ( 0.000000000000000000, 0.1367039883603697048, 0.2586833526536852501, 0.3709414131933319592, 0.4785760303022709161, 0.5331492739294553251, 0.5900053033407540726, 0.6481585953923468812, 0.7104150693803554795, 0.7756764888071543407, 0.8461861521810664089, 0.9204958455208714918, 1.000000000000000000 ),
 ( 0.000000000000000000, 1.000000000000000000 ),
 .UNSPECIFIED. ) ;
#3277 = VERTEX_POINT ( 'NONE', #2623 ) ;
#3278 = CARTESIAN_POINT ( 'NONE',  ( -41.67918202419151186, -0.6000000000000003109, 13.45745411035514216 ) ) ;
#3279 = EDGE_LOOP ( 'NONE', ( #4492, #4599, #390, #6131 ) ) ;
#3280 = CARTESIAN_POINT ( 'NONE',  ( -50.00619077176733640, -0.5999999999999998668, 8.272726543668008858 ) ) ;
#3282 = AXIS2_PLACEMENT_3D ( 'NONE', #954, #6404, #281 ) ;
#3281 = AXIS2_PLACEMENT_3D ( 'NONE', #5032, #6240, #3594 ) ;
#3283 = CARTESIAN_POINT ( 'NONE',  ( -32.19933037493642303, 0.4339745962156045800, -0.2000000000000000389 ) ) ;
#3284 = DIRECTION ( 'NONE',  ( -0.000000000000000000, -1.000000000000000000, -0.000000000000000000 ) ) ;
#3285 = LINE ( 'NONE', #5264, #3902 ) ;
#3286 = CARTESIAN_POINT ( 'NONE',  ( -70.45070415551620613, 11.31782032302749919, 20.10000000000000142 ) ) ;
#3287 = EDGE_LOOP ( 'NONE', ( #1905, #5816, #7214, #4093 ) ) ;
#3288 = CARTESIAN_POINT ( 'NONE',  ( -19.79259072650305029, -0.6000000000000003109, 13.29364821499873983 ) ) ;
#3290 = VECTOR ( 'NONE', #37, 1000.000000000000000 ) ;
#3289 = VECTOR ( 'NONE', #5229, 1000.000000000000227 ) ;
#3291 = VERTEX_POINT ( 'NONE', #6613 ) ;
#3292 = LINE ( 'NONE', #3971, #4443 ) ;
#3293 = LINE ( 'NONE', #4516, #2158 ) ;
#3294 = DIRECTION ( 'NONE',  ( -1.000000000000000000, 0.000000000000000000, -0.000000000000000000 ) ) ;
#3295 = DIRECTION ( 'NONE',  ( -0.000000000000000000, -0.000000000000000000, 1.000000000000000000 ) ) ;
#3296 = DIRECTION ( 'NONE',  ( -0.8660254037844479225, 0.4999999999999839573, 0.000000000000000000 ) ) ;
#3297 = CARTESIAN_POINT ( 'NONE',  ( -43.62983154631513827, -0.9999999999999995559, 7.672808207291770266 ) ) ;
#3298 = CARTESIAN_POINT ( 'NONE',  ( -46.01504013221320122, -0.6000000000000000888, 9.038215902441333327 ) ) ;
#3299 = EDGE_LOOP ( 'NONE', ( #8533, #6109, #1367, #5361, #2573, #4686, #3817 ) ) ;
#3300 = ORIENTED_EDGE ( 'NONE', *, *, #1538, .F. ) ;
#3301 = EDGE_CURVE ( 'NONE', #1020, #7934, #8091, .T. ) ;
#3302 = PLANE ( 'NONE',  #7437 ) ;
#3303 = CARTESIAN_POINT ( 'NONE',  ( -69.20788383248147113, 11.87044826720278934, 7.450000000000003730 ) ) ;
#3304 = CARTESIAN_POINT ( 'NONE',  ( -48.71253378870242301, -1.000000000000000000, 12.54796747799729495 ) ) ;
#3305 = DIRECTION ( 'NONE',  ( -0.9659258262890685343, -0.2588190451025203509, 0.000000000000000000 ) ) ;
#3306 = CARTESIAN_POINT ( 'NONE',  ( -26.66712077892548649, -0.9999999999999997780, 12.07566957060192259 ) ) ;
#3307 = VERTEX_POINT ( 'NONE', #7419 ) ;
#3308 = CARTESIAN_POINT ( 'NONE',  ( -18.92361267893760868, -0.6000000000000000888, 12.08990198790215764 ) ) ;
#3309 = ORIENTED_EDGE ( 'NONE', *, *, #3440, .T. ) ;
#3310 = EDGE_CURVE ( 'NONE', #3993, #621, #6953, .T. ) ;
#3311 = CARTESIAN_POINT ( 'NONE',  ( -11.42631204318075255, -1.000000000000000000, 11.16190439220950203 ) ) ;
#3312 = ADVANCED_FACE ( 'NONE', ( #4021 ), #7332, .T. ) ;
#3313 = ORIENTED_EDGE ( 'NONE', *, *, #5843, .T. ) ;
#3314 = CARTESIAN_POINT ( 'NONE',  ( -50.61665455375469236, -0.9999999999999997780, 8.131076500000441243 ) ) ;
#3315 = DIRECTION ( 'NONE',  ( 0.000000000000000000, 0.000000000000000000, 1.000000000000000000 ) ) ;
#3316 = CARTESIAN_POINT ( 'NONE',  ( -55.19933037493642303, 0.4339745962156045800, -0.2000000000000000389 ) ) ;
#3317 = VECTOR ( 'NONE', #1100, 1000.000000000000000 ) ;
#3318 = ORIENTED_EDGE ( 'NONE', *, *, #8844, .T. ) ;
#3319 = DIRECTION ( 'NONE',  ( 1.000000000000000000, 0.000000000000000000, -0.000000000000000000 ) ) ;
#3320 = CARTESIAN_POINT ( 'NONE',  ( -47.45070415551619902, 11.31782032302749919, 20.10000000000000142 ) ) ;
#3321 = EDGE_LOOP ( 'NONE', ( #533, #4485, #2422, #3313 ) ) ;
#3322 = FACE_OUTER_BOUND ( 'NONE', #8204, .T. ) ;
#3323 = ADVANCED_FACE ( 'NONE', ( #1433 ), #4920, .T. ) ;
#3324 = ORIENTED_EDGE ( 'NONE', *, *, #2451, .T. ) ;
#3325 = CARTESIAN_POINT ( 'NONE',  ( -48.35293476897723508, -0.6000000000000000888, 9.698575200008773933 ) ) ;
#3326 = CIRCLE ( 'NONE', #7618, 0.9999999999999983347 ) ;
#3327 = DIRECTION ( 'NONE',  ( -0.9659258262890682012, -0.2588190451025211836, 0.000000000000000000 ) ) ;
#3328 = DIRECTION ( 'NONE',  ( -0.6123724356984057149, 0.3535533905887449091, -0.7071067811865506814 ) ) ;
#3329 = CARTESIAN_POINT ( 'NONE',  ( -12.23715049554417966, -0.5999999999999996447, 12.40052185498298698 ) ) ;
#3330 = CARTESIAN_POINT ( 'NONE',  ( -51.39320756509756905, -0.6000000000000000888, 11.98375273464900381 ) ) ;
#3331 = ORIENTED_EDGE ( 'NONE', *, *, #2021, .F. ) ;
#3332 = CARTESIAN_POINT ( 'NONE',  ( -18.54861267893760512, -1.000000000000000000, 13.45832304053373818 ) ) ;
#3333 = ORIENTED_EDGE ( 'NONE', *, *, #236, .F. ) ;
#3334 = CARTESIAN_POINT ( 'NONE',  ( -41.11015227504949365, -1.000000000000000222, 5.305255928631666507 ) ) ;
#3335 = DIRECTION ( 'NONE',  ( 1.000000000000000000, 0.000000000000000000, 0.000000000000000000 ) ) ;
#3336 = CARTESIAN_POINT ( 'NONE',  ( -21.30000000000000071, 1.699999999999999956, -0.9000000000000000222 ) ) ;
#3337 = CARTESIAN_POINT ( 'NONE',  ( -53.90625231310169596, 12.27365149746590056, 0.000000000000000000 ) ) ;
#3338 = CARTESIAN_POINT ( 'NONE',  ( -23.49999999999999645, 7.882179676972463689, -0.9000000000000000222 ) ) ;
#3339 = APPLICATION_CONTEXT ( 'automotive_design' ) ;
#3340 = CARTESIAN_POINT ( 'NONE',  ( -42.92517620067590656, -0.9999999999999997780, 7.086278856927139991 ) ) ;
#3341 = DIRECTION ( 'NONE',  ( 1.000000000000000000, 0.000000000000000000, 0.000000000000000000 ) ) ;
#3342 = EDGE_CURVE ( 'NONE', #4898, #1189, #3476, .T. ) ;
#3343 = ORIENTED_EDGE ( 'NONE', *, *, #6321, .T. ) ;
#3344 = ORIENTED_EDGE ( 'NONE', *, *, #7248, .F. ) ;
#3345 = VECTOR ( 'NONE', #2412, 1000.000000000000000 ) ;
#3346 = LINE ( 'NONE', #2018, #5284 ) ;
#3347 = LINE ( 'NONE', #5955, #8484 ) ;
#3348 = LINE ( 'NONE', #6798, #1568 ) ;
#3349 = VECTOR ( 'NONE', #8592, 1000.000000000000000 ) ;
#3350 = EDGE_CURVE ( 'NONE', #4791, #233, #1579, .T. ) ;
#3351 = VECTOR ( 'NONE', #3122, 1000.000000000000000 ) ;
#3352 = CARTESIAN_POINT ( 'NONE',  ( -50.03983235039792277, -1.000000000000000000, 10.78677080780236253 ) ) ;
#3353 = ORIENTED_EDGE ( 'NONE', *, *, #8373, .F. ) ;
#3354 = CARTESIAN_POINT ( 'NONE',  ( -26.54116777531292470, -0.6000000000000003109, 12.05442515963128969 ) ) ;
#3355 = AXIS2_PLACEMENT_3D ( 'NONE', #7041, #923, #795 ) ;
#3356 = ORIENTED_EDGE ( 'NONE', *, *, #7414, .F. ) ;
#3357 = CARTESIAN_POINT ( 'NONE',  ( 18.03105438279289885, 8.961215932167762688, 0.000000000000000000 ) ) ;
#3358 = ORIENTED_EDGE ( 'NONE', *, *, #6909, .T. ) ;
#3359 = CARTESIAN_POINT ( 'NONE',  ( -50.83525334777657179, -1.000000000000000000, 9.536790187084969617 ) ) ;
#3360 = CARTESIAN_POINT ( 'NONE',  ( -19.17887231106379531, -0.9999999999999997780, 7.334199025909230230 ) ) ;
#3361 = CARTESIAN_POINT ( 'NONE',  ( -15.99538166661954364, -0.5999999999999998668, 11.68681218735810212 ) ) ;
#3362 = ADVANCED_FACE ( 'NONE', ( #3431 ), #1384, .T. ) ;
#3363 = EDGE_CURVE ( 'NONE', #5116, #920, #6525, .T. ) ;
#3364 = ORIENTED_EDGE ( 'NONE', *, *, #1865, .F. ) ;
#3365 = DIRECTION ( 'NONE',  ( 0.000000000000000000, 0.000000000000000000, -1.000000000000000000 ) ) ;
#3366 = LINE ( 'NONE', #8159, #5440 ) ;
#3367 = ORIENTED_EDGE ( 'NONE', *, *, #880, .F. ) ;
#3368 = DIRECTION ( 'NONE',  ( -0.000000000000000000, -1.000000000000000000, -0.000000000000000000 ) ) ;
#3369 = EDGE_LOOP ( 'NONE', ( #5246, #8661, #2966, #4740, #6264, #4214, #2241 ) ) ;
#3370 = LINE ( 'NONE', #841, #5125 ) ;
#3371 = AXIS2_PLACEMENT_3D ( 'NONE', #1657, #5587, #4292 ) ;
#3372 = PLANE ( 'NONE',  #5788 ) ;
#3373 = VECTOR ( 'NONE', #1443, 1000.000000000000000 ) ;
#3374 = AXIS2_PLACEMENT_3D ( 'NONE', #581, #8092, #498 ) ;
#3375 = CARTESIAN_POINT ( 'NONE',  ( -63.79999999999999716, 1.699999999999999956, 14.40000000000002522 ) ) ;
#3376 = EDGE_CURVE ( 'NONE', #7806, #3028, #2845, .T. ) ;
#3377 = ADVANCED_FACE ( 'NONE', ( #2, #6168 ), #178, .T. ) ;
#3378 = CARTESIAN_POINT ( 'NONE',  ( -27.20707892690716534, -1.000000000000000000, 13.42068050419670477 ) ) ;
#3379 = DIRECTION ( 'NONE',  ( 0.000000000000000000, 0.000000000000000000, -1.000000000000000000 ) ) ;
#3380 = ORIENTED_EDGE ( 'NONE', *, *, #6236, .T. ) ;
#3381 = AXIS2_PLACEMENT_3D ( 'NONE', #6192, #71, #7577 ) ;
#3382 = LINE ( 'NONE', #6783, #1518 ) ;
#3383 = ORIENTED_EDGE ( 'NONE', *, *, #4517, .T. ) ;
#3384 = CARTESIAN_POINT ( 'NONE',  ( -41.42030278313789182, -0.9999999999999997780, 5.271098781560102253 ) ) ;
#3385 = VECTOR ( 'NONE', #4814, 1000.000000000000000 ) ;
#3386 = CARTESIAN_POINT ( 'NONE',  ( -26.56966531051655522, -0.6000000000000000888, 13.45832304053373818 ) ) ;
#3387 = LINE ( 'NONE', #4295, #2234 ) ;
#3388 = CARTESIAN_POINT ( 'NONE',  ( 1.566025403784438774, 8.497649730810351798, 20.10000000000000142 ) ) ;
#3389 = DIRECTION ( 'NONE',  ( 1.000000000000000000, 0.000000000000000000, 0.000000000000000000 ) ) ;
#3390 = CARTESIAN_POINT ( 'NONE',  ( -15.95486267893760690, -0.6000000000000000888, 6.826744093165315164 ) ) ;
#3391 = CARTESIAN_POINT ( 'NONE',  ( -41.99105858689405579, -0.6000000000000000888, 6.831110727443411079 ) ) ;
#3392 = VERTEX_POINT ( 'NONE', #45 ) ;
#3393 = ORIENTED_EDGE ( 'NONE', *, *, #4578, .F. ) ;
#3394 = VECTOR ( 'NONE', #7870, 1000.000000000000114 ) ;
#3395 = CARTESIAN_POINT ( 'NONE',  ( -40.81665005360910925, -0.5999999999999998668, 5.353414334471236380 ) ) ;
#3396 = EDGE_CURVE ( 'NONE', #1485, #7611, #3387, .T. ) ;
#3397 = CARTESIAN_POINT ( 'NONE',  ( -24.83857150996690777, -0.9999999999999997780, 12.98893199167539336 ) ) ;
#3398 = ADVANCED_FACE ( 'NONE', ( #2178 ), #2754, .T. ) ;
#3399 = CARTESIAN_POINT ( 'NONE',  ( -18.30043912704096698, -0.9999999999999997780, 8.049714793748339758 ) ) ;
#3400 = LINE ( 'NONE', #4124, #6071 ) ;
#3401 = CARTESIAN_POINT ( 'NONE',  ( -42.22908105327545769, -0.6000000000000003109, 13.44905471862204571 ) ) ;
#3402 = ORIENTED_EDGE ( 'NONE', *, *, #4430, .F. ) ;
#3403 = CARTESIAN_POINT ( 'NONE',  ( -45.95858228662212497, -1.000000000000000222, 8.339240040982016211 ) ) ;
#3404 =( NAMED_UNIT ( * ) PLANE_ANGLE_UNIT ( ) SI_UNIT ( $, .RADIAN. ) );
#3405 = ORIENTED_EDGE ( 'NONE', *, *, #7159, .F. ) ;
#3406 = CARTESIAN_POINT ( 'NONE',  ( -51.29400741577970990, -1.000000000000000000, 8.089901987902157643 ) ) ;
#3407 = EDGE_CURVE ( 'NONE', #6279, #7941, #6928, .T. ) ;
#3408 = CARTESIAN_POINT ( 'NONE',  ( -18.54861267893760512, -0.6000000000000000888, 13.45832304053373818 ) ) ;
#3409 = CIRCLE ( 'NONE', #3521, 1.000000000000000888 ) ;
#3410 = DIRECTION ( 'NONE',  ( 0.8660254037844395958, 0.4999999999999985567, 0.000000000000000000 ) ) ;
#3411 = VERTEX_POINT ( 'NONE', #2090 ) ;
#3412 = DIRECTION ( 'NONE',  ( 0.000000000000000000, 0.000000000000000000, -1.000000000000000000 ) ) ;
#3413 = CARTESIAN_POINT ( 'NONE',  ( -70.45070415551620613, 11.31782032302749919, -0.9000000000000000222 ) ) ;
#3414 = VERTEX_POINT ( 'NONE', #4831 ) ;
#3415 = DIRECTION ( 'NONE',  ( -0.5000000000000061062, -0.8660254037844351549, -0.000000000000000000 ) ) ;
#3416 = EDGE_LOOP ( 'NONE', ( #8314, #7750, #7260, #257 ) ) ;
#3417 = CARTESIAN_POINT ( 'NONE',  ( -48.25855916150560176, -0.6000000000000000888, 9.952088590633501042 ) ) ;
#3418 = ADVANCED_FACE ( 'NONE', ( #7820 ), #3699, .T. ) ;
#3419 = CARTESIAN_POINT ( 'NONE',  ( -53.08741429366222775, 4.091920550304282145, 0.000000000000000000 ) ) ;
#3420 = CARTESIAN_POINT ( 'NONE',  ( -29.59118880364060189, 9.551408311032400178, 19.40000000000000213 ) ) ;
#3421 = CARTESIAN_POINT ( 'NONE',  ( -25.99608281396794141, -0.9999999999999997780, 13.42347595443742314 ) ) ;
#3422 = CARTESIAN_POINT ( 'NONE',  ( -50.08550992142152580, -0.6000000000000000888, 11.15912902849110822 ) ) ;
#3423 = ORIENTED_EDGE ( 'NONE', *, *, #7513, .T. ) ;
#3424 = CARTESIAN_POINT ( 'NONE',  ( -20.81476030064369453, -0.6000000000000003109, 12.84130764464735108 ) ) ;
#3425 = ORIENTED_EDGE ( 'NONE', *, *, #5872, .F. ) ;
#3426 = CARTESIAN_POINT ( 'NONE',  ( -41.11015227504949365, -0.6000000000000003109, 5.305255928631666507 ) ) ;
#3427 = AXIS2_PLACEMENT_3D ( 'NONE', #5022, #7743, #3048 ) ;
#3428 = EDGE_CURVE ( 'NONE', #610, #4683, #8395, .T. ) ;
#3429 = ADVANCED_FACE ( 'NONE', ( #1612 ), #5006, .T. ) ;
#3430 = DIRECTION ( 'NONE',  ( 0.8660254037844329345, -0.5000000000000098810, 0.000000000000000000 ) ) ;
#3431 = FACE_OUTER_BOUND ( 'NONE', #5042, .T. ) ;
#3432 = CARTESIAN_POINT ( 'NONE',  ( -50.83525334777657179, -0.6000000000000000888, 9.536790187084969617 ) ) ;
#3433 = DIRECTION ( 'NONE',  ( 1.000000000000000000, 0.000000000000000000, 0.000000000000000000 ) ) ;
#3435 = VECTOR ( 'NONE', #2414, 1000.000000000000000 ) ;
#3434 = AXIS2_PLACEMENT_3D ( 'NONE', #6785, #1339, #668 ) ;
#3436 = CARTESIAN_POINT ( 'NONE',  ( -21.30000000000000071, 7.997649730810350910, -0.9000000000000000222 ) ) ;
#3437 = DIRECTION ( 'NONE',  ( 1.000000000000000000, 0.000000000000000000, -0.000000000000000000 ) ) ;
#3438 = ORIENTED_EDGE ( 'NONE', *, *, #6761, .T. ) ;
#3439 = ORIENTED_EDGE ( 'NONE', *, *, #3084, .T. ) ;
#3440 = EDGE_CURVE ( 'NONE', #1520, #3984, #2351, .T. ) ;
#3441 = CARTESIAN_POINT ( 'NONE',  ( -41.42030278313789182, -0.5999999999999998668, 5.271098781560102253 ) ) ;
#3442 = DIRECTION ( 'NONE',  ( -1.000000000000000000, 0.000000000000000000, 0.000000000000000000 ) ) ;
#3443 = VECTOR ( 'NONE', #6300, 1000.000000000000227 ) ;
#3444 = DIRECTION ( 'NONE',  ( 0.000000000000000000, 0.000000000000000000, 1.000000000000000000 ) ) ;
#3445 = ORIENTED_EDGE ( 'NONE', *, *, #957, .F. ) ;
#3446 = FACE_OUTER_BOUND ( 'NONE', #405, .T. ) ;
#3447 = DIRECTION ( 'NONE',  ( -1.000000000000000000, 0.000000000000000000, 0.000000000000000000 ) ) ;
#3448 = VERTEX_POINT ( 'NONE', #6477 ) ;
#3449 = CARTESIAN_POINT ( 'NONE',  ( -11.64217700949805945, -0.6000000000000000888, 11.06730969087240268 ) ) ;
#3450 = CARTESIAN_POINT ( 'NONE',  ( 8.199999999999999289, 3.499999999999992450, 9.599999999999999645 ) ) ;
#3451 = VERTEX_POINT ( 'NONE', #310 ) ;
#3452 = LINE ( 'NONE', #6187, #2635 ) ;
#3453 = CARTESIAN_POINT ( 'NONE',  ( -10.93291132015955469, -1.000000000000000000, 11.46858551347443900 ) ) ;
#3454 = CARTESIAN_POINT ( 'NONE',  ( -16.22527928715679124, -0.6000000000000000888, 12.33517386138926852 ) ) ;
#3455 = ORIENTED_EDGE ( 'NONE', *, *, #6990, .T. ) ;
#3456 = CARTESIAN_POINT ( 'NONE',  ( -2.633716857408380019, 10.26878221735089980, 0.000000000000000000 ) ) ;
#3457 = DIRECTION ( 'NONE',  ( -3.443196172633103089E-17, -1.000000000000000000, 0.000000000000000000 ) ) ;
#3458 = EDGE_CURVE ( 'NONE', #5012, #2780, #400, .T. ) ;
#3459 = VERTEX_POINT ( 'NONE', #8488 ) ;
#3460 = DIRECTION ( 'NONE',  ( -1.000000000000000000, 2.665330340693531997E-15, 0.000000000000000000 ) ) ;
#3461 = VERTEX_POINT ( 'NONE', #1068 ) ;
#3462 = CARTESIAN_POINT ( 'NONE',  ( -51.45025741577971701, -1.000000000000000000, 9.458323040533736403 ) ) ;
#3463 = AXIS2_PLACEMENT_3D ( 'NONE', #4085, #6237, #6767 ) ;
#3464 = DIRECTION ( 'NONE',  ( 0.000000000000000000, 0.000000000000000000, -1.000000000000000000 ) ) ;
#3465 = PLANE ( 'NONE',  #3894 ) ;
#3466 = FACE_OUTER_BOUND ( 'NONE', #7799, .T. ) ;
#3467 = CARTESIAN_POINT ( 'NONE',  ( -18.40351986464244050, -0.6000000000000000888, 12.02454957350305520 ) ) ;
#3468 = ORIENTED_EDGE ( 'NONE', *, *, #3363, .F. ) ;
#3469 = EDGE_CURVE ( 'NONE', #6146, #7, #6344, .T. ) ;
#3470 = CARTESIAN_POINT ( 'NONE',  ( -29.23370258564760604, -1.000000000000000222, 6.813307792856671874 ) ) ;
#3471 = ORIENTED_EDGE ( 'NONE', *, *, #312, .F. ) ;
#3472 = CARTESIAN_POINT ( 'NONE',  ( -41.97084405509040295, -1.000000000000000000, 5.249020895727466218 ) ) ;
#3473 = VECTOR ( 'NONE', #8779, 1000.000000000000114 ) ;
#3474 = CARTESIAN_POINT ( 'NONE',  ( -20.90223109999023876, -1.000000000000000000, 11.24779672474426206 ) ) ;
#3475 = FACE_OUTER_BOUND ( 'NONE', #3416, .T. ) ;
#3476 = LINE ( 'NONE', #6212, #7667 ) ;
#3477 = CARTESIAN_POINT ( 'NONE',  ( -50.12550849063328684, -0.6000000000000000888, 10.17829642049988514 ) ) ;
#3478 = VECTOR ( 'NONE', #7379, 1000.000000000000000 ) ;
#3479 = CARTESIAN_POINT ( 'NONE',  ( -25.77860818666815490, -0.9999999999999997780, 10.77110268277012217 ) ) ;
#3480 = VECTOR ( 'NONE', #727, 1000.000000000000000 ) ;
#3481 = CARTESIAN_POINT ( 'NONE',  ( -4.968945617207101151, 8.961215932167760911, 19.40000000000000213 ) ) ;
#3482 = EDGE_CURVE ( 'NONE', #2196, #6545, #2399, .T. ) ;
#3483 = EDGE_CURVE ( 'NONE', #1306, #3170, #5097, .T. ) ;
#3484 = CARTESIAN_POINT ( 'NONE',  ( -43.62983154631513827, -0.6000000000000000888, 7.672808207291770266 ) ) ;
#3485 = ORIENTED_EDGE ( 'NONE', *, *, #5140, .T. ) ;
#3486 = EDGE_LOOP ( 'NONE', ( #7449, #953, #2369, #4650 ) ) ;
#3487 = DIRECTION ( 'NONE',  ( 0.000000000000000000, 0.000000000000000000, 1.000000000000000000 ) ) ;
#3488 = CARTESIAN_POINT ( 'NONE',  ( -26.27788204834400787, -0.9999999999999997780, 13.45282866697923296 ) ) ;
#3489 = DIRECTION ( 'NONE',  ( -0.000000000000000000, -0.000000000000000000, -1.000000000000000000 ) ) ;
#3490 = ADVANCED_FACE ( 'NONE', ( #3786 ), #7141, .T. ) ;
#3491 = CARTESIAN_POINT ( 'NONE',  ( -53.93381004735865503, -0.6000000000000000888, 13.35305988263900012 ) ) ;
#3492 = VECTOR ( 'NONE', #7381, 1000.000000000000000 ) ;
#3493 = CARTESIAN_POINT ( 'NONE',  ( 5.200000000000000178, 1.699999999999999956, 9.599999999999999645 ) ) ;
#3494 = CIRCLE ( 'NONE', #5923, 1.999999999999984457 ) ;
#3495 = EDGE_LOOP ( 'NONE', ( #2643, #2097, #2699, #7531 ) ) ;
#3496 = CARTESIAN_POINT ( 'NONE',  ( -67.79999999999999716, 8.863675134594789284, 0.000000000000000000 ) ) ;
#3497 = FACE_OUTER_BOUND ( 'NONE', #848, .T. ) ;
#3498 = VERTEX_POINT ( 'NONE', #8535 ) ;
#3499 = CARTESIAN_POINT ( 'NONE',  ( -20.18666172525538727, -0.5999999999999998668, 11.76318253777725076 ) ) ;
#3500 = LINE ( 'NONE', #5565, #1846 ) ;
#3501 = VECTOR ( 'NONE', #1098, 1000.000000000000000 ) ;
#3502 = VECTOR ( 'NONE', #1380, 1000.000000000000000 ) ;
#3503 = CARTESIAN_POINT ( 'NONE',  ( -17.22755121016717794, -0.9999999999999997780, 13.21655031022526217 ) ) ;
#3504 = VERTEX_POINT ( 'NONE', #4423 ) ;
#3505 = DIRECTION ( 'NONE',  ( -0.000000000000000000, 0.000000000000000000, 1.000000000000000000 ) ) ;
#3506 = CARTESIAN_POINT ( 'NONE',  ( -27.02336986190555734, -0.6000000000000003109, 7.507929389053945357 ) ) ;
#3507 = ORIENTED_EDGE ( 'NONE', *, *, #3795, .F. ) ;
#3508 = CARTESIAN_POINT ( 'NONE',  ( -11.04073061204801576, -0.6000000000000000888, 11.38028172094788637 ) ) ;
#3509 = EDGE_LOOP ( 'NONE', ( #1266, #6183, #1813, #4178 ) ) ;
#3510 = CARTESIAN_POINT ( 'NONE',  ( -50.30675498623022435, -1.000000000000000222, 9.861314836190921085 ) ) ;
#3511 = EDGE_CURVE ( 'NONE', #3690, #7301, #6517, .T. ) ;
#3512 = PLANE ( 'NONE',  #3202 ) ;
#3513 = CARTESIAN_POINT ( 'NONE',  ( -16.64040543225925006, -0.6000000000000000888, 12.85012213163347816 ) ) ;
#3514 = CARTESIAN_POINT ( 'NONE',  ( -25.03422238872195749, -1.000000000000000222, 13.11135946260412233 ) ) ;
#3515 = CARTESIAN_POINT ( 'NONE',  ( -26.22055858058030609, -0.6000000000000003109, 11.94093354282247610 ) ) ;
#3516 = EDGE_LOOP ( 'NONE', ( #1016, #2114, #1108, #612 ) ) ;
#3517 = CARTESIAN_POINT ( 'NONE',  ( -28.10643148137894798, -0.6000000000000000888, 8.460146205115751883 ) ) ;
#3518 = VERTEX_POINT ( 'NONE', #3743 ) ;
#3519 = PLANE ( 'NONE',  #2289 ) ;
#3520 = CARTESIAN_POINT ( 'NONE',  ( -50.14933037493643297, 9.180831174438425890, 19.40000000000000213 ) ) ;
#3521 = AXIS2_PLACEMENT_3D ( 'NONE', #7517, #3489, #4171 ) ;
#3522 = AXIS2_PLACEMENT_3D ( 'NONE', #6700, #1260, #4022 ) ;
#3523 = LINE ( 'NONE', #3386, #4147 ) ;
#3524 = EDGE_CURVE ( 'NONE', #7040, #6596, #5678, .T. ) ;
#3525 = CARTESIAN_POINT ( 'NONE',  ( -25.33680051060991190, -1.000000000000000666, 8.745503142338012736 ) ) ;
#3526 = CARTESIAN_POINT ( 'NONE',  ( -50.03983255688788034, -0.6000000000000000888, 10.68470022970909916 ) ) ;
#3527 = DIRECTION ( 'NONE',  ( 0.000000000000000000, 0.000000000000000000, 1.000000000000000000 ) ) ;
#3528 = CARTESIAN_POINT ( 'NONE',  ( -29.59118880364060189, 9.551408311032400178, 20.10000000000000142 ) ) ;
#3529 = DIRECTION ( 'NONE',  ( -0.8660254037881351952, 0.4999999999935973993, 0.000000000000000000 ) ) ;
#3530 = CIRCLE ( 'NONE', #6960, 4.799999999999999822 ) ;
#3531 = ORIENTED_EDGE ( 'NONE', *, *, #7562, .F. ) ;
#3532 = ORIENTED_EDGE ( 'NONE', *, *, #247, .T. ) ;
#3533 = CARTESIAN_POINT ( 'NONE',  ( -25.96725584724683245, -0.6000000000000003109, 10.29171977115982983 ) ) ;
#3534 = CARTESIAN_POINT ( 'NONE',  ( -39.80749425788496154, -0.6000000000000000888, 7.353059882638998346 ) ) ;
#3535 = ADVANCED_FACE ( 'NONE', ( #5811 ), #5142, .T. ) ;
#3536 = DIRECTION ( 'NONE',  ( -0.000000000000000000, -1.000000000000000000, -0.000000000000000000 ) ) ;
#3537 = DIRECTION ( 'NONE',  ( -0.8660254037844351549, 0.5000000000000061062, 0.000000000000000000 ) ) ;
#3538 = DIRECTION ( 'NONE',  ( 0.000000000000000000, 1.000000000000000000, 0.000000000000000000 ) ) ;
#3539 = ORIENTED_EDGE ( 'NONE', *, *, #7077, .F. ) ;
#3540 = LINE ( 'NONE', #3496, #3948 ) ;
#3541 = DIRECTION ( 'NONE',  ( 0.000000000000000000, 0.000000000000000000, -1.000000000000000000 ) ) ;
#3542 = ORIENTED_EDGE ( 'NONE', *, *, #834, .T. ) ;
#3543 = CARTESIAN_POINT ( 'NONE',  ( -19.68963973913272980, -0.6000000000000003109, 11.97530667582238273 ) ) ;
#3544 = EDGE_CURVE ( 'NONE', #5530, #3110, #7057, .T. ) ;
#3545 = VECTOR ( 'NONE', #4958, 1000.000000000000000 ) ;
#3546 = CARTESIAN_POINT ( 'NONE',  ( -31.36538899472707342, -0.6000000000000000888, 11.87937567211268330 ) ) ;
#3547 = ADVANCED_FACE ( 'NONE', ( #8574 ), #2443, .T. ) ;
#3548 = EDGE_LOOP ( 'NONE', ( #5373, #6663, #5033, #7917 ) ) ;
#3549 = CARTESIAN_POINT ( 'NONE',  ( -1.110223024625159893E-15, 7.016154273188029755, 0.000000000000000000 ) ) ;
#3550 = CARTESIAN_POINT ( 'NONE',  ( -42.22908105327545769, -1.000000000000000222, 13.44905471862204571 ) ) ;
#3551 = B_SPLINE_CURVE_WITH_KNOTS ( 'NONE', 3,
 ( #3462, #752, #76, #7712, #250, #6372, #2165, #206, #2792, #4189, #3510, #5661, #1598, #6289, #8334, #2967, #6246, #4325, #122 ),
 .UNSPECIFIED., .F., .F.,
 ( 4, 1, 1, 1, 1, 1, 1, 1, 1, 1, 1, 1, 1, 1, 1, 1, 4 ),
 ( 0.000000000000000000, 0.07839567510515432769, 0.1517982437908721172, 0.2212912086800543632, 0.2859906110108907384, 0.3474729027403634096, 0.4064669768115239390, 0.4633343466434628466, 0.5180546145021669435, 0.5724105276240772922, 0.6268134230566196896, 0.6818647050064643445, 0.7392488808523969279, 0.7993016995371499123, 0.8624018029988734790, 0.9291357703265392676, 1.000000000000000000 ),
 .UNSPECIFIED. ) ;
#3552 = ORIENTED_EDGE ( 'NONE', *, *, #8024, .F. ) ;
#3553 = DIRECTION ( 'NONE',  ( -0.000000000000000000, -1.000000000000000000, -0.000000000000000000 ) ) ;
#3554 = VERTEX_POINT ( 'NONE', #6391 ) ;
#3555 = AXIS2_PLACEMENT_3D ( 'NONE', #3225, #3315, #23 ) ;
#3556 = CARTESIAN_POINT ( 'NONE',  ( 1.700000000000000178, 3.000000000000012434, 9.600000000000528999 ) ) ;
#3557 = ADVANCED_FACE ( 'NONE', ( #266 ), #2982, .T. ) ;
#3558 = DIRECTION ( 'NONE',  ( -0.8660254037844171693, 0.5000000000000371925, -0.000000000000000000 ) ) ;
#3559 = FACE_OUTER_BOUND ( 'NONE', #1625, .T. ) ;
#3560 = PLANE ( 'NONE',  #2190 ) ;
#3561 = CARTESIAN_POINT ( 'NONE',  ( -9.091704784200763001, -1.000000000000000000, 5.353059882638999234 ) ) ;
#3562 = VERTEX_POINT ( 'NONE', #8613 ) ;
#3563 = CARTESIAN_POINT ( 'NONE',  ( -28.45158834688514204, -0.9999999999999997780, 11.61724464217577157 ) ) ;
#3564 = ORIENTED_EDGE ( 'NONE', *, *, #8706, .F. ) ;
#3565 = CARTESIAN_POINT ( 'NONE',  ( -21.32328373156918389, -0.6000000000000000888, 5.353059882638999234 ) ) ;
#3566 = DIRECTION ( 'NONE',  ( -0.000000000000000000, -1.000000000000000000, -0.000000000000000000 ) ) ;
#3567 = DIRECTION ( 'NONE',  ( 0.000000000000000000, 0.000000000000000000, -1.000000000000000000 ) ) ;
#3568 = CARTESIAN_POINT ( 'NONE',  ( -31.36538899472707342, -0.6000000000000000888, 13.35305988263899835 ) ) ;
#3569 = LINE ( 'NONE', #7640, #6044 ) ;
#3570 = CARTESIAN_POINT ( 'NONE',  ( -43.59996540263728093, -1.000000000000000000, 11.00752633366102806 ) ) ;
#3571 = CARTESIAN_POINT ( 'NONE',  ( -34.12420150553269593, 1.699999999999999956, 0.2999999999999999889 ) ) ;
#3572 = CARTESIAN_POINT ( 'NONE',  ( -47.00000000000000000, 7.016154273188029755, 0.000000000000000000 ) ) ;
#3573 = VERTEX_POINT ( 'NONE', #7319 ) ;
#3574 = CARTESIAN_POINT ( 'NONE',  ( -49.13371685740840178, 9.402756813566503169, 20.10000000000000142 ) ) ;
#3575 = CARTESIAN_POINT ( 'NONE',  ( 15.09374768689830049, 12.27365149746590056, -0.9000000000000000222 ) ) ;
#3576 = B_SPLINE_CURVE_WITH_KNOTS ( 'NONE', 3,
 ( #4307, #5825, #3045, #864, #3713, #325, #6357, #3759, #5780, #232, #190, #4352, #8503, #7832, #1713, #5690, #1539, #6402, #4396 ),
 .UNSPECIFIED., .F., .F.,
 ( 4, 1, 1, 1, 1, 1, 1, 1, 1, 1, 1, 1, 1, 1, 1, 1, 4 ),
 ( 0.000000000000000000, 0.08025546118193611911, 0.1560253366422813259, 0.2269471657629634209, 0.2932845784651018639, 0.3563626651369851128, 0.4159377605216039164, 0.4729767660701740262, 0.5281866346761215913, 0.5823459949256202250, 0.6363356725614540688, 0.6906849866867439403, 0.7468192438691019230, 0.8051697152379013733, 0.8663981846140015319, 0.9313960459285153259, 1.000000000000000000 ),
 .UNSPECIFIED. ) ;
#3577 = CARTESIAN_POINT ( 'NONE',  ( -46.90070415550901117, 12.27044826720279502, 7.450000000000003730 ) ) ;
#3579 = VECTOR ( 'NONE', #1930, 1000.000000000000000 ) ;
#3578 = AXIS2_PLACEMENT_3D ( 'NONE', #3493, #6229, #2406 ) ;
#3580 = FACE_OUTER_BOUND ( 'NONE', #7090, .T. ) ;
#3581 = ADVANCED_FACE ( 'NONE', ( #2483 ), #1289, .T. ) ;
#3582 = CARTESIAN_POINT ( 'NONE',  ( 14.08934475965829769, -0.5000000000000000000, -0.9000000000000000222 ) ) ;
#3583 = ORIENTED_EDGE ( 'NONE', *, *, #6435, .T. ) ;
#3584 = LINE ( 'NONE', #5647, #6808 ) ;
#3585 = CARTESIAN_POINT ( 'NONE',  ( -67.29999999999999716, 1.699999999999999956, 12.88481354113129917 ) ) ;
#3586 = ORIENTED_EDGE ( 'NONE', *, *, #2988, .T. ) ;
#3587 = CARTESIAN_POINT ( 'NONE',  ( -42.66880369208625723, -0.9999999999999997780, 13.39102087204579838 ) ) ;
#3588 = CARTESIAN_POINT ( 'NONE',  ( -10.88117846841128689, -1.000000000000000000, 11.51095461948110632 ) ) ;
#3589 = B_SPLINE_CURVE_WITH_KNOTS ( 'NONE', 3,
 ( #4646, #4602, #1114, #7367, #5399, #439, #3157, #1200, #526, #6024, #568, #1957, #1245, #8123, #4507, #3915, #8033 ),
 .UNSPECIFIED., .F., .F.,
 ( 4, 1, 1, 1, 1, 1, 1, 1, 1, 1, 1, 1, 1, 1, 4 ),
 ( 0.000000000000000000, 0.07412229567643563444, 0.1447511433472375986, 0.2128995532171854832, 0.2795387512765260540, 0.3446792376755450915, 0.4085710932211196744, 0.4715545728681682647, 0.5337593806582542344, 0.5956040207298691769, 0.6567025720409435108, 0.7169517840709500600, 0.7768403709702321747, 0.8924459826010791019, 1.000000000000000000 ),
 .UNSPECIFIED. ) ;
#3590 = VERTEX_POINT ( 'NONE', #2657 ) ;
#3591 = EDGE_CURVE ( 'NONE', #8685, #2557, #5222, .T. ) ;
#3592 = ORIENTED_EDGE ( 'NONE', *, *, #3707, .T. ) ;
#3593 = EDGE_CURVE ( 'NONE', #6596, #2954, #7408, .T. ) ;
#3594 = DIRECTION ( 'NONE',  ( -1.000000000000000000, 0.000000000000000000, 0.000000000000000000 ) ) ;
#3595 = VERTEX_POINT ( 'NONE', #5977 ) ;
#3596 = CARTESIAN_POINT ( 'NONE',  ( -20.90223109999023876, -1.000000000000000000, 11.24779672474426206 ) ) ;
#3597 = ORIENTED_EDGE ( 'NONE', *, *, #6306, .F. ) ;
#3598 = LINE ( 'NONE', #2921, #7653 ) ;
#3599 = CARTESIAN_POINT ( 'NONE',  ( -18.40351986464244050, -1.000000000000000000, 12.02454957350305520 ) ) ;
#3600 = CARTESIAN_POINT ( 'NONE',  ( -48.15094904247921903, -0.6000000000000000888, 10.50243208335221112 ) ) ;
#3601 = VERTEX_POINT ( 'NONE', #6562 ) ;
#3602 = CARTESIAN_POINT ( 'NONE',  ( -23.90070415550900762, 12.27044826720279502, 7.450000000000003730 ) ) ;
#3603 = ORIENTED_EDGE ( 'NONE', *, *, #5354, .T. ) ;
#3604 = EDGE_CURVE ( 'NONE', #7590, #6803, #78, .T. ) ;
#3605 = CARTESIAN_POINT ( 'NONE',  ( -32.39215069796390623, 1.699999999999999956, 0.000000000000000000 ) ) ;
#3606 = EDGE_LOOP ( 'NONE', ( #8465, #7707, #2343, #3358 ) ) ;
#3607 = CARTESIAN_POINT ( 'NONE',  ( -48.14433636314813469, -1.000000000000000000, 10.79384935632321074 ) ) ;
#3608 = CARTESIAN_POINT ( 'NONE',  ( -27.71069237071168700, -0.6000000000000003109, 11.97530667582238273 ) ) ;
#3609 = FACE_OUTER_BOUND ( 'NONE', #6309, .T. ) ;
#3610 = DIRECTION ( 'NONE',  ( 0.5000000000000061062, 0.8660254037844351549, 0.000000000000000000 ) ) ;
#3611 = CARTESIAN_POINT ( 'NONE',  ( -51.28271763719222776, -0.6000000000000003109, 9.460828223542765869 ) ) ;
#3612 = CARTESIAN_POINT ( 'NONE',  ( -41.62657320525338633, -0.6000000000000000888, 11.87937567211268330 ) ) ;
#3613 = LINE ( 'NONE', #5009, #3723 ) ;
#3614 = VECTOR ( 'NONE', #276, 1000.000000000000000 ) ;
#3615 = CARTESIAN_POINT ( 'NONE',  ( -24.69974226119958161, 13.88647367098246121, -0.9000000000000000222 ) ) ;
#3616 = ORIENTED_EDGE ( 'NONE', *, *, #6941, .F. ) ;
#3617 = CARTESIAN_POINT ( 'NONE',  ( -12.46090230963856804, -1.000000000000000000, 12.33395831594061320 ) ) ;
#3618 = CARTESIAN_POINT ( 'NONE',  ( -26.56966531051655522, -1.000000000000000000, 13.45832304053373818 ) ) ;
#3619 = AXIS2_PLACEMENT_3D ( 'NONE', #570, #4604, #8837 ) ;
#3620 = LINE ( 'NONE', #2768, #4529 ) ;
#3621 = EDGE_CURVE ( 'NONE', #1665, #6325, #4010, .T. ) ;
#3622 = CARTESIAN_POINT ( 'NONE',  ( -42.94746805471123707, -0.6000000000000003109, 5.308809546622576647 ) ) ;
#3623 = B_SPLINE_SURFACE_WITH_KNOTS ( 'NONE', 3, 1, ( 
 ( #4442, #7922 ),
 ( #7880, #3765 ),
 ( #3675, #3006 ),
 ( #3721, #7794 ),
 ( #5914, #1134 ),
 ( #6456, #6581 ),
 ( #5744, #7967 ),
 ( #4358, #330 ),
 ( #6497, #374 ),
 ( #2329, #1718 ),
 ( #3095, #958 ),
 ( #5830, #8463 ),
 ( #1803, #1759 ),
 ( #4402, #1001 ),
 ( #3053, #5786 ),
 ( #8511, #2373 ),
 ( #5118, #7839 ) ),
 .UNSPECIFIED., .F., .F., .F.,
 ( 4, 1, 1, 1, 1, 1, 1, 1, 1, 1, 1, 1, 1, 1, 4 ),
 ( 2, 2 ),
 ( 0.000000000000000000, 0.07027423074979503859, 0.1375218968061227842, 0.2016456227554903335, 0.2634561117706851197, 0.3237857200459774987, 0.3833129871676841938, 0.4431784845893546598, 0.5025541057359215191, 0.5624446974201235960, 0.6228225426260304287, 0.6841893059895861606, 0.7463950832633993171, 0.8720773565786248405, 0.9999999999999998890 ),
 ( 0.000000000000000000, 1.000000000000000000 ),
 .UNSPECIFIED. ) ;
#3624 = EDGE_LOOP ( 'NONE', ( #8148, #6760, #912, #8478 ) ) ;
#3625 = DIRECTION ( 'NONE',  ( 0.4999999999999993894, 0.8660254037844389297, 0.000000000000000000 ) ) ;
#3626 = CARTESIAN_POINT ( 'NONE',  ( -51.29400741577970990, -0.6000000000000000888, 8.089901987902157643 ) ) ;
#3627 = ORIENTED_EDGE ( 'NONE', *, *, #3052, .F. ) ;
#3628 = CARTESIAN_POINT ( 'NONE',  ( -19.18099276673383358, -0.6000000000000003109, 12.08226882825182358 ) ) ;
#3629 = CARTESIAN_POINT ( 'NONE',  ( -19.42501653429032871, -0.6000000000000003109, 6.906996973109859717 ) ) ;
#3630 = EDGE_CURVE ( 'NONE', #3012, #1092, #1826, .T. ) ;
#3631 = AXIS2_PLACEMENT_3D ( 'NONE', #8164, #6777, #7496 ) ;
#3632 = VERTEX_POINT ( 'NONE', #4552 ) ;
#3633 = EDGE_CURVE ( 'NONE', #4988, #3200, #3589, .T. ) ;
#3634 = VERTEX_POINT ( 'NONE', #5894 ) ;
#3635 = FACE_OUTER_BOUND ( 'NONE', #254, .T. ) ;
#3636 = ORIENTED_EDGE ( 'NONE', *, *, #7160, .T. ) ;
#3637 = CARTESIAN_POINT ( 'NONE',  ( -25.28371685740840391, 10.87500000000000000, -0.9000000000000000222 ) ) ;
#3638 = ORIENTED_EDGE ( 'NONE', *, *, #1410, .T. ) ;
#3639 = DIRECTION ( 'NONE',  ( -1.000000000000000000, 0.000000000000000000, -0.000000000000000000 ) ) ;
#3640 = VECTOR ( 'NONE', #6135, 1000.000000000000114 ) ;
#3641 = EDGE_CURVE ( 'NONE', #8225, #4557, #7987, .T. ) ;
#3642 = DIRECTION ( 'NONE',  ( -0.8660254037844172803, 0.5000000000000371925, 0.000000000000000000 ) ) ;
#3643 = CARTESIAN_POINT ( 'NONE',  ( -27.19992494264274541, -0.9999999999999997780, 7.334199025909230230 ) ) ;
#3644 = B_SPLINE_CURVE_WITH_KNOTS ( 'NONE', 3,
 ( #5323, #8803, #6790, #2713, #5456, #2672, #4, #672, #6126, #8177, #4788, #1387, #6834, #8671, #2539, #5276, #8002, #7059, #2135 ),
 .UNSPECIFIED., .F., .F.,
 ( 4, 1, 1, 1, 1, 1, 1, 1, 1, 1, 1, 1, 1, 1, 1, 1, 4 ),
 ( 0.000000000000000000, 0.08025546118193611911, 0.1560253366422813259, 0.2269471657629634209, 0.2932845784651018639, 0.3563626651369851128, 0.4159377605216039164, 0.4729767660701740262, 0.5281866346761215913, 0.5823459949256202250, 0.6363356725614540688, 0.6906849866867439403, 0.7468192438691019230, 0.8051697152379013733, 0.8663981846140015319, 0.9313960459285153259, 1.000000000000000000 ),
 .UNSPECIFIED. ) ;
#3645 = EDGE_LOOP ( 'NONE', ( #5130, #4244, #1105, #200 ) ) ;
#3646 = CARTESIAN_POINT ( 'NONE',  ( -18.11290715377165483, -0.6000000000000000888, 11.88482645585770037 ) ) ;
#3647 = VERTEX_POINT ( 'NONE', #3963 ) ;
#3648 = DIRECTION ( 'NONE',  ( -1.000000000000000000, -1.697280072648819919E-16, 0.000000000000000000 ) ) ;
#3649 = DIRECTION ( 'NONE',  ( -1.000000000000000000, 0.000000000000000000, 0.000000000000000000 ) ) ;
#3650 = ORIENTED_EDGE ( 'NONE', *, *, #7047, .T. ) ;
#3651 = CARTESIAN_POINT ( 'NONE',  ( -4.968945617207101151, 8.961215932167760911, 0.000000000000000000 ) ) ;
#3652 = CARTESIAN_POINT ( 'NONE',  ( -72.59964268369746776, 10.00996317224837817, 0.000000000000000000 ) ) ;
#3653 = CARTESIAN_POINT ( 'NONE',  ( -7.429159782719389149, 1.699999999999929789, -0.9000000000000000222 ) ) ;
#3654 = ADVANCED_FACE ( 'NONE', ( #614 ), #6689, .F. ) ;
#3655 = ADVANCED_FACE ( 'NONE', ( #2526 ), #2569, .T. ) ;
#3656 = DIRECTION ( 'NONE',  ( 0.5000000000000061062, 0.8660254037844351549, 0.000000000000000000 ) ) ;
#3657 = ADVANCED_FACE ( 'NONE', ( #5352 ), #3196, .T. ) ;
#3658 = LINE ( 'NONE', #5182, #6190 ) ;
#3659 = DIRECTION ( 'NONE',  ( 1.000000000000000000, 0.000000000000000000, -0.000000000000000000 ) ) ;
#3660 = DIRECTION ( 'NONE',  ( -0.5000000000000061062, -0.8660254037844351549, -0.000000000000000000 ) ) ;
#3661 = DIRECTION ( 'NONE',  ( -0.8660254037881351952, 0.4999999999935973993, 0.000000000000000000 ) ) ;
#3662 = VERTEX_POINT ( 'NONE', #4775 ) ;
#3663 = LINE ( 'NONE', #7736, #1836 ) ;
#3664 = CARTESIAN_POINT ( 'NONE',  ( -18.65669803925284143, -1.000000000000000222, 13.45661921709829656 ) ) ;
#3665 = AXIS2_PLACEMENT_3D ( 'NONE', #2116, #3505, #6239 ) ;
#3666 = CARTESIAN_POINT ( 'NONE',  ( -44.12328373156917394, -1.000000000000000000, 9.308651987902157643 ) ) ;
#3667 = CARTESIAN_POINT ( 'NONE',  ( -16.34269936008279700, -0.5999999999999998668, 12.52353250357850634 ) ) ;
#3668 = VECTOR ( 'NONE', #8801, 1000.000000000000114 ) ;
#3669 = VECTOR ( 'NONE', #6244, 1000.000000000000114 ) ;
#3670 = CARTESIAN_POINT ( 'NONE',  ( -44.69887036030659289, -0.5999999999999998668, 6.065230226629397592 ) ) ;
#3671 = EDGE_LOOP ( 'NONE', ( #3898, #4697, #6795, #1691 ) ) ;
#3672 = DIRECTION ( 'NONE',  ( 0.000000000000000000, 1.000000000000000000, 0.000000000000000000 ) ) ;
#3673 = CYLINDRICAL_SURFACE ( 'NONE', #3914, 1.000000000000000888 ) ;
#3674 = CARTESIAN_POINT ( 'NONE',  ( -35.47065215262180971, -0.6000000000000000888, 11.87937567211268330 ) ) ;
#3675 = CARTESIAN_POINT ( 'NONE',  ( -23.98328328611025739, -0.5999999999999998668, 10.93234529440608505 ) ) ;
#3676 = ORIENTED_EDGE ( 'NONE', *, *, #1841, .T. ) ;
#3677 = ORIENTED_EDGE ( 'NONE', *, *, #4386, .F. ) ;
#3678 = DIRECTION ( 'NONE',  ( -0.8660254037844390407, 0.4999999999999994449, 0.000000000000000000 ) ) ;
#3679 = VERTEX_POINT ( 'NONE', #8835 ) ;
#3680 = EDGE_CURVE ( 'NONE', #3392, #8105, #4052, .T. ) ;
#3681 = CARTESIAN_POINT ( 'NONE',  ( 13.80066962506357520, 0.4339745962156045800, -0.2000000000000000389 ) ) ;
#3682 = EDGE_LOOP ( 'NONE', ( #26, #5348, #2106, #6252 ) ) ;
#3683 = CARTESIAN_POINT ( 'NONE',  ( -4.449330374936437238, 8.661215932167763754, 0.000000000000000000 ) ) ;
#3684 = B_SPLINE_CURVE_WITH_KNOTS ( 'NONE', 3,
 ( #4977, #7025, #907, #3622, #7740, #1623, #7070, #952, #3670, #1885, #4616, #3844, #3169, #7201, #2540, #5154, #7336, #3298, #1927 ),
 .UNSPECIFIED., .F., .F.,
 ( 4, 1, 1, 1, 1, 1, 1, 1, 1, 1, 1, 1, 1, 1, 1, 1, 4 ),
 ( 0.000000000000000000, 0.07090162114000125859, 0.1383221920989916032, 0.2029832625205131025, 0.2649186162933190869, 0.3253405412634201577, 0.3845886251577826931, 0.4435243756130386461, 0.5027407231181081348, 0.5620159137353570866, 0.6207681211783212527, 0.6797595184390936573, 0.7396325189045436233, 0.8009907167423827579, 0.8645745558296419331, 0.9306659977574629483, 1.000000000000000000 ),
 .UNSPECIFIED. ) ;
#3685 = CARTESIAN_POINT ( 'NONE',  ( -17.80715485586626912, -1.000000000000000222, 11.48517068482052572 ) ) ;
#3686 = B_SPLINE_CURVE_WITH_KNOTS ( 'NONE', 3,
 ( #5884, #7935, #7265, #3148, #972, #7130, #2432, #7221, #299, #8770, #3109, #1146, #1015, #5087, #5172, #7891, #1773, #1690, #3689 ),
 .UNSPECIFIED., .F., .F.,
 ( 4, 1, 1, 1, 1, 1, 1, 1, 1, 1, 1, 1, 1, 1, 1, 1, 4 ),
 ( 0.000000000000000000, 0.07613619422941891868, 0.1488248202887804961, 0.2181368005180020775, 0.2843944313180614691, 0.3480732160077175119, 0.4093288163255653922, 0.4682102510086970648, 0.5257174298963283032, 0.5825163633480937575, 0.6390314107546767319, 0.6954483444328789510, 0.7533025338527684633, 0.8121384240391916753, 0.8725331507925628838, 0.9348301940760049833, 1.000000000000000000 ),
 .UNSPECIFIED. ) ;
#3687 = DIRECTION ( 'NONE',  ( -0.8660254037844350439, 0.5000000000000061062, 0.000000000000000000 ) ) ;
#3688 = VERTEX_POINT ( 'NONE', #2167 ) ;
#3689 = CARTESIAN_POINT ( 'NONE',  ( -15.95486267893760690, -1.000000000000000000, 11.19516514579689570 ) ) ;
#3690 = VERTEX_POINT ( 'NONE', #2743 ) ;
#3691 = LINE ( 'NONE', #4331, #695 ) ;
#3692 = CARTESIAN_POINT ( 'NONE',  ( -27.96046990000860077, -0.9999999999999997780, 11.88195087725122612 ) ) ;
#3693 = ORIENTED_EDGE ( 'NONE', *, *, #1529, .T. ) ;
#3694 = EDGE_CURVE ( 'NONE', #2420, #2078, #1221, .T. ) ;
#3695 = CARTESIAN_POINT ( 'NONE',  ( -27.09261432773257283, -0.9999999999999997780, 9.225014081453197790 ) ) ;
#3696 = ORIENTED_EDGE ( 'NONE', *, *, #3090, .F. ) ;
#3697 = DIRECTION ( 'NONE',  ( 0.000000000000000000, 0.000000000000000000, -1.000000000000000000 ) ) ;
#3698 = CARTESIAN_POINT ( 'NONE',  ( -20.64068432491265170, -0.6000000000000003109, 12.94884735617693927 ) ) ;
#3699 = CYLINDRICAL_SURFACE ( 'NONE', #3072, 2.000000000000001776 ) ;
#3700 = AXIS2_PLACEMENT_3D ( 'NONE', #462, #8552, #2462 ) ;
#3701 = LINE ( 'NONE', #401, #4043 ) ;
#3702 = DIRECTION ( 'NONE',  ( 0.5000000000001171285, 0.8660254037843710950, 0.000000000000000000 ) ) ;
#3703 = CARTESIAN_POINT ( 'NONE',  ( -41.81638377648481963, -0.6000000000000000888, 6.828223267909236505 ) ) ;
#3704 = CARTESIAN_POINT ( 'NONE',  ( -24.34826031543514091, -0.6000000000000003109, 9.806611711463459002 ) ) ;
#3705 = VERTEX_POINT ( 'NONE', #7628 ) ;
#3706 = ADVANCED_FACE ( 'NONE', ( #5442 ), #5209, .T. ) ;
#3707 = EDGE_CURVE ( 'NONE', #5086, #4027, #2489, .T. ) ;
#3708 = CARTESIAN_POINT ( 'NONE',  ( -21.27507955755600833, -0.9999999999999993339, 6.546269095387323489 ) ) ;
#3709 = CARTESIAN_POINT ( 'NONE',  ( -55.19933037493642303, 0.4339745962156045800, 19.40000000000000213 ) ) ;
#3710 = DIRECTION ( 'NONE',  ( -0.8660254037844390407, 0.4999999999999995004, 0.000000000000000000 ) ) ;
#3711 = CARTESIAN_POINT ( 'NONE',  ( -41.89598864856261429, -0.5999999999999998668, 11.87218574191993348 ) ) ;
#3712 = AXIS2_PLACEMENT_3D ( 'NONE', #5463, #2678, #7651 ) ;
#3713 = CARTESIAN_POINT ( 'NONE',  ( -50.12578086371441799, -1.000000000000000000, 13.26732074283014029 ) ) ;
#3714 = ADVANCED_FACE ( 'NONE', ( #4238 ), #3512, .T. ) ;
#3715 = VERTEX_POINT ( 'NONE', #2123 ) ;
#3716 = LINE ( 'NONE', #6536, #6719 ) ;
#3717 = ORIENTED_EDGE ( 'NONE', *, *, #3301, .T. ) ;
#3719 = VECTOR ( 'NONE', #2542, 1000.000000000000000 ) ;
#3718 = VECTOR ( 'NONE', #7657, 1000.000000000000000 ) ;
#3720 = DIRECTION ( 'NONE',  ( -0.9659258262890685343, -0.2588190451025203509, 0.000000000000000000 ) ) ;
#3721 = CARTESIAN_POINT ( 'NONE',  ( -24.01310677922320025, -0.6000000000000003109, 10.67843027939516887 ) ) ;
#3723 = VECTOR ( 'NONE', #2313, 1000.000000000000114 ) ;
#3722 = VECTOR ( 'NONE', #893, 1000.000000000000227 ) ;
#3724 = ORIENTED_EDGE ( 'NONE', *, *, #8283, .T. ) ;
#3725 = ORIENTED_EDGE ( 'NONE', *, *, #7134, .F. ) ;
#3726 = CARTESIAN_POINT ( 'NONE',  ( -15.96223065453130552, -0.9999999999999997780, 10.93234529440608505 ) ) ;
#3727 = ORIENTED_EDGE ( 'NONE', *, *, #1794, .T. ) ;
#3728 = CARTESIAN_POINT ( 'NONE',  ( -49.70195831909959594, 8.691600689896679555, 0.000000000000000000 ) ) ;
#3729 = ORIENTED_EDGE ( 'NONE', *, *, #7648, .F. ) ;
#3730 = CARTESIAN_POINT ( 'NONE',  ( -49.49974226119280019, 10.76878221735089802, 20.10000000000000142 ) ) ;
#3731 = AXIS2_PLACEMENT_3D ( 'NONE', #2221, #7056, #7727 ) ;
#3732 = CARTESIAN_POINT ( 'NONE',  ( -52.14433636314813469, -1.000000000000000000, 11.98463883000742136 ) ) ;
#3733 = ORIENTED_EDGE ( 'NONE', *, *, #261, .T. ) ;
#3734 = EDGE_CURVE ( 'NONE', #397, #6826, #3494, .T. ) ;
#3735 = DIRECTION ( 'NONE',  ( 0.000000000000000000, 0.000000000000000000, -1.000000000000000000 ) ) ;
#3736 = ORIENTED_EDGE ( 'NONE', *, *, #7026, .T. ) ;
#3737 = CARTESIAN_POINT ( 'NONE',  ( -28.20771435683433737, -0.9999999999999997780, 11.76318253777725076 ) ) ;
#3738 = CARTESIAN_POINT ( 'NONE',  ( -40.23282527874630432, -0.9999999999999997780, 13.28778901120029943 ) ) ;
#3739 = ORIENTED_EDGE ( 'NONE', *, *, #8401, .F. ) ;
#3740 = PLANE ( 'NONE',  #8438 ) ;
#3741 = ORIENTED_EDGE ( 'NONE', *, *, #981, .T. ) ;
#3742 = CARTESIAN_POINT ( 'NONE',  ( -29.02613163945733632, -0.6000000000000000888, 7.298196685397028816 ) ) ;
#3743 = CARTESIAN_POINT ( 'NONE',  ( -0.4007041555173184166, 13.13647367099202867, 20.10000000000000142 ) ) ;
#3744 = CARTESIAN_POINT ( 'NONE',  ( -45.61598655636788635, -0.6000000000000005329, 7.226459553139680025 ) ) ;
#3745 = EDGE_CURVE ( 'NONE', #7763, #524, #4144, .T. ) ;
#3746 = CARTESIAN_POINT ( 'NONE',  ( -43.85997504198805785, -1.000000000000000000, 10.59757692713795763 ) ) ;
#3747 = CARTESIAN_POINT ( 'NONE',  ( -23.20788383248145692, 11.87044826720278934, 7.450000000000003730 ) ) ;
#3748 = B_SPLINE_CURVE_WITH_KNOTS ( 'NONE', 3,
 ( #499, #5907, #3128, #3168, #3799, #365, #1080, #994, #8545, #3211, #1712 ),
 .UNSPECIFIED., .F., .F.,
 ( 4, 1, 1, 1, 1, 1, 1, 1, 4 ),
 ( 0.000000000000000000, 0.1681741227021177898, 0.3187847659050448978, 0.4553617444871737030, 0.5787698975723892802, 0.6918086740834054060, 0.7954484750435915075, 0.8967266546925837245, 1.000000000000000000 ),
 .UNSPECIFIED. ) ;
#3749 = CARTESIAN_POINT ( 'NONE',  ( -40.66132259256465886, -0.5999999999999996447, 11.75108166421085265 ) ) ;
#3750 = VERTEX_POINT ( 'NONE', #4860 ) ;
#3751 = CARTESIAN_POINT ( 'NONE',  ( -19.18099276673383358, -1.000000000000000222, 12.08226882825182358 ) ) ;
#3752 = LINE ( 'NONE', #7022, #4146 ) ;
#3753 = DIRECTION ( 'NONE',  ( -0.000000000000000000, -0.000000000000000000, -1.000000000000000000 ) ) ;
#3754 = CARTESIAN_POINT ( 'NONE',  ( -44.12328373156917394, -1.000000000000000000, 9.308651987902157643 ) ) ;
#3755 = EDGE_CURVE ( 'NONE', #759, #5790, #4787, .T. ) ;
#3756 = VECTOR ( 'NONE', #6591, 1000.000000000000000 ) ;
#3757 = ADVANCED_FACE ( 'NONE', ( #34 ), #3372, .T. ) ;
#3758 = LINE ( 'NONE', #4478, #1056 ) ;
#3759 = CARTESIAN_POINT ( 'NONE',  ( -49.31502264304105410, -1.000000000000000222, 12.99878189308876664 ) ) ;
#3760 = ORIENTED_EDGE ( 'NONE', *, *, #5782, .F. ) ;
#3761 = VECTOR ( 'NONE', #8093, 1000.000000000000000 ) ;
#3762 = CARTESIAN_POINT ( 'NONE',  ( -4.149330374936437416, 9.180831174438425890, 19.40000000000000213 ) ) ;
#3763 = DIRECTION ( 'NONE',  ( 0.000000000000000000, 0.000000000000000000, -1.000000000000000000 ) ) ;
#3764 = CARTESIAN_POINT ( 'NONE',  ( -48.89079716967073352, -0.6000000000000000888, 12.71799628697119111 ) ) ;
#3765 = CARTESIAN_POINT ( 'NONE',  ( -23.97840707406922789, -0.9999999999999988898, 11.10628253234542484 ) ) ;
#3766 = EDGE_CURVE ( 'NONE', #4014, #2550, #2038, .T. ) ;
#3767 = EDGE_LOOP ( 'NONE', ( #1595, #2332, #6640, #2433, #1416, #4886, #6254, #6468 ) ) ;
#3768 = ORIENTED_EDGE ( 'NONE', *, *, #2769, .T. ) ;
#3769 = CARTESIAN_POINT ( 'NONE',  ( -16.89779320872035484, -0.6000000000000005329, 9.100084778766696303 ) ) ;
#3770 = EDGE_LOOP ( 'NONE', ( #8610, #3857, #1336, #7096 ) ) ;
#3771 = CARTESIAN_POINT ( 'NONE',  ( -71.63371685740838757, 10.26878221735089980, 20.10000000000000142 ) ) ;
#3772 = ORIENTED_EDGE ( 'NONE', *, *, #4755, .F. ) ;
#3773 = DIRECTION ( 'NONE',  ( 0.000000000000000000, 0.000000000000000000, -1.000000000000000000 ) ) ;
#3774 = CARTESIAN_POINT ( 'NONE',  ( -27.02336986190555734, -1.000000000000000222, 7.507929389053945357 ) ) ;
#3775 = ORIENTED_EDGE ( 'NONE', *, *, #2853, .F. ) ;
#3776 = CARTESIAN_POINT ( 'NONE',  ( -26.57644703894624527, -0.6000000000000003109, 7.865486776446726225 ) ) ;
#3777 = VERTEX_POINT ( 'NONE', #1332 ) ;
#3778 = CARTESIAN_POINT ( 'NONE',  ( -28.92328373156918886, -1.000000000000000000, 11.24779672474426206 ) ) ;
#3779 = DIRECTION ( 'NONE',  ( 0.000000000000000000, 0.000000000000000000, -1.000000000000000000 ) ) ;
#3780 = ORIENTED_EDGE ( 'NONE', *, *, #821, .T. ) ;
#3781 = PLANE ( 'NONE',  #7818 ) ;
#3782 = CIRCLE ( 'NONE', #5219, 0.9999999999999940048 ) ;
#3783 = ORIENTED_EDGE ( 'NONE', *, *, #2719, .F. ) ;
#3784 = EDGE_CURVE ( 'NONE', #6499, #4333, #6113, .T. ) ;
#3785 = LINE ( 'NONE', #1196, #1700 ) ;
#3786 = FACE_OUTER_BOUND ( 'NONE', #8739, .T. ) ;
#3787 = VECTOR ( 'NONE', #2461, 1000.000000000000000 ) ;
#3788 = CARTESIAN_POINT ( 'NONE',  ( -45.87757482536071763, -1.000000000000000222, 7.946383204541650258 ) ) ;
#3789 = AXIS2_PLACEMENT_3D ( 'NONE', #7864, #488, #3835 ) ;
#3790 = CARTESIAN_POINT ( 'NONE',  ( 0.6999999999999999556, 7.997649730810350910, -0.9000000000000000222 ) ) ;
#3791 = DIRECTION ( 'NONE',  ( 0.4999999999999982236, 0.8660254037844395958, 0.000000000000000000 ) ) ;
#3792 = CARTESIAN_POINT ( 'NONE',  ( 15.09374768689830049, 12.27365149746590056, 20.10000000000000142 ) ) ;
#3793 = VERTEX_POINT ( 'NONE', #6821 ) ;
#3794 = CARTESIAN_POINT ( 'NONE',  ( -27.44933037493643369, 8.661215932167761977, -0.2000000000000000389 ) ) ;
#3795 = EDGE_CURVE ( 'NONE', #3138, #2024, #1466, .T. ) ;
#3796 = CARTESIAN_POINT ( 'NONE',  ( -21.11890795778687746, -0.9999999999999991118, 7.063442957108943432 ) ) ;
#3797 = DIRECTION ( 'NONE',  ( -1.000000000000000000, 0.000000000000000000, 0.000000000000000000 ) ) ;
#3798 = CARTESIAN_POINT ( 'NONE',  ( -43.76145867775951359, -1.000000000000000000, 7.864472865219164888 ) ) ;
#3799 = CARTESIAN_POINT ( 'NONE',  ( -18.31789943073571081, -1.000000000000000000, 9.838943678661337344 ) ) ;
#3800 = CARTESIAN_POINT ( 'NONE',  ( -1.450704155516179927, 11.31782032302749919, -0.9000000000000000222 ) ) ;
#3801 = ORIENTED_EDGE ( 'NONE', *, *, #6763, .F. ) ;
#3802 = EDGE_CURVE ( 'NONE', #6757, #3046, #2080, .T. ) ;
#3803 = PLANE ( 'NONE',  #7290 ) ;
#3804 = CARTESIAN_POINT ( 'NONE',  ( -28.92328373156918886, -1.000000000000000000, 11.24779672474426206 ) ) ;
#3805 = CARTESIAN_POINT ( 'NONE',  ( -51.01708987177048726, -0.6000000000000000888, 13.35121044846775895 ) ) ;
#3806 = DIRECTION ( 'NONE',  ( 1.000000000000000000, -1.090037151450160023E-15, 0.000000000000000000 ) ) ;
#3807 = AXIS2_PLACEMENT_3D ( 'NONE', #8262, #4877, #2806 ) ;
#3808 = VECTOR ( 'NONE', #8639, 1000.000000000000000 ) ;
#3809 = VECTOR ( 'NONE', #1906, 1000.000000000000000 ) ;
#3810 = ORIENTED_EDGE ( 'NONE', *, *, #1465, .F. ) ;
#3811 = DIRECTION ( 'NONE',  ( 0.8660254037844425934, 0.4999999999999933942, 0.000000000000000000 ) ) ;
#3812 = AXIS2_PLACEMENT_3D ( 'NONE', #8030, #3115, #1153 ) ;
#3813 = ORIENTED_EDGE ( 'NONE', *, *, #5140, .F. ) ;
#3814 = EDGE_CURVE ( 'NONE', #6550, #6498, #7540, .T. ) ;
#3815 = CARTESIAN_POINT ( 'NONE',  ( -18.55539440736729517, -0.6000000000000003109, 7.865486776446726225 ) ) ;
#3816 = EDGE_CURVE ( 'NONE', #5432, #642, #4567, .T. ) ;
#3817 = ORIENTED_EDGE ( 'NONE', *, *, #6543, .T. ) ;
#3818 = CARTESIAN_POINT ( 'NONE',  ( -2.283716857408399914, 10.87500000000000000, -0.9000000000000000222 ) ) ;
#3819 = DIRECTION ( 'NONE',  ( 0.000000000000000000, 0.000000000000000000, -1.000000000000000000 ) ) ;
#3820 = ORIENTED_EDGE ( 'NONE', *, *, #620, .F. ) ;
#3821 = CARTESIAN_POINT ( 'NONE',  ( -27.38597921037039384, -0.6000000000000003109, 7.069950585207321225 ) ) ;
#3822 = ORIENTED_EDGE ( 'NONE', *, *, #4253, .F. ) ;
#3823 = CARTESIAN_POINT ( 'NONE',  ( -52.14433636314813469, -0.6000000000000000888, 9.458323040533736403 ) ) ;
#3824 = CARTESIAN_POINT ( 'NONE',  ( 1.700000000000000178, 7.997649730810350910, -0.9000000000000000222 ) ) ;
#3825 = ORIENTED_EDGE ( 'NONE', *, *, #5111, .T. ) ;
#3826 = DIRECTION ( 'NONE',  ( 0.000000000000000000, -1.000000000000000000, 0.000000000000000000 ) ) ;
#3827 = ADVANCED_FACE ( 'NONE', ( #1687 ), #4283, .T. ) ;
#3828 = AXIS2_PLACEMENT_3D ( 'NONE', #1692, #5714, #4999 ) ;
#3829 = ORIENTED_EDGE ( 'NONE', *, *, #550, .F. ) ;
#3830 = CARTESIAN_POINT ( 'NONE',  ( -41.13141353356815699, -1.000000000000000000, 11.84951974490410898 ) ) ;
#3831 = DIRECTION ( 'NONE',  ( 0.000000000000000000, 0.000000000000000000, -1.000000000000000000 ) ) ;
#3832 = DIRECTION ( 'NONE',  ( -0.000000000000000000, -1.000000000000000000, -0.000000000000000000 ) ) ;
#3833 = CARTESIAN_POINT ( 'NONE',  ( -44.03125784386730146, -1.000000000000000000, 10.12542089263933853 ) ) ;
#3834 = LINE ( 'NONE', #7904, #6869 ) ;
#3835 = DIRECTION ( 'NONE',  ( 0.8660254037844332675, -0.5000000000000092149, 0.000000000000000000 ) ) ;
#3836 = ORIENTED_EDGE ( 'NONE', *, *, #2995, .T. ) ;
#3837 = LINE ( 'NONE', #7951, #8292 ) ;
#3838 = DIRECTION ( 'NONE',  ( 0.8660254037844257180, -0.5000000000000225375, 0.000000000000000000 ) ) ;
#3839 = VECTOR ( 'NONE', #7024, 1000.000000000000000 ) ;
#3840 = CARTESIAN_POINT ( 'NONE',  ( 11.87579849446719926, 1.700000000000004396, 19.40000000000000213 ) ) ;
#3841 = LINE ( 'NONE', #275, #675 ) ;
#3842 = EDGE_CURVE ( 'NONE', #7384, #8449, #6051, .T. ) ;
#3843 = CARTESIAN_POINT ( 'NONE',  ( -18.40351986464244050, -0.6000000000000000888, 12.02454957350305520 ) ) ;
#3844 = CARTESIAN_POINT ( 'NONE',  ( -45.43275971719831574, -0.5999999999999996447, 6.901367954618664591 ) ) ;
#3845 = ADVANCED_FACE ( 'NONE', ( #8426 ), #5753, .T. ) ;
#3846 = VERTEX_POINT ( 'NONE', #5662 ) ;
#3847 = CARTESIAN_POINT ( 'NONE',  ( -23.13397459621556251, 7.516154273188020873, 20.10000000000000142 ) ) ;
#3848 = LINE ( 'NONE', #3303, #8281 ) ;
#3849 = CARTESIAN_POINT ( 'NONE',  ( -50.12578086371441799, -1.000000000000000000, 13.26732074283014029 ) ) ;
#3850 = DIRECTION ( 'NONE',  ( 0.5000000000000061062, 0.8660254037844351549, 0.000000000000000000 ) ) ;
#3851 = EDGE_CURVE ( 'NONE', #5792, #7811, #2253, .T. ) ;
#3852 = ORIENTED_EDGE ( 'NONE', *, *, #6991, .T. ) ;
#3853 = CARTESIAN_POINT ( 'NONE',  ( -16.45055408217264414, -1.000000000000000222, 9.616731248157075029 ) ) ;
#3854 = CIRCLE ( 'NONE', #2144, 0.9999999999999592548 ) ;
#3855 = ORIENTED_EDGE ( 'NONE', *, *, #7176, .T. ) ;
#3856 = CARTESIAN_POINT ( 'NONE',  ( -46.90070415550901117, 12.27044826720279502, 7.650000000000016342 ) ) ;
#3857 = ORIENTED_EDGE ( 'NONE', *, *, #5447, .T. ) ;
#3858 = LINE ( 'NONE', #1055, #659 ) ;
#3859 = CARTESIAN_POINT ( 'NONE',  ( -68.29999999999999716, 7.997649730810350910, 20.10000000000000142 ) ) ;
#3861 = VECTOR ( 'NONE', #8415, 1000.000000000000000 ) ;
#3860 = VECTOR ( 'NONE', #1563, 999.9999999999998863 ) ;
#3862 = CARTESIAN_POINT ( 'NONE',  ( -69.40070415551733163, 13.13647367099202867, -0.9000000000000000222 ) ) ;
#3863 = EDGE_CURVE ( 'NONE', #846, #5838, #7713, .T. ) ;
#3864 = ORIENTED_EDGE ( 'NONE', *, *, #7300, .T. ) ;
#3865 = VERTEX_POINT ( 'NONE', #5038 ) ;
#3866 = DIRECTION ( 'NONE',  ( -0.8660254037844384856, 0.5000000000000003331, 0.000000000000000000 ) ) ;
#3867 = CARTESIAN_POINT ( 'NONE',  ( -63.79999999999999716, 3.500000000000210054, 6.599999999999998757 ) ) ;
#3868 = ORIENTED_EDGE ( 'NONE', *, *, #4351, .T. ) ;
#3869 = CARTESIAN_POINT ( 'NONE',  ( -32.19933037493642303, 0.4339745962156045800, 19.40000000000000213 ) ) ;
#3870 = ORIENTED_EDGE ( 'NONE', *, *, #7159, .T. ) ;
#3871 = CARTESIAN_POINT ( 'NONE',  ( -27.44959952104287026, -1.000000000000000000, 6.826744093165315164 ) ) ;
#3872 = AXIS2_PLACEMENT_3D ( 'NONE', #3859, #7013, #895 ) ;
#3873 = DIRECTION ( 'NONE',  ( 0.000000000000000000, 0.000000000000000000, -1.000000000000000000 ) ) ;
#3874 = DIRECTION ( 'NONE',  ( 0.000000000000000000, 0.000000000000000000, -1.000000000000000000 ) ) ;
#3875 = EDGE_CURVE ( 'NONE', #5516, #4770, #1643, .T. ) ;
#3876 = CARTESIAN_POINT ( 'NONE',  ( -26.89109785989447943, -1.000000000000000222, 13.45325607948604052 ) ) ;
#3877 = CARTESIAN_POINT ( 'NONE',  ( 13.80066962506357520, 0.4339745962156045800, 19.40000000000000213 ) ) ;
#3878 = ORIENTED_EDGE ( 'NONE', *, *, #480, .F. ) ;
#3879 = CARTESIAN_POINT ( 'NONE',  ( -44.08524283061587568, -1.000000000000000000, 9.866566445964696896 ) ) ;
#3880 = ORIENTED_EDGE ( 'NONE', *, *, #7931, .T. ) ;
#3881 = CARTESIAN_POINT ( 'NONE',  ( -11.12420150553280074, 1.699999999999999956, 20.10000000000000142 ) ) ;
#3882 = CARTESIAN_POINT ( 'NONE',  ( -19.54224928118659577, -0.6000000000000000888, 8.888138994193104381 ) ) ;
#3883 = DIRECTION ( 'NONE',  ( 0.5000000000000248690, 0.8660254037844242747, 0.000000000000000000 ) ) ;
#3884 = CARTESIAN_POINT ( 'NONE',  ( -57.92804908282614917, 1.700000000000006617, -0.2000000000000000389 ) ) ;
#3885 = FACE_OUTER_BOUND ( 'NONE', #638, .T. ) ;
#3886 = DIRECTION ( 'NONE',  ( -1.000000000000000000, 0.000000000000000000, 0.000000000000000000 ) ) ;
#3887 = CARTESIAN_POINT ( 'NONE',  ( -25.99608281396794141, -0.5999999999999998668, 13.42347595443742314 ) ) ;
#3888 = ORIENTED_EDGE ( 'NONE', *, *, #5027, .F. ) ;
#3889 = CARTESIAN_POINT ( 'NONE',  ( -21.30000000000000071, 7.997649730810350910, -0.9000000000000000222 ) ) ;
#3890 = CARTESIAN_POINT ( 'NONE',  ( -50.70195831909941120, 10.42365149746538222, 20.10000000000000142 ) ) ;
#3891 = CARTESIAN_POINT ( 'NONE',  ( -25.76845876320978945, -1.000000000000000000, 11.10720526602429281 ) ) ;
#3892 = DIRECTION ( 'NONE',  ( 0.000000000000000000, 0.000000000000000000, -1.000000000000000000 ) ) ;
#3893 = EDGE_LOOP ( 'NONE', ( #8832, #1411, #7792, #8827 ) ) ;
#3894 = AXIS2_PLACEMENT_3D ( 'NONE', #7587, #2838, #1467 ) ;
#3895 = CARTESIAN_POINT ( 'NONE',  ( -25.76845876320978945, -0.6000000000000000888, 11.10720526602429281 ) ) ;
#3896 = ORIENTED_EDGE ( 'NONE', *, *, #7795, .T. ) ;
#3897 = LINE ( 'NONE', #3728, #4530 ) ;
#3898 = ORIENTED_EDGE ( 'NONE', *, *, #5631, .F. ) ;
#3899 = CARTESIAN_POINT ( 'NONE',  ( -50.12550849063328684, -0.6000000000000000888, 10.17829642049988514 ) ) ;
#3900 = EDGE_CURVE ( 'NONE', #7811, #5627, #2729, .T. ) ;
#3901 = LINE ( 'NONE', #8347, #5451 ) ;
#3902 = VECTOR ( 'NONE', #8167, 1000.000000000000000 ) ;
#3903 = AXIS2_PLACEMENT_3D ( 'NONE', #5821, #4475, #3797 ) ;
#3904 = CARTESIAN_POINT ( 'NONE',  ( -50.94946010435885597, -1.000000000000000222, 8.096113592212564214 ) ) ;
#3905 = VERTEX_POINT ( 'NONE', #4176 ) ;
#3906 = ORIENTED_EDGE ( 'NONE', *, *, #2719, .T. ) ;
#3907 = DIRECTION ( 'NONE',  ( -0.000000000000000000, -0.000000000000000000, -1.000000000000000000 ) ) ;
#3908 = DIRECTION ( 'NONE',  ( 0.000000000000000000, 0.000000000000000000, 1.000000000000000000 ) ) ;
#3909 = EDGE_LOOP ( 'NONE', ( #816, #2335, #5436, #3468 ) ) ;
#3910 = CARTESIAN_POINT ( 'NONE',  ( -52.14433636314813469, -0.6000000000000000888, 5.353059882638999234 ) ) ;
#3911 = ORIENTED_EDGE ( 'NONE', *, *, #7423, .F. ) ;
#3912 = CARTESIAN_POINT ( 'NONE',  ( -33.68117846841128937, -1.000000000000000000, 5.353059882638998346 ) ) ;
#3913 = EDGE_CURVE ( 'NONE', #7148, #397, #4224, .T. ) ;
#3914 = AXIS2_PLACEMENT_3D ( 'NONE', #8416, #3763, #1757 ) ;
#3915 = CARTESIAN_POINT ( 'NONE',  ( -19.30015895595192887, -0.6000000000000000888, 9.060909721805188610 ) ) ;
#3916 = LINE ( 'NONE', #1999, #481 ) ;
#3917 = DIRECTION ( 'NONE',  ( 0.000000000000000000, 0.000000000000000000, -1.000000000000000000 ) ) ;
#3918 = LINE ( 'NONE', #7233, #2150 ) ;
#3919 = ORIENTED_EDGE ( 'NONE', *, *, #4031, .F. ) ;
#3920 = AXIS2_PLACEMENT_3D ( 'NONE', #5113, #1580, #5643 ) ;
#3921 = LINE ( 'NONE', #4607, #5365 ) ;
#3922 = VECTOR ( 'NONE', #3032, 1000.000000000000000 ) ;
#3923 = EDGE_LOOP ( 'NONE', ( #1349, #5959 ) ) ;
#3924 = PLANE ( 'NONE',  #294 ) ;
#3925 = ADVANCED_FACE ( 'NONE', ( #3497 ), #7480, .T. ) ;
#3926 = EDGE_CURVE ( 'NONE', #8099, #8424, #6946, .T. ) ;
#3927 = EDGE_CURVE ( 'NONE', #784, #7615, #5562, .T. ) ;
#3928 = EDGE_CURVE ( 'NONE', #6608, #3750, #6526, .T. ) ;
#3929 = DIRECTION ( 'NONE',  ( 1.000000000000000000, -2.657184803002740111E-15, 0.000000000000000000 ) ) ;
#3930 = VECTOR ( 'NONE', #3649, 1000.000000000000000 ) ;
#3931 = DIRECTION ( 'NONE',  ( 0.000000000000000000, 0.000000000000000000, -1.000000000000000000 ) ) ;
#3932 = LINE ( 'NONE', #8755, #389 ) ;
#3933 = DIRECTION ( 'NONE',  ( -0.000000000000000000, -0.000000000000000000, 1.000000000000000000 ) ) ;
#3934 = FACE_OUTER_BOUND ( 'NONE', #6606, .T. ) ;
#3935 = ORIENTED_EDGE ( 'NONE', *, *, #4090, .F. ) ;
#3936 = VERTEX_POINT ( 'NONE', #151 ) ;
#3937 = DIRECTION ( 'NONE',  ( 1.000000000000000000, 0.000000000000000000, 0.000000000000000000 ) ) ;
#3938 = CARTESIAN_POINT ( 'NONE',  ( -41.37657462627282001, -1.000000000000000222, 11.87474852973988426 ) ) ;
#3939 = LINE ( 'NONE', #7298, #1522 ) ;
#3940 = CARTESIAN_POINT ( 'NONE',  ( -19.42854688946392017, -0.6000000000000000888, 6.826744093165315164 ) ) ;
#3941 = ADVANCED_FACE ( 'NONE', ( #2866 ), #8323, .T. ) ;
#3942 = ORIENTED_EDGE ( 'NONE', *, *, #8572, .T. ) ;
#3943 = CARTESIAN_POINT ( 'NONE',  ( -17.90057297828612803, -1.000000000000000000, 8.324842580625603006 ) ) ;
#3944 = ORIENTED_EDGE ( 'NONE', *, *, #4755, .T. ) ;
#3945 = CARTESIAN_POINT ( 'NONE',  ( -11.64217700949805945, -1.000000000000000000, 11.06730969087240268 ) ) ;
#3946 = EDGE_LOOP ( 'NONE', ( #3944, #908, #4695, #4535 ) ) ;
#3947 = AXIS2_PLACEMENT_3D ( 'NONE', #993, #3710, #5822 ) ;
#3948 = VECTOR ( 'NONE', #6231, 1000.000000000000000 ) ;
#3949 = CARTESIAN_POINT ( 'NONE',  ( -50.04130700198207649, -0.9999999999999997780, 10.58454004708197971 ) ) ;
#3950 = CARTESIAN_POINT ( 'NONE',  ( -41.77459952104285890, -1.000000000000000000, 13.45832304053373640 ) ) ;
#3951 = CARTESIAN_POINT ( 'NONE',  ( -30.42915978271929944, 1.699999999999999956, 20.10000000000000142 ) ) ;
#3952 = VERTEX_POINT ( 'NONE', #4935 ) ;
#3953 = CIRCLE ( 'NONE', #6670, 0.9999999999999986677 ) ;
#3954 = VERTEX_POINT ( 'NONE', #2108 ) ;
#3955 = EDGE_CURVE ( 'NONE', #4550, #2302, #66, .T. ) ;
#3956 = PLANE ( 'NONE',  #4964 ) ;
#3957 = LINE ( 'NONE', #3320, #7289 ) ;
#3958 = ORIENTED_EDGE ( 'NONE', *, *, #7248, .T. ) ;
#3959 = LINE ( 'NONE', #8569, #5390 ) ;
#3960 = ORIENTED_EDGE ( 'NONE', *, *, #7807, .T. ) ;
#3961 = B_SPLINE_CURVE_WITH_KNOTS ( 'NONE', 3,
 ( #3106, #5839, #8560, #4083, #3224, #2598, #2689, #5340, #7482, #8111, #8061, #6631, #6809, #692, #4761, #3314, #8154, #6009, #3406 ),
 .UNSPECIFIED., .F., .F.,
 ( 4, 1, 1, 1, 1, 1, 1, 1, 1, 1, 1, 1, 1, 1, 1, 1, 4 ),
 ( 0.000000000000000000, 0.06309565136562546306, 0.1239514016813179076, 0.1827110115365284115, 0.2402055871725875535, 0.2972171794580890647, 0.3546448570009386181, 0.4128968538364464758, 0.4726649806940408927, 0.5333840565634606623, 0.5943405859397068447, 0.6563888886088051766, 0.7199007911699144557, 0.7853464048423194344, 0.8537890560462549905, 0.9249540786285178617, 1.000000000000000000 ),
 .UNSPECIFIED. ) ;
#3962 = CARTESIAN_POINT ( 'NONE',  ( -49.46542398819188691, -0.5999999999999998668, 8.503656759020232769 ) ) ;
#3963 = CARTESIAN_POINT ( 'NONE',  ( -26.94466531051655522, -0.6000000000000000888, 12.08990198790215764 ) ) ;
#3964 = CARTESIAN_POINT ( 'NONE',  ( -21.21264995406865594, -1.000000000000000222, 6.813307792856671874 ) ) ;
#3965 = CARTESIAN_POINT ( 'NONE',  ( -11.90923940590071695, -0.6000000000000003109, 12.51754095874282413 ) ) ;
#3966 = DIRECTION ( 'NONE',  ( 0.5000000000000135447, 0.8660254037844308250, 0.000000000000000000 ) ) ;
#3967 = ORIENTED_EDGE ( 'NONE', *, *, #5870, .T. ) ;
#3968 = EDGE_CURVE ( 'NONE', #563, #1218, #2779, .T. ) ;
#3969 = CARTESIAN_POINT ( 'NONE',  ( -19.18602629532821169, -0.6000000000000000888, 13.42068050419670477 ) ) ;
#3970 = ORIENTED_EDGE ( 'NONE', *, *, #5927, .T. ) ;
#3971 = CARTESIAN_POINT ( 'NONE',  ( -27.70195831909938278, 10.42365149746542308, 20.10000000000000142 ) ) ;
#3972 = AXIS2_PLACEMENT_3D ( 'NONE', #6688, #2654, #5482 ) ;
#3973 = CARTESIAN_POINT ( 'NONE',  ( -17.75755555508920125, -0.5999999999999998668, 10.77110268277012217 ) ) ;
#3974 = MANIFOLD_SOLID_BREP ( 'ิฒฝว3', #4356 ) ;
#3975 = DIRECTION ( 'NONE',  ( -0.000000000000000000, -1.000000000000000000, -0.000000000000000000 ) ) ;
#3976 = LINE ( 'NONE', #1971, #4906 ) ;
#3977 = CARTESIAN_POINT ( 'NONE',  ( -44.12087236794346978, -0.6000000000000000888, 9.404673076053921221 ) ) ;
#3978 = CARTESIAN_POINT ( 'NONE',  ( -43.62983154631513827, -0.6000000000000000888, 7.672808207291770266 ) ) ;
#3979 = EDGE_CURVE ( 'NONE', #2550, #7129, #7567, .T. ) ;
#3980 = EDGE_CURVE ( 'NONE', #4005, #158, #194, .T. ) ;
#3981 = DIRECTION ( 'NONE',  ( 1.000000000000000000, 0.000000000000000000, 0.000000000000000000 ) ) ;
#3982 = EDGE_LOOP ( 'NONE', ( #6888, #7843, #3729, #8554, #3780, #4471, #6957 ) ) ;
#3983 = AXIS2_PLACEMENT_3D ( 'NONE', #595, #6755, #3305 ) ;
#3984 = VERTEX_POINT ( 'NONE', #3450 ) ;
#3985 = CARTESIAN_POINT ( 'NONE',  ( -0.4007041555173184166, 13.13647367099202867, 20.10000000000000142 ) ) ;
#3986 = CARTESIAN_POINT ( 'NONE',  ( -39.80749425788496154, -0.6000000000000000888, 7.353059882638998346 ) ) ;
#3987 = DIRECTION ( 'NONE',  ( 0.8660254037881350841, -0.4999999999935975104, 0.000000000000000000 ) ) ;
#3988 = DIRECTION ( 'NONE',  ( 0.000000000000000000, 0.000000000000000000, -1.000000000000000000 ) ) ;
#3989 = EDGE_CURVE ( 'NONE', #303, #2420, #2823, .T. ) ;
#3990 = CARTESIAN_POINT ( 'NONE',  ( -18.31789943073571081, -0.6000000000000000888, 9.838943678661337344 ) ) ;
#3991 = VERTEX_POINT ( 'NONE', #7877 ) ;
#3992 = DIRECTION ( 'NONE',  ( -0.8660254037844257180, 0.5000000000000225375, 0.000000000000000000 ) ) ;
#3993 = VERTEX_POINT ( 'NONE', #6452 ) ;
#3994 = FACE_OUTER_BOUND ( 'NONE', #3287, .T. ) ;
#3995 = ORIENTED_EDGE ( 'NONE', *, *, #4068, .T. ) ;
#3996 = CARTESIAN_POINT ( 'NONE',  ( -50.38928273665847968, -1.000000000000000222, 9.774996174458285836 ) ) ;
#3997 = CARTESIAN_POINT ( 'NONE',  ( -19.00231723032660369, -0.6000000000000003109, 7.507929389053945357 ) ) ;
#3998 = LINE ( 'NONE', #8114, #2898 ) ;
#3999 = ORIENTED_EDGE ( 'NONE', *, *, #1475, .F. ) ;
#4000 = FACE_OUTER_BOUND ( 'NONE', #5425, .T. ) ;
#4001 = CARTESIAN_POINT ( 'NONE',  ( -30.90625231310169951, 12.27365149746590056, 0.000000000000000000 ) ) ;
#4002 = PRODUCT ( '[a]_PTC212-413_Holder (Wago221 knockoffs)', '[a]_PTC212-413_Holder (Wago221 knockoffs)', '', ( #3021 ) ) ;
#4003 = ORIENTED_EDGE ( 'NONE', *, *, #7342, .T. ) ;
#4004 = LINE ( 'NONE', #8161, #1113 ) ;
#4005 = VERTEX_POINT ( 'NONE', #1583 ) ;
#4006 = CARTESIAN_POINT ( 'NONE',  ( -45.70788383248144982, 12.73647367098722860, 8.450000000000022382 ) ) ;
#4008 = VECTOR ( 'NONE', #2298, 1000.000000000000227 ) ;
#4007 = AXIS2_PLACEMENT_3D ( 'NONE', #6193, #653, #8829 ) ;
#4009 = EDGE_CURVE ( 'NONE', #5653, #4925, #7297, .T. ) ;
#4010 = LINE ( 'NONE', #6735, #6634 ) ;
#4011 = CARTESIAN_POINT ( 'NONE',  ( 16.85881119635942227, 10.33083117443845822, -0.9000000000000000222 ) ) ;
#4012 = CARTESIAN_POINT ( 'NONE',  ( -51.29400741577970990, -1.000000000000000000, 8.089901987902157643 ) ) ;
#4013 = CARTESIAN_POINT ( 'NONE',  ( -49.59964268369743223, 10.00996317224838705, 20.10000000000000142 ) ) ;
#4014 = VERTEX_POINT ( 'NONE', #4484 ) ;
#4015 = CARTESIAN_POINT ( 'NONE',  ( -19.79259072650305029, -1.000000000000000222, 13.29364821499873983 ) ) ;
#4016 = CIRCLE ( 'NONE', #6304, 0.5999999999999998668 ) ;
#4017 = VERTEX_POINT ( 'NONE', #327 ) ;
#4018 = CARTESIAN_POINT ( 'NONE',  ( -35.47065215262180971, -0.6000000000000000888, 5.353059882638998346 ) ) ;
#4019 = CARTESIAN_POINT ( 'NONE',  ( -17.82825204350587001, -0.6000000000000003109, 10.52583176461639347 ) ) ;
#4020 = EDGE_CURVE ( 'NONE', #1093, #2648, #4438, .T. ) ;
#4021 = FACE_OUTER_BOUND ( 'NONE', #217, .T. ) ;
#4022 = DIRECTION ( 'NONE',  ( -1.000000000000000000, 2.665330340693532391E-15, 0.000000000000000000 ) ) ;
#4023 = DIRECTION ( 'NONE',  ( -0.4999999999999929501, -0.8660254037844427044, 0.000000000000000000 ) ) ;
#4024 = DIRECTION ( 'NONE',  ( 1.000000000000000000, -2.891205793294679017E-15, 0.000000000000000000 ) ) ;
#4025 = CARTESIAN_POINT ( 'NONE',  ( -24.83857150996690777, -0.5999999999999998668, 12.98893199167539336 ) ) ;
#4026 = ORIENTED_EDGE ( 'NONE', *, *, #1566, .F. ) ;
#4027 = VERTEX_POINT ( 'NONE', #5867 ) ;
#4028 = CARTESIAN_POINT ( 'NONE',  ( -40.66132259256465886, -0.9999999999999995559, 11.75108166421085265 ) ) ;
#4029 = CARTESIAN_POINT ( 'NONE',  ( -25.82820748744522277, -1.000000000000000222, 11.48517068482052572 ) ) ;
#4030 = EDGE_CURVE ( 'NONE', #2302, #5926, #7203, .T. ) ;
#4031 = EDGE_CURVE ( 'NONE', #8153, #2648, #3716, .T. ) ;
#4032 = LINE ( 'NONE', #1980, #2268 ) ;
#4033 = DIRECTION ( 'NONE',  ( -1.000000000000000000, 0.000000000000000000, 0.000000000000000000 ) ) ;
#4034 = ORIENTED_EDGE ( 'NONE', *, *, #1618, .F. ) ;
#4035 = CARTESIAN_POINT ( 'NONE',  ( -15.95486267893760690, -0.6000000000000000888, 6.826744093165315164 ) ) ;
#4036 = VERTEX_POINT ( 'NONE', #2956 ) ;
#4037 = CARTESIAN_POINT ( 'NONE',  ( -10.93291132015955469, -0.6000000000000000888, 11.46858551347443900 ) ) ;
#4038 = ORIENTED_EDGE ( 'NONE', *, *, #772, .T. ) ;
#4039 = FACE_OUTER_BOUND ( 'NONE', #4948, .T. ) ;
#4040 = EDGE_CURVE ( 'NONE', #8105, #1428, #5695, .T. ) ;
#4041 = CARTESIAN_POINT ( 'NONE',  ( -52.14118880364058128, 10.33083117443845822, -0.9000000000000000222 ) ) ;
#4042 = CARTESIAN_POINT ( 'NONE',  ( 16.40881119635939811, 9.551408311032400178, 20.10000000000000142 ) ) ;
#4043 = VECTOR ( 'NONE', #3832, 1000.000000000000000 ) ;
#4044 = ORIENTED_EDGE ( 'NONE', *, *, #6457, .F. ) ;
#4045 = CYLINDRICAL_SURFACE ( 'NONE', #5237, 2.000000000000001776 ) ;
#4046 = DIRECTION ( 'NONE',  ( 0.4999999999999993894, 0.8660254037844389297, 0.000000000000000000 ) ) ;
#4047 = ORIENTED_EDGE ( 'NONE', *, *, #1077, .F. ) ;
#4048 = CARTESIAN_POINT ( 'NONE',  ( -41.77459952104285890, -0.6000000000000000888, 13.45832304053373640 ) ) ;
#4049 = EDGE_LOOP ( 'NONE', ( #5171, #5057, #4606, #879 ) ) ;
#4050 = CARTESIAN_POINT ( 'NONE',  ( -51.70195831909960305, 8.691600689896679555, 20.10000000000000142 ) ) ;
#4051 = VECTOR ( 'NONE', #4519, 1000.000000000000000 ) ;
#4052 = LINE ( 'NONE', #4820, #7919 ) ;
#4053 = CARTESIAN_POINT ( 'NONE',  ( -46.00921863632870412, -0.6000000000000000888, 8.754145376654680177 ) ) ;
#4054 = CARTESIAN_POINT ( 'NONE',  ( -27.51451523361913587, -1.000000000000000000, 13.36897872456435188 ) ) ;
#4055 = CARTESIAN_POINT ( 'NONE',  ( -23.40070415550901828, 13.13647367098723429, 7.649999999999996803 ) ) ;
#4056 = ORIENTED_EDGE ( 'NONE', *, *, #298, .T. ) ;
#4057 = AXIS2_PLACEMENT_3D ( 'NONE', #255, #2431, #430 ) ;
#4058 = CARTESIAN_POINT ( 'NONE',  ( -29.29613218913495842, -0.5999999999999998668, 6.546269095387323489 ) ) ;
#4059 = EDGE_LOOP ( 'NONE', ( #1414, #1809, #5334, #3037 ) ) ;
#4060 = DIRECTION ( 'NONE',  ( -0.000000000000000000, -0.000000000000000000, -1.000000000000000000 ) ) ;
#4061 = CARTESIAN_POINT ( 'NONE',  ( -19.18348109999023876, -0.6000000000000000888, 9.144178303691631982 ) ) ;
#4062 = CARTESIAN_POINT ( 'NONE',  ( -2.633716857408380019, 10.26878221735089980, 20.10000000000000142 ) ) ;
#4063 = DIRECTION ( 'NONE',  ( -0.4999999999999994449, -0.8660254037844389297, 0.000000000000000000 ) ) ;
#4064 = AXIS2_PLACEMENT_3D ( 'NONE', #1998, #2701, #1419 ) ;
#4065 = LINE ( 'NONE', #4662, #627 ) ;
#4066 = DIRECTION ( 'NONE',  ( -1.000000000000000000, 0.000000000000000000, 0.000000000000000000 ) ) ;
#4067 = CARTESIAN_POINT ( 'NONE',  ( -42.48634278863162450, -0.6000000000000000888, 6.917772663003124656 ) ) ;
#4068 = EDGE_CURVE ( 'NONE', #5974, #1093, #8508, .T. ) ;
#4069 = ORIENTED_EDGE ( 'NONE', *, *, #5212, .T. ) ;
#4070 = EDGE_CURVE ( 'NONE', #3012, #8276, #6492, .T. ) ;
#4071 = ORIENTED_EDGE ( 'NONE', *, *, #632, .T. ) ;
#4072 = VECTOR ( 'NONE', #4427, 1000.000000000000000 ) ;
#4073 = CARTESIAN_POINT ( 'NONE',  ( -39.80749425788496154, -0.6000000000000000888, 5.678717777375840825 ) ) ;
#4074 = CARTESIAN_POINT ( 'NONE',  ( -26.47091367939842499, -0.6000000000000000888, 13.45646351525994611 ) ) ;
#4075 = LINE ( 'NONE', #1845, #854 ) ;
#4076 = DIRECTION ( 'NONE',  ( 0.000000000000000000, 0.000000000000000000, 1.000000000000000000 ) ) ;
#4077 = EDGE_CURVE ( 'NONE', #8354, #8143, #5159, .T. ) ;
#4078 = CARTESIAN_POINT ( 'NONE',  ( -44.20817929496355703, -0.6000000000000003109, 12.79601454261411142 ) ) ;
#4079 = ORIENTED_EDGE ( 'NONE', *, *, #6543, .F. ) ;
#4080 = CARTESIAN_POINT ( 'NONE',  ( -45.61598655636788635, -1.000000000000000444, 7.226459553139680025 ) ) ;
#4081 = CARTESIAN_POINT ( 'NONE',  ( -57.92804908282615628, -0.2999999999999934386, 19.40000000000000213 ) ) ;
#4082 = VERTEX_POINT ( 'NONE', #8549 ) ;
#4083 = CARTESIAN_POINT ( 'NONE',  ( -48.19419208603800797, -1.000000000000000000, 10.22060968601950925 ) ) ;
#4084 = CARTESIAN_POINT ( 'NONE',  ( -40.23282527874630432, -0.9999999999999997780, 13.28778901120029943 ) ) ;
#4085 = CARTESIAN_POINT ( 'NONE',  ( -68.00000000000000000, 1.000000000000000000, 20.10000000000000142 ) ) ;
#4086 = B_SPLINE_CURVE_WITH_KNOTS ( 'NONE', 3,
 ( #2615, #1249, #3329, #3965, #8656, #5937, #5314, #6069, #6737, #2703, #6692 ),
 .UNSPECIFIED., .F., .F.,
 ( 4, 1, 1, 1, 1, 1, 1, 1, 4 ),
 ( 0.000000000000000000, 0.1318840711953371547, 0.2618153091293463630, 0.3902933495210611503, 0.5171257721934421347, 0.6420020715531483679, 0.7645768275012225779, 0.8836698560593276852, 1.000000000000000000 ),
 .UNSPECIFIED. ) ;
#4087 = EDGE_LOOP ( 'NONE', ( #1542, #2472 ) ) ;
#4088 = ADVANCED_FACE ( 'NONE', ( #4981 ), #3803, .F. ) ;
#4089 = DIRECTION ( 'NONE',  ( -0.9659258262890682012, -0.2588190451025211836, 0.000000000000000000 ) ) ;
#4090 = EDGE_CURVE ( 'NONE', #3952, #7925, #3131, .T. ) ;
#4091 = CARTESIAN_POINT ( 'NONE',  ( -46.40070415551731742, 13.13647367099202867, 20.10000000000000142 ) ) ;
#4092 = ADVANCED_FACE ( 'NONE', ( #2283 ), #8590, .F. ) ;
#4093 = ORIENTED_EDGE ( 'NONE', *, *, #540, .T. ) ;
#4094 = CARTESIAN_POINT ( 'NONE',  ( -2.499742261192730020, 12.50083302491999859, 0.000000000000000000 ) ) ;
#4095 = ORIENTED_EDGE ( 'NONE', *, *, #8741, .F. ) ;
#4096 = DIRECTION ( 'NONE',  ( 0.8660254037881350841, -0.4999999999935975104, 0.000000000000000000 ) ) ;
#4097 = AXIS2_PLACEMENT_3D ( 'NONE', #3456, #8329, #8828 ) ;
#4098 = DIRECTION ( 'NONE',  ( 0.000000000000000000, 1.000000000000000000, 0.000000000000000000 ) ) ;
#4099 = VECTOR ( 'NONE', #8317, 999.9999999999998863 ) ;
#4100 = AXIS2_PLACEMENT_3D ( 'NONE', #4278, #8597, #5206 ) ;
#4101 = DIRECTION ( 'NONE',  ( 0.8660254037844318242, -0.5000000000000119904, 0.000000000000000000 ) ) ;
#4102 = LINE ( 'NONE', #6962, #6206 ) ;
#4103 = CARTESIAN_POINT ( 'NONE',  ( -51.12223383784253627, -1.000000000000000000, 11.96709621041650706 ) ) ;
#4104 = EDGE_LOOP ( 'NONE', ( #597, #5166, #1050, #7416 ) ) ;
#4105 = CIRCLE ( 'NONE', #3665, 2.000000000000001776 ) ;
#4106 = ADVANCED_FACE ( 'NONE', ( #4354 ), #7073, .T. ) ;
#4107 = DIRECTION ( 'NONE',  ( 1.000000000000000000, 0.000000000000000000, 0.000000000000000000 ) ) ;
#4108 = VERTEX_POINT ( 'NONE', #3001 ) ;
#4109 = FACE_OUTER_BOUND ( 'NONE', #2521, .T. ) ;
#4110 = CARTESIAN_POINT ( 'NONE',  ( -63.79999999999999716, 3.500000000000400124, 9.599999999999999645 ) ) ;
#4111 = CARTESIAN_POINT ( 'NONE',  ( -40.03608539922219478, -0.9999999999999997780, 5.574170410639514017 ) ) ;
#4112 = CARTESIAN_POINT ( 'NONE',  ( -46.40070415550901828, 13.13647367098723606, 7.650000000000001243 ) ) ;
#4113 = CARTESIAN_POINT ( 'NONE',  ( -47.45070415551619902, 11.31782032302749919, -0.9000000000000000222 ) ) ;
#4114 = CARTESIAN_POINT ( 'NONE',  ( -57.92804908282615628, -0.2999999999999934386, -0.1999999999999987899 ) ) ;
#4115 = CARTESIAN_POINT ( 'NONE',  ( -41.72690215262179692, -0.6000000000000000888, 6.826744093165315164 ) ) ;
#4116 = ORIENTED_EDGE ( 'NONE', *, *, #2656, .F. ) ;
#4117 = ORIENTED_EDGE ( 'NONE', *, *, #821, .F. ) ;
#4118 = CIRCLE ( 'NONE', #8113, 4.799999999999998934 ) ;
#4119 = CARTESIAN_POINT ( 'NONE',  ( -26.13161009584714378, -0.6000000000000000888, 10.06486393383465661 ) ) ;
#4120 = CARTESIAN_POINT ( 'NONE',  ( -40.02562919381769291, -0.5999999999999998668, 7.226649450201747094 ) ) ;
#4121 = CARTESIAN_POINT ( 'NONE',  ( -26.70195831909962436, 8.691600689896679555, -0.9000000000000000222 ) ) ;
#4122 = EDGE_CURVE ( 'NONE', #5653, #1495, #371, .T. ) ;
#4123 = ORIENTED_EDGE ( 'NONE', *, *, #6932, .T. ) ;
#4124 = CARTESIAN_POINT ( 'NONE',  ( -46.40070415551731742, 13.13647367099202867, 20.10000000000000142 ) ) ;
#4125 = CARTESIAN_POINT ( 'NONE',  ( -46.20788383248146403, 11.87044826720278934, 11.75000000000000355 ) ) ;
#4126 = VERTEX_POINT ( 'NONE', #5827 ) ;
#4127 = DIRECTION ( 'NONE',  ( 1.000000000000000000, 0.000000000000000000, 0.000000000000000000 ) ) ;
#4128 = DIRECTION ( 'NONE',  ( 0.000000000000000000, 0.000000000000000000, -1.000000000000000000 ) ) ;
#4129 = ORIENTED_EDGE ( 'NONE', *, *, #5497, .T. ) ;
#4130 = CARTESIAN_POINT ( 'NONE',  ( -43.08671972706192577, -0.6000000000000000888, 13.30041332112531727 ) ) ;
#4131 = CARTESIAN_POINT ( 'NONE',  ( -41.21727455279182806, -0.9999999999999997780, 13.44008155705128438 ) ) ;
#4132 = VECTOR ( 'NONE', #8102, 1000.000000000000000 ) ;
#4133 = EDGE_CURVE ( 'NONE', #3138, #6784, #5783, .T. ) ;
#4134 = CARTESIAN_POINT ( 'NONE',  ( -23.97591531051655878, -0.6000000000000000888, 5.353059882638999234 ) ) ;
#4135 = ORIENTED_EDGE ( 'NONE', *, *, #2229, .T. ) ;
#4136 = CARTESIAN_POINT ( 'NONE',  ( -46.40070415550900407, 13.13647367098723073, 11.75000000000000355 ) ) ;
#4137 = CARTESIAN_POINT ( 'NONE',  ( -63.79999999999999716, 3.500000000000210054, 12.59999999999999964 ) ) ;
#4138 = ORIENTED_EDGE ( 'NONE', *, *, #1040, .F. ) ;
#4139 = CARTESIAN_POINT ( 'NONE',  ( -44.43397459621556322, 8.497649730810351798, 0.000000000000000000 ) ) ;
#4140 = ORIENTED_EDGE ( 'NONE', *, *, #5570, .T. ) ;
#4141 = CARTESIAN_POINT ( 'NONE',  ( -34.12420150553280251, 1.700000000000004396, -0.2000000000000000389 ) ) ;
#4142 = EDGE_CURVE ( 'NONE', #4222, #2864, #7835, .T. ) ;
#4143 = EDGE_CURVE ( 'NONE', #7611, #600, #1043, .T. ) ;
#4144 = LINE ( 'NONE', #660, #937 ) ;
#4145 = PLANE ( 'NONE',  #6476 ) ;
#4146 = VECTOR ( 'NONE', #861, 1000.000000000000000 ) ;
#4147 = VECTOR ( 'NONE', #6258, 1000.000000000000000 ) ;
#4148 = LINE ( 'NONE', #5579, #4625 ) ;
#4149 = CARTESIAN_POINT ( 'NONE',  ( -50.70768768190120568, -0.9999999999999997780, 11.86556699362417788 ) ) ;
#4150 = VERTEX_POINT ( 'NONE', #5994 ) ;
#4151 = CARTESIAN_POINT ( 'NONE',  ( -19.49346260204018222, -0.6000000000000000888, 13.36897872456435188 ) ) ;
#4152 = EDGE_LOOP ( 'NONE', ( #7282, #1463, #5789, #7826 ) ) ;
#4153 = DIRECTION ( 'NONE',  ( -0.5000000000000093259, -0.8660254037844333785, 0.000000000000000000 ) ) ;
#4155 = AXIS2_PLACEMENT_3D ( 'NONE', #7701, #7791, #1756 ) ;
#4154 = VECTOR ( 'NONE', #1922, 1000.000000000000227 ) ;
#4156 = CARTESIAN_POINT ( 'NONE',  ( -19.00928865389167655, -0.6000000000000000888, 12.08736108273493315 ) ) ;
#4157 = CARTESIAN_POINT ( 'NONE',  ( -26.56966531051655522, -0.6000000000000000888, 13.45832304053373818 ) ) ;
#4158 = EDGE_CURVE ( 'NONE', #6955, #1306, #8718, .T. ) ;
#4159 = DIRECTION ( 'NONE',  ( 0.000000000000000000, 0.000000000000000000, 1.000000000000000000 ) ) ;
#4160 = CARTESIAN_POINT ( 'NONE',  ( -61.89999999999999858, 3.500000000000204725, 9.599999999999999645 ) ) ;
#4161 = CARTESIAN_POINT ( 'NONE',  ( -42.63979359775149902, -0.5999999999999998668, 11.71192797724520318 ) ) ;
#4163 = CIRCLE ( 'NONE', #1449, 0.9999999999999974465 ) ;
#4162 = VECTOR ( 'NONE', #7909, 1000.000000000000000 ) ;
#4164 = CARTESIAN_POINT ( 'NONE',  ( -44.12328373156917394, -0.9999999999999995559, 9.308651987902157643 ) ) ;
#4165 = CARTESIAN_POINT ( 'NONE',  ( -28.70195831909959949, 8.691600689896679555, -0.9000000000000000222 ) ) ;
#4166 = ORIENTED_EDGE ( 'NONE', *, *, #8678, .F. ) ;
#4167 = ORIENTED_EDGE ( 'NONE', *, *, #59, .F. ) ;
#4168 = DIRECTION ( 'NONE',  ( -1.000000000000000000, 0.000000000000000000, 0.000000000000000000 ) ) ;
#4169 = LINE ( 'NONE', #186, #3480 ) ;
#4170 = VECTOR ( 'NONE', #3030, 1000.000000000000114 ) ;
#4171 = DIRECTION ( 'NONE',  ( 1.000000000000000000, 0.000000000000000000, 0.000000000000000000 ) ) ;
#4172 = LINE ( 'NONE', #6895, #7783 ) ;
#4173 = CARTESIAN_POINT ( 'NONE',  ( -20.43053571530618839, -0.9999999999999997780, 11.61724464217577157 ) ) ;
#4174 = ORIENTED_EDGE ( 'NONE', *, *, #4569, .F. ) ;
#4175 = CARTESIAN_POINT ( 'NONE',  ( 18.55066962506356276, 8.661215932167763754, -0.2000000000000000389 ) ) ;
#4176 = CARTESIAN_POINT ( 'NONE',  ( -61.89999999999999858, -1.000000000000000000, 9.599999999999999645 ) ) ;
#4177 = EDGE_CURVE ( 'NONE', #3411, #5616, #5280, .T. ) ;
#4178 = ORIENTED_EDGE ( 'NONE', *, *, #6880, .T. ) ;
#4179 = CARTESIAN_POINT ( 'NONE',  ( -44.20817929496355703, -1.000000000000000000, 12.79601454261411142 ) ) ;
#4180 = CARTESIAN_POINT ( 'NONE',  ( -11.04073061204801576, -1.000000000000000000, 11.38028172094788637 ) ) ;
#4181 = CARTESIAN_POINT ( 'NONE',  ( -35.47065215262180971, -1.000000000000000000, 11.87937567211268330 ) ) ;
#4182 = ORIENTED_EDGE ( 'NONE', *, *, #8717, .T. ) ;
#4183 = CYLINDRICAL_SURFACE ( 'NONE', #7957, 2.000000000000001776 ) ;
#4184 = CARTESIAN_POINT ( 'NONE',  ( -27.70195831909939699, 10.42365149746539998, -0.9000000000000000222 ) ) ;
#4185 = VERTEX_POINT ( 'NONE', #6041 ) ;
#4186 = EDGE_CURVE ( 'NONE', #1218, #5327, #457, .T. ) ;
#4187 = DIRECTION ( 'NONE',  ( 0.000000000000000000, 0.000000000000000000, 1.000000000000000000 ) ) ;
#4188 = ORIENTED_EDGE ( 'NONE', *, *, #2882, .T. ) ;
#4189 = CARTESIAN_POINT ( 'NONE',  ( -50.38928273665847968, -1.000000000000000222, 9.774996174458285836 ) ) ;
#4190 = VECTOR ( 'NONE', #6057, 1000.000000000000000 ) ;
#4191 = CARTESIAN_POINT ( 'NONE',  ( -11.12420150553280074, 1.699999999999999956, 18.89999999999999858 ) ) ;
#4192 = LINE ( 'NONE', #4908, #56 ) ;
#4193 = CARTESIAN_POINT ( 'NONE',  ( 7.100000000000000533, -1.000000000000000000, 9.599999999999999645 ) ) ;
#4194 = CARTESIAN_POINT ( 'NONE',  ( -37.68117846841128227, -0.6000000000000000888, 11.87937567211268330 ) ) ;
#4195 = ORIENTED_EDGE ( 'NONE', *, *, #5568, .T. ) ;
#4196 = CARTESIAN_POINT ( 'NONE',  ( -28.84536331640767415, -0.6000000000000000888, 11.31487071008127288 ) ) ;
#4197 = ORIENTED_EDGE ( 'NONE', *, *, #8028, .F. ) ;
#4198 = EDGE_CURVE ( 'NONE', #4770, #8153, #8051, .T. ) ;
#4199 = CARTESIAN_POINT ( 'NONE',  ( -40.81665005360910925, -0.9999999999999997780, 5.353414334471236380 ) ) ;
#4200 = CIRCLE ( 'NONE', #3619, 3.000000000000002665 ) ;
#4201 = CARTESIAN_POINT ( 'NONE',  ( -27.96046990000860077, -0.5999999999999998668, 11.88195087725122612 ) ) ;
#4202 = B_SPLINE_CURVE_WITH_KNOTS ( 'NONE', 3,
 ( #6502, #5836, #3104, #2467, #7844, #2423, #7124, #7213, #4536, #4759, #643, #6184, #4080, #1229, #2686, #3403, #5470, #6804, #7395 ),
 .UNSPECIFIED., .F., .F.,
 ( 4, 1, 1, 1, 1, 1, 1, 1, 1, 1, 1, 1, 1, 1, 1, 1, 4 ),
 ( 0.000000000000000000, 0.07090162114000125859, 0.1383221920989916032, 0.2029832625205131025, 0.2649186162933190869, 0.3253405412634201577, 0.3845886251577826931, 0.4435243756130386461, 0.5027407231181081348, 0.5620159137353570866, 0.6207681211783212527, 0.6797595184390936573, 0.7396325189045436233, 0.8009907167423827579, 0.8645745558296419331, 0.9306659977574629483, 1.000000000000000000 ),
 .UNSPECIFIED. ) ;
#4203 = CARTESIAN_POINT ( 'NONE',  ( -27.20707892690716534, -1.000000000000000000, 13.42068050419670477 ) ) ;
#4204 = CARTESIAN_POINT ( 'NONE',  ( -39.88273979380020506, -1.000000000000000000, 5.644303833805745185 ) ) ;
#4205 = DIRECTION ( 'NONE',  ( 0.000000000000000000, 0.000000000000000000, -1.000000000000000000 ) ) ;
#4206 = CARTESIAN_POINT ( 'NONE',  ( -43.59996540263728093, -0.6000000000000000888, 11.00752633366102806 ) ) ;
#4207 = B_SPLINE_SURFACE_WITH_KNOTS ( 'NONE', 3, 1, ( 
 ( #634, #1889 ),
 ( #5239, #7920 ),
 ( #5329, #4524 ),
 ( #7963, #7250 ),
 ( #4619, #6042 ),
 ( #1222, #1843 ),
 ( #6667, #3255 ),
 ( #8719, #4668 ),
 ( #1268, #1132 ),
 ( #8100, #4572 ),
 ( #3986, #590 ) ),
 .UNSPECIFIED., .F., .F., .F.,
 ( 4, 1, 1, 1, 1, 1, 1, 1, 4 ),
 ( 2, 2 ),
 ( 0.000000000000000000, 0.1290135847555134718, 0.2552928794162042103, 0.3802065797206067854, 0.5035318291440405991, 0.6266597861494624944, 0.7501793166744054053, 0.8746737302826989024, 1.000000000000000000 ),
 ( 0.000000000000000000, 1.000000000000000000 ),
 .UNSPECIFIED. ) ;
#4208 = LINE ( 'NONE', #4966, #7873 ) ;
#4209 = CARTESIAN_POINT ( 'NONE',  ( -24.50259725330308669, -0.6000000000000000888, 12.69506190363836140 ) ) ;
#4210 = EDGE_LOOP ( 'NONE', ( #2481, #2171, #7661, #3942 ) ) ;
#4211 = EDGE_CURVE ( 'NONE', #1939, #5461, #2588, .T. ) ;
#4212 = EDGE_CURVE ( 'NONE', #4222, #2602, #7575, .T. ) ;
#4213 = EDGE_CURVE ( 'NONE', #6414, #2813, #5238, .T. ) ;
#4214 = ORIENTED_EDGE ( 'NONE', *, *, #2068, .T. ) ;
#4215 = CARTESIAN_POINT ( 'NONE',  ( -27.44959952104287026, -1.000000000000000000, 6.826744093165315164 ) ) ;
#4216 = CARTESIAN_POINT ( 'NONE',  ( -24.06963778972758661, -0.6000000000000003109, 11.91652698281619571 ) ) ;
#4217 = CARTESIAN_POINT ( 'NONE',  ( -22.30000000000000071, 7.997649730810350910, 20.10000000000000142 ) ) ;
#4218 = CARTESIAN_POINT ( 'NONE',  ( -50.66894561720710044, 9.480831174438426601, 19.40000000000000213 ) ) ;
#4219 = ADVANCED_FACE ( 'NONE', ( #1799 ), #8491, .T. ) ;
#4220 = CARTESIAN_POINT ( 'NONE',  ( -19.43672119922842256, -0.9999999999999997780, 12.04114164335061332 ) ) ;
#4221 = VECTOR ( 'NONE', #4384, 1000.000000000000114 ) ;
#4222 = VERTEX_POINT ( 'NONE', #3847 ) ;
#4223 = CARTESIAN_POINT ( 'NONE',  ( -49.96990751153074228, 7.691600689896699095, -0.9000000000000000222 ) ) ;
#4224 = LINE ( 'NONE', #5648, #2715 ) ;
#4225 = ORIENTED_EDGE ( 'NONE', *, *, #3260, .T. ) ;
#4226 = CARTESIAN_POINT ( 'NONE',  ( -41.77459952104285890, -0.6000000000000000888, 13.45832304053373640 ) ) ;
#4227 = DIRECTION ( 'NONE',  ( -0.000000000000000000, -1.000000000000000000, -0.000000000000000000 ) ) ;
#4228 = AXIS2_PLACEMENT_3D ( 'NONE', #1000, #1758, #1088 ) ;
#4229 = AXIS2_PLACEMENT_3D ( 'NONE', #4869, #5448, #1964 ) ;
#4230 = CIRCLE ( 'NONE', #5368, 2.000000000000000000 ) ;
#4231 = EDGE_LOOP ( 'NONE', ( #574, #7355, #1350, #2305 ) ) ;
#4232 = CYLINDRICAL_SURFACE ( 'NONE', #4097, 0.9999999999999996669 ) ;
#4233 = DIRECTION ( 'NONE',  ( -0.4999999999999993894, -0.8660254037844389297, 0.000000000000000000 ) ) ;
#4234 = EDGE_LOOP ( 'NONE', ( #917, #6028, #8507, #4397 ) ) ;
#4235 = CARTESIAN_POINT ( 'NONE',  ( -12.49554056684074865, -0.5999999999999998668, 10.83758725961048519 ) ) ;
#4236 = ORIENTED_EDGE ( 'NONE', *, *, #2177, .T. ) ;
#4237 = DIRECTION ( 'NONE',  ( 0.000000000000000000, 0.000000000000000000, -1.000000000000000000 ) ) ;
#4238 = FACE_OUTER_BOUND ( 'NONE', #4463, .T. ) ;
#4239 = CARTESIAN_POINT ( 'NONE',  ( -16.34269936008279700, -0.5999999999999998668, 12.52353250357850634 ) ) ;
#4240 = CARTESIAN_POINT ( 'NONE',  ( -25.28371685740840391, 10.87500000000000000, -0.9000000000000000222 ) ) ;
#4241 = CARTESIAN_POINT ( 'NONE',  ( -18.29687092441495722, -0.6000000000000000888, 11.98748544938994876 ) ) ;
#4242 = VERTEX_POINT ( 'NONE', #4523 ) ;
#4243 = CARTESIAN_POINT ( 'NONE',  ( -27.56330191276554231, -1.000000000000000000, 8.888138994193104381 ) ) ;
#4244 = ORIENTED_EDGE ( 'NONE', *, *, #298, .F. ) ;
#4245 = DIRECTION ( 'NONE',  ( 0.5000000000000003331, 0.8660254037844384856, 0.000000000000000000 ) ) ;
#4246 = CARTESIAN_POINT ( 'NONE',  ( -27.44959952104287026, -0.6000000000000000888, 6.826744093165315164 ) ) ;
#4247 = AXIS2_PLACEMENT_3D ( 'NONE', #625, #1213, #6744 ) ;
#4248 = VECTOR ( 'NONE', #4613, 1000.000000000000000 ) ;
#4249 = PLANE ( 'NONE',  #6166 ) ;
#4250 = B_SPLINE_CURVE_WITH_KNOTS ( 'NONE', 3,
 ( #5954, #7341, #5868, #8008, #5995, #4028, #5200, #4711, #3938, #2503, #8675 ),
 .UNSPECIFIED., .F., .F.,
 ( 4, 1, 1, 1, 1, 1, 1, 1, 4 ),
 ( 0.000000000000000000, 0.1240619065503237028, 0.2461978098196474229, 0.3686184090576940520, 0.4912543376052815880, 0.6156259974629464393, 0.7407467228505933976, 0.8689485965214808205, 1.000000000000000000 ),
 .UNSPECIFIED. ) ;
#4251 = DIRECTION ( 'NONE',  ( 1.000000000000000000, 0.000000000000000000, 0.000000000000000000 ) ) ;
#4252 = CARTESIAN_POINT ( 'NONE',  ( 1.699999999999999956, 1.699999999999999956, -0.9000000000000000222 ) ) ;
#4253 = EDGE_CURVE ( 'NONE', #4353, #3203, #6576, .T. ) ;
#4254 = CARTESIAN_POINT ( 'NONE',  ( -43.43886991376404438, -1.000000000000000222, 11.18832221864732546 ) ) ;
#4255 = DIRECTION ( 'NONE',  ( -0.4999999999999982236, -0.8660254037844395958, 0.000000000000000000 ) ) ;
#4256 = CARTESIAN_POINT ( 'NONE',  ( -33.68117846841128937, -0.6000000000000000888, 11.87937567211268330 ) ) ;
#4257 = VECTOR ( 'NONE', #7039, 1000.000000000000000 ) ;
#4258 = ORIENTED_EDGE ( 'NONE', *, *, #2912, .T. ) ;
#4259 = DIRECTION ( 'NONE',  ( 1.000000000000000000, 0.000000000000000000, 0.000000000000000000 ) ) ;
#4260 = DIRECTION ( 'NONE',  ( 0.000000000000000000, 0.000000000000000000, -1.000000000000000000 ) ) ;
#4261 = DIRECTION ( 'NONE',  ( 1.000000000000000000, 0.000000000000000000, 0.000000000000000000 ) ) ;
#4262 = ADVANCED_FACE ( 'NONE', ( #7294 ), #3302, .T. ) ;
#4263 = ADVANCED_FACE ( 'NONE', ( #4618 ), #6666, .F. ) ;
#4264 = DIRECTION ( 'NONE',  ( 0.000000000000000000, 0.000000000000000000, -1.000000000000000000 ) ) ;
#4265 = DIRECTION ( 'NONE',  ( 0.5000000000000003331, 0.8660254037844384856, 0.000000000000000000 ) ) ;
#4266 = AXIS2_PLACEMENT_3D ( 'NONE', #1775, #4459, #5846 ) ;
#4267 = ORIENTED_EDGE ( 'NONE', *, *, #1945, .F. ) ;
#4268 = CARTESIAN_POINT ( 'NONE',  ( -15.95486267893760690, -1.000000000000000000, 6.826744093165315164 ) ) ;
#4269 = CARTESIAN_POINT ( 'NONE',  ( -70.88371685740838757, 11.56782032302750096, 0.000000000000000000 ) ) ;
#4270 = VERTEX_POINT ( 'NONE', #545 ) ;
#4271 = CARTESIAN_POINT ( 'NONE',  ( -20.67187522300740454, -0.6000000000000000888, 11.44608733552980340 ) ) ;
#4272 = CYLINDRICAL_SURFACE ( 'NONE', #2691, 1.899999999999999023 ) ;
#4273 = EDGE_CURVE ( 'NONE', #3632, #2763, #8713, .T. ) ;
#4274 = ORIENTED_EDGE ( 'NONE', *, *, #1599, .T. ) ;
#4275 = ORIENTED_EDGE ( 'NONE', *, *, #1538, .T. ) ;
#4276 = CARTESIAN_POINT ( 'NONE',  ( -42.08545478420074915, -0.6000000000000000888, 5.247796724744262065 ) ) ;
#4277 = ORIENTED_EDGE ( 'NONE', *, *, #5407, .F. ) ;
#4278 = CARTESIAN_POINT ( 'NONE',  ( -8.410655240341700534, 0.000000000000000000, 0.000000000000000000 ) ) ;
#4279 = ORIENTED_EDGE ( 'NONE', *, *, #8769, .T. ) ;
#4280 = VECTOR ( 'NONE', #6940, 1000.000000000000000 ) ;
#4281 = CARTESIAN_POINT ( 'NONE',  ( 1.699999999999999956, 1.699999999999999956, 12.88481354113140043 ) ) ;
#4282 = B_SPLINE_SURFACE_WITH_KNOTS ( 'NONE', 3, 1, ( 
 ( #7560, #2767 ),
 ( #4074, #681 ),
 ( #6979, #3488 ),
 ( #7693, #6224 ),
 ( #8316, #1534 ),
 ( #6178, #8358 ),
 ( #2232, #55 ),
 ( #1442, #6797 ),
 ( #4888, #3397 ),
 ( #5509, #11 ),
 ( #7607, #2722 ),
 ( #5597, #5464 ),
 ( #8183, #1396 ),
 ( #8228, #2101 ),
 ( #4216, #6442 ),
 ( #6486, #7871 ),
 ( #4432, #1709 ),
 ( #320, #904 ),
 ( #6399, #1576 ) ),
 .UNSPECIFIED., .F., .F., .F.,
 ( 4, 1, 1, 1, 1, 1, 1, 1, 1, 1, 1, 1, 1, 1, 1, 1, 4 ),
 ( 2, 2 ),
 ( 0.000000000000000000, 0.07613619422941891868, 0.1488248202887804961, 0.2181368005180020775, 0.2843944313180614691, 0.3480732160077175119, 0.4093288163255653922, 0.4682102510086970648, 0.5257174298963283032, 0.5825163633480937575, 0.6390314107546767319, 0.6954483444328789510, 0.7533025338527684633, 0.8121384240391916753, 0.8725331507925628838, 0.9348301940760049833, 1.000000000000000000 ),
 ( 0.000000000000000000, 1.000000000000000000 ),
 .UNSPECIFIED. ) ;
#4283 = PLANE ( 'NONE',  #3004 ) ;
#4284 = LINE ( 'NONE', #2081, #5055 ) ;
#4285 = ORIENTED_EDGE ( 'NONE', *, *, #8823, .F. ) ;
#4286 = DIRECTION ( 'NONE',  ( 0.000000000000000000, 0.000000000000000000, 1.000000000000000000 ) ) ;
#4287 = CARTESIAN_POINT ( 'NONE',  ( -18.92361267893760868, -0.6000000000000000888, 12.08990198790215764 ) ) ;
#4288 = ORIENTED_EDGE ( 'NONE', *, *, #7021, .F. ) ;
#4289 = PLANE ( 'NONE',  #5507 ) ;
#4290 = ORIENTED_EDGE ( 'NONE', *, *, #419, .T. ) ;
#4291 = FACE_OUTER_BOUND ( 'NONE', #5173, .T. ) ;
#4292 = DIRECTION ( 'NONE',  ( 1.000000000000000000, 0.000000000000000000, 0.000000000000000000 ) ) ;
#4293 = EDGE_CURVE ( 'NONE', #4242, #513, #673, .T. ) ;
#4294 = DIRECTION ( 'NONE',  ( -0.8660254037844390407, 0.4999999999999994449, 0.000000000000000000 ) ) ;
#4295 = CARTESIAN_POINT ( 'NONE',  ( -4.668945617207101328, 9.480831174438426601, 19.40000000000000213 ) ) ;
#4296 = CARTESIAN_POINT ( 'NONE',  ( -70.45070415551620613, 11.31782032302749919, 20.10000000000000142 ) ) ;
#4297 = CARTESIAN_POINT ( 'NONE',  ( -41.71765922671350779, -1.000000000000000000, 11.87694484584753241 ) ) ;
#4298 = PLANE ( 'NONE',  #7156 ) ;
#4299 = CARTESIAN_POINT ( 'NONE',  ( -42.15721045327303784, -1.000000000000000222, 11.84136296305716662 ) ) ;
#4300 = ORIENTED_EDGE ( 'NONE', *, *, #4430, .T. ) ;
#4301 = EDGE_CURVE ( 'NONE', #8798, #8279, #6005, .T. ) ;
#4302 = CARTESIAN_POINT ( 'NONE',  ( -37.68117846841128227, -0.6000000000000000888, 13.35305988263899835 ) ) ;
#4303 = CARTESIAN_POINT ( 'NONE',  ( -23.20788383248145692, 11.87044826720278934, 11.75000000000000355 ) ) ;
#4304 = DIRECTION ( 'NONE',  ( -0.000000000000000000, -1.000000000000000000, -0.000000000000000000 ) ) ;
#4306 = AXIS2_PLACEMENT_3D ( 'NONE', #502, #5953, #7339 ) ;
#4305 = AXIS2_PLACEMENT_3D ( 'NONE', #2435, #3908, #1107 ) ;
#4307 = CARTESIAN_POINT ( 'NONE',  ( -51.13775741577971701, -1.000000000000000000, 13.35305988263900012 ) ) ;
#4308 = ORIENTED_EDGE ( 'NONE', *, *, #4448, .F. ) ;
#4309 = ADVANCED_FACE ( 'NONE', ( #8094 ), #6703, .T. ) ;
#4310 = LINE ( 'NONE', #7028, #103 ) ;
#4311 = CARTESIAN_POINT ( 'NONE',  ( -10.88117846841128689, -0.6000000000000000888, 11.51095461948110632 ) ) ;
#4312 = EDGE_CURVE ( 'NONE', #338, #233, #1347, .T. ) ;
#4313 = VECTOR ( 'NONE', #7506, 1000.000000000000000 ) ;
#4314 = ORIENTED_EDGE ( 'NONE', *, *, #4594, .F. ) ;
#4315 = CARTESIAN_POINT ( 'NONE',  ( -19.00928865389167655, -0.6000000000000000888, 12.08736108273493315 ) ) ;
#4316 = LINE ( 'NONE', #417, #1135 ) ;
#4317 = ORIENTED_EDGE ( 'NONE', *, *, #3135, .T. ) ;
#4318 = ORIENTED_EDGE ( 'NONE', *, *, #650, .F. ) ;
#4319 = CARTESIAN_POINT ( 'NONE',  ( -46.00866321883493981, -0.9999999999999997780, 9.643026295202805187 ) ) ;
#4320 = ORIENTED_EDGE ( 'NONE', *, *, #381, .T. ) ;
#4321 = EDGE_CURVE ( 'NONE', #3243, #1160, #6013, .T. ) ;
#4322 = PLANE ( 'NONE',  #4395 ) ;
#4323 = EDGE_CURVE ( 'NONE', #7611, #242, #4016, .T. ) ;
#4324 = VERTEX_POINT ( 'NONE', #6836 ) ;
#4325 = CARTESIAN_POINT ( 'NONE',  ( -50.03983255688788034, -1.000000000000000000, 10.68470022970909916 ) ) ;
#4326 = CARTESIAN_POINT ( 'NONE',  ( -18.52011514373397461, -1.000000000000000222, 12.05442515963128969 ) ) ;
#4327 = CARTESIAN_POINT ( 'NONE',  ( -49.22454289166093133, -1.000000000000000444, 8.658752940516352581 ) ) ;
#4328 = ORIENTED_EDGE ( 'NONE', *, *, #694, .T. ) ;
#4329 = CARTESIAN_POINT ( 'NONE',  ( -17.74740613163083935, -0.6000000000000000888, 11.10720526602429281 ) ) ;
#4330 = ORIENTED_EDGE ( 'NONE', *, *, #7534, .T. ) ;
#4331 = CARTESIAN_POINT ( 'NONE',  ( -24.05070415551049834, 12.01064064606490156, -0.9000000000000000222 ) ) ;
#4332 = CARTESIAN_POINT ( 'NONE',  ( -28.90396254172198809, -0.5999999999999998668, 7.523244421182097241 ) ) ;
#4333 = VERTEX_POINT ( 'NONE', #721 ) ;
#4334 = LINE ( 'NONE', #7722, #7155 ) ;
#4335 = LINE ( 'NONE', #5719, #6801 ) ;
#4336 = FACE_OUTER_BOUND ( 'NONE', #1798, .T. ) ;
#4337 = DIRECTION ( 'NONE',  ( -1.000000000000000000, 2.602085213965210642E-15, 0.000000000000000000 ) ) ;
#4338 = FACE_BOUND ( 'NONE', #7632, .T. ) ;
#4339 = LINE ( 'NONE', #1481, #5198 ) ;
#4340 = DIRECTION ( 'NONE',  ( -0.4999999999999982236, -0.8660254037844395958, 0.000000000000000000 ) ) ;
#4341 = VECTOR ( 'NONE', #4205, 1000.000000000000000 ) ;
#4342 = CARTESIAN_POINT ( 'NONE',  ( -23.98328328611025739, -0.5999999999999998668, 10.93234529440608505 ) ) ;
#4343 = PRODUCT_DEFINITION ( 'ๆ', '', #1065, #1969 ) ;
#4344 = ORIENTED_EDGE ( 'NONE', *, *, #6542, .F. ) ;
#4345 = CARTESIAN_POINT ( 'NONE',  ( -10.43438111984557359, -0.6000000000000000888, 13.27876496025743336 ) ) ;
#4346 = DIRECTION ( 'NONE',  ( 2.184781794410764041E-16, -1.000000000000000000, 0.000000000000000000 ) ) ;
#4347 = CIRCLE ( 'NONE', #487, 1.000000000000000888 ) ;
#4348 = AXIS2_PLACEMENT_3D ( 'NONE', #4839, #4260, #2816 ) ;
#4349 = CARTESIAN_POINT ( 'NONE',  ( -69.50000000000000000, 7.882179676972465465, -0.9000000000000000222 ) ) ;
#4350 = CYLINDRICAL_SURFACE ( 'NONE', #199, 1.000000000000003775 ) ;
#4351 = EDGE_CURVE ( 'NONE', #6294, #6362, #6791, .T. ) ;
#4352 = CARTESIAN_POINT ( 'NONE',  ( -48.56130874636985340, -1.000000000000000000, 12.35521939459442109 ) ) ;
#4353 = VERTEX_POINT ( 'NONE', #3436 ) ;
#4354 = FACE_OUTER_BOUND ( 'NONE', #4798, .T. ) ;
#4355 = ORIENTED_EDGE ( 'NONE', *, *, #650, .T. ) ;
#4356 = CLOSED_SHELL ( 'NONE', ( #2401, #7471, #822, #4106, #7473, #29, #5986, #860, #4458, #8217, #4263, #8515, #3418, #2554, #3941, #4698, #1624, #7239, #5521, #968, #7726, #3429, #5418, #928, #3547, #2377, #6680, #3269, #6812, #3654, #5620, #1233, #469, #3706, #2270, #3377, #6691, #6496, #4262, #3535, #7432, #800, #6334, #8408, #1421, #6505, #461, #5333, #5524, #7696, #5808, #5458, #100, #2860, #5618, #7572, #6629, #1256, #6612, #851, #8553, #6266, #2784, #8845, #704, #1577, #2338, #3062, #7503, #6450, #3362, #6165, #7915, #8166, #7483, #3142, #7101, #900, #1804, #3657, #2228, #7905, #5386, #4815, #5997, #2687, #279, #5026, #7893, #652, #2217, #8655, #6278, #3845, #6257, #7019, #2104, #7847, #6890, #3581, #3204, #3312, #2115, #5998, #427, #3827, #429, #3398, #198, #4539, #8187, #1291, #7943, #739, #6711, #2230, #5141, #2324, #8063, #322, #3714, #1148, #2945, #5949, #1179, #3925, #1686, #6971, #4917, #7881, #2279, #7273, #1956, #4309, #359, #3655, #4745, #4623, #6553, #4092, #7647, #6524, #112, #7975, #3757, #2288, #2336, #705, #2742, #639, #6600, #7292, #1587, #222, #1886, #5244, #3490, #7257, #1677, #370, #7198, #2506, #1362, #6100, #579, #6601, #383, #2098, #4754, #4219, #4708, #5510, #8142, #6039, #7069, #5950, #1977, #4473, #5270, #5724, #5576, #8462, #4793, #5600, #6313, #2166, #1892, #2734, #7914, #3323, #7309, #272, #4488, #5078, #5745, #8400, #5940, #4088, #2936, #6411, #7753, #1517, #5711, #2426, #1099, #8505, #4372, #161, #5459, #4817, #3166, #3557, #4632, #7270, #1699, #8026, #3112, #8585, #4645, #1504, #594, #5279, #541, #39, #4976 ) ) ;
#4357 = PLANE ( 'NONE',  #7649 ) ;
#4358 = CARTESIAN_POINT ( 'NONE',  ( -24.34826031543514091, -0.6000000000000003109, 9.806611711463459002 ) ) ;
#4359 = EDGE_CURVE ( 'NONE', #4946, #2961, #5548, .T. ) ;
#4360 = AXIS2_PLACEMENT_3D ( 'NONE', #5235, #1797, #3212 ) ;
#4361 = AXIS2_PLACEMENT_3D ( 'NONE', #6431, #940, #3610 ) ;
#4362 = ORIENTED_EDGE ( 'NONE', *, *, #5292, .T. ) ;
#4363 = EDGE_LOOP ( 'NONE', ( #2248, #2073, #1617, #5394, #7658, #3583, #723, #8762, #7983, #6771, #4285, #472 ) ) ;
#4364 = CARTESIAN_POINT ( 'NONE',  ( -50.03907320525339486, -1.000000000000000000, 10.73628356684952578 ) ) ;
#4365 = EDGE_LOOP ( 'NONE', ( #297, #7699, #7504, #782 ) ) ;
#4366 = LINE ( 'NONE', #7624, #963 ) ;
#4367 = ORIENTED_EDGE ( 'NONE', *, *, #4359, .F. ) ;
#4368 = CARTESIAN_POINT ( 'NONE',  ( -19.42854688946392017, -0.6000000000000000888, 6.826744093165315164 ) ) ;
#4369 = AXIS2_PLACEMENT_3D ( 'NONE', #7499, #6693, #6027 ) ;
#4370 = CARTESIAN_POINT ( 'NONE',  ( -9.091704784200763001, -1.000000000000000000, 13.45832304053373818 ) ) ;
#4371 = CARTESIAN_POINT ( 'NONE',  ( -49.72671330931588329, -0.6000000000000000888, 8.375417232841403603 ) ) ;
#4372 = ADVANCED_FACE ( 'NONE', ( #6127 ), #8072, .T. ) ;
#4373 = ORIENTED_EDGE ( 'NONE', *, *, #1030, .T. ) ;
#4374 = EDGE_CURVE ( 'NONE', #7314, #2129, #5682, .T. ) ;
#4375 = CARTESIAN_POINT ( 'NONE',  ( -26.13395978535061204, -0.6000000000000000888, 11.88482645585770037 ) ) ;
#4376 = VERTEX_POINT ( 'NONE', #1482 ) ;
#4377 = CARTESIAN_POINT ( 'NONE',  ( -44.29999999999999716, 1.699999999999999956, 20.10000000000000142 ) ) ;
#4378 = CARTESIAN_POINT ( 'NONE',  ( -27.03034128547062664, -1.000000000000000000, 12.08736108273493315 ) ) ;
#4379 = EDGE_LOOP ( 'NONE', ( #5967, #8581 ) ) ;
#4380 = CARTESIAN_POINT ( 'NONE',  ( -6.141188803640575067, 10.33083117443845822, 20.10000000000000142 ) ) ;
#4381 = ORIENTED_EDGE ( 'NONE', *, *, #7034, .F. ) ;
#4382 = LINE ( 'NONE', #5003, #6382 ) ;
#4383 = DIRECTION ( 'NONE',  ( 0.000000000000000000, 0.000000000000000000, -1.000000000000000000 ) ) ;
#4384 = DIRECTION ( 'NONE',  ( -0.6123724356984061590, 0.3535533905887451311, -0.7071067811865501263 ) ) ;
#4385 = DIRECTION ( 'NONE',  ( 0.000000000000000000, -0.000000000000000000, -1.000000000000000000 ) ) ;
#4386 = EDGE_CURVE ( 'NONE', #4629, #6535, #3613, .T. ) ;
#4387 = CARTESIAN_POINT ( 'NONE',  ( -46.20788383248146403, 11.87044826720278934, 11.75000000000000355 ) ) ;
#4388 = CARTESIAN_POINT ( 'NONE',  ( -72.13371685740840178, 9.402756813566508498, 0.000000000000000000 ) ) ;
#4389 = FACE_OUTER_BOUND ( 'NONE', #4590, .T. ) ;
#4390 = EDGE_LOOP ( 'NONE', ( #5479, #420, #3227, #6964 ) ) ;
#4391 = CARTESIAN_POINT ( 'NONE',  ( -12.57361267893760370, -0.6000000000000000888, 12.30042830369163198 ) ) ;
#4392 = PLANE ( 'NONE',  #6199 ) ;
#4393 = DIRECTION ( 'NONE',  ( 1.090037151450160023E-15, 1.000000000000000000, 0.000000000000000000 ) ) ;
#4394 = DIRECTION ( 'NONE',  ( -0.000000000000000000, -1.000000000000000000, -0.000000000000000000 ) ) ;
#4395 = AXIS2_PLACEMENT_3D ( 'NONE', #2337, #7754, #164 ) ;
#4396 = CARTESIAN_POINT ( 'NONE',  ( -48.14433636314813469, -1.000000000000000000, 10.79384935632321074 ) ) ;
#4397 = ORIENTED_EDGE ( 'NONE', *, *, #1212, .T. ) ;
#4398 = CARTESIAN_POINT ( 'NONE',  ( -18.54861267893760512, -0.6000000000000000888, 13.45832304053373818 ) ) ;
#4399 = DIRECTION ( 'NONE',  ( 3.304235192336776005E-16, 0.000000000000000000, -1.000000000000000000 ) ) ;
#4400 = FACE_OUTER_BOUND ( 'NONE', #5350, .T. ) ;
#4401 = EDGE_CURVE ( 'NONE', #4082, #1060, #8399, .T. ) ;
#4402 = CARTESIAN_POINT ( 'NONE',  ( -25.33680051060991190, -0.6000000000000007550, 8.745503142338012736 ) ) ;
#4403 = ORIENTED_EDGE ( 'NONE', *, *, #159, .F. ) ;
#4404 = ORIENTED_EDGE ( 'NONE', *, *, #7188, .F. ) ;
#4405 = CARTESIAN_POINT ( 'NONE',  ( -27.44959952104287382, -0.6000000000000003109, 6.826744093165316052 ) ) ;
#4406 = ORIENTED_EDGE ( 'NONE', *, *, #6387, .T. ) ;
#4407 = LINE ( 'NONE', #1183, #1816 ) ;
#4408 = AXIS2_PLACEMENT_3D ( 'NONE', #8032, #1374, #8205 ) ;
#4409 = ORIENTED_EDGE ( 'NONE', *, *, #1281, .T. ) ;
#4410 = DIRECTION ( 'NONE',  ( -1.000000000000000000, 0.000000000000000000, -0.000000000000000000 ) ) ;
#4411 = EDGE_CURVE ( 'NONE', #4737, #6558, #4208, .T. ) ;
#4412 = CARTESIAN_POINT ( 'NONE',  ( -28.92328373156918886, -0.6000000000000000888, 12.78727040895478950 ) ) ;
#4413 = VERTEX_POINT ( 'NONE', #7643 ) ;
#4414 = CYLINDRICAL_SURFACE ( 'NONE', #7641, 1.000000000000000222 ) ;
#4415 = ORIENTED_EDGE ( 'NONE', *, *, #5119, .F. ) ;
#4416 = DIRECTION ( 'NONE',  ( -1.000000000000000000, 2.665330340693532391E-15, 0.000000000000000000 ) ) ;
#4417 = CARTESIAN_POINT ( 'NONE',  ( -41.49206640066801555, -0.6000000000000000888, 13.45575012086127131 ) ) ;
#4418 = ORIENTED_EDGE ( 'NONE', *, *, #8299, .T. ) ;
#4419 = CARTESIAN_POINT ( 'NONE',  ( -25.96725584724683245, -1.000000000000000222, 10.29171977115982983 ) ) ;
#4420 = ORIENTED_EDGE ( 'NONE', *, *, #6761, .F. ) ;
#4421 = DIRECTION ( 'NONE',  ( 1.000000000000000000, 0.000000000000000000, 0.000000000000000000 ) ) ;
#4422 = EDGE_CURVE ( 'NONE', #2205, #6671, #5593, .T. ) ;
#4423 = CARTESIAN_POINT ( 'NONE',  ( -15.95486267893760690, -0.6000000000000000888, 11.19516514579689570 ) ) ;
#4424 = CARTESIAN_POINT ( 'NONE',  ( 0.000000000000000000, -1.000000000000000000, 0.000000000000000000 ) ) ;
#4425 = CARTESIAN_POINT ( 'NONE',  ( -63.79999999999999716, 3.500000000000210054, 9.599999999999999645 ) ) ;
#4426 = PLANE ( 'NONE',  #7584 ) ;
#4427 = DIRECTION ( 'NONE',  ( 0.000000000000000000, 0.000000000000000000, -1.000000000000000000 ) ) ;
#4428 = ORIENTED_EDGE ( 'NONE', *, *, #6487, .F. ) ;
#4429 = LINE ( 'NONE', #8232, #7574 ) ;
#4430 = EDGE_CURVE ( 'NONE', #997, #3307, #7061, .T. ) ;
#4431 = CARTESIAN_POINT ( 'NONE',  ( -21.31641288252173538, -0.6000000000000003109, 6.264985160292822819 ) ) ;
#4432 = CARTESIAN_POINT ( 'NONE',  ( -23.98242562951247336, -0.6000000000000003109, 11.44508034414950792 ) ) ;
#4433 = DIRECTION ( 'NONE',  ( 1.187404304411920111E-15, 1.000000000000000000, 0.000000000000000000 ) ) ;
#4434 = DIRECTION ( 'NONE',  ( -1.000000000000000000, 0.000000000000000000, 0.000000000000000000 ) ) ;
#4435 = CIRCLE ( 'NONE', #6854, 1.999999999999974021 ) ;
#4436 = DIRECTION ( 'NONE',  ( -1.000000000000000000, 0.000000000000000000, 0.000000000000000000 ) ) ;
#4437 = ORIENTED_EDGE ( 'NONE', *, *, #3238, .T. ) ;
#4438 = LINE ( 'NONE', #4311, #2011 ) ;
#4439 = ORIENTED_EDGE ( 'NONE', *, *, #5151, .T. ) ;
#4440 = VECTOR ( 'NONE', #6018, 1000.000000000000000 ) ;
#4441 = CARTESIAN_POINT ( 'NONE',  ( -50.78249905516356222, -1.000000000000000222, 13.34761494748980404 ) ) ;
#4442 = CARTESIAN_POINT ( 'NONE',  ( -23.97591531051655878, -0.6000000000000000888, 11.19516514579689570 ) ) ;
#4444 = VECTOR ( 'NONE', #899, 1000.000000000000000 ) ;
#4443 = VECTOR ( 'NONE', #2621, 1000.000000000000114 ) ;
#4445 = VERTEX_POINT ( 'NONE', #8352 ) ;
#4446 = EDGE_LOOP ( 'NONE', ( #5833, #553, #8202, #4236 ) ) ;
#4447 = CARTESIAN_POINT ( 'NONE',  ( -16.73870718050138251, -0.5999999999999998668, 9.266060483287299476 ) ) ;
#4448 = EDGE_CURVE ( 'NONE', #5302, #7716, #7105, .T. ) ;
#4449 = ORIENTED_EDGE ( 'NONE', *, *, #261, .F. ) ;
#4450 = CARTESIAN_POINT ( 'NONE',  ( -18.30043912704096698, -0.5999999999999998668, 8.049714793748339758 ) ) ;
#4451 = ORIENTED_EDGE ( 'NONE', *, *, #870, .T. ) ;
#4452 = DIRECTION ( 'NONE',  ( 0.8660254037844351549, -0.5000000000000059952, 0.000000000000000000 ) ) ;
#4453 = CONICAL_SURFACE ( 'NONE', #1745, 3.000000000000000000, 0.7853981633973442511 ) ;
#4454 = CARTESIAN_POINT ( 'NONE',  ( -27.31645119882815109, -1.000000000000000222, 7.186074070534640867 ) ) ;
#4455 = ORIENTED_EDGE ( 'NONE', *, *, #7956, .T. ) ;
#4456 = CARTESIAN_POINT ( 'NONE',  ( -46.40070415551731742, 13.13647367099202867, -0.9000000000000000222 ) ) ;
#4457 = VERTEX_POINT ( 'NONE', #6262 ) ;
#4458 = ADVANCED_FACE ( 'NONE', ( #2225 ), #6434, .T. ) ;
#4459 = DIRECTION ( 'NONE',  ( 0.000000000000000000, -1.000000000000000000, 0.000000000000000000 ) ) ;
#4460 = PLANE ( 'NONE',  #1585 ) ;
#4461 = EDGE_LOOP ( 'NONE', ( #5874, #7020, #4267, #7890 ) ) ;
#4462 = CARTESIAN_POINT ( 'NONE',  ( -47.45070415551619902, 11.31782032302749919, 20.10000000000000142 ) ) ;
#4463 = EDGE_LOOP ( 'NONE', ( #1976, #7991, #1052, #5295 ) ) ;
#4464 = CARTESIAN_POINT ( 'NONE',  ( -29.34433636314813398, -0.6000000000000000888, 5.973125672112684192 ) ) ;
#4465 = DIRECTION ( 'NONE',  ( -1.000000000000000000, 0.000000000000000000, 0.000000000000000000 ) ) ;
#4466 = CARTESIAN_POINT ( 'NONE',  ( -45.76129807924282744, -0.9999999999999997780, 7.576105151623785616 ) ) ;
#4467 = DIRECTION ( 'NONE',  ( 0.000000000000000000, 0.000000000000000000, -1.000000000000000000 ) ) ;
#4468 = FACE_OUTER_BOUND ( 'NONE', #4390, .T. ) ;
#4469 = EDGE_CURVE ( 'NONE', #2864, #8424, #4163, .T. ) ;
#4470 = DIRECTION ( 'NONE',  ( -0.000000000000000000, -1.000000000000000000, -0.000000000000000000 ) ) ;
#4471 = ORIENTED_EDGE ( 'NONE', *, *, #2127, .T. ) ;
#4472 = CARTESIAN_POINT ( 'NONE',  ( -70.69974226119960292, 13.88647367098246121, 20.10000000000000142 ) ) ;
#4473 = ADVANCED_FACE ( 'NONE', ( #314 ), #2136, .T. ) ;
#4474 = CARTESIAN_POINT ( 'NONE',  ( -55.19933037493642303, 0.4339745962156045800, 19.40000000000000213 ) ) ;
#4475 = DIRECTION ( 'NONE',  ( 0.000000000000000000, 0.000000000000000000, -1.000000000000000000 ) ) ;
#4476 = CARTESIAN_POINT ( 'NONE',  ( -43.47845153221862091, -1.000000000000000444, 7.496610094251752621 ) ) ;
#4477 = AXIS2_PLACEMENT_3D ( 'NONE', #4733, #6648, #6068 ) ;
#4478 = CARTESIAN_POINT ( 'NONE',  ( -24.88371685740840178, 11.56782032302750096, -0.9000000000000000222 ) ) ;
#4479 = EDGE_CURVE ( 'NONE', #5572, #5490, #1572, .T. ) ;
#4480 = EDGE_CURVE ( 'NONE', #7763, #3411, #945, .T. ) ;
#4481 = LINE ( 'NONE', #6574, #2207 ) ;
#4482 = VERTEX_POINT ( 'NONE', #226 ) ;
#4483 = AXIS2_PLACEMENT_3D ( 'NONE', #3250, #3296, #1346 ) ;
#4484 = CARTESIAN_POINT ( 'NONE',  ( 16.85881119635942227, 10.33083117443845822, 20.10000000000000142 ) ) ;
#4485 = ORIENTED_EDGE ( 'NONE', *, *, #760, .T. ) ;
#4486 = CARTESIAN_POINT ( 'NONE',  ( -44.29999999999999716, 7.997649730810350910, -0.9000000000000000222 ) ) ;
#4487 = PLANE ( 'NONE',  #2547 ) ;
#4488 = ADVANCED_FACE ( 'NONE', ( #8312 ), #4298, .T. ) ;
#4489 = ORIENTED_EDGE ( 'NONE', *, *, #3458, .F. ) ;
#4490 = VERTEX_POINT ( 'NONE', #7017 ) ;
#4491 = CARTESIAN_POINT ( 'NONE',  ( -22.30000000000000071, 7.997649730810350910, 0.000000000000000000 ) ) ;
#4492 = ORIENTED_EDGE ( 'NONE', *, *, #1172, .F. ) ;
#4493 = CARTESIAN_POINT ( 'NONE',  ( -3.701958319099620809, 8.691600689896679555, 20.10000000000000142 ) ) ;
#4494 = ORIENTED_EDGE ( 'NONE', *, *, #6226, .T. ) ;
#4495 = CARTESIAN_POINT ( 'NONE',  ( -39.80749425788496154, -0.6000000000000000888, 5.678717777375840825 ) ) ;
#4496 = CARTESIAN_POINT ( 'NONE',  ( -27.20707892690716534, -0.6000000000000000888, 13.42068050419670477 ) ) ;
#4497 = ORIENTED_EDGE ( 'NONE', *, *, #5119, .T. ) ;
#4498 = CARTESIAN_POINT ( 'NONE',  ( -27.42251923717369877, -0.5999999999999998668, 6.987923560826689418 ) ) ;
#4499 = ORIENTED_EDGE ( 'NONE', *, *, #8141, .F. ) ;
#4500 = CARTESIAN_POINT ( 'NONE',  ( -69.40070415551733163, 13.13647367099202867, 20.10000000000000142 ) ) ;
#4501 = LINE ( 'NONE', #5134, #2357 ) ;
#4502 = ORIENTED_EDGE ( 'NONE', *, *, #5076, .F. ) ;
#4503 = DIRECTION ( 'NONE',  ( -1.000000000000000000, -5.782411586589324901E-15, 0.000000000000000000 ) ) ;
#4504 = AXIS2_PLACEMENT_3D ( 'NONE', #5371, #674, #8095 ) ;
#4505 = ORIENTED_EDGE ( 'NONE', *, *, #2655, .T. ) ;
#4506 = CARTESIAN_POINT ( 'NONE',  ( -9.091704784200763001, -0.6000000000000000888, 13.45832304053373818 ) ) ;
#4507 = CARTESIAN_POINT ( 'NONE',  ( -19.54224928118659577, -0.6000000000000000888, 8.888138994193104381 ) ) ;
#4508 = CARTESIAN_POINT ( 'NONE',  ( -12.57361267893760370, -0.6000000000000000888, 10.82674409316531516 ) ) ;
#4509 = CARTESIAN_POINT ( 'NONE',  ( -44.11616055922389990, -0.6000000000000000888, 9.592298449347469003 ) ) ;
#4510 = DIRECTION ( 'NONE',  ( 0.000000000000000000, 0.000000000000000000, -1.000000000000000000 ) ) ;
#4511 = CARTESIAN_POINT ( 'NONE',  ( -29.34433636314813398, -0.6000000000000000888, 5.973125672112684192 ) ) ;
#4512 = CIRCLE ( 'NONE', #3081, 1.000000000000000888 ) ;
#4513 = ORIENTED_EDGE ( 'NONE', *, *, #7859, .T. ) ;
#4514 = LINE ( 'NONE', #6609, #4162 ) ;
#4515 = CARTESIAN_POINT ( 'NONE',  ( -15.95486267893760690, -0.6000000000000000888, 6.826744093165315164 ) ) ;
#4516 = CARTESIAN_POINT ( 'NONE',  ( -71.28371685740839325, 10.87500000000000000, 20.10000000000000142 ) ) ;
#4517 = EDGE_CURVE ( 'NONE', #1218, #3459, #857, .T. ) ;
#4518 = CARTESIAN_POINT ( 'NONE',  ( -44.08515415459702069, -1.000000000000000222, 8.773793037346317547 ) ) ;
#4519 = DIRECTION ( 'NONE',  ( -0.000000000000000000, -1.000000000000000000, -0.000000000000000000 ) ) ;
#4520 = CARTESIAN_POINT ( 'NONE',  ( -1.395788997485660116E-16, 1.699999999999910028, 20.10000000000000142 ) ) ;
#4521 = VERTEX_POINT ( 'NONE', #2897 ) ;
#4522 = CONICAL_SURFACE ( 'NONE', #5672, 2.999999999999999112, 0.7853981633974476129 ) ;
#4523 = CARTESIAN_POINT ( 'NONE',  ( -9.199330374936424803, 0.4339745962156045800, -0.2000000000000000389 ) ) ;
#4524 = CARTESIAN_POINT ( 'NONE',  ( -41.46868817251289840, -1.000000000000000000, 6.831320152263092638 ) ) ;
#4525 = DIRECTION ( 'NONE',  ( -0.000000000000000000, -1.000000000000000000, -0.000000000000000000 ) ) ;
#4526 = EDGE_CURVE ( 'NONE', #5926, #1734, #5636, .T. ) ;
#4527 = EDGE_CURVE ( 'NONE', #1640, #2789, #7324, .T. ) ;
#4528 = CARTESIAN_POINT ( 'NONE',  ( -30.42915978271929944, 1.699999999999999956, 0.000000000000000000 ) ) ;
#4529 = VECTOR ( 'NONE', #4797, 1000.000000000000000 ) ;
#4530 = VECTOR ( 'NONE', #2551, 1000.000000000000000 ) ;
#4531 = CIRCLE ( 'NONE', #7242, 1.000000000000000888 ) ;
#4532 = VERTEX_POINT ( 'NONE', #5897 ) ;
#4533 = CARTESIAN_POINT ( 'NONE',  ( -16.22049641171686929, -0.5999999999999998668, 10.00757015016720253 ) ) ;
#4534 = VECTOR ( 'NONE', #31, 1000.000000000000000 ) ;
#4535 = ORIENTED_EDGE ( 'NONE', *, *, #2021, .T. ) ;
#4536 = CARTESIAN_POINT ( 'NONE',  ( -44.69887036030659289, -0.9999999999999997780, 6.065230226629397592 ) ) ;
#4537 = ORIENTED_EDGE ( 'NONE', *, *, #8669, .F. ) ;
#4538 = CARTESIAN_POINT ( 'NONE',  ( -9.091704784200763001, -0.6000000000000000888, 5.353059882638999234 ) ) ;
#4539 = ADVANCED_FACE ( 'NONE', ( #2446 ), #1203, .T. ) ;
#4540 = CARTESIAN_POINT ( 'NONE',  ( -44.79999999999999716, 8.863675134594789284, 0.000000000000000000 ) ) ;
#4541 = CARTESIAN_POINT ( 'NONE',  ( -50.14933037493643297, 9.180831174438425890, 19.40000000000000213 ) ) ;
#4542 = ORIENTED_EDGE ( 'NONE', *, *, #1040, .T. ) ;
#4543 = CARTESIAN_POINT ( 'NONE',  ( -18.56600134668305913, -0.6000000000000005329, 9.610252367229712434 ) ) ;
#4544 = VERTEX_POINT ( 'NONE', #8657 ) ;
#4545 = CARTESIAN_POINT ( 'NONE',  ( -44.29999999999999716, 1.699999999999999956, -0.9000000000000000222 ) ) ;
#4546 = DIRECTION ( 'NONE',  ( -1.000000000000000000, 2.891205793294679017E-15, 0.000000000000000000 ) ) ;
#4547 = ORIENTED_EDGE ( 'NONE', *, *, #492, .T. ) ;
#4548 = LINE ( 'NONE', #7362, #1257 ) ;
#4549 = AXIS2_PLACEMENT_3D ( 'NONE', #2434, #3648, #8433 ) ;
#4550 = VERTEX_POINT ( 'NONE', #2403 ) ;
#4551 = CARTESIAN_POINT ( 'NONE',  ( -29.29613218913495842, -0.5999999999999998668, 6.546269095387323489 ) ) ;
#4552 = CARTESIAN_POINT ( 'NONE',  ( -72.49974226119279308, 10.76878221735089802, 20.10000000000000142 ) ) ;
#4553 = DIRECTION ( 'NONE',  ( -1.000000000000000000, 0.000000000000000000, 0.000000000000000000 ) ) ;
#4554 = B_SPLINE_CURVE_WITH_KNOTS ( 'NONE', 3,
 ( #1389, #4706, #6887, #7425, #8223, #769, #95, #1305, #3484, #630, #8139, #6128, #4748, #1348, #4067, #6792, #3391, #7511, #4115 ),
 .UNSPECIFIED., .F., .F.,
 ( 4, 1, 1, 1, 1, 1, 1, 1, 1, 1, 1, 1, 1, 1, 1, 1, 4 ),
 ( 0.000000000000000000, 0.07094212724151663374, 0.1385183754078435081, 0.2034866694828015299, 0.2662222996845571288, 0.3269588489744603699, 0.3866394414588377737, 0.4461047956815061277, 0.5056554414061104064, 0.5650743576238653754, 0.6239028953530532107, 0.6825297753665022782, 0.7418331882361111074, 0.8025565414187313396, 0.8656318977335614173, 0.9311665147480487903, 0.9999999999999998890 ),
 .UNSPECIFIED. ) ;
#4555 = LINE ( 'NONE', #8537, #6758 ) ;
#4556 = DIRECTION ( 'NONE',  ( 0.000000000000000000, 0.000000000000000000, -1.000000000000000000 ) ) ;
#4557 = VERTEX_POINT ( 'NONE', #2529 ) ;
#4558 = CARTESIAN_POINT ( 'NONE',  ( -20.90223109999023876, -0.6000000000000000888, 12.78727040895478950 ) ) ;
#4559 = ORIENTED_EDGE ( 'NONE', *, *, #5066, .F. ) ;
#4560 = LINE ( 'NONE', #1878, #2010 ) ;
#4561 = DIRECTION ( 'NONE',  ( 1.000000000000000000, -1.090037151450160023E-15, 0.000000000000000000 ) ) ;
#4562 = VECTOR ( 'NONE', #5341, 1000.000000000000227 ) ;
#4563 = CARTESIAN_POINT ( 'NONE',  ( -17.82825204350587001, -1.000000000000000222, 10.52583176461639347 ) ) ;
#4564 = LINE ( 'NONE', #8709, #823 ) ;
#4565 = PLANE ( 'NONE',  #7238 ) ;
#4566 = DIRECTION ( 'NONE',  ( -0.000000000000000000, -0.000000000000000000, 1.000000000000000000 ) ) ;
#4567 = B_SPLINE_CURVE_WITH_KNOTS ( 'NONE', 3,
 ( #79, #2793, #8251, #6915, #798, #6247, #2837, #5577, #8381, #2341, #8337, #4950, #7086, #3018, #926, #2969, #2208 ),
 .UNSPECIFIED., .F., .F.,
 ( 4, 1, 1, 1, 1, 1, 1, 1, 1, 1, 1, 1, 1, 1, 4 ),
 ( 0.000000000000000000, 0.07027423074979503859, 0.1375218968061227842, 0.2016456227554903335, 0.2634561117706851197, 0.3237857200459774987, 0.3833129871676841938, 0.4431784845893546598, 0.5025541057359215191, 0.5624446974201235960, 0.6228225426260304287, 0.6841893059895861606, 0.7463950832633993171, 0.8720773565786248405, 0.9999999999999998890 ),
 .UNSPECIFIED. ) ;
#4568 = CARTESIAN_POINT ( 'NONE',  ( -26.47091367939842499, -0.6000000000000000888, 13.45646351525994611 ) ) ;
#4569 = EDGE_CURVE ( 'NONE', #4936, #5067, #3918, .T. ) ;
#4570 = ORIENTED_EDGE ( 'NONE', *, *, #1372, .T. ) ;
#4571 = CARTESIAN_POINT ( 'NONE',  ( -20.82431068482872050, -1.000000000000000000, 11.31487071008127288 ) ) ;
#4572 = CARTESIAN_POINT ( 'NONE',  ( -39.88036713501679031, -1.000000000000000222, 7.310829637072004950 ) ) ;
#4573 = CARTESIAN_POINT ( 'NONE',  ( -48.14433636314813469, -0.6000000000000000888, 10.79384935632321074 ) ) ;
#4574 = FACE_OUTER_BOUND ( 'NONE', #8830, .T. ) ;
#4575 = VECTOR ( 'NONE', #6577, 1000.000000000000000 ) ;
#4576 = ORIENTED_EDGE ( 'NONE', *, *, #209, .F. ) ;
#4577 = EDGE_CURVE ( 'NONE', #4557, #6819, #5288, .T. ) ;
#4578 = EDGE_CURVE ( 'NONE', #8424, #8782, #5265, .T. ) ;
#4579 = DIRECTION ( 'NONE',  ( 0.000000000000000000, 0.000000000000000000, -1.000000000000000000 ) ) ;
#4581 = PRESENTATION_LAYER_ASSIGNMENT (  '', '', ( #875 ) ) ;
#4580 = AXIS2_PLACEMENT_3D ( 'NONE', #7150, #5817, #6440 ) ;
#4582 = ORIENTED_EDGE ( 'NONE', *, *, #2487, .F. ) ;
#4583 = DIRECTION ( 'NONE',  ( 1.000000000000000000, 0.000000000000000000, 0.000000000000000000 ) ) ;
#4584 = VERTEX_POINT ( 'NONE', #6650 ) ;
#4585 = CARTESIAN_POINT ( 'NONE',  ( -50.30675498623022435, -1.000000000000000222, 9.861314836190921085 ) ) ;
#4586 = PLANE ( 'NONE',  #4601 ) ;
#4588 = VECTOR ( 'NONE', #7731, 1000.000000000000000 ) ;
#4587 = VECTOR ( 'NONE', #1609, 1000.000000000000000 ) ;
#4589 = LINE ( 'NONE', #6014, #6754 ) ;
#4590 = EDGE_LOOP ( 'NONE', ( #5716, #1253, #6750, #4449 ) ) ;
#4591 = ORIENTED_EDGE ( 'NONE', *, *, #4926, .F. ) ;
#4592 = EDGE_CURVE ( 'NONE', #1136, #7293, #1029, .T. ) ;
#4593 = LINE ( 'NONE', #7267, #1125 ) ;
#4594 = EDGE_CURVE ( 'NONE', #5481, #2550, #2359, .T. ) ;
#4595 = CARTESIAN_POINT ( 'NONE',  ( -40.95384935742451660, -0.6000000000000003109, 13.41774754298076289 ) ) ;
#4596 = EDGE_CURVE ( 'NONE', #7568, #902, #355, .T. ) ;
#4597 = VERTEX_POINT ( 'NONE', #7824 ) ;
#4598 = FACE_OUTER_BOUND ( 'NONE', #3299, .T. ) ;
#4599 = ORIENTED_EDGE ( 'NONE', *, *, #7123, .T. ) ;
#4600 = CARTESIAN_POINT ( 'NONE',  ( -40.89292505810868050, -1.000000000000000000, 11.80821662361342206 ) ) ;
#4601 = AXIS2_PLACEMENT_3D ( 'NONE', #2513, #7307, #8394 ) ;
#4602 = CARTESIAN_POINT ( 'NONE',  ( -21.32095689325149834, -0.5999999999999998668, 6.071964961956900275 ) ) ;
#4603 = CARTESIAN_POINT ( 'NONE',  ( -29.14118880364057773, 10.33083117443845822, 20.10000000000000142 ) ) ;
#4604 = DIRECTION ( 'NONE',  ( 2.657184803002740111E-15, 1.000000000000000000, 0.000000000000000000 ) ) ;
#4605 = CARTESIAN_POINT ( 'NONE',  ( -39.88036713501679031, -1.000000000000000222, 7.310829637072004950 ) ) ;
#4606 = ORIENTED_EDGE ( 'NONE', *, *, #8409, .F. ) ;
#4607 = CARTESIAN_POINT ( 'NONE',  ( -54.30625231310170875, 11.58083117443840315, 0.000000000000000000 ) ) ;
#4608 = ORIENTED_EDGE ( 'NONE', *, *, #5177, .F. ) ;
#4609 = CARTESIAN_POINT ( 'NONE',  ( -30.90625231310169951, 12.27365149746590056, 0.000000000000000000 ) ) ;
#4610 = FACE_OUTER_BOUND ( 'NONE', #2300, .T. ) ;
#4611 = CARTESIAN_POINT ( 'NONE',  ( -17.74433636314813256, -1.000000000000000000, 11.02411251421794702 ) ) ;
#4612 = DIRECTION ( 'NONE',  ( 0.000000000000000000, 0.000000000000000000, -1.000000000000000000 ) ) ;
#4613 = DIRECTION ( 'NONE',  ( 0.000000000000000000, 0.000000000000000000, -1.000000000000000000 ) ) ;
#4614 = B_SPLINE_CURVE_WITH_KNOTS ( 'NONE', 3,
 ( #5895, #5263, #8614, #5936, #3964, #2484, #5223, #6603, #5313, #7988, #1914, #4647, #2614, #5353, #8082, #1960, #7409 ),
 .UNSPECIFIED., .F., .F.,
 ( 4, 1, 1, 1, 1, 1, 1, 1, 1, 1, 1, 1, 1, 1, 4 ),
 ( 0.000000000000000000, 0.07412229567643563444, 0.1447511433472375986, 0.2128995532171854832, 0.2795387512765260540, 0.3446792376755450915, 0.4085710932211196744, 0.4715545728681682647, 0.5337593806582542344, 0.5956040207298691769, 0.6567025720409435108, 0.7169517840709500600, 0.7768403709702321747, 0.8924459826010791019, 1.000000000000000000 ),
 .UNSPECIFIED. ) ;
#4615 = CARTESIAN_POINT ( 'NONE',  ( -43.43886991376404438, -0.6000000000000003109, 11.18832221864732546 ) ) ;
#4616 = CARTESIAN_POINT ( 'NONE',  ( -45.22048479344236682, -0.6000000000000000888, 6.596036675707888541 ) ) ;
#4617 = ORIENTED_EDGE ( 'NONE', *, *, #519, .F. ) ;
#4618 = FACE_OUTER_BOUND ( 'NONE', #5236, .T. ) ;
#4619 = CARTESIAN_POINT ( 'NONE',  ( -40.96585143734886003, -0.6000000000000003109, 6.897598736873339575 ) ) ;
#4620 = CARTESIAN_POINT ( 'NONE',  ( -48.14647820057933103, -0.6000000000000000888, 10.89701092248616909 ) ) ;
#4621 = VECTOR ( 'NONE', #5854, 1000.000000000000000 ) ;
#4622 = CARTESIAN_POINT ( 'NONE',  ( -19.36492657879145085, -1.000000000000000222, 7.069950585207321225 ) ) ;
#4623 = ADVANCED_FACE ( 'NONE', ( #6520 ), #4426, .F. ) ;
#4624 = ORIENTED_EDGE ( 'NONE', *, *, #8728, .F. ) ;
#4625 = VECTOR ( 'NONE', #709, 1000.000000000000227 ) ;
#4626 = CARTESIAN_POINT ( 'NONE',  ( -46.01485649338525263, -0.6000000000000000888, 9.338984046589576593 ) ) ;
#4627 = VERTEX_POINT ( 'NONE', #1743 ) ;
#4628 = CARTESIAN_POINT ( 'NONE',  ( -12.49554056684074865, -0.9999999999999997780, 10.83758725961048519 ) ) ;
#4629 = VERTEX_POINT ( 'NONE', #3877 ) ;
#4630 = CARTESIAN_POINT ( 'NONE',  ( -50.08547231253844245, -1.000000000000000222, 10.30359116983397350 ) ) ;
#4631 = CARTESIAN_POINT ( 'NONE',  ( -40.01445987057139320, -1.000000000000000000, 13.22863998288572951 ) ) ;
#4632 = ADVANCED_FACE ( 'NONE', ( #4468 ), #7190, .T. ) ;
#4633 = AXIS2_PLACEMENT_3D ( 'NONE', #4865, #6872, #2210 ) ;
#4634 = CIRCLE ( 'NONE', #6914, 0.5000000000000004441 ) ;
#4635 = DIRECTION ( 'NONE',  ( -0.000000000000000000, -0.000000000000000000, 1.000000000000000000 ) ) ;
#4636 = ORIENTED_EDGE ( 'NONE', *, *, #6059, .F. ) ;
#4637 = EDGE_LOOP ( 'NONE', ( #6472, #4772, #2577, #5164 ) ) ;
#4638 = DIRECTION ( 'NONE',  ( 1.697280072648819919E-16, -1.000000000000000000, 0.000000000000000000 ) ) ;
#4639 = CARTESIAN_POINT ( 'NONE',  ( -35.47065215262180971, -0.6000000000000000888, 11.87937567211268330 ) ) ;
#4640 = ORIENTED_EDGE ( 'NONE', *, *, #3261, .T. ) ;
#4641 = DIRECTION ( 'NONE',  ( -0.000000000000000000, -1.000000000000000000, -0.000000000000000000 ) ) ;
#4642 = ORIENTED_EDGE ( 'NONE', *, *, #7199, .T. ) ;
#4643 = CARTESIAN_POINT ( 'NONE',  ( -4.701958319099381001, 10.42365149746541420, 20.10000000000000142 ) ) ;
#4644 = EDGE_CURVE ( 'NONE', #3459, #4490, #3834, .T. ) ;
#4645 = ADVANCED_FACE ( 'NONE', ( #403 ), #1494, .T. ) ;
#4646 = CARTESIAN_POINT ( 'NONE',  ( -21.32328373156918389, -0.6000000000000000888, 5.973125672112684192 ) ) ;
#4647 = CARTESIAN_POINT ( 'NONE',  ( -20.26127406683331955, -1.000000000000000000, 8.294386105673760667 ) ) ;
#4648 = PLANE ( 'NONE',  #3047 ) ;
#4649 = DIRECTION ( 'NONE',  ( 0.000000000000000000, 0.000000000000000000, -1.000000000000000000 ) ) ;
#4650 = ORIENTED_EDGE ( 'NONE', *, *, #8573, .F. ) ;
#4651 = VECTOR ( 'NONE', #4076, 1000.000000000000000 ) ;
#4652 = CARTESIAN_POINT ( 'NONE',  ( -40.43653507868788211, -0.6000000000000007550, 11.67655469427027626 ) ) ;
#4653 = AXIS2_PLACEMENT_3D ( 'NONE', #7586, #5534, #6870 ) ;
#4654 = EDGE_LOOP ( 'NONE', ( #8570, #633, #5700, #476 ) ) ;
#4655 = DIRECTION ( 'NONE',  ( 0.000000000000000000, 0.000000000000000000, 1.000000000000000000 ) ) ;
#4656 = VECTOR ( 'NONE', #1629, 1000.000000000000000 ) ;
#4657 = CARTESIAN_POINT ( 'NONE',  ( -19.18348109999023876, -1.000000000000000000, 9.144178303691631982 ) ) ;
#4658 = AXIS2_PLACEMENT_3D ( 'NONE', #8086, #7546, #85 ) ;
#4659 = EDGE_CURVE ( 'NONE', #3991, #8716, #2001, .T. ) ;
#4660 = FACE_OUTER_BOUND ( 'NONE', #6921, .T. ) ;
#4661 = CARTESIAN_POINT ( 'NONE',  ( -69.40070415550900407, 13.13647367098723073, 11.75000000000000355 ) ) ;
#4662 = CARTESIAN_POINT ( 'NONE',  ( 19.03009248846927903, 7.691600689896695542, -0.9000000000000000222 ) ) ;
#4663 = CARTESIAN_POINT ( 'NONE',  ( -44.03847919318975102, -0.9999999999999991118, 8.524052417442701923 ) ) ;
#4664 = DIRECTION ( 'NONE',  ( 1.000000000000000000, 0.000000000000000000, 0.000000000000000000 ) ) ;
#4665 = EDGE_LOOP ( 'NONE', ( #5415, #3801, #2685, #21 ) ) ;
#4666 = EDGE_LOOP ( 'NONE', ( #973, #8029, #6731, #8694, #7168, #3324, #6296 ) ) ;
#4667 = DIRECTION ( 'NONE',  ( -0.8660254037844389297, 0.4999999999999994449, -0.000000000000000000 ) ) ;
#4668 = CARTESIAN_POINT ( 'NONE',  ( -40.25326030008883293, -0.9999999999999997780, 7.120654261685545272 ) ) ;
#4669 = CARTESIAN_POINT ( 'NONE',  ( -48.14433636314813469, -1.000000000000000000, 10.79384935632321074 ) ) ;
#4670 = CARTESIAN_POINT ( 'NONE',  ( -18.55539440736729517, -1.000000000000000222, 7.865486776446726225 ) ) ;
#4671 = ORIENTED_EDGE ( 'NONE', *, *, #981, .F. ) ;
#4672 = CARTESIAN_POINT ( 'NONE',  ( -42.66880369208625723, -0.6000000000000000888, 13.39102087204579838 ) ) ;
#4673 = EDGE_LOOP ( 'NONE', ( #1073, #214, #8644, #1820 ) ) ;
#4674 = DIRECTION ( 'NONE',  ( -0.8660254037844351549, 0.5000000000000061062, -0.000000000000000000 ) ) ;
#4675 = EDGE_CURVE ( 'NONE', #6996, #2164, #8747, .T. ) ;
#4676 = VERTEX_POINT ( 'NONE', #711 ) ;
#4677 = AXIS2_PLACEMENT_3D ( 'NONE', #4062, #8625, #5988 ) ;
#4678 = VECTOR ( 'NONE', #5989, 1000.000000000000000 ) ;
#4679 = CARTESIAN_POINT ( 'NONE',  ( -51.39319946171939790, -1.000000000000000222, 9.459176214736585209 ) ) ;
#4680 = CARTESIAN_POINT ( 'NONE',  ( -18.79497014306826230, -0.5999999999999998668, 7.688095032606631740 ) ) ;
#4681 = LINE ( 'NONE', #2647, #7334 ) ;
#4682 = AXIS2_PLACEMENT_3D ( 'NONE', #1110, #3826, #436 ) ;
#4683 = VERTEX_POINT ( 'NONE', #4055 ) ;
#4684 = DIRECTION ( 'NONE',  ( 0.6123724356957964687, -0.3535533905932805032, -0.7071067811865425767 ) ) ;
#4685 = LINE ( 'NONE', #4091, #7146 ) ;
#4686 = ORIENTED_EDGE ( 'NONE', *, *, #8834, .T. ) ;
#4687 = EDGE_CURVE ( 'NONE', #7645, #551, #2747, .T. ) ;
#4688 = CARTESIAN_POINT ( 'NONE',  ( -39.80749425788496154, -0.6000000000000000888, 13.15240198790215764 ) ) ;
#4689 = VERTEX_POINT ( 'NONE', #571 ) ;
#4690 = CARTESIAN_POINT ( 'NONE',  ( -27.56330191276554231, -0.6000000000000000888, 8.888138994193104381 ) ) ;
#4691 = DIRECTION ( 'NONE',  ( 1.000000000000000000, 0.000000000000000000, -0.000000000000000000 ) ) ;
#4692 = CARTESIAN_POINT ( 'NONE',  ( 20.03009248846920087, 9.423651497465280968, 0.000000000000000000 ) ) ;
#4693 = LINE ( 'NONE', #5979, #2330 ) ;
#4694 = CARTESIAN_POINT ( 'NONE',  ( -50.12534015124096243, -0.9999999999999997780, 11.28126662695895099 ) ) ;
#4695 = ORIENTED_EDGE ( 'NONE', *, *, #4675, .F. ) ;
#4696 = CYLINDRICAL_SURFACE ( 'NONE', #8506, 0.9999999999999978906 ) ;
#4697 = ORIENTED_EDGE ( 'NONE', *, *, #980, .T. ) ;
#4698 = ADVANCED_FACE ( 'NONE', ( #5489 ), #2083, .F. ) ;
#4699 = DIRECTION ( 'NONE',  ( -1.239088197126290817E-16, 8.260587980841938780E-17, 1.000000000000000000 ) ) ;
#4700 = VECTOR ( 'NONE', #2397, 1000.000000000000000 ) ;
#4701 = CARTESIAN_POINT ( 'NONE',  ( -17.74877132050828266, -0.5999999999999998668, 10.93922927633373021 ) ) ;
#4702 = LINE ( 'NONE', #6787, #1815 ) ;
#4703 = CARTESIAN_POINT ( 'NONE',  ( -67.29999999999999716, 1.699999999999999956, -0.9000000000000000222 ) ) ;
#4704 = CARTESIAN_POINT ( 'NONE',  ( -37.68117846841128227, -0.6000000000000000888, 11.87937567211268330 ) ) ;
#4705 = DIRECTION ( 'NONE',  ( 0.000000000000000000, 0.000000000000000000, -1.000000000000000000 ) ) ;
#4706 = CARTESIAN_POINT ( 'NONE',  ( -44.12172288220737926, -0.6000000000000003109, 9.216430453691458524 ) ) ;
#4707 = ORIENTED_EDGE ( 'NONE', *, *, #7077, .T. ) ;
#4708 = ADVANCED_FACE ( 'NONE', ( #663 ), #2616, .T. ) ;
#4709 = VECTOR ( 'NONE', #3174, 1000.000000000000000 ) ;
#4710 = ORIENTED_EDGE ( 'NONE', *, *, #8645, .T. ) ;
#4711 = CARTESIAN_POINT ( 'NONE',  ( -41.13141353356815699, -1.000000000000000000, 11.84951974490410898 ) ) ;
#4712 = DIRECTION ( 'NONE',  ( 6.526234517782365584E-16, -1.000000000000000000, 0.000000000000000000 ) ) ;
#4713 = DIRECTION ( 'NONE',  ( -0.5000000000000061062, -0.8660254037844351549, -0.000000000000000000 ) ) ;
#4714 = CARTESIAN_POINT ( 'NONE',  ( -27.02336986190555734, -0.6000000000000003109, 7.507929389053945357 ) ) ;
#4715 = ORIENTED_EDGE ( 'NONE', *, *, #2442, .T. ) ;
#4716 = CARTESIAN_POINT ( 'NONE',  ( -45.11890423313316489, -0.6000000000000003109, 11.97074823795775877 ) ) ;
#4717 = ORIENTED_EDGE ( 'NONE', *, *, #8273, .T. ) ;
#4718 = CARTESIAN_POINT ( 'NONE',  ( -11.04073061204801576, -0.6000000000000000888, 11.38028172094788637 ) ) ;
#4719 = ORIENTED_EDGE ( 'NONE', *, *, #4040, .T. ) ;
#4720 = CARTESIAN_POINT ( 'NONE',  ( -46.01485649338525263, -0.6000000000000000888, 9.338984046589576593 ) ) ;
#4721 = FACE_OUTER_BOUND ( 'NONE', #5075, .T. ) ;
#4722 = PLANE ( 'NONE',  #1340 ) ;
#4723 = ORIENTED_EDGE ( 'NONE', *, *, #6214, .T. ) ;
#4724 = CARTESIAN_POINT ( 'NONE',  ( -19.42854688946392017, -1.000000000000000000, 6.826744093165315164 ) ) ;
#4725 = CARTESIAN_POINT ( 'NONE',  ( -27.86299318870419484, -1.000000000000000222, 8.658960788302810130 ) ) ;
#4726 = ORIENTED_EDGE ( 'NONE', *, *, #4031, .T. ) ;
#4727 = LINE ( 'NONE', #6864, #4257 ) ;
#4728 = ORIENTED_EDGE ( 'NONE', *, *, #3483, .F. ) ;
#4729 = DIRECTION ( 'NONE',  ( -0.5000000000000131006, -0.8660254037844311581, 0.000000000000000000 ) ) ;
#4731 = AXIS2_PLACEMENT_3D ( 'NONE', #4081, #6277, #7660 ) ;
#4730 = VECTOR ( 'NONE', #2508, 1000.000000000000000 ) ;
#4732 = CARTESIAN_POINT ( 'NONE',  ( 16.85881119635942227, 10.33083117443845822, 20.10000000000000142 ) ) ;
#4733 = CARTESIAN_POINT ( 'NONE',  ( -25.63371685740840178, 10.26878221735089980, -0.9000000000000000222 ) ) ;
#4734 = EDGE_CURVE ( 'NONE', #3518, #3715, #4736, .T. ) ;
#4735 = CARTESIAN_POINT ( 'NONE',  ( -67.29999999999999716, 7.997649730810350910, -0.9000000000000000222 ) ) ;
#4736 = LINE ( 'NONE', #1962, #2494 ) ;
#4737 = VERTEX_POINT ( 'NONE', #4013 ) ;
#4738 = B_SPLINE_CURVE_WITH_KNOTS ( 'NONE', 3,
 ( #3588, #3453, #4180, #6188, #68, #2782, #6320, #8326, #5523, #2244, #8241 ),
 .UNSPECIFIED., .F., .F.,
 ( 4, 1, 1, 1, 1, 1, 1, 1, 4 ),
 ( 0.000000000000000000, 0.1083962553920863464, 0.2259146191399896142, 0.3496996317765466711, 0.4771744143460154297, 0.6080809989294981843, 0.7406940616520673037, 0.8721438294176548922, 1.000000000000000000 ),
 .UNSPECIFIED. ) ;
#4739 = CARTESIAN_POINT ( 'NONE',  ( -18.65669803925284143, -0.6000000000000003109, 13.45661921709829656 ) ) ;
#4740 = ORIENTED_EDGE ( 'NONE', *, *, #3968, .T. ) ;
#4741 = CARTESIAN_POINT ( 'NONE',  ( -51.45025741577971701, -0.6000000000000000888, 9.458323040533736403 ) ) ;
#4742 = CARTESIAN_POINT ( 'NONE',  ( -28.10504396203821287, -0.6000000000000003109, 13.20100050124290902 ) ) ;
#4743 = DIRECTION ( 'NONE',  ( 1.000000000000000000, 0.000000000000000000, 0.000000000000000000 ) ) ;
#4744 = FACE_OUTER_BOUND ( 'NONE', #3671, .T. ) ;
#4745 = ADVANCED_FACE ( 'NONE', ( #1378 ), #7455, .F. ) ;
#4746 = CARTESIAN_POINT ( 'NONE',  ( -44.12328373156917394, -0.6000000000000000888, 9.308651987902157643 ) ) ;
#4747 = CARTESIAN_POINT ( 'NONE',  ( -42.24575434276271579, -0.9999999999999995559, 6.865763242361396124 ) ) ;
#4748 = CARTESIAN_POINT ( 'NONE',  ( -42.92517620067590656, -0.6000000000000003109, 7.086278856927139991 ) ) ;
#4749 = EDGE_LOOP ( 'NONE', ( #2907, #5266, #7038, #2990, #5801, #8268, #2323, #8494 ) ) ;
#4750 = EDGE_LOOP ( 'NONE', ( #83, #3393, #5751, #2382 ) ) ;
#4751 = CARTESIAN_POINT ( 'NONE',  ( -4.449330374936437238, 8.661215932167761977, 19.40000000000000213 ) ) ;
#4752 = CARTESIAN_POINT ( 'NONE',  ( -26.42457249622139059, -1.000000000000000000, 12.02454957350305520 ) ) ;
#4753 = LINE ( 'NONE', #1270, #278 ) ;
#4754 = ADVANCED_FACE ( 'NONE', ( #2704 ), #3276, .T. ) ;
#4755 = EDGE_CURVE ( 'NONE', #6671, #4324, #7631, .T. ) ;
#4756 = LINE ( 'NONE', #4799, #1931 ) ;
#4757 = CARTESIAN_POINT ( 'NONE',  ( -25.77426765007915321, -0.5999999999999996447, 11.26444070499204919 ) ) ;
#4758 = ORIENTED_EDGE ( 'NONE', *, *, #3863, .T. ) ;
#4759 = CARTESIAN_POINT ( 'NONE',  ( -44.97325647081275690, -0.9999999999999997780, 6.317446428796033686 ) ) ;
#4760 = ORIENTED_EDGE ( 'NONE', *, *, #3407, .F. ) ;
#4761 = CARTESIAN_POINT ( 'NONE',  ( -50.30242278419683544, -1.000000000000000222, 8.189542965374609906 ) ) ;
#4762 = B_SPLINE_CURVE_WITH_KNOTS ( 'NONE', 3,
 ( #1664, #988, #3036, #4299, #7018, #901, #1919, #8660, #5815, #7281, #7992, #1206, #5982, #5941, #5146, #3879, #1118, #356, #6607 ),
 .UNSPECIFIED., .F., .F.,
 ( 4, 1, 1, 1, 1, 1, 1, 1, 1, 1, 1, 1, 1, 1, 1, 1, 4 ),
 ( 0.000000000000000000, 0.06758290741465568241, 0.1323147132012320315, 0.1947884898547089239, 0.2555041314539875930, 0.3148541182162521435, 0.3735312126748823736, 0.4325961568887486952, 0.4924914459876305051, 0.5524171142552698477, 0.6119021568199176642, 0.6719946359940104363, 0.7328844354027108654, 0.7955380463532730762, 0.8607955405925501458, 0.9287592960736230641, 1.000000000000000000 ),
 .UNSPECIFIED. ) ;
#4763 = CARTESIAN_POINT ( 'NONE',  ( -18.65669803925284143, -0.6000000000000003109, 13.45661921709829656 ) ) ;
#4764 = EDGE_CURVE ( 'NONE', #3110, #1486, #6293, .T. ) ;
#4765 = CARTESIAN_POINT ( 'NONE',  ( -16.81751887838796478, -0.5999999999999998668, 12.98893199167539336 ) ) ;
#4766 = CIRCLE ( 'NONE', #910, 1.000000000000000888 ) ;
#4767 = ORIENTED_EDGE ( 'NONE', *, *, #172, .F. ) ;
#4768 = CYLINDRICAL_SURFACE ( 'NONE', #1386, 0.9999999999999996669 ) ;
#4769 = CARTESIAN_POINT ( 'NONE',  ( -68.50000000000000000, -1.000000000000000000, 20.10000000000000142 ) ) ;
#4770 = VERTEX_POINT ( 'NONE', #3561 ) ;
#4771 = CARTESIAN_POINT ( 'NONE',  ( -33.68117846841128937, -0.6000000000000000888, 5.353059882638998346 ) ) ;
#4772 = ORIENTED_EDGE ( 'NONE', *, *, #8234, .F. ) ;
#4773 = CARTESIAN_POINT ( 'NONE',  ( 14.08934475965829058, -1.000000000000000000, 20.10000000000000142 ) ) ;
#4774 = VECTOR ( 'NONE', #2661, 1000.000000000000000 ) ;
#4775 = CARTESIAN_POINT ( 'NONE',  ( -54.30625231310163059, 11.58083117443855237, -0.9000000000000000222 ) ) ;
#4776 = CARTESIAN_POINT ( 'NONE',  ( -4.149330374936437416, 9.180831174438425890, 19.40000000000000213 ) ) ;
#4777 = DIRECTION ( 'NONE',  ( 0.000000000000000000, 0.000000000000000000, 1.000000000000000000 ) ) ;
#4778 = CARTESIAN_POINT ( 'NONE',  ( -50.59110886703109600, -1.000000000000000000, 11.81131159885338100 ) ) ;
#4779 = ORIENTED_EDGE ( 'NONE', *, *, #8345, .F. ) ;
#4780 = CARTESIAN_POINT ( 'NONE',  ( 5.200000000000000178, 3.500000000000000000, 9.599999999999999645 ) ) ;
#4781 = VERTEX_POINT ( 'NONE', #2796 ) ;
#4782 = CARTESIAN_POINT ( 'NONE',  ( -67.29999999999999716, 1.699999999999999956, 0.000000000000000000 ) ) ;
#4783 = EDGE_CURVE ( 'NONE', #4005, #2196, #6251, .T. ) ;
#4784 = CARTESIAN_POINT ( 'NONE',  ( -29.34433636314813398, -0.6000000000000000888, 5.353059882638999234 ) ) ;
#4785 = CARTESIAN_POINT ( 'NONE',  ( -25.65748491589063462, -0.9999999999999997780, 8.506930969293595268 ) ) ;
#4786 = CARTESIAN_POINT ( 'NONE',  ( -50.17380673311689065, -0.6000000000000005329, 10.06211892732051894 ) ) ;
#4787 = CIRCLE ( 'NONE', #4653, 0.5000000000000004441 ) ;
#4788 = CARTESIAN_POINT ( 'NONE',  ( -48.71253378870242301, -0.6000000000000000888, 12.54796747799729495 ) ) ;
#4789 = CARTESIAN_POINT ( 'NONE',  ( -17.41191608131306268, 9.678845264289613226, 0.000000000000000000 ) ) ;
#4790 = DIRECTION ( 'NONE',  ( -1.000000000000000000, 0.000000000000000000, 0.000000000000000000 ) ) ;
#4791 = VERTEX_POINT ( 'NONE', #1646 ) ;
#4792 = ORIENTED_EDGE ( 'NONE', *, *, #8346, .T. ) ;
#4793 = ADVANCED_FACE ( 'NONE', ( #256 ), #6985, .T. ) ;
#4794 = VECTOR ( 'NONE', #1531, 1000.000000000000114 ) ;
#4795 = LINE ( 'NONE', #1395, #290 ) ;
#4796 = CARTESIAN_POINT ( 'NONE',  ( 0.2921161675185474649, 12.73647367098722505, 7.450000000000003730 ) ) ;
#4797 = DIRECTION ( 'NONE',  ( 0.000000000000000000, 0.000000000000000000, -1.000000000000000000 ) ) ;
#4798 = EDGE_LOOP ( 'NONE', ( #4760, #6140, #6285, #3638 ) ) ;
#4799 = CARTESIAN_POINT ( 'NONE',  ( -44.79999999999999716, 8.863675134594789284, 20.10000000000000142 ) ) ;
#4800 = CARTESIAN_POINT ( 'NONE',  ( -26.02976485977115573, -0.6000000000000000888, 11.80173094658537281 ) ) ;
#4801 = ORIENTED_EDGE ( 'NONE', *, *, #3342, .F. ) ;
#4802 = EDGE_CURVE ( 'NONE', #338, #989, #183, .T. ) ;
#4803 = LINE ( 'NONE', #65, #245 ) ;
#4804 = FILL_AREA_STYLE ('',( #5518 ) ) ;
#4805 = EDGE_CURVE ( 'NONE', #7925, #5432, #3686, .T. ) ;
#4806 = ORIENTED_EDGE ( 'NONE', *, *, #6823, .F. ) ;
#4807 = CARTESIAN_POINT ( 'NONE',  ( -41.77459952104285890, -0.6000000000000000888, 13.45832304053373640 ) ) ;
#4808 = DIRECTION ( 'NONE',  ( 0.000000000000000000, 0.000000000000000000, 1.000000000000000000 ) ) ;
#4809 = CARTESIAN_POINT ( 'NONE',  ( -10.88117846841128689, -1.000000000000000000, 5.353059882638999234 ) ) ;
#4810 = ORIENTED_EDGE ( 'NONE', *, *, #7414, .T. ) ;
#4811 = CARTESIAN_POINT ( 'NONE',  ( -26.94466531051655522, -0.6000000000000000888, 12.08990198790215764 ) ) ;
#4812 = LINE ( 'NONE', #2650, #6145 ) ;
#4813 = ORIENTED_EDGE ( 'NONE', *, *, #1422, .F. ) ;
#4814 = DIRECTION ( 'NONE',  ( -0.000000000000000000, -0.000000000000000000, -1.000000000000000000 ) ) ;
#4815 = ADVANCED_FACE ( 'NONE', ( #1102 ), #4414, .F. ) ;
#4816 = ORIENTED_EDGE ( 'NONE', *, *, #6111, .T. ) ;
#4817 = ADVANCED_FACE ( 'NONE', ( #6467 ), #7177, .T. ) ;
#4818 = CARTESIAN_POINT ( 'NONE',  ( -49.22454289166093133, -0.6000000000000005329, 8.658752940516352581 ) ) ;
#4819 = AXIS2_PLACEMENT_3D ( 'NONE', #133, #7771, #7725 ) ;
#4820 = CARTESIAN_POINT ( 'NONE',  ( -47.69974226119958161, 13.88647367098246121, -0.9000000000000000222 ) ) ;
#4821 = AXIS2_PLACEMENT_3D ( 'NONE', #512, #7972, #1723 ) ;
#4822 = CARTESIAN_POINT ( 'NONE',  ( -17.46020628749990422, -0.5999999999999998668, 13.30335631723544410 ) ) ;
#4823 = CARTESIAN_POINT ( 'NONE',  ( -25.24860384174612093, -0.9999999999999997780, 13.21655031022526217 ) ) ;
#4824 = CARTESIAN_POINT ( 'NONE',  ( -50.08550992142152580, -0.9999999999999997780, 11.15912902849110822 ) ) ;
#4825 = ORIENTED_EDGE ( 'NONE', *, *, #6287, .T. ) ;
#4826 = CARTESIAN_POINT ( 'NONE',  ( -29.34433636314813398, -1.000000000000000000, 5.973125672112684192 ) ) ;
#4827 = VERTEX_POINT ( 'NONE', #3065 ) ;
#4828 = CARTESIAN_POINT ( 'NONE',  ( -57.12420150553280251, 1.699999999999999956, 18.89999999999999858 ) ) ;
#4829 = DIRECTION ( 'NONE',  ( 0.5000000000000457412, 0.8660254037844121733, 0.000000000000000000 ) ) ;
#4830 = CARTESIAN_POINT ( 'NONE',  ( -7.429159782719389149, 1.699999999999929789, -0.9000000000000000222 ) ) ;
#4831 = CARTESIAN_POINT ( 'NONE',  ( -28.92328373156918886, -1.000000000000000000, 12.78727040895478950 ) ) ;
#4832 = CARTESIAN_POINT ( 'NONE',  ( -50.70778676851144695, -0.6000000000000000888, 9.580683613408742971 ) ) ;
#4833 = CARTESIAN_POINT ( 'NONE',  ( -26.58705397826201278, -1.000000000000000444, 9.610252367229712434 ) ) ;
#4834 = DIRECTION ( 'NONE',  ( 0.000000000000000000, 0.000000000000000000, -1.000000000000000000 ) ) ;
#4835 = LINE ( 'NONE', #815, #8350 ) ;
#4836 = ORIENTED_EDGE ( 'NONE', *, *, #2586, .T. ) ;
#4837 = ORIENTED_EDGE ( 'NONE', *, *, #6163, .F. ) ;
#4838 = DIRECTION ( 'NONE',  ( -1.000000000000000000, 0.000000000000000000, -0.000000000000000000 ) ) ;
#4839 = CARTESIAN_POINT ( 'NONE',  ( -68.29999999999999716, 7.997649730810350910, -0.9000000000000000222 ) ) ;
#4840 = CARTESIAN_POINT ( 'NONE',  ( -27.66894561720710044, 9.480831174438428377, 19.40000000000000213 ) ) ;
#4841 = EDGE_CURVE ( 'NONE', #3200, #5372, #6893, .T. ) ;
#4842 = CARTESIAN_POINT ( 'NONE',  ( -50.30681192521286960, -0.9999999999999997780, 11.59175853261824507 ) ) ;
#4843 = DIRECTION ( 'NONE',  ( -0.8660254037844384856, 0.5000000000000003331, 0.000000000000000000 ) ) ;
#4844 = ORIENTED_EDGE ( 'NONE', *, *, #7742, .T. ) ;
#4845 = DIRECTION ( 'NONE',  ( 0.000000000000000000, 0.000000000000000000, -1.000000000000000000 ) ) ;
#4846 = SURFACE_STYLE_USAGE ( .BOTH. , #6232 ) ;
#4847 = EDGE_LOOP ( 'NONE', ( #8194, #1779, #3880, #7896, #3130, #6696, #4288 ) ) ;
#4848 = DIRECTION ( 'NONE',  ( 0.8660254037844425934, 0.4999999999999933942, 0.000000000000000000 ) ) ;
#4849 = CARTESIAN_POINT ( 'NONE',  ( -19.40146660559475222, -0.9999999999999997780, 6.987923560826689418 ) ) ;
#4850 = CIRCLE ( 'NONE', #3555, 1.000000000000000888 ) ;
#4851 = CARTESIAN_POINT ( 'NONE',  ( -19.18348109999023876, -1.000000000000000000, 9.144178303691631982 ) ) ;
#4852 = EDGE_CURVE ( 'NONE', #7709, #3392, #8104, .T. ) ;
#4853 = VERTEX_POINT ( 'NONE', #1315 ) ;
#4854 = CARTESIAN_POINT ( 'NONE',  ( -22.30000000000000071, 7.997649730810350910, 20.10000000000000142 ) ) ;
#4855 = CARTESIAN_POINT ( 'NONE',  ( -45.85929189580021870, -0.9999999999999997780, 10.50898600422353724 ) ) ;
#4856 = ORIENTED_EDGE ( 'NONE', *, *, #3342, .T. ) ;
#4857 = CARTESIAN_POINT ( 'NONE',  ( -41.62657320525338633, -1.000000000000000000, 11.87937567211268330 ) ) ;
#4858 = ORIENTED_EDGE ( 'NONE', *, *, #8513, .F. ) ;
#4859 = DIRECTION ( 'NONE',  ( -1.000000000000000000, 0.000000000000000000, -0.000000000000000000 ) ) ;
#4860 = CARTESIAN_POINT ( 'NONE',  ( -67.29999999999999716, 1.699999999999999956, 6.315186458868660146 ) ) ;
#4861 = DIRECTION ( 'NONE',  ( 0.000000000000000000, 2.416528521295111399E-14, 1.000000000000000000 ) ) ;
#4862 = EDGE_CURVE ( 'NONE', #4737, #350, #5358, .T. ) ;
#4863 = VECTOR ( 'NONE', #1176, 1000.000000000000000 ) ;
#4864 = EDGE_CURVE ( 'NONE', #7615, #7709, #3400, .T. ) ;
#4865 = CARTESIAN_POINT ( 'NONE',  ( -71.63371685740838757, 10.26878221735089980, -0.9000000000000000222 ) ) ;
#4866 = CARTESIAN_POINT ( 'NONE',  ( -18.00871222819220918, -0.6000000000000000888, 11.80173094658537281 ) ) ;
#4867 = VERTEX_POINT ( 'NONE', #4218 ) ;
#4868 = B_SPLINE_CURVE_WITH_KNOTS ( 'NONE', 3,
 ( #1839, #4568, #7291, #3887, #6617, #2137, #8805, #2762, #4025, #6219, #4209, #8266, #6837, #2810, #2015, #2627, #2095, #6084, #6 ),
 .UNSPECIFIED., .F., .F.,
 ( 4, 1, 1, 1, 1, 1, 1, 1, 1, 1, 1, 1, 1, 1, 1, 1, 4 ),
 ( 0.000000000000000000, 0.07613619422941891868, 0.1488248202887804961, 0.2181368005180020775, 0.2843944313180614691, 0.3480732160077175119, 0.4093288163255653922, 0.4682102510086970648, 0.5257174298963283032, 0.5825163633480937575, 0.6390314107546767319, 0.6954483444328789510, 0.7533025338527684633, 0.8121384240391916753, 0.8725331507925628838, 0.9348301940760049833, 1.000000000000000000 ),
 .UNSPECIFIED. ) ;
#4869 = CARTESIAN_POINT ( 'NONE',  ( 11.07195091717383839, -0.2999999999999934386, -0.1999999999999987899 ) ) ;
#4870 = EDGE_LOOP ( 'NONE', ( #5532, #6366, #8303, #8437 ) ) ;
#4871 = LINE ( 'NONE', #6255, #6444 ) ;
#4872 = B_SPLINE_CURVE_WITH_KNOTS ( 'NONE', 3,
 ( #6756, #3352, #2061, #6800, #732, #6090, #7475, #1355, #4842, #5467, #8147, #2147, #7433, #146, #8816, #1400, #5422, #1492, #637 ),
 .UNSPECIFIED., .F., .F.,
 ( 4, 1, 1, 1, 1, 1, 1, 1, 1, 1, 1, 1, 1, 1, 1, 1, 4 ),
 ( 0.000000000000000000, 0.07011018934377258316, 0.1360544989338614286, 0.1983480566089767527, 0.2576012821021735344, 0.3142107889745636151, 0.3698590787118303247, 0.4236358988019955918, 0.4774935660739978993, 0.5328072520127974387, 0.5894986829611488233, 0.6491325227268548437, 0.7112815638153063835, 0.7763089820840697319, 0.8465555686826917725, 0.9207541570716761825, 1.000000000000000000 ),
 .UNSPECIFIED. ) ;
#4874 = AXIS2_PLACEMENT_3D ( 'NONE', #3254, #8178, #2053 ) ;
#4873 = AXIS2_PLACEMENT_3D ( 'NONE', #28, #2737, #8784 ) ;
#4875 = FACE_OUTER_BOUND ( 'NONE', #3495, .T. ) ;
#4876 = CARTESIAN_POINT ( 'NONE',  ( -27.51451523361913587, -1.000000000000000000, 13.36897872456435188 ) ) ;
#4877 = DIRECTION ( 'NONE',  ( 0.000000000000000000, 0.000000000000000000, -1.000000000000000000 ) ) ;
#4878 = CARTESIAN_POINT ( 'NONE',  ( -51.45025741577971701, -0.6000000000000000888, 9.458323040533736403 ) ) ;
#4879 = EDGE_CURVE ( 'NONE', #5909, #6191, #4872, .T. ) ;
#4880 = LINE ( 'NONE', #7553, #7906 ) ;
#4882 = VECTOR ( 'NONE', #5938, 1000.000000000000000 ) ;
#4881 = AXIS2_PLACEMENT_3D ( 'NONE', #5188, #6697, #1209 ) ;
#4883 = CARTESIAN_POINT ( 'NONE',  ( -23.97591531051655878, -0.6000000000000000888, 6.826744093165315164 ) ) ;
#4884 = CARTESIAN_POINT ( 'NONE',  ( -21.30000000000000071, 1.699999999999999956, -0.9000000000000000222 ) ) ;
#4885 = ORIENTED_EDGE ( 'NONE', *, *, #2606, .F. ) ;
#4886 = ORIENTED_EDGE ( 'NONE', *, *, #4734, .T. ) ;
#4887 = LINE ( 'NONE', #4302, #7996 ) ;
#4888 = CARTESIAN_POINT ( 'NONE',  ( -24.83857150996690777, -0.5999999999999998668, 12.98893199167539336 ) ) ;
#4889 = VECTOR ( 'NONE', #2535, 1000.000000000000000 ) ;
#4890 = CARTESIAN_POINT ( 'NONE',  ( -39.80749425788496154, -1.000000000000000000, 13.15240198790215764 ) ) ;
#4891 = CARTESIAN_POINT ( 'NONE',  ( -48.63371685740839467, 10.26878221735089980, 20.10000000000000142 ) ) ;
#4892 = CARTESIAN_POINT ( 'NONE',  ( -71.49974226119269360, 12.50083302491999859, 0.000000000000000000 ) ) ;
#4893 = VERTEX_POINT ( 'NONE', #2681 ) ;
#4894 = CARTESIAN_POINT ( 'NONE',  ( 7.100000000000000533, 3.499999999999994671, 9.599999999999999645 ) ) ;
#4895 = ORIENTED_EDGE ( 'NONE', *, *, #6751, .F. ) ;
#4896 = CYLINDRICAL_SURFACE ( 'NONE', #2212, 1.000000000000000222 ) ;
#4897 = DIRECTION ( 'NONE',  ( 0.5000000000000216493, 0.8660254037844261621, 0.000000000000000000 ) ) ;
#4898 = VERTEX_POINT ( 'NONE', #2818 ) ;
#4899 = CARTESIAN_POINT ( 'NONE',  ( -69.00000000000000000, -0.5000000000000004441, 20.10000000000000142 ) ) ;
#4900 = CARTESIAN_POINT ( 'NONE',  ( -43.48254497094686144, -1.000000000000000000, 13.16974093533125867 ) ) ;
#4901 = ORIENTED_EDGE ( 'NONE', *, *, #3591, .T. ) ;
#4902 = CARTESIAN_POINT ( 'NONE',  ( -52.14433636314813469, -0.6000000000000000888, 5.353059882638999234 ) ) ;
#4903 = ORIENTED_EDGE ( 'NONE', *, *, #331, .F. ) ;
#4904 = DIRECTION ( 'NONE',  ( 0.000000000000000000, 0.000000000000000000, 1.000000000000000000 ) ) ;
#4905 = EDGE_CURVE ( 'NONE', #4490, #935, #8318, .T. ) ;
#4906 = VECTOR ( 'NONE', #6080, 1000.000000000000000 ) ;
#4907 = CARTESIAN_POINT ( 'NONE',  ( 5.200000000000000178, 3.500000000000000000, 9.599999999999999645 ) ) ;
#4908 = CARTESIAN_POINT ( 'NONE',  ( -27.20453373156918531, -0.6000000000000000888, 9.144178303691631982 ) ) ;
#4909 = CARTESIAN_POINT ( 'NONE',  ( -23.97591531051655878, -1.000000000000000000, 11.19516514579689570 ) ) ;
#4910 = CARTESIAN_POINT ( 'NONE',  ( -26.54116777531292470, -0.6000000000000003109, 12.05442515963128969 ) ) ;
#4911 = ORIENTED_EDGE ( 'NONE', *, *, #5416, .F. ) ;
#4912 = CARTESIAN_POINT ( 'NONE',  ( -27.03034128547062664, -0.6000000000000000888, 12.08736108273493315 ) ) ;
#4913 = ORIENTED_EDGE ( 'NONE', *, *, #8513, .T. ) ;
#4914 = CARTESIAN_POINT ( 'NONE',  ( -19.42854688946392017, -0.6000000000000000888, 6.826744093165315164 ) ) ;
#4915 = CIRCLE ( 'NONE', #1631, 1.899999999999999023 ) ;
#4916 = LINE ( 'NONE', #7097, #8368 ) ;
#4917 = ADVANCED_FACE ( 'NONE', ( #3446 ), #2189, .T. ) ;
#4918 = EDGE_CURVE ( 'NONE', #8563, #4126, #4756, .T. ) ;
#4919 = CARTESIAN_POINT ( 'NONE',  ( -9.392150697963900896, 1.699999999999999956, 0.000000000000000000 ) ) ;
#4920 = PLANE ( 'NONE',  #1536 ) ;
#4921 = LINE ( 'NONE', #6213, #4341 ) ;
#4922 = LINE ( 'NONE', #2093, #8756 ) ;
#4923 = CARTESIAN_POINT ( 'NONE',  ( -24.00000000000000000, 7.016154273188029755, -0.9000000000000000222 ) ) ;
#4924 = CARTESIAN_POINT ( 'NONE',  ( -24.07035355085521999, -0.5999999999999996447, 10.44040175843616503 ) ) ;
#4925 = VERTEX_POINT ( 'NONE', #6181 ) ;
#4926 = EDGE_CURVE ( 'NONE', #4457, #97, #60, .T. ) ;
#4927 = CARTESIAN_POINT ( 'NONE',  ( -26.33895206231465735, -0.6000000000000000888, 9.838943678661337344 ) ) ;
#4928 = DIRECTION ( 'NONE',  ( -0.000000000000000000, -1.000000000000000000, -0.000000000000000000 ) ) ;
#4929 = PLANE ( 'NONE',  #2658 ) ;
#4930 = CARTESIAN_POINT ( 'NONE',  ( -50.23534124308987714, -0.6000000000000003109, 11.49799743305849908 ) ) ;
#4931 = VECTOR ( 'NONE', #3341, 1000.000000000000000 ) ;
#4932 = DIRECTION ( 'NONE',  ( 0.000000000000000000, 0.000000000000000000, 1.000000000000000000 ) ) ;
#4933 = ORIENTED_EDGE ( 'NONE', *, *, #1129, .F. ) ;
#4934 = CARTESIAN_POINT ( 'NONE',  ( -67.43397459621556322, 8.497649730810350022, 20.10000000000000142 ) ) ;
#4935 = CARTESIAN_POINT ( 'NONE',  ( -18.54861267893760512, -0.6000000000000000888, 13.45832304053373818 ) ) ;
#4936 = VERTEX_POINT ( 'NONE', #2861 ) ;
#4937 = CARTESIAN_POINT ( 'NONE',  ( -45.11890423313316489, -0.6000000000000003109, 11.97074823795775877 ) ) ;
#4938 = CARTESIAN_POINT ( 'NONE',  ( -19.42738269620814151, -0.6000000000000003109, 6.853208813283835354 ) ) ;
#4939 = AXIS2_PLACEMENT_3D ( 'NONE', #6948, #111, #3133 ) ;
#4940 = VECTOR ( 'NONE', #4470, 1000.000000000000000 ) ;
#4941 = VECTOR ( 'NONE', #5752, 1000.000000000000000 ) ;
#4942 = ORIENTED_EDGE ( 'NONE', *, *, #870, .F. ) ;
#4943 = CARTESIAN_POINT ( 'NONE',  ( -30.42915978271929944, 1.699999999999999956, 20.10000000000000142 ) ) ;
#4944 = DIRECTION ( 'NONE',  ( 0.000000000000000000, 0.000000000000000000, 1.000000000000000000 ) ) ;
#4945 = EDGE_CURVE ( 'NONE', #1066, #7779, #5514, .T. ) ;
#4946 = VERTEX_POINT ( 'NONE', #8230 ) ;
#4947 = FACE_OUTER_BOUND ( 'NONE', #3624, .T. ) ;
#4948 = EDGE_LOOP ( 'NONE', ( #1204, #8457, #4816, #8238 ) ) ;
#4949 = CARTESIAN_POINT ( 'NONE',  ( 1.700000000000000400, 2.999999999999592326, 10.98516233662228991 ) ) ;
#4950 = CARTESIAN_POINT ( 'NONE',  ( -16.89779320872035484, -1.000000000000000444, 9.100084778766696303 ) ) ;
#4951 = CARTESIAN_POINT ( 'NONE',  ( -15.96137299793352504, -0.6000000000000003109, 11.44508034414950792 ) ) ;
#4952 = CARTESIAN_POINT ( 'NONE',  ( -25.82820748744522277, -1.000000000000000222, 11.48517068482052572 ) ) ;
#4953 = EDGE_LOOP ( 'NONE', ( #8076, #1633, #6427, #6749 ) ) ;
#4954 = EDGE_CURVE ( 'NONE', #3634, #6826, #5601, .T. ) ;
#4955 = DIRECTION ( 'NONE',  ( 0.000000000000000000, 0.000000000000000000, 1.000000000000000000 ) ) ;
#4956 = VERTEX_POINT ( 'NONE', #1446 ) ;
#4957 = FACE_OUTER_BOUND ( 'NONE', #3548, .T. ) ;
#4958 = DIRECTION ( 'NONE',  ( 0.000000000000000000, 0.000000000000000000, -1.000000000000000000 ) ) ;
#4959 = AXIS2_PLACEMENT_3D ( 'NONE', #810, #5632, #8308 ) ;
#4960 = CIRCLE ( 'NONE', #7098, 0.9999999999999592548 ) ;
#4961 = CARTESIAN_POINT ( 'NONE',  ( -0.4999999999999895084, 7.882179676972460136, -0.9000000000000000222 ) ) ;
#4962 = CARTESIAN_POINT ( 'NONE',  ( -26.05486267893761010, -1.000000000000000000, 8.232994093165316940 ) ) ;
#4963 = DIRECTION ( 'NONE',  ( -0.8660254037881351952, 0.4999999999935973993, 0.000000000000000000 ) ) ;
#4964 = AXIS2_PLACEMENT_3D ( 'NONE', #6682, #4684, #27 ) ;
#4965 = CARTESIAN_POINT ( 'NONE',  ( -27.09261432773257283, -0.5999999999999998668, 9.225014081453197790 ) ) ;
#4966 = CARTESIAN_POINT ( 'NONE',  ( -49.59964268369746776, 10.00996317224837817, 0.000000000000000000 ) ) ;
#4967 = EDGE_CURVE ( 'NONE', #3936, #4781, #7563, .T. ) ;
#4968 = EDGE_CURVE ( 'NONE', #2255, #2438, #4172, .T. ) ;
#4969 = LINE ( 'NONE', #8493, #84 ) ;
#4970 = VECTOR ( 'NONE', #4641, 1000.000000000000000 ) ;
#4971 = ORIENTED_EDGE ( 'NONE', *, *, #5015, .F. ) ;
#4972 = DIRECTION ( 'NONE',  ( -0.7071067811865489050, -0.7071067811865460184, 8.659560562354925463E-17 ) ) ;
#4973 = CARTESIAN_POINT ( 'NONE',  ( -41.46868817251289840, -0.6000000000000000888, 6.831320152263092638 ) ) ;
#4974 = CARTESIAN_POINT ( 'NONE',  ( -57.92804908282614917, 1.700000000000006617, 19.40000000000000213 ) ) ;
#4975 = EDGE_CURVE ( 'NONE', #4150, #1734, #7609, .T. ) ;
#4976 = ADVANCED_FACE ( 'NONE', ( #8274 ), #6942, .T. ) ;
#4977 = CARTESIAN_POINT ( 'NONE',  ( -42.08545478420074915, -0.6000000000000000888, 5.247796724744262065 ) ) ;
#4978 = AXIS2_PLACEMENT_3D ( 'NONE', #3823, #8647, #7401 ) ;
#4979 = ORIENTED_EDGE ( 'NONE', *, *, #4852, .F. ) ;
#4980 = CARTESIAN_POINT ( 'NONE',  ( -5.988788074241973902, 3.457628406783279651, 7.650000000000015454 ) ) ;
#4981 = FACE_OUTER_BOUND ( 'NONE', #4749, .T. ) ;
#4982 = ORIENTED_EDGE ( 'NONE', *, *, #4918, .T. ) ;
#4983 = CARTESIAN_POINT ( 'NONE',  ( -19.43672119922842256, -0.5999999999999998668, 12.04114164335061332 ) ) ;
#4984 = CARTESIAN_POINT ( 'NONE',  ( -23.00000000000000711, 7.016154273188029755, 20.10000000000000142 ) ) ;
#4985 = VERTEX_POINT ( 'NONE', #6982 ) ;
#4986 = ORIENTED_EDGE ( 'NONE', *, *, #5831, .T. ) ;
#4987 = CARTESIAN_POINT ( 'NONE',  ( -26.14447713803232887, -0.6000000000000000888, 8.171393628204475235 ) ) ;
#4988 = VERTEX_POINT ( 'NONE', #2281 ) ;
#4989 = CARTESIAN_POINT ( 'NONE',  ( -10.93291132015955469, -0.6000000000000000888, 11.46858551347443900 ) ) ;
#4990 = ORIENTED_EDGE ( 'NONE', *, *, #6813, .F. ) ;
#4991 = VECTOR ( 'NONE', #1988, 1000.000000000000114 ) ;
#4992 = PLANE ( 'NONE',  #1086 ) ;
#4993 = B_SPLINE_SURFACE_WITH_KNOTS ( 'NONE', 3, 1, ( 
 ( #956, #6406 ),
 ( #3805, #6538 ),
 ( #7251, #4441 ),
 ( #6455, #5071 ),
 ( #1133, #3849 ),
 ( #283, #8460 ),
 ( #7793, #329 ),
 ( #8510, #2372 ),
 ( #5117, #1045 ),
 ( #3764, #6494 ),
 ( #373, #3304 ),
 ( #1269, #5996 ),
 ( #5913, #2504 ),
 ( #8722, #5375 ),
 ( #5420, #5240 ),
 ( #8766, #5330 ),
 ( #7964, #5282 ),
 ( #4620, #1844 ),
 ( #4573, #4669 ) ),
 .UNSPECIFIED., .F., .F., .F.,
 ( 4, 1, 1, 1, 1, 1, 1, 1, 1, 1, 1, 1, 1, 1, 1, 1, 4 ),
 ( 2, 2 ),
 ( 0.000000000000000000, 0.08025546118193611911, 0.1560253366422813259, 0.2269471657629634209, 0.2932845784651018639, 0.3563626651369851128, 0.4159377605216039164, 0.4729767660701740262, 0.5281866346761215913, 0.5823459949256202250, 0.6363356725614540688, 0.6906849866867439403, 0.7468192438691019230, 0.8051697152379013733, 0.8663981846140015319, 0.9313960459285153259, 1.000000000000000000 ),
 ( 0.000000000000000000, 1.000000000000000000 ),
 .UNSPECIFIED. ) ;
#4994 = DIRECTION ( 'NONE',  ( -0.8660254037844257180, 0.5000000000000225375, 0.000000000000000000 ) ) ;
#4995 = CARTESIAN_POINT ( 'NONE',  ( -49.00056448051102365, -0.9999999999999995559, 8.831632689562095351 ) ) ;
#4996 = ORIENTED_EDGE ( 'NONE', *, *, #4675, .T. ) ;
#4997 = CARTESIAN_POINT ( 'NONE',  ( -26.02976485977115573, -0.6000000000000000888, 11.80173094658537281 ) ) ;
#4998 = ORIENTED_EDGE ( 'NONE', *, *, #3482, .F. ) ;
#4999 = DIRECTION ( 'NONE',  ( 0.000000000000000000, 0.000000000000000000, -1.000000000000000000 ) ) ;
#5000 = CARTESIAN_POINT ( 'NONE',  ( -32.19933037493642303, 0.4339745962156045800, 19.40000000000000213 ) ) ;
#5001 = ORIENTED_EDGE ( 'NONE', *, *, #8645, .F. ) ;
#5002 = CARTESIAN_POINT ( 'NONE',  ( 14.24374768689829907, 10.80140831103240018, -0.9000000000000000222 ) ) ;
#5003 = CARTESIAN_POINT ( 'NONE',  ( -10.92804908282616161, 1.432050807568885142, 19.40000000000000213 ) ) ;
#5004 = CARTESIAN_POINT ( 'NONE',  ( -29.34433636314813398, -1.000000000000000000, 5.353059882638999234 ) ) ;
#5005 = EDGE_CURVE ( 'NONE', #5961, #6645, #3576, .T. ) ;
#5006 = PLANE ( 'NONE',  #4361 ) ;
#5007 = CARTESIAN_POINT ( 'NONE',  ( -21.43397459621555967, 8.497649730810351798, 20.10000000000000142 ) ) ;
#5008 = CARTESIAN_POINT ( 'NONE',  ( -25.76982395208723275, -0.9999999999999997780, 10.93922927633373021 ) ) ;
#5009 = CARTESIAN_POINT ( 'NONE',  ( 13.80066962506357520, 0.4339745962156045800, 19.40000000000000213 ) ) ;
#5010 = DIRECTION ( 'NONE',  ( 0.000000000000000000, 0.000000000000000000, -1.000000000000000000 ) ) ;
#5011 = VECTOR ( 'NONE', #8372, 1000.000000000000000 ) ;
#5012 = VERTEX_POINT ( 'NONE', #2905 ) ;
#5013 = CARTESIAN_POINT ( 'NONE',  ( -21.32095689325149834, -0.5999999999999998668, 6.071964961956900275 ) ) ;
#5014 = CARTESIAN_POINT ( 'NONE',  ( -20.90223109999023876, -1.000000000000000000, 12.78727040895478950 ) ) ;
#5015 = EDGE_CURVE ( 'NONE', #621, #4353, #2631, .T. ) ;
#5016 = CARTESIAN_POINT ( 'NONE',  ( -39.80749425788496154, -0.6000000000000000888, 13.15240198790215764 ) ) ;
#5018 = AXIS2_PLACEMENT_3D ( 'NONE', #210, #2924, #6374 ) ;
#5017 = VECTOR ( 'NONE', #4699, 1000.000000000000000 ) ;
#5019 = CARTESIAN_POINT ( 'NONE',  ( -16.48154462172413659, -1.000000000000000000, 12.69506190363836140 ) ) ;
#5020 = DIRECTION ( 'NONE',  ( -1.000000000000000000, 2.657184803002740111E-15, 0.000000000000000000 ) ) ;
#5021 = EDGE_LOOP ( 'NONE', ( #2608, #432, #5260, #6503, #5082, #1458, #96, #7993 ) ) ;
#5022 = CARTESIAN_POINT ( 'NONE',  ( -46.20788383248146403, 11.87044826720278934, 11.75000000000000355 ) ) ;
#5023 = VECTOR ( 'NONE', #939, 1000.000000000000000 ) ;
#5024 = EDGE_LOOP ( 'NONE', ( #2475, #5114, #1560, #8371 ) ) ;
#5025 = CARTESIAN_POINT ( 'NONE',  ( -44.12328373156917394, -0.6000000000000000888, 9.308651987902157643 ) ) ;
#5026 = ADVANCED_FACE ( 'NONE', ( #3580 ), #6314, .T. ) ;
#5027 = EDGE_CURVE ( 'NONE', #4108, #5530, #7315, .T. ) ;
#5028 = CARTESIAN_POINT ( 'NONE',  ( -10.26227450235789362, -1.000000000000000000, 13.39894046658763038 ) ) ;
#5029 = EDGE_CURVE ( 'NONE', #1939, #1440, #8410, .T. ) ;
#5030 = ORIENTED_EDGE ( 'NONE', *, *, #4879, .F. ) ;
#5031 = ORIENTED_EDGE ( 'NONE', *, *, #6582, .F. ) ;
#5032 = CARTESIAN_POINT ( 'NONE',  ( -2.633716857408380019, 10.26878221735089980, -0.9000000000000000222 ) ) ;
#5033 = ORIENTED_EDGE ( 'NONE', *, *, #4479, .F. ) ;
#5034 = DIRECTION ( 'NONE',  ( 1.000000000000000000, 0.000000000000000000, 0.000000000000000000 ) ) ;
#5035 = ORIENTED_EDGE ( 'NONE', *, *, #550, .T. ) ;
#5036 = DIRECTION ( 'NONE',  ( -1.000000000000000000, 0.000000000000000000, 0.000000000000000000 ) ) ;
#5037 = EDGE_CURVE ( 'NONE', #5899, #3865, #3684, .T. ) ;
#5038 = CARTESIAN_POINT ( 'NONE',  ( -46.01802057367443410, -0.6000000000000000888, 9.183651987902157643 ) ) ;
#5039 = CARTESIAN_POINT ( 'NONE',  ( -26.89109785989447943, -0.6000000000000003109, 13.45325607948604052 ) ) ;
#5040 = EDGE_LOOP ( 'NONE', ( #7093, #1208, #1929, #8735, #1287, #7488, #490, #806, #5845, #2617, #6107, #1805, #859, #3191, #1645, #7851, #2740, #4836, #1737, #4810, #3232, #2296, #6950, #7592, #5258, #5664, #4071, #7078, #6764, #5132, #4123, #6637, #4344, #8548, #7364, #8085, #688, #8181, #6369, #7734, #3000, #3958, #6906, #3768, #212, #4437, #75, #6739, #5396, #2877, #7204, #5942, #3592, #4317, #6876, #4406, #7834, #3056, #8375, #8468, #7305, #4715, #4982, #3736, #1394, #4986, #4582, #4719, #7327, #6675, #6889, #8247, #1597, #6673, #5179, #5357, #4140, #731, #2250, #555, #448, #7840, #572, #2448, #5045, #890, #1551, #2558, #4290, #3272, #2333, #6986, #8140, #2066, #8629, #7394, #4373, #5710, #52 ) ) ;
#5041 = CARTESIAN_POINT ( 'NONE',  ( -18.87535136902129196, -0.9999999999999995559, 12.08870593368865975 ) ) ;
#5042 = EDGE_LOOP ( 'NONE', ( #5890, #5286, #7845, #5526 ) ) ;
#5043 = DIRECTION ( 'NONE',  ( -0.5000000000000061062, -0.8660254037844351549, -6.700788708272413701E-17 ) ) ;
#5044 = CARTESIAN_POINT ( 'NONE',  ( -27.20204539831278723, -0.6000000000000003109, 12.08226882825182358 ) ) ;
#5045 = ORIENTED_EDGE ( 'NONE', *, *, #5686, .T. ) ;
#5046 = LINE ( 'NONE', #4380, #1448 ) ;
#5047 = ORIENTED_EDGE ( 'NONE', *, *, #5037, .T. ) ;
#5048 = DIRECTION ( 'NONE',  ( 1.000000000000000000, -2.891205793294679411E-15, 0.000000000000000000 ) ) ;
#5049 = DIRECTION ( 'NONE',  ( 0.000000000000000000, 0.000000000000000000, -1.000000000000000000 ) ) ;
#5050 = DIRECTION ( 'NONE',  ( 0.000000000000000000, -0.000000000000000000, 1.000000000000000000 ) ) ;
#5051 = CARTESIAN_POINT ( 'NONE',  ( -43.34631020348072639, -0.5999999999999996447, 5.391338035496752390 ) ) ;
#5052 = B_SPLINE_CURVE_WITH_KNOTS ( 'NONE', 3,
 ( #7099, #982, #3698, #5765, #8487, #8824, #1234, #7485, #5387, #4763, #3408 ),
 .UNSPECIFIED., .F., .F.,
 ( 4, 1, 1, 1, 1, 1, 1, 1, 4 ),
 ( 0.000000000000000000, 0.1242180585141686722, 0.2472068381769285117, 0.3696516862116497881, 0.4928776809722381080, 0.6164737459698425015, 0.7421957864292834106, 0.8693919454153733462, 1.000000000000000000 ),
 .UNSPECIFIED. ) ;
#5053 = CARTESIAN_POINT ( 'NONE',  ( -70.69974226119960292, 13.88647367098246121, -0.9000000000000000222 ) ) ;
#5054 = CARTESIAN_POINT ( 'NONE',  ( -41.72690215262179692, -0.9999999999999995559, 6.826744093165315164 ) ) ;
#5055 = VECTOR ( 'NONE', #707, 1000.000000000000000 ) ;
#5056 = CARTESIAN_POINT ( 'NONE',  ( -23.97591531051655878, -0.6000000000000000888, 11.19516514579689570 ) ) ;
#5057 = ORIENTED_EDGE ( 'NONE', *, *, #8412, .T. ) ;
#5058 = EDGE_CURVE ( 'NONE', #4781, #1147, #6704, .T. ) ;
#5059 = CARTESIAN_POINT ( 'NONE',  ( -21.27507955755600833, -0.5999999999999998668, 6.546269095387323489 ) ) ;
#5060 = LINE ( 'NONE', #2947, #5311 ) ;
#5061 = VECTOR ( 'NONE', #7509, 1000.000000000000000 ) ;
#5062 = VECTOR ( 'NONE', #2142, 1000.000000000000000 ) ;
#5063 = CARTESIAN_POINT ( 'NONE',  ( -43.96423487988918311, -1.000000000000000222, 8.290303515714006366 ) ) ;
#5064 = CARTESIAN_POINT ( 'NONE',  ( -18.03381004735866000, -0.6000000000000000888, 8.232994093165316940 ) ) ;
#5065 = CARTESIAN_POINT ( 'NONE',  ( -50.83477570816024382, -0.5999999999999998668, 11.91036730736978377 ) ) ;
#5066 = EDGE_CURVE ( 'NONE', #1402, #5974, #7875, .T. ) ;
#5067 = VERTEX_POINT ( 'NONE', #1753 ) ;
#5068 = CARTESIAN_POINT ( 'NONE',  ( -52.14433636314813469, -1.000000000000000000, 5.353059882638999234 ) ) ;
#5069 = ORIENTED_EDGE ( 'NONE', *, *, #1409, .T. ) ;
#5070 = VECTOR ( 'NONE', #328, 1000.000000000000000 ) ;
#5071 = CARTESIAN_POINT ( 'NONE',  ( -50.44215671951913293, -0.9999999999999997780, 13.31863494924957259 ) ) ;
#5072 = CARTESIAN_POINT ( 'NONE',  ( -53.90625231310169596, 12.27365149746590056, -0.9000000000000000222 ) ) ;
#5073 = AXIS2_PLACEMENT_3D ( 'NONE', #8127, #5356, #8084 ) ;
#5074 = AXIS2_PLACEMENT_3D ( 'NONE', #2613, #1913, #6602 ) ;
#5075 = EDGE_LOOP ( 'NONE', ( #3775, #2797, #5205, #5584 ) ) ;
#5076 = EDGE_CURVE ( 'NONE', #7356, #4946, #1217, .T. ) ;
#5077 = ORIENTED_EDGE ( 'NONE', *, *, #4020, .T. ) ;
#5078 = ADVANCED_FACE ( 'NONE', ( #7916 ), #5324, .T. ) ;
#5079 = CARTESIAN_POINT ( 'NONE',  ( -16.22049641171686929, -0.9999999999999997780, 10.00757015016720253 ) ) ;
#5080 = ORIENTED_EDGE ( 'NONE', *, *, #6534, .T. ) ;
#5081 = LINE ( 'NONE', #2295, #3669 ) ;
#5082 = ORIENTED_EDGE ( 'NONE', *, *, #3745, .T. ) ;
#5083 = DIRECTION ( 'NONE',  ( -0.9659258262890685343, -0.2588190451025203509, 0.000000000000000000 ) ) ;
#5084 = CARTESIAN_POINT ( 'NONE',  ( -18.64606814734653994, -0.9999999999999997780, 12.07566957060192259 ) ) ;
#5085 = CARTESIAN_POINT ( 'NONE',  ( -48.35293476897723508, -0.6000000000000000888, 9.698575200008773933 ) ) ;
#5086 = VERTEX_POINT ( 'NONE', #5951 ) ;
#5087 = CARTESIAN_POINT ( 'NONE',  ( -16.12656316330597406, -0.9999999999999997780, 12.13312336911525335 ) ) ;
#5088 = ORIENTED_EDGE ( 'NONE', *, *, #2487, .T. ) ;
#5089 = CARTESIAN_POINT ( 'NONE',  ( -49.70195831909965989, 8.691600689896679555, 20.10000000000000142 ) ) ;
#5090 = EDGE_CURVE ( 'NONE', #3451, #3936, #4481, .T. ) ;
#5091 = FACE_OUTER_BOUND ( 'NONE', #8258, .T. ) ;
#5092 = ORIENTED_EDGE ( 'NONE', *, *, #6139, .F. ) ;
#5093 = CARTESIAN_POINT ( 'NONE',  ( -67.29999999999999716, 1.699999999999999956, 12.88481354113129917 ) ) ;
#5094 = VERTEX_POINT ( 'NONE', #455 ) ;
#5095 = CARTESIAN_POINT ( 'NONE',  ( -41.62657320525338633, -1.000000000000000000, 11.87937567211268330 ) ) ;
#5096 = DIRECTION ( 'NONE',  ( 0.8660254037844395958, 0.4999999999999985567, 0.000000000000000000 ) ) ;
#5097 = LINE ( 'NONE', #5853, #1357 ) ;
#5098 = CARTESIAN_POINT ( 'NONE',  ( -72.59964268369742513, 10.00996317224838883, -0.9000000000000000222 ) ) ;
#5099 = CARTESIAN_POINT ( 'NONE',  ( -44.12328373156917394, -1.000000000000000000, 9.308651987902157643 ) ) ;
#5100 = DIRECTION ( 'NONE',  ( 2.657184803002740111E-15, 1.000000000000000000, 0.000000000000000000 ) ) ;
#5101 = CARTESIAN_POINT ( 'NONE',  ( 18.33105438279289601, 9.480831174438428377, 19.40000000000000213 ) ) ;
#5102 = EDGE_LOOP ( 'NONE', ( #6694, #165, #3676, #2055 ) ) ;
#5103 = CARTESIAN_POINT ( 'NONE',  ( -18.92361267893760868, -1.000000000000000000, 12.08990198790215764 ) ) ;
#5104 = CIRCLE ( 'NONE', #6241, 1.000000000000000888 ) ;
#5105 = VECTOR ( 'NONE', #8175, 1000.000000000000000 ) ;
#5106 = B_SPLINE_CURVE_WITH_KNOTS ( 'NONE', 3,
 ( #4073, #98, #8182, #7606, #143, #3395, #2766, #3441, #6177, #5419, #1533 ),
 .UNSPECIFIED., .F., .F.,
 ( 4, 1, 1, 1, 1, 1, 1, 1, 4 ),
 ( 0.000000000000000000, 0.1061423706777562537, 0.2163113850479786160, 0.3318822470816424897, 0.4527507471107638515, 0.5796221109945302041, 0.7133990261055831450, 0.8529446710950195909, 1.000000000000000000 ),
 .UNSPECIFIED. ) ;
#5107 = DIRECTION ( 'NONE',  ( 0.000000000000000000, 0.000000000000000000, 1.000000000000000000 ) ) ;
#5108 = CARTESIAN_POINT ( 'NONE',  ( -1.301042606982605321E-15, 7.016154273188029755, 20.10000000000000142 ) ) ;
#5109 = FACE_OUTER_BOUND ( 'NONE', #2202, .T. ) ;
#5110 = CARTESIAN_POINT ( 'NONE',  ( -43.06711176712548905, -0.6000000000000003109, 11.49330898057880646 ) ) ;
#5111 = EDGE_CURVE ( 'NONE', #4867, #4853, #7208, .T. ) ;
#5112 = CIRCLE ( 'NONE', #2667, 1.900000000000000577 ) ;
#5113 = CARTESIAN_POINT ( 'NONE',  ( -25.23012701892220377, 11.76782032302750025, 0.000000000000000000 ) ) ;
#5114 = ORIENTED_EDGE ( 'NONE', *, *, #2922, .F. ) ;
#5115 = DIRECTION ( 'NONE',  ( -0.000000000000000000, -1.000000000000000000, -0.000000000000000000 ) ) ;
#5116 = VERTEX_POINT ( 'NONE', #6533 ) ;
#5117 = CARTESIAN_POINT ( 'NONE',  ( -49.09125550325477150, -0.6000000000000003109, 12.86857874154256365 ) ) ;
#5118 = CARTESIAN_POINT ( 'NONE',  ( -26.05486267893761010, -0.6000000000000000888, 8.232994093165316940 ) ) ;
#5119 = EDGE_CURVE ( 'NONE', #4521, #7129, #5277, .T. ) ;
#5120 = ORIENTED_EDGE ( 'NONE', *, *, #6654, .T. ) ;
#5121 = ORIENTED_EDGE ( 'NONE', *, *, #5029, .F. ) ;
#5122 = CARTESIAN_POINT ( 'NONE',  ( -16.58801323664577509, -0.6000000000000003109, 9.436308346986304940 ) ) ;
#5123 = VERTEX_POINT ( 'NONE', #4520 ) ;
#5124 = CARTESIAN_POINT ( 'NONE',  ( -19.17887231106379531, -0.5999999999999998668, 7.334199025909230230 ) ) ;
#5125 = VECTOR ( 'NONE', #6197, 1000.000000000000000 ) ;
#5126 = ORIENTED_EDGE ( 'NONE', *, *, #4918, .F. ) ;
#5127 = DIRECTION ( 'NONE',  ( -0.000000000000000000, -1.000000000000000000, -0.000000000000000000 ) ) ;
#5128 = EDGE_CURVE ( 'NONE', #7709, #8370, #7246, .T. ) ;
#5129 = CARTESIAN_POINT ( 'NONE',  ( -48.62453245112172340, -0.5999999999999998668, 9.235462373883432718 ) ) ;
#5130 = ORIENTED_EDGE ( 'NONE', *, *, #8090, .F. ) ;
#5131 = CARTESIAN_POINT ( 'NONE',  ( -17.74877132050828266, -0.5999999999999998668, 10.93922927633373021 ) ) ;
#5132 = ORIENTED_EDGE ( 'NONE', *, *, #8141, .T. ) ;
#5133 = FACE_OUTER_BOUND ( 'NONE', #6409, .T. ) ;
#5134 = CARTESIAN_POINT ( 'NONE',  ( -48.28371685740840036, 10.87500000000000000, 0.000000000000000000 ) ) ;
#5135 = VECTOR ( 'NONE', #1935, 1000.000000000000000 ) ;
#5136 = VERTEX_POINT ( 'NONE', #3800 ) ;
#5137 = CARTESIAN_POINT ( 'NONE',  ( -31.36538899472707342, -1.000000000000000000, 13.35305988263899835 ) ) ;
#5138 = EDGE_LOOP ( 'NONE', ( #6351, #6137, #1903, #1285 ) ) ;
#5139 = CARTESIAN_POINT ( 'NONE',  ( -40.21923710052491430, -0.5999999999999996447, 11.58615879277497029 ) ) ;
#5140 = EDGE_CURVE ( 'NONE', #6186, #1306, #8588, .T. ) ;
#5141 = ADVANCED_FACE ( 'NONE', ( #3934 ), #1128, .F. ) ;
#5142 = PLANE ( 'NONE',  #5360 ) ;
#5143 = CARTESIAN_POINT ( 'NONE',  ( -45.76129807924282744, -0.5999999999999998668, 7.576105151623785616 ) ) ;
#5144 = DIRECTION ( 'NONE',  ( 0.000000000000000000, 0.000000000000000000, -1.000000000000000000 ) ) ;
#5145 = CARTESIAN_POINT ( 'NONE',  ( -39.80749425788496154, -1.000000000000000000, 7.353059882638998346 ) ) ;
#5146 = CARTESIAN_POINT ( 'NONE',  ( -44.03125784386730146, -1.000000000000000000, 10.12542089263933853 ) ) ;
#5147 = ORIENTED_EDGE ( 'NONE', *, *, #1783, .T. ) ;
#5148 = CARTESIAN_POINT ( 'NONE',  ( -51.45025741577971701, -1.000000000000000000, 11.98463883000742136 ) ) ;
#5149 = CARTESIAN_POINT ( 'NONE',  ( -27.66894561720710044, 9.480831174438428377, 19.40000000000000213 ) ) ;
#5150 = LINE ( 'NONE', #1076, #6453 ) ;
#5151 = EDGE_CURVE ( 'NONE', #565, #4270, #1263, .T. ) ;
#5152 = CARTESIAN_POINT ( 'NONE',  ( -42.71379303610329004, -1.000000000000000000, 6.989265806664327840 ) ) ;
#5153 = LINE ( 'NONE', #5064, #6049 ) ;
#5154 = CARTESIAN_POINT ( 'NONE',  ( -45.95858228662212497, -0.6000000000000003109, 8.339240040982016211 ) ) ;
#5155 = ORIENTED_EDGE ( 'NONE', *, *, #6932, .F. ) ;
#5156 = DIRECTION ( 'NONE',  ( -0.000000000000000000, -1.000000000000000000, -0.000000000000000000 ) ) ;
#5157 = LINE ( 'NONE', #3804, #1439 ) ;
#5159 = CIRCLE ( 'NONE', #1303, 4.799999999999999822 ) ;
#5158 = AXIS2_PLACEMENT_3D ( 'NONE', #4035, #6050, #8772 ) ;
#5160 = DIRECTION ( 'NONE',  ( 0.000000000000000000, -1.000000000000000000, 0.000000000000000000 ) ) ;
#5161 = DIRECTION ( 'NONE',  ( -1.000000000000000000, 2.657184803002740111E-15, 0.000000000000000000 ) ) ;
#5162 = VECTOR ( 'NONE', #3035, 1000.000000000000000 ) ;
#5163 = ORIENTED_EDGE ( 'NONE', *, *, #5224, .F. ) ;
#5164 = ORIENTED_EDGE ( 'NONE', *, *, #2257, .T. ) ;
#5165 = CARTESIAN_POINT ( 'NONE',  ( 14.58934475965829947, -0.5000000000000000000, -0.9000000000000000222 ) ) ;
#5166 = ORIENTED_EDGE ( 'NONE', *, *, #7160, .F. ) ;
#5167 = LINE ( 'NONE', #337, #5529 ) ;
#5168 = ORIENTED_EDGE ( 'NONE', *, *, #915, .F. ) ;
#5169 = CARTESIAN_POINT ( 'NONE',  ( -54.75625231310170449, 10.80140831103240018, -0.9000000000000000222 ) ) ;
#5170 = CARTESIAN_POINT ( 'NONE',  ( -26.56966531051655522, -0.6000000000000000888, 13.45832304053373818 ) ) ;
#5171 = ORIENTED_EDGE ( 'NONE', *, *, #8529, .F. ) ;
#5172 = CARTESIAN_POINT ( 'NONE',  ( -16.04858515814862585, -1.000000000000000222, 11.91652698281619571 ) ) ;
#5173 = EDGE_LOOP ( 'NONE', ( #978, #5981, #7175, #7536 ) ) ;
#5174 = DIRECTION ( 'NONE',  ( -2.657184803002740111E-15, -1.000000000000000000, 0.000000000000000000 ) ) ;
#5175 = PLANE ( 'NONE',  #1444 ) ;
#5176 = ORIENTED_EDGE ( 'NONE', *, *, #4805, .F. ) ;
#5177 = EDGE_CURVE ( 'NONE', #8099, #4222, #3782, .T. ) ;
#5178 = CARTESIAN_POINT ( 'NONE',  ( -39.80749425788496154, -1.000000000000000000, 13.15240198790215764 ) ) ;
#5179 = ORIENTED_EDGE ( 'NONE', *, *, #50, .T. ) ;
#5180 = CARTESIAN_POINT ( 'NONE',  ( -39.87489220272798462, -0.5999999999999998668, 11.39518321019311564 ) ) ;
#5181 = CARTESIAN_POINT ( 'NONE',  ( -1.450704155516179927, 11.31782032302749919, 0.000000000000000000 ) ) ;
#5182 = CARTESIAN_POINT ( 'NONE',  ( -52.14433636314813469, -0.6000000000000000888, 5.353059882638999234 ) ) ;
#5183 = CARTESIAN_POINT ( 'NONE',  ( -44.12087236794346978, -1.000000000000000000, 9.404673076053921221 ) ) ;
#5184 = DIRECTION ( 'NONE',  ( -0.000000000000000000, -1.000000000000000000, -0.000000000000000000 ) ) ;
#5185 = CARTESIAN_POINT ( 'NONE',  ( -7.906252313101699514, 12.27365149746590056, -0.9000000000000000222 ) ) ;
#5186 = ORIENTED_EDGE ( 'NONE', *, *, #1341, .F. ) ;
#5187 = EDGE_CURVE ( 'NONE', #4946, #3690, #3251, .T. ) ;
#5188 = CARTESIAN_POINT ( 'NONE',  ( -25.96990751153079913, 9.423651497465280968, 0.000000000000000000 ) ) ;
#5189 = EDGE_CURVE ( 'NONE', #3264, #5094, #4868, .T. ) ;
#5190 = CARTESIAN_POINT ( 'NONE',  ( -3.701958319099625694, 8.691600689896679555, -0.9000000000000000222 ) ) ;
#5191 = CARTESIAN_POINT ( 'NONE',  ( -19.79259072650305029, -1.000000000000000222, 13.29364821499873983 ) ) ;
#5192 = PLANE ( 'NONE',  #6096 ) ;
#5193 = CIRCLE ( 'NONE', #2601, 2.000000000000001776 ) ;
#5194 = DIRECTION ( 'NONE',  ( 1.000000000000000000, 0.000000000000000000, 0.000000000000000000 ) ) ;
#5195 = CARTESIAN_POINT ( 'NONE',  ( -9.091704784200763001, -0.6000000000000000888, 5.353059882638999234 ) ) ;
#5196 = EDGE_CURVE ( 'NONE', #6575, #2843, #4835, .T. ) ;
#5197 = EDGE_LOOP ( 'NONE', ( #8285, #53, #2979, #2064 ) ) ;
#5198 = VECTOR ( 'NONE', #8264, 1000.000000000000227 ) ;
#5199 = CARTESIAN_POINT ( 'NONE',  ( -19.68963973913272980, -0.6000000000000003109, 11.97530667582238273 ) ) ;
#5200 = CARTESIAN_POINT ( 'NONE',  ( -40.89292505810868050, -1.000000000000000000, 11.80821662361342206 ) ) ;
#5201 = FACE_OUTER_BOUND ( 'NONE', #3123, .T. ) ;
#5202 = FACE_OUTER_BOUND ( 'NONE', #3516, .T. ) ;
#5203 = EDGE_LOOP ( 'NONE', ( #1274, #8696, #5930, #7178, #2676, #4274, #300, #8387, #5595, #3380, #3181, #7361, #2463 ) ) ;
#5204 = CARTESIAN_POINT ( 'NONE',  ( -16.04930091927627345, -0.5999999999999996447, 10.44040175843616503 ) ) ;
#5205 = ORIENTED_EDGE ( 'NONE', *, *, #7149, .T. ) ;
#5206 = DIRECTION ( 'NONE',  ( 0.5000000000000003331, 0.8660254037844384856, 0.000000000000000000 ) ) ;
#5207 = EDGE_LOOP ( 'NONE', ( #560, #4320, #7280, #7271, #5859 ) ) ;
#5208 = DIRECTION ( 'NONE',  ( 0.000000000000000000, 0.000000000000000000, -1.000000000000000000 ) ) ;
#5209 = CONICAL_SURFACE ( 'NONE', #8631, 2.999999999999999112, 0.7853981633974476129 ) ;
#5210 = CARTESIAN_POINT ( 'NONE',  ( -18.25682941676506488, -0.5999999999999998668, 13.45282866697923296 ) ) ;
#5211 = EDGE_LOOP ( 'NONE', ( #1652, #8559, #6598, #4825, #2944, #6054, #8594 ) ) ;
#5212 = EDGE_CURVE ( 'NONE', #3203, #5461, #1437, .T. ) ;
#5213 = CARTESIAN_POINT ( 'NONE',  ( -18.85941133449850327, -0.5999999999999996447, 9.378243449184864744 ) ) ;
#5214 = ORIENTED_EDGE ( 'NONE', *, *, #9, .F. ) ;
#5215 = DIRECTION ( 'NONE',  ( -1.239088197126290817E-16, 8.260587980841938780E-17, 1.000000000000000000 ) ) ;
#5216 = CARTESIAN_POINT ( 'NONE',  ( -40.70171990933618389, -1.000000000000000000, 13.38556068087545547 ) ) ;
#5217 = ORIENTED_EDGE ( 'NONE', *, *, #5774, .F. ) ;
#5218 = CARTESIAN_POINT ( 'NONE',  ( 5.200000000000000178, -1.000000000000000000, 9.599999999999999645 ) ) ;
#5219 = AXIS2_PLACEMENT_3D ( 'NONE', #5908, #542, #3981 ) ;
#5220 = ORIENTED_EDGE ( 'NONE', *, *, #1150, .T. ) ;
#5221 = CARTESIAN_POINT ( 'NONE',  ( -41.54263195046153356, -1.000000000000000000, 11.87782203073417087 ) ) ;
#5222 = LINE ( 'NONE', #6067, #6776 ) ;
#5223 = CARTESIAN_POINT ( 'NONE',  ( -21.00507900787838977, -1.000000000000000000, 7.298196685397028816 ) ) ;
#5224 = EDGE_CURVE ( 'NONE', #2916, #5702, #1078, .T. ) ;
#5225 = DIRECTION ( 'NONE',  ( 1.000000000000000000, -4.027909055100013937E-15, 0.000000000000000000 ) ) ;
#5226 = CARTESIAN_POINT ( 'NONE',  ( -39.80749425788496154, -0.6000000000000000888, 7.353059882638998346 ) ) ;
#5227 = CARTESIAN_POINT ( 'NONE',  ( -11.12420150553280074, 1.699999999999999956, -0.9000000000000000222 ) ) ;
#5228 = ORIENTED_EDGE ( 'NONE', *, *, #7000, .T. ) ;
#5229 = DIRECTION ( 'NONE',  ( 0.8660254037843730934, -0.5000000000001134648, 0.000000000000000000 ) ) ;
#5230 = CARTESIAN_POINT ( 'NONE',  ( 1.699999999999999956, 1.699999999999999956, 0.000000000000000000 ) ) ;
#5231 = CYLINDRICAL_SURFACE ( 'NONE', #8726, 0.9999999999999995559 ) ;
#5232 = CARTESIAN_POINT ( 'NONE',  ( -52.14433636314813469, -0.6000000000000000888, 8.089901987902157643 ) ) ;
#5233 = EDGE_CURVE ( 'NONE', #8049, #8568, #2717, .T. ) ;
#5234 = CARTESIAN_POINT ( 'NONE',  ( 16.40881119635939811, 9.551408311032400178, 19.40000000000000213 ) ) ;
#5235 = CARTESIAN_POINT ( 'NONE',  ( -50.96894561720709760, 8.961215932167760911, 19.40000000000000213 ) ) ;
#5236 = EDGE_LOOP ( 'NONE', ( #1231, #522, #7929, #5760 ) ) ;
#5237 = AXIS2_PLACEMENT_3D ( 'NONE', #5433, #2074, #1368 ) ;
#5238 = LINE ( 'NONE', #3985, #3579 ) ;
#5239 = CARTESIAN_POINT ( 'NONE',  ( -41.64021843971669057, -0.5999999999999998668, 6.828280298884699562 ) ) ;
#5240 = CARTESIAN_POINT ( 'NONE',  ( -48.24407621969716331, -1.000000000000000222, 11.66092198582440531 ) ) ;
#5241 = LINE ( 'NONE', #5072, #8693 ) ;
#5242 = AXIS2_PLACEMENT_3D ( 'NONE', #7785, #1621, #4393 ) ;
#5243 = VECTOR ( 'NONE', #4674, 1000.000000000000000 ) ;
#5244 = ADVANCED_FACE ( 'NONE', ( #2054 ), #7555, .T. ) ;
#5245 = EDGE_CURVE ( 'NONE', #2213, #759, #5504, .T. ) ;
#5246 = ORIENTED_EDGE ( 'NONE', *, *, #8561, .F. ) ;
#5247 = DIRECTION ( 'NONE',  ( 0.000000000000000000, 0.000000000000000000, -1.000000000000000000 ) ) ;
#5248 = ORIENTED_EDGE ( 'NONE', *, *, #604, .F. ) ;
#5249 = LINE ( 'NONE', #7928, #8807 ) ;
#5250 = ORIENTED_EDGE ( 'NONE', *, *, #6346, .T. ) ;
#5251 = CARTESIAN_POINT ( 'NONE',  ( -50.48498912895652779, -1.000000000000000000, 9.700936334354896218 ) ) ;
#5252 = CARTESIAN_POINT ( 'NONE',  ( 11.07195091717384372, 1.700000000000006617, -0.2000000000000000389 ) ) ;
#5253 = CARTESIAN_POINT ( 'NONE',  ( -18.25682941676506488, -0.9999999999999997780, 13.45282866697923296 ) ) ;
#5254 = VERTEX_POINT ( 'NONE', #6933 ) ;
#5255 = ORIENTED_EDGE ( 'NONE', *, *, #4764, .F. ) ;
#5256 = CARTESIAN_POINT ( 'NONE',  ( -9.091704784200763001, -0.6000000000000000888, 13.45832304053373818 ) ) ;
#5257 = CARTESIAN_POINT ( 'NONE',  ( -25.63371685740840178, 10.26878221735089980, 20.10000000000000142 ) ) ;
#5258 = ORIENTED_EDGE ( 'NONE', *, *, #7858, .T. ) ;
#5259 = CARTESIAN_POINT ( 'NONE',  ( -51.70195831909960305, 8.691600689896679555, -0.9000000000000000222 ) ) ;
#5260 = ORIENTED_EDGE ( 'NONE', *, *, #8472, .T. ) ;
#5261 = FACE_OUTER_BOUND ( 'NONE', #1164, .T. ) ;
#5262 = CARTESIAN_POINT ( 'NONE',  ( -51.29400741577970990, -0.6000000000000000888, 8.089901987902157643 ) ) ;
#5263 = CARTESIAN_POINT ( 'NONE',  ( -21.32095689325149834, -0.9999999999999997780, 6.071964961956900275 ) ) ;
#5264 = CARTESIAN_POINT ( 'NONE',  ( 7.099999999999999645, 1.699999999999997735, 9.599999999999999645 ) ) ;
#5265 = LINE ( 'NONE', #1704, #6726 ) ;
#5266 = ORIENTED_EDGE ( 'NONE', *, *, #6202, .F. ) ;
#5267 = FACE_OUTER_BOUND ( 'NONE', #5278, .T. ) ;
#5268 = ORIENTED_EDGE ( 'NONE', *, *, #8452, .T. ) ;
#5269 = DIRECTION ( 'NONE',  ( 0.8660254037843717612, -0.5000000000001156852, 0.000000000000000000 ) ) ;
#5270 = ADVANCED_FACE ( 'NONE', ( #51 ), #8759, .T. ) ;
#5271 = CARTESIAN_POINT ( 'NONE',  ( -21.11890795778687746, -0.5999999999999996447, 7.063442957108943432 ) ) ;
#5272 = VECTOR ( 'NONE', #1589, 1000.000000000000000 ) ;
#5273 = CARTESIAN_POINT ( 'NONE',  ( -28.92328373156918886, -1.000000000000000000, 12.78727040895478950 ) ) ;
#5274 = LINE ( 'NONE', #5410, #7809 ) ;
#5275 = DIRECTION ( 'NONE',  ( 0.5000000000000003331, 0.8660254037844384856, 0.000000000000000000 ) ) ;
#5276 = CARTESIAN_POINT ( 'NONE',  ( -48.18486957734256038, -0.5999999999999998668, 11.38936656015555648 ) ) ;
#5277 = LINE ( 'NONE', #8672, #3345 ) ;
#5278 = EDGE_LOOP ( 'NONE', ( #5657, #7349, #1921, #3091, #6687, #7003, #5423, #6814 ) ) ;
#5279 = ADVANCED_FACE ( 'NONE', ( #1974 ), #8179, .T. ) ;
#5280 = LINE ( 'NONE', #7918, #1869 ) ;
#5281 = DIRECTION ( 'NONE',  ( 0.000000000000000000, 0.000000000000000000, -1.000000000000000000 ) ) ;
#5282 = CARTESIAN_POINT ( 'NONE',  ( -48.15064929207026978, -1.000000000000000222, 11.09791147849600890 ) ) ;
#5283 = DIRECTION ( 'NONE',  ( 0.000000000000000000, 0.000000000000000000, 1.000000000000000000 ) ) ;
#5284 = VECTOR ( 'NONE', #5596, 1000.000000000000000 ) ;
#5285 = CIRCLE ( 'NONE', #3872, 1.000000000000000888 ) ;
#5286 = ORIENTED_EDGE ( 'NONE', *, *, #2117, .F. ) ;
#5287 = LINE ( 'NONE', #8014, #2285 ) ;
#5288 = B_SPLINE_CURVE_WITH_KNOTS ( 'NONE', 3,
 ( #5857, #6480, #3160, #1159, #529, #3079, #1873, #5814, #7947, #4605, #5145 ),
 .UNSPECIFIED., .F., .F.,
 ( 4, 1, 1, 1, 1, 1, 1, 1, 4 ),
 ( 0.000000000000000000, 0.1290135847555134718, 0.2552928794162042103, 0.3802065797206067854, 0.5035318291440405991, 0.6266597861494624944, 0.7501793166744054053, 0.8746737302826989024, 1.000000000000000000 ),
 .UNSPECIFIED. ) ;
#5290 = VECTOR ( 'NONE', #4829, 1000.000000000000227 ) ;
#5289 = VECTOR ( 'NONE', #3113, 1000.000000000000227 ) ;
#5291 = ORIENTED_EDGE ( 'NONE', *, *, #208, .T. ) ;
#5292 = EDGE_CURVE ( 'NONE', #3590, #8225, #4554, .T. ) ;
#5293 = CARTESIAN_POINT ( 'NONE',  ( -18.79497014306826230, -0.5999999999999998668, 7.688095032606631740 ) ) ;
#5294 = EDGE_CURVE ( 'NONE', #7347, #8023, #1792, .T. ) ;
#5295 = ORIENTED_EDGE ( 'NONE', *, *, #1915, .T. ) ;
#5296 = CARTESIAN_POINT ( 'NONE',  ( -50.70778676851144695, -0.6000000000000000888, 9.580683613408742971 ) ) ;
#5297 = LINE ( 'NONE', #2645, #6557 ) ;
#5299 = VECTOR ( 'NONE', #2272, 1000.000000000000000 ) ;
#5298 = VECTOR ( 'NONE', #7236, 1000.000000000000000 ) ;
#5300 = LINE ( 'NONE', #6635, #4190 ) ;
#5301 = ORIENTED_EDGE ( 'NONE', *, *, #540, .F. ) ;
#5302 = VERTEX_POINT ( 'NONE', #6350 ) ;
#5303 = DIRECTION ( 'NONE',  ( -0.8660254037844311581, 0.5000000000000131006, 0.000000000000000000 ) ) ;
#5304 = CARTESIAN_POINT ( 'NONE',  ( -29.29613218913495842, -0.9999999999999997780, 6.546269095387323489 ) ) ;
#5305 = EDGE_CURVE ( 'NONE', #4413, #5309, #7825, .T. ) ;
#5306 = VERTEX_POINT ( 'NONE', #2183 ) ;
#5307 = LINE ( 'NONE', #7855, #4970 ) ;
#5308 = EDGE_CURVE ( 'NONE', #1020, #4898, #315, .T. ) ;
#5309 = VERTEX_POINT ( 'NONE', #3615 ) ;
#5310 = CARTESIAN_POINT ( 'NONE',  ( -50.30242278419683544, -0.6000000000000003109, 8.189542965374609906 ) ) ;
#5311 = VECTOR ( 'NONE', #408, 1000.000000000000000 ) ;
#5312 = CARTESIAN_POINT ( 'NONE',  ( -63.79999999999999716, 3.500000000000210054, 9.599999999999999645 ) ) ;
#5313 = CARTESIAN_POINT ( 'NONE',  ( -20.74423120497478479, -1.000000000000000222, 7.734030817966677240 ) ) ;
#5314 = CARTESIAN_POINT ( 'NONE',  ( -10.98894645499383671, -0.5999999999999998668, 12.94742002647784496 ) ) ;
#5315 = CARTESIAN_POINT ( 'NONE',  ( -50.83477570816024382, -0.5999999999999998668, 11.91036730736978377 ) ) ;
#5316 = ORIENTED_EDGE ( 'NONE', *, *, #8080, .F. ) ;
#5317 = CARTESIAN_POINT ( 'NONE',  ( -40.92119524977911738, -0.6000000000000000888, 5.336947988496851814 ) ) ;
#5318 = VERTEX_POINT ( 'NONE', #5101 ) ;
#5319 = CARTESIAN_POINT ( 'NONE',  ( -40.27924333944917379, -0.6000000000000000888, 5.485127420077968274 ) ) ;
#5320 = CARTESIAN_POINT ( 'NONE',  ( -20.90223109999023876, -0.6000000000000000888, 12.78727040895478950 ) ) ;
#5321 = CARTESIAN_POINT ( 'NONE',  ( -26.56966531051655522, -0.6000000000000000888, 13.45832304053373818 ) ) ;
#5322 = CARTESIAN_POINT ( 'NONE',  ( 13.80066962506357520, 0.4339745962156045800, -0.2000000000000000389 ) ) ;
#5323 = CARTESIAN_POINT ( 'NONE',  ( -51.13775741577971701, -0.6000000000000000888, 13.35305988263900012 ) ) ;
#5324 = PLANE ( 'NONE',  #1509 ) ;
#5325 = EDGE_CURVE ( 'NONE', #7706, #621, #7145, .T. ) ;
#5326 = ORIENTED_EDGE ( 'NONE', *, *, #7858, .F. ) ;
#5327 = VERTEX_POINT ( 'NONE', #6263 ) ;
#5328 = CARTESIAN_POINT ( 'NONE',  ( -32.39215069796390623, 1.699999999999999956, -0.2000000000000000389 ) ) ;
#5329 = CARTESIAN_POINT ( 'NONE',  ( -41.46868817251289840, -0.6000000000000000888, 6.831320152263092638 ) ) ;
#5330 = CARTESIAN_POINT ( 'NONE',  ( -48.18486957734256038, -0.9999999999999997780, 11.38936656015555648 ) ) ;
#5331 = VECTOR ( 'NONE', #2179, 1000.000000000000114 ) ;
#5332 = LINE ( 'NONE', #8055, #5135 ) ;
#5333 = ADVANCED_FACE ( 'NONE', ( #4389 ), #2989, .F. ) ;
#5334 = ORIENTED_EDGE ( 'NONE', *, *, #6386, .F. ) ;
#5335 = AXIS2_PLACEMENT_3D ( 'NONE', #4704, #3433, #2052 ) ;
#5336 = CARTESIAN_POINT ( 'NONE',  ( -45.56338495460222759, -0.5999999999999998668, 11.28483772057675338 ) ) ;
#5337 = VERTEX_POINT ( 'NONE', #182 ) ;
#5338 = CARTESIAN_POINT ( 'NONE',  ( -28.70195831909959949, 8.691600689896679555, 0.000000000000000000 ) ) ;
#5339 = VERTEX_POINT ( 'NONE', #6976 ) ;
#5340 = CARTESIAN_POINT ( 'NONE',  ( -48.62453245112172340, -0.9999999999999997780, 9.235462373883432718 ) ) ;
#5341 = DIRECTION ( 'NONE',  ( -0.8660254037844345998, 0.5000000000000068834, 0.000000000000000000 ) ) ;
#5342 = DIRECTION ( 'NONE',  ( -0.4999999999999993894, -0.8660254037844389297, -0.000000000000000000 ) ) ;
#5343 = EDGE_CURVE ( 'NONE', #4017, #5309, #858, .T. ) ;
#5344 = VERTEX_POINT ( 'NONE', #6307 ) ;
#5345 = ORIENTED_EDGE ( 'NONE', *, *, #3376, .T. ) ;
#5346 = FACE_OUTER_BOUND ( 'NONE', #4870, .T. ) ;
#5347 = CARTESIAN_POINT ( 'NONE',  ( -52.14118880364060971, 10.33083117443840315, 19.40000000000000213 ) ) ;
#5348 = ORIENTED_EDGE ( 'NONE', *, *, #2441, .F. ) ;
#5349 = CARTESIAN_POINT ( 'NONE',  ( 5.200000000000000178, 1.699999999999999956, 9.599999999999999645 ) ) ;
#5350 = EDGE_LOOP ( 'NONE', ( #8821, #2875, #3425, #4640 ) ) ;
#5351 = LINE ( 'NONE', #4773, #5971 ) ;
#5352 = FACE_OUTER_BOUND ( 'NONE', #8775, .T. ) ;
#5353 = CARTESIAN_POINT ( 'NONE',  ( -19.84194055712524118, -1.000000000000000222, 8.658960788302810130 ) ) ;
#5354 = EDGE_CURVE ( 'NONE', #7763, #5306, #4969, .T. ) ;
#5355 = DIRECTION ( 'NONE',  ( -1.000000000000000000, 2.657184803002740111E-15, 0.000000000000000000 ) ) ;
#5356 = DIRECTION ( 'NONE',  ( 1.000000000000000000, 0.000000000000000000, 0.000000000000000000 ) ) ;
#5357 = ORIENTED_EDGE ( 'NONE', *, *, #3511, .T. ) ;
#5358 = CIRCLE ( 'NONE', #508, 0.9999999999999662492 ) ;
#5359 = CARTESIAN_POINT ( 'NONE',  ( -20.81476030064369453, -1.000000000000000222, 12.84130764464735108 ) ) ;
#5360 = AXIS2_PLACEMENT_3D ( 'NONE', #7860, #7014, #1740 ) ;
#5361 = ORIENTED_EDGE ( 'NONE', *, *, #3989, .T. ) ;
#5362 = DIRECTION ( 'NONE',  ( 2.657184803002740111E-15, 1.000000000000000000, 0.000000000000000000 ) ) ;
#5363 = B_SPLINE_SURFACE_WITH_KNOTS ( 'NONE', 3, 1, ( 
 ( #6974, #47 ),
 ( #4965, #93 ),
 ( #6170, #7730 ),
 ( #1614, #4833 ),
 ( #2808, #6929 ),
 ( #7688, #813 ),
 ( #856, #7601 ),
 ( #8398, #225 ),
 ( #898, #3479 ),
 ( #2758, #5008 ),
 ( #6261, #766 ) ),
 .UNSPECIFIED., .F., .F., .F.,
 ( 4, 1, 1, 1, 1, 1, 1, 1, 4 ),
 ( 2, 2 ),
 ( 0.000000000000000000, 0.1681741227021177898, 0.3187847659050448978, 0.4553617444871737030, 0.5787698975723892802, 0.6918086740834054060, 0.7954484750435915075, 0.8967266546925837245, 1.000000000000000000 ),
 ( 0.000000000000000000, 1.000000000000000000 ),
 .UNSPECIFIED. ) ;
#5364 = CARTESIAN_POINT ( 'NONE',  ( -11.92804908282615450, 1.700000000000006617, 19.40000000000000213 ) ) ;
#5365 = VECTOR ( 'NONE', #7326, 1000.000000000000000 ) ;
#5366 = CARTESIAN_POINT ( 'NONE',  ( -25.63371685740840178, 10.26878221735089980, 20.10000000000000142 ) ) ;
#5367 = CARTESIAN_POINT ( 'NONE',  ( -23.97591531051655878, -1.000000000000000000, 6.826744093165315164 ) ) ;
#5368 = AXIS2_PLACEMENT_3D ( 'NONE', #7216, #6548, #292 ) ;
#5369 = DIRECTION ( 'NONE',  ( -1.239088197126290817E-16, 8.260587980841938780E-17, 1.000000000000000000 ) ) ;
#5370 = CARTESIAN_POINT ( 'NONE',  ( -43.30922636425738403, -0.9999999999999993339, 7.338705006720899426 ) ) ;
#5371 = CARTESIAN_POINT ( 'NONE',  ( -23.97591531051655878, -0.6000000000000000888, 5.353059882638999234 ) ) ;
#5372 = VERTEX_POINT ( 'NONE', #5727 ) ;
#5373 = ORIENTED_EDGE ( 'NONE', *, *, #3863, .F. ) ;
#5374 = CARTESIAN_POINT ( 'NONE',  ( -29.34433636314813398, -0.6000000000000000888, 5.353059882638999234 ) ) ;
#5375 = CARTESIAN_POINT ( 'NONE',  ( -48.32622201197334988, -1.000000000000000000, 11.91248130506258462 ) ) ;
#5376 = EDGE_CURVE ( 'NONE', #3601, #5638, #2852, .T. ) ;
#5377 = LINE ( 'NONE', #6089, #4132 ) ;
#5378 = CARTESIAN_POINT ( 'NONE',  ( -17.75755555508920125, -0.5999999999999998668, 10.77110268277012217 ) ) ;
#5379 = ORIENTED_EDGE ( 'NONE', *, *, #6321, .F. ) ;
#5380 = CARTESIAN_POINT ( 'NONE',  ( -26.66712077892548649, -0.5999999999999998668, 12.07566957060192259 ) ) ;
#5381 = ORIENTED_EDGE ( 'NONE', *, *, #5076, .T. ) ;
#5382 = CARTESIAN_POINT ( 'NONE',  ( -15.99205414764425370, -0.6000000000000003109, 10.67843027939516887 ) ) ;
#5383 = VERTEX_POINT ( 'NONE', #5637 ) ;
#5384 = AXIS2_PLACEMENT_3D ( 'NONE', #7684, #6259, #91 ) ;
#5385 = CARTESIAN_POINT ( 'NONE',  ( -46.01802057367444121, -1.000000000000000000, 9.183651987902159419 ) ) ;
#5386 = ADVANCED_FACE ( 'NONE', ( #227 ), #8402, .T. ) ;
#5387 = CARTESIAN_POINT ( 'NONE',  ( -18.87004522831552933, -0.6000000000000003109, 13.45325607948604052 ) ) ;
#5388 = VECTOR ( 'NONE', #7937, 1000.000000000000000 ) ;
#5389 = LINE ( 'NONE', #3951, #3473 ) ;
#5390 = VECTOR ( 'NONE', #2437, 1000.000000000000000 ) ;
#5391 = ORIENTED_EDGE ( 'NONE', *, *, #5005, .F. ) ;
#5392 = CARTESIAN_POINT ( 'NONE',  ( -21.30000000000000071, 8.574999999999999289, 0.000000000000000000 ) ) ;
#5393 = CARTESIAN_POINT ( 'NONE',  ( -29.34433636314813398, -1.000000000000000000, 5.973125672112684192 ) ) ;
#5394 = ORIENTED_EDGE ( 'NONE', *, *, #209, .T. ) ;
#5395 = CARTESIAN_POINT ( 'NONE',  ( -11.92804908282615983, -0.2999999999999934386, 19.40000000000000213 ) ) ;
#5396 = ORIENTED_EDGE ( 'NONE', *, *, #4212, .T. ) ;
#5397 = CARTESIAN_POINT ( 'NONE',  ( -48.15094904247921903, -0.6000000000000000888, 10.50243208335221112 ) ) ;
#5398 = EDGE_CURVE ( 'NONE', #5094, #338, #6470, .T. ) ;
#5399 = CARTESIAN_POINT ( 'NONE',  ( -21.21264995406865594, -0.6000000000000003109, 6.813307792856671874 ) ) ;
#5400 = CARTESIAN_POINT ( 'NONE',  ( -0.7188572879006831506, 13.32015946761394787, 7.282628406741859628 ) ) ;
#5401 = CARTESIAN_POINT ( 'NONE',  ( -26.47091367939842499, -1.000000000000000000, 13.45646351525994611 ) ) ;
#5402 = CARTESIAN_POINT ( 'NONE',  ( -50.30681192521286960, -0.9999999999999995559, 11.59175853261824507 ) ) ;
#5403 = CARTESIAN_POINT ( 'NONE',  ( -29.34200952483045199, -0.9999999999999997780, 6.071964961956900275 ) ) ;
#5404 = VECTOR ( 'NONE', #5043, 1000.000000000000000 ) ;
#5405 = ORIENTED_EDGE ( 'NONE', *, *, #1119, .F. ) ;
#5406 = DIRECTION ( 'NONE',  ( -0.5000000000000112133, -0.8660254037844322683, 0.000000000000000000 ) ) ;
#5407 = EDGE_CURVE ( 'NONE', #6936, #3116, #4762, .T. ) ;
#5408 = EDGE_CURVE ( 'NONE', #1853, #6936, #3080, .T. ) ;
#5409 = CARTESIAN_POINT ( 'NONE',  ( -27.81364335808200039, -0.6000000000000003109, 13.29364821499873983 ) ) ;
#5410 = CARTESIAN_POINT ( 'NONE',  ( -31.36538899472707342, -0.6000000000000000888, 13.35305988263899835 ) ) ;
#5411 = LINE ( 'NONE', #3210, #1959 ) ;
#5412 = CARTESIAN_POINT ( 'NONE',  ( 13.80066962506357520, 0.4339745962156045800, 19.40000000000000213 ) ) ;
#5413 = CARTESIAN_POINT ( 'NONE',  ( -42.24575434276271579, -0.6000000000000000888, 6.865763242361396124 ) ) ;
#5414 = DIRECTION ( 'NONE',  ( 0.000000000000000000, 0.000000000000000000, 1.000000000000000000 ) ) ;
#5415 = ORIENTED_EDGE ( 'NONE', *, *, #4030, .F. ) ;
#5416 = EDGE_CURVE ( 'NONE', #6325, #6117, #2214, .T. ) ;
#5417 = EDGE_LOOP ( 'NONE', ( #334, #1694, #5069, #246 ) ) ;
#5418 = ADVANCED_FACE ( 'NONE', ( #5267 ), #1072, .T. ) ;
#5419 = CARTESIAN_POINT ( 'NONE',  ( -41.97084405509040295, -0.6000000000000000888, 5.249020895727466218 ) ) ;
#5420 = CARTESIAN_POINT ( 'NONE',  ( -48.24407621969716331, -0.6000000000000003109, 11.66092198582440531 ) ) ;
#5421 = LINE ( 'NONE', #3218, #6839 ) ;
#5422 = CARTESIAN_POINT ( 'NONE',  ( -51.28274143121372219, -0.9999999999999997780, 11.98203698031615083 ) ) ;
#5423 = ORIENTED_EDGE ( 'NONE', *, *, #4864, .F. ) ;
#5424 = CARTESIAN_POINT ( 'NONE',  ( -44.84368077843728884, -0.5999999999999998668, 12.27726238021945804 ) ) ;
#5425 = EDGE_LOOP ( 'NONE', ( #4489, #8724, #3650, #7193 ) ) ;
#5426 = DIRECTION ( 'NONE',  ( -1.000000000000000000, 0.000000000000000000, 0.000000000000000000 ) ) ;
#5427 = ORIENTED_EDGE ( 'NONE', *, *, #3680, .T. ) ;
#5428 = CARTESIAN_POINT ( 'NONE',  ( -51.39319946171939790, -0.6000000000000003109, 9.459176214736585209 ) ) ;
#5429 = CARTESIAN_POINT ( 'NONE',  ( -19.29539856724919744, -0.6000000000000003109, 7.186074070534640867 ) ) ;
#5430 = LINE ( 'NONE', #4042, #2464 ) ;
#5431 = VECTOR ( 'NONE', #4932, 1000.000000000000000 ) ;
#5432 = VERTEX_POINT ( 'NONE', #1875 ) ;
#5433 = CARTESIAN_POINT ( 'NONE',  ( -51.70195831909960305, 8.691600689896679555, 0.000000000000000000 ) ) ;
#5434 = CARTESIAN_POINT ( 'NONE',  ( -0.2078838324814590577, 11.87044826720278934, 11.75000000000000355 ) ) ;
#5435 = EDGE_CURVE ( 'NONE', #7222, #3662, #3921, .T. ) ;
#5436 = ORIENTED_EDGE ( 'NONE', *, *, #2014, .T. ) ;
#5437 = CARTESIAN_POINT ( 'NONE',  ( -3.969907511530744948, 7.691600689896690213, -0.9000000000000000222 ) ) ;
#5438 = ORIENTED_EDGE ( 'NONE', *, *, #7822, .F. ) ;
#5439 = CARTESIAN_POINT ( 'NONE',  ( -49.00056448051102365, -0.5999999999999996447, 8.831632689562095351 ) ) ;
#5441 = VECTOR ( 'NONE', #6317, 1000.000000000000000 ) ;
#5440 = VECTOR ( 'NONE', #3457, 1000.000000000000000 ) ;
#5442 = FACE_OUTER_BOUND ( 'NONE', #435, .T. ) ;
#5443 = CARTESIAN_POINT ( 'NONE',  ( -33.68117846841128937, -0.6000000000000000888, 5.353059882638998346 ) ) ;
#5444 = LINE ( 'NONE', #4012, #8617 ) ;
#5445 = CARTESIAN_POINT ( 'NONE',  ( -17.74433636314813256, -0.6000000000000000888, 11.02411251421794702 ) ) ;
#5446 = ORIENTED_EDGE ( 'NONE', *, *, #2278, .F. ) ;
#5447 = EDGE_CURVE ( 'NONE', #4027, #2916, #8703, .T. ) ;
#5448 = DIRECTION ( 'NONE',  ( 0.000000000000000000, 0.000000000000000000, -1.000000000000000000 ) ) ;
#5449 = ORIENTED_EDGE ( 'NONE', *, *, #5691, .F. ) ;
#5450 = CARTESIAN_POINT ( 'NONE',  ( -41.74747543032606956, -0.6000000000000000888, 5.251406722875739064 ) ) ;
#5451 = VECTOR ( 'NONE', #2354, 1000.000000000000000 ) ;
#5452 = CARTESIAN_POINT ( 'NONE',  ( -26.67775067083179152, -1.000000000000000222, 13.45661921709829656 ) ) ;
#5453 = CARTESIAN_POINT ( 'NONE',  ( -24.01310677922320025, -1.000000000000000222, 10.67843027939516887 ) ) ;
#5454 = B_SPLINE_CURVE_WITH_KNOTS ( 'NONE', 3,
 ( #2019, #3891, #6668, #4029, #3256, #8813, #593, #2590, #6623, #4752, #7470, #6088, #7389, #635, #7343 ),
 .UNSPECIFIED., .F., .F.,
 ( 4, 1, 1, 1, 1, 1, 1, 1, 1, 1, 1, 1, 4 ),
 ( 0.000000000000000000, 0.1367039883603697048, 0.2586833526536852501, 0.3709414131933319592, 0.4785760303022709161, 0.5331492739294553251, 0.5900053033407540726, 0.6481585953923468812, 0.7104150693803554795, 0.7756764888071543407, 0.8461861521810664089, 0.9204958455208714918, 1.000000000000000000 ),
 .UNSPECIFIED. ) ;
#5455 = CARTESIAN_POINT ( 'NONE',  ( -28.92328373156918886, -0.6000000000000000888, 12.78727040895478950 ) ) ;
#5456 = CARTESIAN_POINT ( 'NONE',  ( -50.12578086371441799, -0.6000000000000000888, 13.26732074283014029 ) ) ;
#5457 = DIRECTION ( 'NONE',  ( -0.000000000000000000, -1.000000000000000000, -0.000000000000000000 ) ) ;
#5458 = ADVANCED_FACE ( 'NONE', ( #5898 ), #532, .T. ) ;
#5459 = ADVANCED_FACE ( 'NONE', ( #2574 ), #7192, .T. ) ;
#5460 = DIRECTION ( 'NONE',  ( 0.000000000000000000, -0.000000000000000000, 1.000000000000000000 ) ) ;
#5461 = VERTEX_POINT ( 'NONE', #5227 ) ;
#5462 = ORIENTED_EDGE ( 'NONE', *, *, #5976, .F. ) ;
#5463 = CARTESIAN_POINT ( 'NONE',  ( 1.699999999999999956, 8.574999999999999289, 0.000000000000000000 ) ) ;
#5464 = CARTESIAN_POINT ( 'NONE',  ( -24.36375199166174355, -0.9999999999999997780, 12.52353250357850634 ) ) ;
#5465 = CARTESIAN_POINT ( 'NONE',  ( -29.34433636314813398, -1.000000000000000000, 5.353059882638999234 ) ) ;
#5466 = EDGE_CURVE ( 'NONE', #191, #2227, #2404, .T. ) ;
#5467 = CARTESIAN_POINT ( 'NONE',  ( -50.39046881405645451, -1.000000000000000000, 11.67434962313249613 ) ) ;
#5468 = CARTESIAN_POINT ( 'NONE',  ( -46.01802057367443410, -0.6000000000000000888, 9.183651987902157643 ) ) ;
#5469 = ORIENTED_EDGE ( 'NONE', *, *, #8038, .F. ) ;
#5470 = CARTESIAN_POINT ( 'NONE',  ( -46.00921863632870412, -1.000000000000000000, 8.754145376654680177 ) ) ;
#5471 = EDGE_LOOP ( 'NONE', ( #8470, #7122, #7079, #3353 ) ) ;
#5472 = CARTESIAN_POINT ( 'NONE',  ( -45.56338495460222759, -0.9999999999999995559, 11.28483772057675338 ) ) ;
#5473 = CARTESIAN_POINT ( 'NONE',  ( -41.49206640066801555, -1.000000000000000000, 13.45575012086127131 ) ) ;
#5474 = CARTESIAN_POINT ( 'NONE',  ( -63.79999999999999716, 1.699999999999999956, 9.599999999999999645 ) ) ;
#5475 = VECTOR ( 'NONE', #5546, 1000.000000000000000 ) ;
#5476 = ORIENTED_EDGE ( 'NONE', *, *, #494, .F. ) ;
#5477 = LINE ( 'NONE', #6283, #1821 ) ;
#5478 = DIRECTION ( 'NONE',  ( 0.000000000000000000, -0.000000000000000000, 1.000000000000000000 ) ) ;
#5479 = ORIENTED_EDGE ( 'NONE', *, *, #4526, .F. ) ;
#5480 = DIRECTION ( 'NONE',  ( -0.8660254037843738706, 0.5000000000001122435, 0.000000000000000000 ) ) ;
#5481 = VERTEX_POINT ( 'NONE', #3792 ) ;
#5482 = DIRECTION ( 'NONE',  ( -1.000000000000000000, 2.739037067331801215E-15, 0.000000000000000000 ) ) ;
#5483 = AXIS2_PLACEMENT_3D ( 'NONE', #986, #4467, #268 ) ;
#5484 = AXIS2_PLACEMENT_3D ( 'NONE', #7153, #3753, #3040 ) ;
#5485 = EDGE_CURVE ( 'NONE', #2024, #1853, #5615, .T. ) ;
#5486 = DIRECTION ( 'NONE',  ( 1.000000000000000000, -2.891205793294679411E-15, 0.000000000000000000 ) ) ;
#5487 = FACE_OUTER_BOUND ( 'NONE', #4363, .T. ) ;
#5488 = LINE ( 'NONE', #4240, #496 ) ;
#5489 = FACE_OUTER_BOUND ( 'NONE', #6848, .T. ) ;
#5490 = VERTEX_POINT ( 'NONE', #2447 ) ;
#5491 = CARTESIAN_POINT ( 'NONE',  ( -20.08399133045925922, -1.000000000000000222, 13.20100050124290902 ) ) ;
#5492 = VERTEX_POINT ( 'NONE', #5185 ) ;
#5493 = DIRECTION ( 'NONE',  ( 0.000000000000000000, 0.000000000000000000, 1.000000000000000000 ) ) ;
#5494 = VECTOR ( 'NONE', #2415, 1000.000000000000000 ) ;
#5495 = DIRECTION ( 'NONE',  ( -1.000000000000000000, 0.000000000000000000, 0.000000000000000000 ) ) ;
#5496 = DIRECTION ( 'NONE',  ( -1.000000000000000000, 2.657184803002740111E-15, 0.000000000000000000 ) ) ;
#5497 = EDGE_CURVE ( 'NONE', #393, #3451, #1830, .T. ) ;
#5498 = DIRECTION ( 'NONE',  ( 0.8660254037844318242, -0.5000000000000119904, 0.000000000000000000 ) ) ;
#5499 = CARTESIAN_POINT ( 'NONE',  ( 1.699999999999999956, 1.699999999999999956, 20.10000000000000142 ) ) ;
#5500 = VECTOR ( 'NONE', #2725, 1000.000000000000000 ) ;
#5501 = AXIS2_PLACEMENT_3D ( 'NONE', #1525, #8219, #4251 ) ;
#5502 = CARTESIAN_POINT ( 'NONE',  ( -42.15721045327303784, -1.000000000000000222, 11.84136296305716662 ) ) ;
#5503 = CARTESIAN_POINT ( 'NONE',  ( -44.12172288220737926, -0.6000000000000003109, 9.216430453691458524 ) ) ;
#5504 = LINE ( 'NONE', #1484, #8064 ) ;
#5505 = EDGE_LOOP ( 'NONE', ( #6403, #8169, #7680, #2245 ) ) ;
#5506 = ORIENTED_EDGE ( 'NONE', *, *, #4213, .F. ) ;
#5507 = AXIS2_PLACEMENT_3D ( 'NONE', #3605, #6338, #8434 ) ;
#5508 = FACE_OUTER_BOUND ( 'NONE', #3009, .T. ) ;
#5509 = CARTESIAN_POINT ( 'NONE',  ( -24.66145806383820371, -0.6000000000000000888, 12.85012213163347816 ) ) ;
#5510 = ADVANCED_FACE ( 'NONE', ( #3161 ), #139, .T. ) ;
#5511 = EDGE_CURVE ( 'NONE', #2078, #1440, #5540, .T. ) ;
#5512 = DIRECTION ( 'NONE',  ( -0.4999999999999995004, -0.8660254037844390407, 0.000000000000000000 ) ) ;
#5513 = ORIENTED_EDGE ( 'NONE', *, *, #5656, .F. ) ;
#5514 = LINE ( 'NONE', #686, #942 ) ;
#5515 = DIRECTION ( 'NONE',  ( 0.000000000000000000, 0.000000000000000000, -1.000000000000000000 ) ) ;
#5516 = VERTEX_POINT ( 'NONE', #8257 ) ;
#5517 = CARTESIAN_POINT ( 'NONE',  ( -16.58801323664577509, -0.6000000000000003109, 9.436308346986304940 ) ) ;
#5518 = FILL_AREA_STYLE_COLOUR ( '', #6579 ) ;
#5519 = EDGE_LOOP ( 'NONE', ( #1982, #6019, #7006, #4003 ) ) ;
#5520 = CARTESIAN_POINT ( 'NONE',  ( -70.00000000000000000, 7.016154273188029755, 0.000000000000000000 ) ) ;
#5521 = ADVANCED_FACE ( 'NONE', ( #2619 ), #1661, .T. ) ;
#5522 = EDGE_CURVE ( 'NONE', #2291, #7164, #7363, .T. ) ;
#5523 = CARTESIAN_POINT ( 'NONE',  ( -12.33720200411145562, -0.9999999999999997780, 10.85957835661363369 ) ) ;
#5524 = ADVANCED_FACE ( 'NONE', ( #1252 ), #4696, .T. ) ;
#5525 = CARTESIAN_POINT ( 'NONE',  ( -17.46020628749990422, -0.9999999999999997780, 13.30335631723544410 ) ) ;
#5526 = ORIENTED_EDGE ( 'NONE', *, *, #2316, .F. ) ;
#5527 = FACE_OUTER_BOUND ( 'NONE', #2750, .T. ) ;
#5528 = CARTESIAN_POINT ( 'NONE',  ( -26.32149175861992063, -0.5999999999999998668, 8.049714793748339758 ) ) ;
#5529 = VECTOR ( 'NONE', #3139, 1000.000000000000114 ) ;
#5530 = VERTEX_POINT ( 'NONE', #7415 ) ;
#5531 = PLANE ( 'NONE',  #7245 ) ;
#5532 = ORIENTED_EDGE ( 'NONE', *, *, #2814, .F. ) ;
#5533 = FACE_OUTER_BOUND ( 'NONE', #4210, .T. ) ;
#5534 = DIRECTION ( 'NONE',  ( 0.000000000000000000, 0.000000000000000000, 1.000000000000000000 ) ) ;
#5535 = AXIS2_PLACEMENT_3D ( 'NONE', #7659, #2955, #5561 ) ;
#5536 = CARTESIAN_POINT ( 'NONE',  ( -17.70958568959404289, -0.6000000000000003109, 13.37210029883641305 ) ) ;
#5537 = LINE ( 'NONE', #6158, #8473 ) ;
#5538 = CARTESIAN_POINT ( 'NONE',  ( -25.77426765007915321, -0.9999999999999995559, 11.26444070499204919 ) ) ;
#5539 = ORIENTED_EDGE ( 'NONE', *, *, #5774, .T. ) ;
#5540 = LINE ( 'NONE', #6161, #6937 ) ;
#5541 = ORIENTED_EDGE ( 'NONE', *, *, #6111, .F. ) ;
#5542 = CARTESIAN_POINT ( 'NONE',  ( -0.4007041555090019580, 13.13647367098722363, 7.650000000000016342 ) ) ;
#5543 = CARTESIAN_POINT ( 'NONE',  ( -33.92804908282615628, 1.432050807568885142, 19.40000000000000213 ) ) ;
#5544 = CARTESIAN_POINT ( 'NONE',  ( -28.66173695649160535, -1.000000000000000222, 12.94884735617693927 ) ) ;
#5545 = CARTESIAN_POINT ( 'NONE',  ( -40.81665005360910925, -0.9999999999999997780, 5.353414334471236380 ) ) ;
#5546 = DIRECTION ( 'NONE',  ( 0.000000000000000000, 1.000000000000000000, 0.000000000000000000 ) ) ;
#5547 = CARTESIAN_POINT ( 'NONE',  ( -43.43886991376404438, -0.6000000000000003109, 11.18832221864732546 ) ) ;
#5548 = LINE ( 'NONE', #7422, #1876 ) ;
#5549 = DIRECTION ( 'NONE',  ( 0.000000000000000000, 0.000000000000000000, -1.000000000000000000 ) ) ;
#5550 = ORIENTED_EDGE ( 'NONE', *, *, #5305, .T. ) ;
#5551 = EDGE_CURVE ( 'NONE', #6826, #2361, #3382, .T. ) ;
#5552 = VECTOR ( 'NONE', #6775, 1000.000000000000000 ) ;
#5553 = ORIENTED_EDGE ( 'NONE', *, *, #5892, .F. ) ;
#5554 = CARTESIAN_POINT ( 'NONE',  ( -7.906252313101699514, 12.27365149746590056, 0.000000000000000000 ) ) ;
#5555 = LINE ( 'NONE', #8271, #5062 ) ;
#5556 = LINE ( 'NONE', #728, #4099 ) ;
#5557 = CARTESIAN_POINT ( 'NONE',  ( -69.20788383248147113, 11.87044826720278223, 8.450000000000020606 ) ) ;
#5558 = EDGE_CURVE ( 'NONE', #989, #1058, #7457, .T. ) ;
#5559 = FACE_OUTER_BOUND ( 'NONE', #7985, .T. ) ;
#5560 = ORIENTED_EDGE ( 'NONE', *, *, #4802, .F. ) ;
#5561 = DIRECTION ( 'NONE',  ( 1.000000000000000000, 0.000000000000000000, -0.000000000000000000 ) ) ;
#5562 = LINE ( 'NONE', #5605, #5441 ) ;
#5563 = EDGE_LOOP ( 'NONE', ( #119, #7135, #73, #1553 ) ) ;
#5564 = CARTESIAN_POINT ( 'NONE',  ( -43.48254497094686144, -0.6000000000000000888, 13.16974093533125867 ) ) ;
#5565 = CARTESIAN_POINT ( 'NONE',  ( -53.93381004735865503, -0.6000000000000000888, 5.353059882638999234 ) ) ;
#5566 = CARTESIAN_POINT ( 'NONE',  ( -30.90625231310169951, 12.27365149746590056, -0.9000000000000000222 ) ) ;
#5567 = EDGE_LOOP ( 'NONE', ( #5606, #8796, #1952, #4856, #4455, #664, #5739, #1003 ) ) ;
#5568 = EDGE_CURVE ( 'NONE', #3984, #1520, #368, .T. ) ;
#5569 = FACE_OUTER_BOUND ( 'NONE', #7523, .T. ) ;
#5570 = EDGE_CURVE ( 'NONE', #7301, #456, #7789, .T. ) ;
#5571 = LINE ( 'NONE', #6995, #7865 ) ;
#5572 = VERTEX_POINT ( 'NONE', #6073 ) ;
#5573 = CARTESIAN_POINT ( 'NONE',  ( -52.14118880364058128, 10.33083117443845822, -0.9000000000000000222 ) ) ;
#5574 = VERTEX_POINT ( 'NONE', #7502 ) ;
#5575 = LINE ( 'NONE', #2251, #2934 ) ;
#5576 = ADVANCED_FACE ( 'NONE', ( #8128 ), #7360, .T. ) ;
#5577 = CARTESIAN_POINT ( 'NONE',  ( -16.32720768385619436, -1.000000000000000222, 9.806611711463459002 ) ) ;
#5578 = DIRECTION ( 'NONE',  ( -1.000000000000000000, 0.000000000000000000, -0.000000000000000000 ) ) ;
#5579 = CARTESIAN_POINT ( 'NONE',  ( -71.28371685740839325, 10.87500000000000000, -0.9000000000000000222 ) ) ;
#5580 = CARTESIAN_POINT ( 'NONE',  ( -26.22055858058030609, -1.000000000000000222, 11.94093354282247610 ) ) ;
#5581 = ORIENTED_EDGE ( 'NONE', *, *, #812, .F. ) ;
#5582 = EDGE_CURVE ( 'NONE', #7664, #5344, #1650, .T. ) ;
#5583 = CARTESIAN_POINT ( 'NONE',  ( -28.45209318390248399, -1.000000000000000666, 8.118792711873181744 ) ) ;
#5584 = ORIENTED_EDGE ( 'NONE', *, *, #147, .T. ) ;
#5585 = CARTESIAN_POINT ( 'NONE',  ( -37.68117846841128227, -1.000000000000000000, 13.35305988263899835 ) ) ;
#5586 = VECTOR ( 'NONE', #6683, 1000.000000000000000 ) ;
#5587 = DIRECTION ( 'NONE',  ( 0.000000000000000000, 0.000000000000000000, 1.000000000000000000 ) ) ;
#5588 = CARTESIAN_POINT ( 'NONE',  ( -27.51451523361913587, -0.6000000000000000888, 13.36897872456435188 ) ) ;
#5589 = CARTESIAN_POINT ( 'NONE',  ( -41.74747543032606956, -1.000000000000000000, 5.251406722875739064 ) ) ;
#5590 = CARTESIAN_POINT ( 'NONE',  ( -50.30675498623022435, -0.6000000000000003109, 9.861314836190921085 ) ) ;
#5591 = CARTESIAN_POINT ( 'NONE',  ( -43.06711176712548905, -1.000000000000000222, 11.49330898057880646 ) ) ;
#5592 = VECTOR ( 'NONE', #4255, 1000.000000000000114 ) ;
#5593 = LINE ( 'NONE', #8446, #1309 ) ;
#5594 = DIRECTION ( 'NONE',  ( 0.000000000000000000, 0.000000000000000000, -1.000000000000000000 ) ) ;
#5595 = ORIENTED_EDGE ( 'NONE', *, *, #3842, .T. ) ;
#5596 = DIRECTION ( 'NONE',  ( 0.000000000000000000, 0.000000000000000000, -1.000000000000000000 ) ) ;
#5597 = CARTESIAN_POINT ( 'NONE',  ( -24.36375199166174355, -0.5999999999999998668, 12.52353250357850634 ) ) ;
#5598 = VECTOR ( 'NONE', #3929, 1000.000000000000000 ) ;
#5599 = CARTESIAN_POINT ( 'NONE',  ( -24.88371685740840178, 11.56782032302750096, 20.10000000000000142 ) ) ;
#5600 = ADVANCED_FACE ( 'NONE', ( #7092 ), #5635, .T. ) ;
#5601 = LINE ( 'NONE', #2103, #5500 ) ;
#5602 = LINE ( 'NONE', #4472, #4154 ) ;
#5603 = ORIENTED_EDGE ( 'NONE', *, *, #6919, .T. ) ;
#5604 = CARTESIAN_POINT ( 'NONE',  ( -16.04930091927627345, -0.5999999999999996447, 10.44040175843616503 ) ) ;
#5605 = CARTESIAN_POINT ( 'NONE',  ( -46.71885728790066850, 13.32015946761394254, 7.282628406741883609 ) ) ;
#5606 = ORIENTED_EDGE ( 'NONE', *, *, #8090, .T. ) ;
#5607 = CARTESIAN_POINT ( 'NONE',  ( -45.36200032166362206, -0.9999999999999997780, 11.64029926446091423 ) ) ;
#5608 = DIRECTION ( 'NONE',  ( -1.000000000000000000, 1.141265444721584300E-15, 0.000000000000000000 ) ) ;
#5609 = EDGE_CURVE ( 'NONE', #6491, #5790, #2261, .T. ) ;
#5610 = EDGE_LOOP ( 'NONE', ( #3002, #5684, #473, #382, #3014, #4837 ) ) ;
#5611 = LINE ( 'NONE', #3549, #8380 ) ;
#5612 = CARTESIAN_POINT ( 'NONE',  ( -30.08741429366222775, 4.091920550304282145, 0.000000000000000000 ) ) ;
#5613 = ORIENTED_EDGE ( 'NONE', *, *, #3206, .T. ) ;
#5614 = LINE ( 'NONE', #3596, #2375 ) ;
#5615 = B_SPLINE_CURVE_WITH_KNOTS ( 'NONE', 3,
 ( #6521, #6566, #7949, #8039, #4652, #3749, #6482, #404, #5858, #445, #8578 ),
 .UNSPECIFIED., .F., .F.,
 ( 4, 1, 1, 1, 1, 1, 1, 1, 4 ),
 ( 0.000000000000000000, 0.1240619065503237028, 0.2461978098196474229, 0.3686184090576940520, 0.4912543376052815880, 0.6156259974629464393, 0.7407467228505933976, 0.8689485965214808205, 1.000000000000000000 ),
 .UNSPECIFIED. ) ;
#5616 = VERTEX_POINT ( 'NONE', #2215 ) ;
#5617 = DIRECTION ( 'NONE',  ( 0.000000000000000000, 0.000000000000000000, -1.000000000000000000 ) ) ;
#5618 = ADVANCED_FACE ( 'NONE', ( #6380 ), #4289, .T. ) ;
#5619 = AXIS2_PLACEMENT_3D ( 'NONE', #6916, #4101, #6114 ) ;
#5620 = ADVANCED_FACE ( 'NONE', ( #2931 ), #8390, .F. ) ;
#5621 = DIRECTION ( 'NONE',  ( -0.8660254037844171693, 0.5000000000000371925, -0.000000000000000000 ) ) ;
#5622 = LINE ( 'NONE', #3420, #2325 ) ;
#5623 = LINE ( 'NONE', #5665, #2765 ) ;
#5624 = CARTESIAN_POINT ( 'NONE',  ( -18.11290715377165483, -1.000000000000000000, 11.88482645585770037 ) ) ;
#5625 = ORIENTED_EDGE ( 'NONE', *, *, #5855, .F. ) ;
#5626 = CARTESIAN_POINT ( 'NONE',  ( -27.32121158753087897, -0.6000000000000000888, 9.060909721805188610 ) ) ;
#5627 = VERTEX_POINT ( 'NONE', #259 ) ;
#5628 = CARTESIAN_POINT ( 'NONE',  ( -25.28371685740840391, 10.87500000000000000, 20.10000000000000142 ) ) ;
#5629 = LINE ( 'NONE', #2220, #3545 ) ;
#5630 = CARTESIAN_POINT ( 'NONE',  ( 15.91258570633777225, 4.091920550304282145, 0.000000000000000000 ) ) ;
#5631 = EDGE_CURVE ( 'NONE', #7030, #1939, #475, .T. ) ;
#5632 = DIRECTION ( 'NONE',  ( 2.657184803002740111E-15, 1.000000000000000000, 0.000000000000000000 ) ) ;
#5633 = LINE ( 'NONE', #8349, #8322 ) ;
#5634 = FACE_OUTER_BOUND ( 'NONE', #8689, .T. ) ;
#5635 = B_SPLINE_SURFACE_WITH_KNOTS ( 'NONE', 3, 1, ( 
 ( #5759, #2172 ),
 ( #4912, #4378 ),
 ( #5044, #7679 ),
 ( #847, #1607 ),
 ( #975, #2347 ),
 ( #5669, #3692 ),
 ( #1471, #934 ),
 ( #1561, #3563 ),
 ( #6295, #6424 ),
 ( #4196, #8341 ),
 ( #173, #2887 ) ),
 .UNSPECIFIED., .F., .F., .F.,
 ( 4, 1, 1, 1, 1, 1, 1, 1, 4 ),
 ( 2, 2 ),
 ( 0.000000000000000000, 0.1167874600497640775, 0.2340549638295243984, 0.3522908915644918926, 0.4727005074978259946, 0.5970991727026729867, 0.7258348733785957574, 0.8598550479402812252, 1.000000000000000000 ),
 ( 0.000000000000000000, 1.000000000000000000 ),
 .UNSPECIFIED. ) ;
#5636 = LINE ( 'NONE', #2942, #4444 ) ;
#5637 = CARTESIAN_POINT ( 'NONE',  ( 0.2921161675185474649, 12.73647367098722505, 11.75000000000000355 ) ) ;
#5638 = VERTEX_POINT ( 'NONE', #3824 ) ;
#5639 = CARTESIAN_POINT ( 'NONE',  ( -11.28445080182806137, -0.6000000000000003109, 12.79218496127833227 ) ) ;
#5640 = CARTESIAN_POINT ( 'NONE',  ( -40.72299234419925540, -0.6000000000000000888, 6.955568178303475513 ) ) ;
#5641 = VECTOR ( 'NONE', #1156, 1000.000000000000000 ) ;
#5642 = DIRECTION ( 'NONE',  ( 0.5000000000000115463, 0.8660254037844319353, 0.000000000000000000 ) ) ;
#5643 = DIRECTION ( 'NONE',  ( 0.8660254037844332675, -0.5000000000000092149, 0.000000000000000000 ) ) ;
#5644 = VECTOR ( 'NONE', #6846, 1000.000000000000000 ) ;
#5645 = EDGE_CURVE ( 'NONE', #6567, #1485, #6222, .T. ) ;
#5646 = ORIENTED_EDGE ( 'NONE', *, *, #3875, .F. ) ;
#5647 = CARTESIAN_POINT ( 'NONE',  ( -21.32328373156918389, -0.6000000000000000888, 5.973125672112684192 ) ) ;
#5648 = CARTESIAN_POINT ( 'NONE',  ( -3.701958319099609707, 8.691600689896679555, 0.000000000000000000 ) ) ;
#5649 = ORIENTED_EDGE ( 'NONE', *, *, #8013, .T. ) ;
#5650 = CARTESIAN_POINT ( 'NONE',  ( -43.48254497094686144, -0.9999999999999997780, 13.16974093533125867 ) ) ;
#5651 = CARTESIAN_POINT ( 'NONE',  ( 5.200000000000000178, 3.500000000000000000, 9.599999999999999645 ) ) ;
#5652 = VECTOR ( 'NONE', #1508, 1000.000000000000000 ) ;
#5653 = VERTEX_POINT ( 'NONE', #3190 ) ;
#5654 = EDGE_LOOP ( 'NONE', ( #4409, #6944, #5888, #1859 ) ) ;
#5655 = CARTESIAN_POINT ( 'NONE',  ( -46.01485649338525263, -1.000000000000000000, 9.338984046589576593 ) ) ;
#5656 = EDGE_CURVE ( 'NONE', #109, #565, #1938, .T. ) ;
#5657 = ORIENTED_EDGE ( 'NONE', *, *, #2987, .F. ) ;
#5658 = EDGE_CURVE ( 'NONE', #1581, #4126, #4501, .T. ) ;
#5659 = LINE ( 'NONE', #3681, #3228 ) ;
#5660 = EDGE_LOOP ( 'NONE', ( #5316, #3073, #6378, #1991 ) ) ;
#5661 = CARTESIAN_POINT ( 'NONE',  ( -50.23630896984103344, -1.000000000000000000, 9.957686940767136008 ) ) ;
#5662 = CARTESIAN_POINT ( 'NONE',  ( -71.28371685740839325, 10.87500000000000000, 20.10000000000000142 ) ) ;
#5663 = CARTESIAN_POINT ( 'NONE',  ( -48.35293476897723508, -1.000000000000000000, 9.698575200008773933 ) ) ;
#5664 = ORIENTED_EDGE ( 'NONE', *, *, #1901, .T. ) ;
#5665 = CARTESIAN_POINT ( 'NONE',  ( -7.429159782719389149, 1.699999999999929789, 20.10000000000000142 ) ) ;
#5666 = CARTESIAN_POINT ( 'NONE',  ( -25.76845876320978945, -1.000000000000000000, 11.10720526602429281 ) ) ;
#5667 = VERTEX_POINT ( 'NONE', #7268 ) ;
#5668 = CARTESIAN_POINT ( 'NONE',  ( -63.79999999999999716, 1.699999999999999956, 9.599999999999999645 ) ) ;
#5669 = CARTESIAN_POINT ( 'NONE',  ( -27.96046990000860077, -0.5999999999999998668, 11.88195087725122612 ) ) ;
#5670 = VERTEX_POINT ( 'NONE', #3068 ) ;
#5671 = EDGE_CURVE ( 'NONE', #6117, #563, #7981, .T. ) ;
#5672 = AXIS2_PLACEMENT_3D ( 'NONE', #8440, #2308, #5048 ) ;
#5673 = CARTESIAN_POINT ( 'NONE',  ( -23.97591531051655878, -0.6000000000000000888, 5.353059882638999234 ) ) ;
#5674 = CARTESIAN_POINT ( 'NONE',  ( -28.92328373156918886, -0.6000000000000000888, 11.24779672474426206 ) ) ;
#5675 = VECTOR ( 'NONE', #1837, 1000.000000000000114 ) ;
#5676 = CIRCLE ( 'NONE', #2517, 0.9999999999999983347 ) ;
#5677 = DIRECTION ( 'NONE',  ( -0.8660254037844350439, 0.5000000000000061062, 0.000000000000000000 ) ) ;
#5678 = LINE ( 'NONE', #3075, #504 ) ;
#5679 = FACE_OUTER_BOUND ( 'NONE', #7756, .T. ) ;
#5680 = VECTOR ( 'NONE', #7620, 1000.000000000000000 ) ;
#5681 = CARTESIAN_POINT ( 'NONE',  ( -43.25989412863530958, -0.5999999999999998668, 11.35045327651616098 ) ) ;
#5682 = LINE ( 'NONE', #987, #5162 ) ;
#5683 = CARTESIAN_POINT ( 'NONE',  ( 1.699999999999999956, 7.997649730810350910, 0.000000000000000000 ) ) ;
#5684 = ORIENTED_EDGE ( 'NONE', *, *, #3928, .T. ) ;
#5685 = EDGE_CURVE ( 'NONE', #7605, #237, #5970, .T. ) ;
#5686 = EDGE_CURVE ( 'NONE', #3991, #7314, #8284, .T. ) ;
#5687 = LINE ( 'NONE', #7828, #3394 ) ;
#5688 = CARTESIAN_POINT ( 'NONE',  ( -27.44959952104287026, -0.6000000000000000888, 6.826744093165315164 ) ) ;
#5689 = DIRECTION ( 'NONE',  ( -0.4999999999999968359, -0.8660254037844404840, 0.000000000000000000 ) ) ;
#5690 = CARTESIAN_POINT ( 'NONE',  ( -48.18486957734256038, -0.9999999999999997780, 11.38936656015555648 ) ) ;
#5691 = EDGE_CURVE ( 'NONE', #6146, #8681, #7813, .T. ) ;
#5692 = AXIS2_PLACEMENT_3D ( 'NONE', #2930, #6423, #7132 ) ;
#5693 = ORIENTED_EDGE ( 'NONE', *, *, #8079, .F. ) ;
#5694 = CARTESIAN_POINT ( 'NONE',  ( -32.19933037493642303, 0.4339745962156045800, 19.40000000000000213 ) ) ;
#5695 = LINE ( 'NONE', #7029, #3435 ) ;
#5696 = EDGE_LOOP ( 'NONE', ( #6768, #1120, #6238, #5446 ) ) ;
#5697 = DIRECTION ( 'NONE',  ( -0.000000000000000000, -1.000000000000000000, -0.000000000000000000 ) ) ;
#5698 = CARTESIAN_POINT ( 'NONE',  ( -19.42854688946392372, -1.000000000000000222, 6.826744093165316052 ) ) ;
#5699 = VERTEX_POINT ( 'NONE', #1151 ) ;
#5700 = ORIENTED_EDGE ( 'NONE', *, *, #3524, .F. ) ;
#5701 = CARTESIAN_POINT ( 'NONE',  ( -45.36200032166362206, -1.000000000000000000, 11.64029926446091423 ) ) ;
#5702 = VERTEX_POINT ( 'NONE', #521 ) ;
#5703 = DIRECTION ( 'NONE',  ( 1.000000000000000000, -2.657184803002740111E-15, 0.000000000000000000 ) ) ;
#5704 = VERTEX_POINT ( 'NONE', #3867 ) ;
#5705 = CIRCLE ( 'NONE', #1989, 0.9999999999999974465 ) ;
#5706 = DIRECTION ( 'NONE',  ( 0.000000000000000000, 0.000000000000000000, 1.000000000000000000 ) ) ;
#5707 = B_SPLINE_SURFACE_WITH_KNOTS ( 'NONE', 3, 1, ( 
 ( #4391, #229 ),
 ( #6310, #3617 ),
 ( #1666, #360 ),
 ( #185, #319 ),
 ( #948, #2901 ),
 ( #5639, #7152 ),
 ( #8542, #1619 ),
 ( #2231, #6352 ),
 ( #4345, #1575 ),
 ( #991, #2991 ),
 ( #5775, #2407 ) ),
 .UNSPECIFIED., .F., .F., .F.,
 ( 4, 1, 1, 1, 1, 1, 1, 1, 4 ),
 ( 2, 2 ),
 ( 0.000000000000000000, 0.1318840711953371547, 0.2618153091293463630, 0.3902933495210611503, 0.5171257721934421347, 0.6420020715531483679, 0.7645768275012225779, 0.8836698560593276852, 1.000000000000000000 ),
 ( 0.000000000000000000, 1.000000000000000000 ),
 .UNSPECIFIED. ) ;
#5708 = CARTESIAN_POINT ( 'NONE',  ( -18.00871222819220918, -1.000000000000000000, 11.80173094658537281 ) ) ;
#5709 = CARTESIAN_POINT ( 'NONE',  ( -48.14433636314813469, -1.000000000000000000, 10.79384935632321074 ) ) ;
#5710 = ORIENTED_EDGE ( 'NONE', *, *, #2069, .T. ) ;
#5711 = ADVANCED_FACE ( 'NONE', ( #5091 ), #6001, .T. ) ;
#5712 = CARTESIAN_POINT ( 'NONE',  ( -25.92171027634526226, -1.000000000000000000, 11.67231097751628432 ) ) ;
#5713 = ORIENTED_EDGE ( 'NONE', *, *, #8132, .T. ) ;
#5714 = DIRECTION ( 'NONE',  ( 0.000000000000000000, -1.000000000000000000, 0.000000000000000000 ) ) ;
#5715 = CARTESIAN_POINT ( 'NONE',  ( -29.02613163945733632, -0.6000000000000000888, 7.298196685397028816 ) ) ;
#5716 = ORIENTED_EDGE ( 'NONE', *, *, #4401, .F. ) ;
#5717 = DIRECTION ( 'NONE',  ( 1.000000000000000000, 0.000000000000000000, 0.000000000000000000 ) ) ;
#5718 = ORIENTED_EDGE ( 'NONE', *, *, #2177, .F. ) ;
#5719 = CARTESIAN_POINT ( 'NONE',  ( -23.97591531051655878, -0.6000000000000000888, 11.19516514579689570 ) ) ;
#5720 = CARTESIAN_POINT ( 'NONE',  ( -31.36538899472707342, -1.000000000000000000, 11.87937567211268330 ) ) ;
#5721 = AXIS2_PLACEMENT_3D ( 'NONE', #1044, #8811, #7469 ) ;
#5722 = CARTESIAN_POINT ( 'NONE',  ( -52.14433636314813469, -0.6000000000000000888, 5.353059882638999234 ) ) ;
#5723 = CARTESIAN_POINT ( 'NONE',  ( -42.52436070216078434, -0.9999999999999997780, 5.256116442867400984 ) ) ;
#5724 = ADVANCED_FACE ( 'NONE', ( #1733 ), #4460, .T. ) ;
#5725 = LINE ( 'NONE', #2985, #1345 ) ;
#5726 = CARTESIAN_POINT ( 'NONE',  ( -41.99105858689405579, -0.9999999999999995559, 6.831110727443411079 ) ) ;
#5727 = CARTESIAN_POINT ( 'NONE',  ( -17.74433636314813256, -0.6000000000000000888, 11.02411251421794702 ) ) ;
#5729 = VECTOR ( 'NONE', #7162, 1000.000000000000000 ) ;
#5728 = AXIS2_PLACEMENT_3D ( 'NONE', #4001, #6062, #2607 ) ;
#5730 = ORIENTED_EDGE ( 'NONE', *, *, #6150, .T. ) ;
#5731 = CARTESIAN_POINT ( 'NONE',  ( 2.199999999999999734, 3.500000000000008882, 9.599999999999999645 ) ) ;
#5732 = DIRECTION ( 'NONE',  ( -0.8660254037844351549, 0.5000000000000061062, -0.000000000000000000 ) ) ;
#5733 = LINE ( 'NONE', #7872, #8374 ) ;
#5735 = VECTOR ( 'NONE', #94, 1000.000000000000000 ) ;
#5734 = VECTOR ( 'NONE', #7053, 1000.000000000000114 ) ;
#5736 = EDGE_CURVE ( 'NONE', #7841, #6221, #6512, .T. ) ;
#5737 = DIRECTION ( 'NONE',  ( 0.000000000000000000, 0.000000000000000000, -1.000000000000000000 ) ) ;
#5738 = CARTESIAN_POINT ( 'NONE',  ( -50.30681192521286960, -0.5999999999999998668, 11.59175853261824507 ) ) ;
#5739 = ORIENTED_EDGE ( 'NONE', *, *, #8186, .T. ) ;
#5740 = DIRECTION ( 'NONE',  ( -1.000000000000000000, 0.000000000000000000, 0.000000000000000000 ) ) ;
#5741 = AXIS2_PLACEMENT_3D ( 'NONE', #2309, #5049, #7772 ) ;
#5742 = FACE_OUTER_BOUND ( 'NONE', #803, .T. ) ;
#5743 = CARTESIAN_POINT ( 'NONE',  ( -48.63371685740839467, 10.26878221735089980, 0.000000000000000000 ) ) ;
#5744 = CARTESIAN_POINT ( 'NONE',  ( -24.24154904329582294, -0.5999999999999998668, 10.00757015016720253 ) ) ;
#5745 = ADVANCED_FACE ( 'NONE', ( #5847 ), #5175, .T. ) ;
#5746 = EDGE_LOOP ( 'NONE', ( #892, #4537, #1817, #4381, #6681, #4559, #7426 ) ) ;
#5747 = EDGE_LOOP ( 'NONE', ( #2926, #8419, #1022, #3367 ) ) ;
#5748 = CARTESIAN_POINT ( 'NONE',  ( -27.31645119882815109, -0.6000000000000003109, 7.186074070534640867 ) ) ;
#5749 = VERTEX_POINT ( 'NONE', #4137 ) ;
#5750 = LINE ( 'NONE', #2965, #7810 ) ;
#5751 = ORIENTED_EDGE ( 'NONE', *, *, #3926, .F. ) ;
#5752 = DIRECTION ( 'NONE',  ( 0.000000000000000000, 0.000000000000000000, -1.000000000000000000 ) ) ;
#5753 = PLANE ( 'NONE',  #5018 ) ;
#5754 = CARTESIAN_POINT ( 'NONE',  ( -10.88117846841128689, -0.6000000000000000888, 5.353059882638999234 ) ) ;
#5755 = VERTEX_POINT ( 'NONE', #1907 ) ;
#5756 = CARTESIAN_POINT ( 'NONE',  ( -26.94466531051655522, -1.000000000000000000, 12.08990198790215764 ) ) ;
#5757 = EDGE_LOOP ( 'NONE', ( #6318, #2501, #1544, #428 ) ) ;
#5758 = CARTESIAN_POINT ( 'NONE',  ( -31.30625231310161993, 11.58083117443855237, 20.10000000000000142 ) ) ;
#5759 = CARTESIAN_POINT ( 'NONE',  ( -26.94466531051655522, -0.6000000000000000888, 12.08990198790215764 ) ) ;
#5760 = ORIENTED_EDGE ( 'NONE', *, *, #2646, .F. ) ;
#5761 = CARTESIAN_POINT ( 'NONE',  ( -46.20788383248146403, 11.87044826720278934, 7.450000000000003730 ) ) ;
#5762 = ORIENTED_EDGE ( 'NONE', *, *, #5058, .T. ) ;
#5763 = CARTESIAN_POINT ( 'NONE',  ( -33.68117846841128937, -0.6000000000000000888, 11.87937567211268330 ) ) ;
#5764 = AXIS2_PLACEMENT_3D ( 'NONE', #8295, #2744, #5578 ) ;
#5765 = CARTESIAN_POINT ( 'NONE',  ( -20.36623073235534065, -0.6000000000000000888, 13.08467914565414070 ) ) ;
#5766 = CARTESIAN_POINT ( 'NONE',  ( 5.200000000000000178, 3.500000000000000000, 9.599999999999999645 ) ) ;
#5767 = DIRECTION ( 'NONE',  ( 0.000000000000000000, -1.000000000000000000, 0.000000000000000000 ) ) ;
#5768 = CARTESIAN_POINT ( 'NONE',  ( -51.45025741577971701, -0.6000000000000000888, 11.98463883000742136 ) ) ;
#5769 = DIRECTION ( 'NONE',  ( 0.000000000000000000, 0.000000000000000000, -1.000000000000000000 ) ) ;
#5770 = VECTOR ( 'NONE', #3088, 1000.000000000000227 ) ;
#5771 = CARTESIAN_POINT ( 'NONE',  ( -25.92162560986507458, -0.6000000000000000888, 8.324842580625603006 ) ) ;
#5772 = VERTEX_POINT ( 'NONE', #8117 ) ;
#5773 = LINE ( 'NONE', #8495, #2427 ) ;
#5774 = EDGE_CURVE ( 'NONE', #5638, #7664, #3366, .T. ) ;
#5775 = CARTESIAN_POINT ( 'NONE',  ( -10.17723109999023734, -0.6000000000000003109, 13.45832304053373818 ) ) ;
#5776 = DIRECTION ( 'NONE',  ( -0.000000000000000000, -0.000000000000000000, 1.000000000000000000 ) ) ;
#5777 = CIRCLE ( 'NONE', #5484, 0.9999999999999940048 ) ;
#5778 = FACE_BOUND ( 'NONE', #792, .T. ) ;
#5779 = CARTESIAN_POINT ( 'NONE',  ( -42.63979359775149902, -0.5999999999999998668, 11.71192797724520318 ) ) ;
#5780 = CARTESIAN_POINT ( 'NONE',  ( -49.09125550325477150, -1.000000000000000222, 12.86857874154256365 ) ) ;
#5781 = VERTEX_POINT ( 'NONE', #6730 ) ;
#5782 = EDGE_CURVE ( 'NONE', #4676, #2205, #2032, .T. ) ;
#5783 = LINE ( 'NONE', #2370, #8428 ) ;
#5784 = CARTESIAN_POINT ( 'NONE',  ( -46.00000000000000000, 1.700000000000029932, 20.10000000000000142 ) ) ;
#5785 = LINE ( 'NONE', #5025, #8071 ) ;
#5786 = CARTESIAN_POINT ( 'NONE',  ( -25.65748491589063462, -0.9999999999999988898, 8.506930969293595268 ) ) ;
#5787 = VECTOR ( 'NONE', #5991, 1000.000000000000000 ) ;
#5788 = AXIS2_PLACEMENT_3D ( 'NONE', #8294, #6290, #168 ) ;
#5789 = ORIENTED_EDGE ( 'NONE', *, *, #8297, .T. ) ;
#5790 = VERTEX_POINT ( 'NONE', #4769 ) ;
#5791 = CARTESIAN_POINT ( 'NONE',  ( -27.44606916586927881, -1.000000000000000222, 6.906996973109859717 ) ) ;
#5792 = VERTEX_POINT ( 'NONE', #3413 ) ;
#5793 = EDGE_CURVE ( 'NONE', #2227, #7035, #8377, .T. ) ;
#5794 = LINE ( 'NONE', #6628, #3808 ) ;
#5795 = ORIENTED_EDGE ( 'NONE', *, *, #396, .F. ) ;
#5796 = EDGE_CURVE ( 'NONE', #610, #2162, #6148, .T. ) ;
#5797 = VECTOR ( 'NONE', #2385, 1000.000000000000227 ) ;
#5798 = LINE ( 'NONE', #5169, #5797 ) ;
#5799 = AXIS2_PLACEMENT_3D ( 'NONE', #8447, #2314, #7690 ) ;
#5800 = CARTESIAN_POINT ( 'NONE',  ( -27.51451523361913587, -0.6000000000000000888, 13.36897872456435188 ) ) ;
#5801 = ORIENTED_EDGE ( 'NONE', *, *, #6346, .F. ) ;
#5802 = CARTESIAN_POINT ( 'NONE',  ( -26.89640400060024206, -0.5999999999999996447, 12.08870593368865975 ) ) ;
#5803 = VERTEX_POINT ( 'NONE', #5434 ) ;
#5804 = CARTESIAN_POINT ( 'NONE',  ( -27.71069237071168700, -1.000000000000000222, 11.97530667582238273 ) ) ;
#5805 = CARTESIAN_POINT ( 'NONE',  ( -39.80749425788496154, -0.6000000000000000888, 13.15240198790215764 ) ) ;
#5806 = ORIENTED_EDGE ( 'NONE', *, *, #1241, .T. ) ;
#5807 = PLANE ( 'NONE',  #831 ) ;
#5808 = ADVANCED_FACE ( 'NONE', ( #1369 ), #8738, .T. ) ;
#5809 = ORIENTED_EDGE ( 'NONE', *, *, #2536, .F. ) ;
#5810 = CARTESIAN_POINT ( 'NONE',  ( -10.88117846841128689, -0.6000000000000000888, 11.51095461948110632 ) ) ;
#5811 = FACE_OUTER_BOUND ( 'NONE', #6008, .T. ) ;
#5812 = CARTESIAN_POINT ( 'NONE',  ( -42.08545478420074915, -1.000000000000000000, 5.247796724744262065 ) ) ;
#5813 = CARTESIAN_POINT ( 'NONE',  ( -48.63371685740839467, 10.26878221735089980, -0.9000000000000000222 ) ) ;
#5814 = CARTESIAN_POINT ( 'NONE',  ( -40.25326030008883293, -0.9999999999999997780, 7.120654261685545272 ) ) ;
#5815 = CARTESIAN_POINT ( 'NONE',  ( -43.25989412863530958, -0.9999999999999997780, 11.35045327651616098 ) ) ;
#5816 = ORIENTED_EDGE ( 'NONE', *, *, #4975, .F. ) ;
#5817 = DIRECTION ( 'NONE',  ( 0.000000000000000000, 0.000000000000000000, -1.000000000000000000 ) ) ;
#5818 = VECTOR ( 'NONE', #497, 1000.000000000000000 ) ;
#5819 = VECTOR ( 'NONE', #4187, 1000.000000000000000 ) ;
#5820 = CARTESIAN_POINT ( 'NONE',  ( -26.05486267893761010, -0.6000000000000000888, 8.232994093165316940 ) ) ;
#5821 = CARTESIAN_POINT ( 'NONE',  ( -45.29999999999999716, 7.997649730810350910, -0.9000000000000000222 ) ) ;
#5822 = DIRECTION ( 'NONE',  ( -0.4999999999999994449, -0.8660254037844389297, 0.000000000000000000 ) ) ;
#5823 = CARTESIAN_POINT ( 'NONE',  ( -17.75321501850020667, -0.5999999999999996447, 11.26444070499204919 ) ) ;
#5824 = VECTOR ( 'NONE', #8740, 1000.000000000000227 ) ;
#5825 = CARTESIAN_POINT ( 'NONE',  ( -51.01708987177048726, -1.000000000000000000, 13.35121044846775895 ) ) ;
#5826 = ORIENTED_EDGE ( 'NONE', *, *, #6214, .F. ) ;
#5827 = CARTESIAN_POINT ( 'NONE',  ( -48.28371685740840036, 10.87500000000000000, 20.10000000000000142 ) ) ;
#5828 = ORIENTED_EDGE ( 'NONE', *, *, #5189, .T. ) ;
#5829 = CARTESIAN_POINT ( 'NONE',  ( -67.29999999999999716, 1.699999999999999956, 0.000000000000000000 ) ) ;
#5830 = CARTESIAN_POINT ( 'NONE',  ( -24.91884584029930849, -0.6000000000000005329, 9.100084778766696303 ) ) ;
#5831 = EDGE_CURVE ( 'NONE', #6705, #7209, #3957, .T. ) ;
#5832 = EDGE_LOOP ( 'NONE', ( #2042, #142, #817, #543, #5217, #6030, #2033 ) ) ;
#5833 = ORIENTED_EDGE ( 'NONE', *, *, #7869, .F. ) ;
#5834 = DIRECTION ( 'NONE',  ( 0.8660254037844385966, 0.5000000000000000000, 0.000000000000000000 ) ) ;
#5835 = ORIENTED_EDGE ( 'NONE', *, *, #5376, .T. ) ;
#5836 = CARTESIAN_POINT ( 'NONE',  ( -42.23419091815009807, -1.000000000000000000, 5.250616105068262485 ) ) ;
#5837 = VECTOR ( 'NONE', #2440, 1000.000000000000000 ) ;
#5838 = VERTEX_POINT ( 'NONE', #5347 ) ;
#5839 = CARTESIAN_POINT ( 'NONE',  ( -48.14656698535185342, -1.000000000000000000, 10.69554701818006492 ) ) ;
#5840 = LINE ( 'NONE', #5754, #1761 ) ;
#5841 = EDGE_CURVE ( 'NONE', #8786, #7978, #6718, .T. ) ;
#5842 = ORIENTED_EDGE ( 'NONE', *, *, #3784, .F. ) ;
#5843 = EDGE_CURVE ( 'NONE', #4014, #3573, #747, .T. ) ;
#5844 = CARTESIAN_POINT ( 'NONE',  ( -26.14447713803232887, -0.6000000000000000888, 8.171393628204475235 ) ) ;
#5845 = ORIENTED_EDGE ( 'NONE', *, *, #3766, .F. ) ;
#5846 = DIRECTION ( 'NONE',  ( 0.000000000000000000, -0.000000000000000000, -1.000000000000000000 ) ) ;
#5847 = FACE_OUTER_BOUND ( 'NONE', #7581, .T. ) ;
#5848 = VECTOR ( 'NONE', #5999, 1000.000000000000000 ) ;
#5849 = EDGE_LOOP ( 'NONE', ( #5030, #4990, #5876, #6728 ) ) ;
#5850 = CARTESIAN_POINT ( 'NONE',  ( -15.95486267893760690, -0.6000000000000000888, 5.353059882638999234 ) ) ;
#5851 = EDGE_LOOP ( 'NONE', ( #2592, #4047, #4451, #7619 ) ) ;
#5852 = CARTESIAN_POINT ( 'NONE',  ( 0.6999999999999999556, 7.997649730810350910, -0.9000000000000000222 ) ) ;
#5853 = CARTESIAN_POINT ( 'NONE',  ( -1.883716857408379797, 11.56782032302750096, 20.10000000000000142 ) ) ;
#5854 = DIRECTION ( 'NONE',  ( 0.000000000000000000, 0.000000000000000000, 1.000000000000000000 ) ) ;
#5855 = EDGE_CURVE ( 'NONE', #4270, #4017, #3854, .T. ) ;
#5856 = LINE ( 'NONE', #7369, #6905 ) ;
#5857 = CARTESIAN_POINT ( 'NONE',  ( -41.72690215262179692, -1.000000000000000000, 6.826744093165315164 ) ) ;
#5858 = CARTESIAN_POINT ( 'NONE',  ( -41.37657462627282001, -0.6000000000000003109, 11.87474852973988426 ) ) ;
#5859 = ORIENTED_EDGE ( 'NONE', *, *, #1312, .F. ) ;
#5860 = PLANE ( 'NONE',  #6868 ) ;
#5861 = CARTESIAN_POINT ( 'NONE',  ( -20.43104055232352323, -1.000000000000000222, 8.118792711873181744 ) ) ;
#5862 = DIRECTION ( 'NONE',  ( -1.000000000000000000, 0.000000000000000000, -0.000000000000000000 ) ) ;
#5863 = CARTESIAN_POINT ( 'NONE',  ( -48.99211761572574630, -0.6000000000000000888, 12.79258786828650685 ) ) ;
#5864 = DIRECTION ( 'NONE',  ( -0.5000000000000280886, -0.8660254037844224984, 0.000000000000000000 ) ) ;
#5865 = CARTESIAN_POINT ( 'NONE',  ( -47.05070415551050189, 12.01064064606490156, -0.9000000000000000222 ) ) ;
#5866 = ORIENTED_EDGE ( 'NONE', *, *, #7026, .F. ) ;
#5867 = CARTESIAN_POINT ( 'NONE',  ( -26.70195831909959594, 8.691600689896679555, 20.10000000000000142 ) ) ;
#5868 = CARTESIAN_POINT ( 'NONE',  ( -40.00864177073067651, -1.000000000000000222, 11.47877592027236737 ) ) ;
#5869 = VECTOR ( 'NONE', #318, 1000.000000000000114 ) ;
#5870 = EDGE_CURVE ( 'NONE', #7209, #770, #4685, .T. ) ;
#5871 = CYLINDRICAL_SURFACE ( 'NONE', #8504, 1.000000000000002887 ) ;
#5872 = EDGE_CURVE ( 'NONE', #6052, #6558, #446, .T. ) ;
#5873 = FACE_OUTER_BOUND ( 'NONE', #8771, .T. ) ;
#5874 = ORIENTED_EDGE ( 'NONE', *, *, #2442, .F. ) ;
#5875 = CARTESIAN_POINT ( 'NONE',  ( -15.96223065453130552, -0.5999999999999998668, 10.93234529440608505 ) ) ;
#5876 = ORIENTED_EDGE ( 'NONE', *, *, #5027, .T. ) ;
#5877 = CARTESIAN_POINT ( 'NONE',  ( -54.30625231310163059, 11.58083117443855237, 20.10000000000000142 ) ) ;
#5878 = ORIENTED_EDGE ( 'NONE', *, *, #760, .F. ) ;
#5879 = LINE ( 'NONE', #4495, #1515 ) ;
#5880 = EDGE_CURVE ( 'NONE', #303, #242, #4812, .T. ) ;
#5881 = B_SPLINE_CURVE_WITH_KNOTS ( 'NONE', 3,
 ( #6852, #4315, #3628, #4983, #3543, #8366, #3499, #2731, #4271, #8325, #8280 ),
 .UNSPECIFIED., .F., .F.,
 ( 4, 1, 1, 1, 1, 1, 1, 1, 4 ),
 ( 0.000000000000000000, 0.1167874600497640775, 0.2340549638295243984, 0.3522908915644918926, 0.4727005074978259946, 0.5970991727026729867, 0.7258348733785957574, 0.8598550479402812252, 1.000000000000000000 ),
 .UNSPECIFIED. ) ;
#5882 = DIRECTION ( 'NONE',  ( 0.000000000000000000, 0.000000000000000000, 1.000000000000000000 ) ) ;
#5883 = EDGE_LOOP ( 'NONE', ( #6405, #4439, #5925, #1887 ) ) ;
#5884 = CARTESIAN_POINT ( 'NONE',  ( -18.54861267893760512, -1.000000000000000000, 13.45832304053373818 ) ) ;
#5885 = VERTEX_POINT ( 'NONE', #7535 ) ;
#5886 = CARTESIAN_POINT ( 'NONE',  ( -15.95486267893760690, -0.6000000000000000888, 5.353059882638999234 ) ) ;
#5887 = DIRECTION ( 'NONE',  ( -0.8660254037844389297, 0.4999999999999994449, -0.000000000000000000 ) ) ;
#5888 = ORIENTED_EDGE ( 'NONE', *, *, #8452, .F. ) ;
#5889 = FACE_OUTER_BOUND ( 'NONE', #8129, .T. ) ;
#5890 = ORIENTED_EDGE ( 'NONE', *, *, #3900, .T. ) ;
#5891 = CARTESIAN_POINT ( 'NONE',  ( -18.92361267893760868, -0.6000000000000000888, 12.08990198790215764 ) ) ;
#5892 = EDGE_CURVE ( 'NONE', #6560, #7547, #8330, .T. ) ;
#5893 = EDGE_CURVE ( 'NONE', #8782, #30, #118, .T. ) ;
#5894 = CARTESIAN_POINT ( 'NONE',  ( -3.969907511530739619, 7.691600689896679555, 20.10000000000000142 ) ) ;
#5895 = CARTESIAN_POINT ( 'NONE',  ( -21.32328373156918389, -1.000000000000000000, 5.973125672112684192 ) ) ;
#5896 = CARTESIAN_POINT ( 'NONE',  ( -44.03125784386730146, -0.6000000000000000888, 10.12542089263933853 ) ) ;
#5897 = CARTESIAN_POINT ( 'NONE',  ( 11.07195091717384372, 1.700000000000006617, 19.40000000000000213 ) ) ;
#5898 = FACE_OUTER_BOUND ( 'NONE', #5654, .T. ) ;
#5899 = VERTEX_POINT ( 'NONE', #4276 ) ;
#5900 = LINE ( 'NONE', #6655, #591 ) ;
#5901 = EDGE_CURVE ( 'NONE', #1136, #6819, #5571, .T. ) ;
#5902 = EDGE_CURVE ( 'NONE', #4376, #5254, #6356, .T. ) ;
#5903 = CARTESIAN_POINT ( 'NONE',  ( -20.59162981766475298, -0.9999999999999991118, 7.931292166661541465 ) ) ;
#5904 = CARTESIAN_POINT ( 'NONE',  ( -18.85941133449850327, -0.5999999999999996447, 9.378243449184864744 ) ) ;
#5905 = LINE ( 'NONE', #7462, #3668 ) ;
#5906 = CIRCLE ( 'NONE', #8752, 1.000000000000000000 ) ;
#5907 = CARTESIAN_POINT ( 'NONE',  ( -19.07156169615362984, -0.9999999999999997780, 9.225014081453197790 ) ) ;
#5908 = CARTESIAN_POINT ( 'NONE',  ( -24.00000000000000000, 7.016154273188029755, 20.10000000000000142 ) ) ;
#5909 = VERTEX_POINT ( 'NONE', #4364 ) ;
#5910 = VECTOR ( 'NONE', #3917, 1000.000000000000000 ) ;
#5911 = DIRECTION ( 'NONE',  ( -0.000000000000000000, -0.000000000000000000, -1.000000000000000000 ) ) ;
#5912 = LINE ( 'NONE', #546, #3273 ) ;
#5913 = CARTESIAN_POINT ( 'NONE',  ( -48.43114265483784919, -0.6000000000000003109, 12.14431982003273269 ) ) ;
#5914 = CARTESIAN_POINT ( 'NONE',  ( -24.07035355085521999, -0.5999999999999996447, 10.44040175843616503 ) ) ;
#5915 = ORIENTED_EDGE ( 'NONE', *, *, #3469, .F. ) ;
#5916 = CARTESIAN_POINT ( 'NONE',  ( 0.6999999999999999556, 7.997649730810350910, 0.000000000000000000 ) ) ;
#5917 = EDGE_CURVE ( 'NONE', #5372, #7384, #962, .T. ) ;
#5918 = ORIENTED_EDGE ( 'NONE', *, *, #7585, .F. ) ;
#5919 = CARTESIAN_POINT ( 'NONE',  ( -19.42854688946392017, -0.6000000000000000888, 6.826744093165315164 ) ) ;
#5920 = VERTEX_POINT ( 'NONE', #4184 ) ;
#5921 = CYLINDRICAL_SURFACE ( 'NONE', #7359, 1.000000000000002887 ) ;
#5922 = CYLINDRICAL_SURFACE ( 'NONE', #1170, 1.000000000000003775 ) ;
#5923 = AXIS2_PLACEMENT_3D ( 'NONE', #7452, #6959, #753 ) ;
#5924 = LINE ( 'NONE', #606, #3317 ) ;
#5925 = ORIENTED_EDGE ( 'NONE', *, *, #7807, .F. ) ;
#5926 = VERTEX_POINT ( 'NONE', #8421 ) ;
#5927 = EDGE_CURVE ( 'NONE', #6194, #1495, #6004, .T. ) ;
#5928 = LINE ( 'NONE', #5256, #3809 ) ;
#5929 = CARTESIAN_POINT ( 'NONE',  ( -40.46158944600422558, -1.000000000000000222, 13.34051345889227136 ) ) ;
#5930 = ORIENTED_EDGE ( 'NONE', *, *, #1588, .T. ) ;
#5931 = FACE_OUTER_BOUND ( 'NONE', #4087, .T. ) ;
#5932 = AXIS2_PLACEMENT_3D ( 'NONE', #3572, #5010, #6395 ) ;
#5933 = VERTEX_POINT ( 'NONE', #6908 ) ;
#5934 = CARTESIAN_POINT ( 'NONE',  ( -41.13141353356815699, -0.6000000000000000888, 11.84951974490410898 ) ) ;
#5935 = CARTESIAN_POINT ( 'NONE',  ( -25.49974226119280374, 12.50083302491999859, 0.000000000000000000 ) ) ;
#5936 = CARTESIAN_POINT ( 'NONE',  ( -21.27507955755600833, -0.9999999999999997780, 6.546269095387323489 ) ) ;
#5937 = CARTESIAN_POINT ( 'NONE',  ( -11.28445080182806137, -0.6000000000000003109, 12.79218496127833227 ) ) ;
#5938 = DIRECTION ( 'NONE',  ( -1.000000000000000000, 0.000000000000000000, 0.000000000000000000 ) ) ;
#5939 = VERTEX_POINT ( 'NONE', #6324 ) ;
#5940 = ADVANCED_FACE ( 'NONE', ( #7751 ), #2293, .T. ) ;
#5941 = CARTESIAN_POINT ( 'NONE',  ( -43.95486073852632103, -0.9999999999999997780, 10.36851273804107265 ) ) ;
#5942 = ORIENTED_EDGE ( 'NONE', *, *, #8109, .T. ) ;
#5943 = PLANE ( 'NONE',  #4881 ) ;
#5944 = CARTESIAN_POINT ( 'NONE',  ( -20.26127406683331955, -0.6000000000000000888, 8.294386105673760667 ) ) ;
#5945 = DIRECTION ( 'NONE',  ( 0.000000000000000000, 0.000000000000000000, -1.000000000000000000 ) ) ;
#5946 = FACE_OUTER_BOUND ( 'NONE', #5211, .T. ) ;
#5947 = CARTESIAN_POINT ( 'NONE',  ( 11.87579849446719926, 1.699999999999999956, -0.9000000000000000222 ) ) ;
#5948 = CARTESIAN_POINT ( 'NONE',  ( -18.19950594900136309, -0.6000000000000003109, 11.94093354282247610 ) ) ;
#5949 = ADVANCED_FACE ( 'NONE', ( #919 ), #7080, .T. ) ;
#5950 = ADVANCED_FACE ( 'NONE', ( #3635 ), #7127, .T. ) ;
#5951 = CARTESIAN_POINT ( 'NONE',  ( -26.96990751153069965, 7.691600689896679555, 20.10000000000000142 ) ) ;
#5952 = ORIENTED_EDGE ( 'NONE', *, *, #8741, .T. ) ;
#5953 = DIRECTION ( 'NONE',  ( 0.000000000000000000, 0.000000000000000000, -1.000000000000000000 ) ) ;
#5954 = CARTESIAN_POINT ( 'NONE',  ( -39.80749425788496154, -1.000000000000000000, 11.35305988263899835 ) ) ;
#5955 = CARTESIAN_POINT ( 'NONE',  ( -67.29999999999999716, 1.699999999999999956, -0.9000000000000000222 ) ) ;
#5956 = LINE ( 'NONE', #2546, #996 ) ;
#5957 = VECTOR ( 'NONE', #1765, 1000.000000000000000 ) ;
#5958 = EDGE_CURVE ( 'NONE', #2888, #3243, #7169, .T. ) ;
#5959 = ORIENTED_EDGE ( 'NONE', *, *, #3604, .F. ) ;
#5960 = CARTESIAN_POINT ( 'NONE',  ( -17.31574787903095469, -1.000000000000000666, 8.745503142338012736 ) ) ;
#5961 = VERTEX_POINT ( 'NONE', #1848 ) ;
#5962 = CARTESIAN_POINT ( 'NONE',  ( -19.36492657879145085, -0.6000000000000003109, 7.069950585207321225 ) ) ;
#5963 = EDGE_LOOP ( 'NONE', ( #5214, #3597, #3343, #58 ) ) ;
#5964 = CARTESIAN_POINT ( 'NONE',  ( -51.28271763719222776, -0.6000000000000003109, 9.460828223542765869 ) ) ;
#5965 = CARTESIAN_POINT ( 'NONE',  ( -40.46158944600422558, -1.000000000000000222, 13.34051345889227136 ) ) ;
#5966 = CARTESIAN_POINT ( 'NONE',  ( -50.30242278419683544, -0.6000000000000003109, 8.189542965374609906 ) ) ;
#5967 = ORIENTED_EDGE ( 'NONE', *, *, #1122, .T. ) ;
#5968 = ORIENTED_EDGE ( 'NONE', *, *, #1599, .F. ) ;
#5969 = DIRECTION ( 'NONE',  ( 1.000000000000000000, 0.000000000000000000, 0.000000000000000000 ) ) ;
#5970 = LINE ( 'NONE', #8692, #3003 ) ;
#5971 = VECTOR ( 'NONE', #525, 1000.000000000000000 ) ;
#5972 = ORIENTED_EDGE ( 'NONE', *, *, #3630, .T. ) ;
#5973 = CARTESIAN_POINT ( 'NONE',  ( -26.59482534898189954, 3.500000000000100364, 9.601237499999999869 ) ) ;
#5974 = VERTEX_POINT ( 'NONE', #2334 ) ;
#5975 = CARTESIAN_POINT ( 'NONE',  ( -24.69974226119958516, 13.88647367098246121, 20.10000000000000142 ) ) ;
#5976 = EDGE_CURVE ( 'NONE', #8049, #5792, #287, .T. ) ;
#5977 = CARTESIAN_POINT ( 'NONE',  ( -69.50000000000000000, 7.882179676972460136, 20.10000000000000142 ) ) ;
#5978 = FACE_OUTER_BOUND ( 'NONE', #1719, .T. ) ;
#5979 = CARTESIAN_POINT ( 'NONE',  ( -34.92804908282614917, 1.700000000000006617, -0.1999999999999987899 ) ) ;
#5980 = CARTESIAN_POINT ( 'NONE',  ( -50.17476567760736117, -0.6000000000000000888, 11.39464388014898866 ) ) ;
#5981 = ORIENTED_EDGE ( 'NONE', *, *, #3396, .F. ) ;
#5982 = CARTESIAN_POINT ( 'NONE',  ( -43.85997504198805785, -1.000000000000000000, 10.59757692713795763 ) ) ;
#5983 = ORIENTED_EDGE ( 'NONE', *, *, #1476, .T. ) ;
#5984 = FACE_OUTER_BOUND ( 'NONE', #1777, .T. ) ;
#5985 = CARTESIAN_POINT ( 'NONE',  ( -18.56600134668305913, -0.6000000000000005329, 9.610252367229712434 ) ) ;
#5986 = ADVANCED_FACE ( 'NONE', ( #7211 ), #3137, .F. ) ;
#5987 = UNCERTAINTY_MEASURE_WITH_UNIT (LENGTH_MEASURE( 1.000000000000000082E-05 ), #20, 'distance_accuracy_value', 'NONE');
#5988 = DIRECTION ( 'NONE',  ( 1.000000000000000000, 0.000000000000000000, 0.000000000000000000 ) ) ;
#5989 = DIRECTION ( 'NONE',  ( -0.8660254037844171693, 0.5000000000000371925, -0.000000000000000000 ) ) ;
#5990 = CARTESIAN_POINT ( 'NONE',  ( -24.69974226119958161, 13.88647367098246121, -0.9000000000000000222 ) ) ;
#5991 = DIRECTION ( 'NONE',  ( 0.000000000000000000, 0.000000000000000000, 1.000000000000000000 ) ) ;
#5992 = ORIENTED_EDGE ( 'NONE', *, *, #6793, .F. ) ;
#5993 = EDGE_LOOP ( 'NONE', ( #8519, #6180, #6205, #1893 ) ) ;
#5994 = CARTESIAN_POINT ( 'NONE',  ( -53.93381004735865503, -0.6000000000000000888, 13.35305988263900012 ) ) ;
#5995 = CARTESIAN_POINT ( 'NONE',  ( -40.43653507868788211, -1.000000000000000666, 11.67655469427027626 ) ) ;
#5996 = CARTESIAN_POINT ( 'NONE',  ( -48.56130874636985340, -1.000000000000000000, 12.35521939459442109 ) ) ;
#5997 = ADVANCED_FACE ( 'NONE', ( #1680 ), #6544, .T. ) ;
#5998 = ADVANCED_FACE ( 'NONE', ( #7121 ), #7302, .T. ) ;
#5999 = DIRECTION ( 'NONE',  ( 0.000000000000000000, 1.000000000000000000, 0.000000000000000000 ) ) ;
#6000 = VECTOR ( 'NONE', #4259, 1000.000000000000000 ) ;
#6001 = B_SPLINE_SURFACE_WITH_KNOTS ( 'NONE', 3, 1, ( 
 ( #6556, #3231 ),
 ( #2478, #434 ),
 ( #4417, #346 ),
 ( #3151, #6639 ),
 ( #4595, #1693 ),
 ( #1019, #5216 ),
 ( #7938, #5929 ),
 ( #8648, #3738 ),
 ( #6471, #2520 ),
 ( #7313, #1192 ),
 ( #5805, #8530 ) ),
 .UNSPECIFIED., .F., .F., .F.,
 ( 4, 1, 1, 1, 1, 1, 1, 1, 4 ),
 ( 2, 2 ),
 ( 0.000000000000000000, 0.1430077439239314518, 0.2804410517570049555, 0.4124252536065051711, 0.5392244040641462899, 0.6612359185481836432, 0.7784486032602823125, 0.8911018786123227065, 1.000000000000000000 ),
 ( 0.000000000000000000, 1.000000000000000000 ),
 .UNSPECIFIED. ) ;
#6002 = ORIENTED_EDGE ( 'NONE', *, *, #8249, .T. ) ;
#6003 = LINE ( 'NONE', #8725, #6437 ) ;
#6005 = CIRCLE ( 'NONE', #2145, 1.000000000000000888 ) ;
#6004 = CIRCLE ( 'NONE', #3281, 0.9999999999999670264 ) ;
#6006 = ORIENTED_EDGE ( 'NONE', *, *, #7036, .F. ) ;
#6007 = PLANE ( 'NONE',  #8097 ) ;
#6008 = EDGE_LOOP ( 'NONE', ( #1180, #3214, #6636, #3603 ) ) ;
#6009 = CARTESIAN_POINT ( 'NONE',  ( -51.17714383098817876, -1.000000000000000000, 8.092008840351615717 ) ) ;
#6010 = EDGE_CURVE ( 'NONE', #827, #3291, #464, .T. ) ;
#6011 = CARTESIAN_POINT ( 'NONE',  ( -18.03381004735866000, -1.000000000000000000, 8.232994093165316940 ) ) ;
#6013 = CIRCLE ( 'NONE', #8293, 2.000000000000001776 ) ;
#6012 = AXIS2_PLACEMENT_3D ( 'NONE', #2800, #807, #6877 ) ;
#6014 = CARTESIAN_POINT ( 'NONE',  ( -72.49974226119279308, 10.76878221735089447, -0.9000000000000000222 ) ) ;
#6015 = ORIENTED_EDGE ( 'NONE', *, *, #7513, .F. ) ;
#6016 = ORIENTED_EDGE ( 'NONE', *, *, #8608, .F. ) ;
#6017 = DIRECTION ( 'NONE',  ( -1.000000000000000000, 2.685272703399976948E-15, 0.000000000000000000 ) ) ;
#6018 = DIRECTION ( 'NONE',  ( 0.000000000000000000, 0.000000000000000000, -1.000000000000000000 ) ) ;
#6019 = ORIENTED_EDGE ( 'NONE', *, *, #4374, .T. ) ;
#6020 = CARTESIAN_POINT ( 'NONE',  ( -40.70171990933618389, -0.6000000000000000888, 13.38556068087545547 ) ) ;
#6021 = ORIENTED_EDGE ( 'NONE', *, *, #5582, .T. ) ;
#6022 = CARTESIAN_POINT ( 'NONE',  ( -51.17714383098817876, -0.6000000000000000888, 8.092008840351615717 ) ) ;
#6023 = VECTOR ( 'NONE', #134, 1000.000000000000000 ) ;
#6024 = CARTESIAN_POINT ( 'NONE',  ( -20.59162981766475298, -0.5999999999999996447, 7.931292166661541465 ) ) ;
#6025 = LINE ( 'NONE', #1201, #2182 ) ;
#6026 = CARTESIAN_POINT ( 'NONE',  ( -20.90223109999023876, -0.6000000000000000888, 11.24779672474426206 ) ) ;
#6027 = DIRECTION ( 'NONE',  ( 0.8660254037844425934, 0.4999999999999933942, 0.000000000000000000 ) ) ;
#6028 = ORIENTED_EDGE ( 'NONE', *, *, #4351, .F. ) ;
#6029 = CARTESIAN_POINT ( 'NONE',  ( -18.87004522831552933, -1.000000000000000222, 13.45325607948604052 ) ) ;
#6030 = ORIENTED_EDGE ( 'NONE', *, *, #5376, .F. ) ;
#6031 = DIRECTION ( 'NONE',  ( -0.4999999999999994449, -0.8660254037844389297, 0.000000000000000000 ) ) ;
#6032 = CARTESIAN_POINT ( 'NONE',  ( -18.11055746426819368, -0.6000000000000000888, 10.06486393383465661 ) ) ;
#6033 = DIRECTION ( 'NONE',  ( -0.000000000000000000, -1.000000000000000000, -0.000000000000000000 ) ) ;
#6034 = LINE ( 'NONE', #538, #1537 ) ;
#6035 = CARTESIAN_POINT ( 'NONE',  ( -43.85997504198805785, -0.6000000000000000888, 10.59757692713795763 ) ) ;
#6036 = CARTESIAN_POINT ( 'NONE',  ( -43.47845153221862091, -0.6000000000000005329, 7.496610094251752621 ) ) ;
#6037 = DIRECTION ( 'NONE',  ( -0.000000000000000000, -0.000000000000000000, -1.000000000000000000 ) ) ;
#6038 = ORIENTED_EDGE ( 'NONE', *, *, #3955, .F. ) ;
#6039 = ADVANCED_FACE ( 'NONE', ( #8556 ), #1937, .T. ) ;
#6040 = ORIENTED_EDGE ( 'NONE', *, *, #3544, .F. ) ;
#6041 = CARTESIAN_POINT ( 'NONE',  ( -31.36538899472707342, -0.6000000000000000888, 11.87937567211268330 ) ) ;
#6042 = CARTESIAN_POINT ( 'NONE',  ( -40.96585143734886003, -1.000000000000000222, 6.897598736873339575 ) ) ;
#6043 = LINE ( 'NONE', #1890, #2760 ) ;
#6044 = VECTOR ( 'NONE', #1526, 1000.000000000000000 ) ;
#6045 = CARTESIAN_POINT ( 'NONE',  ( -23.13397459621555896, 7.516154273188022650, -0.9000000000000000222 ) ) ;
#6046 = CARTESIAN_POINT ( 'NONE',  ( -26.80303456817695817, -1.000000000000000222, 12.08639197032431767 ) ) ;
#6047 = ORIENTED_EDGE ( 'NONE', *, *, #5466, .F. ) ;
#6048 = EDGE_CURVE ( 'NONE', #1325, #3647, #2498, .T. ) ;
#6049 = VECTOR ( 'NONE', #4394, 1000.000000000000000 ) ;
#6050 = DIRECTION ( 'NONE',  ( -1.000000000000000000, 0.000000000000000000, 0.000000000000000000 ) ) ;
#6051 = B_SPLINE_CURVE_WITH_KNOTS ( 'NONE', 3,
 ( #293, #7674, #969, #3685, #1556, #5708, #6417, #7001, #885, #3599, #4326, #5084, #6330, #7043, #7759 ),
 .UNSPECIFIED., .F., .F.,
 ( 4, 1, 1, 1, 1, 1, 1, 1, 1, 1, 1, 1, 4 ),
 ( 0.000000000000000000, 0.1367039883603697048, 0.2586833526536852501, 0.3709414131933319592, 0.4785760303022709161, 0.5331492739294553251, 0.5900053033407540726, 0.6481585953923468812, 0.7104150693803554795, 0.7756764888071543407, 0.8461861521810664089, 0.9204958455208714918, 1.000000000000000000 ),
 .UNSPECIFIED. ) ;
#6052 = VERTEX_POINT ( 'NONE', #6092 ) ;
#6053 = CARTESIAN_POINT ( 'NONE',  ( -15.96223065453130552, -0.5999999999999998668, 10.93234529440608505 ) ) ;
#6054 = ORIENTED_EDGE ( 'NONE', *, *, #4321, .T. ) ;
#6055 = CARTESIAN_POINT ( 'NONE',  ( -50.03983255688788034, -1.000000000000000000, 10.68470022970909916 ) ) ;
#6056 = DIRECTION ( 'NONE',  ( -0.5000000000000314193, -0.8660254037844205000, 0.000000000000000000 ) ) ;
#6057 = DIRECTION ( 'NONE',  ( -0.000000000000000000, -0.000000000000000000, 1.000000000000000000 ) ) ;
#6058 = ORIENTED_EDGE ( 'NONE', *, *, #5058, .F. ) ;
#6059 = EDGE_CURVE ( 'NONE', #5123, #7669, #5287, .T. ) ;
#6060 = DIRECTION ( 'NONE',  ( -0.5000000000000061062, -0.8660254037844351549, -0.000000000000000000 ) ) ;
#6061 = EDGE_CURVE ( 'NONE', #3905, #7590, #6003, .T. ) ;
#6062 = DIRECTION ( 'NONE',  ( -0.8660254037844172803, 0.5000000000000371925, 0.000000000000000000 ) ) ;
#6063 = VERTEX_POINT ( 'NONE', #3308 ) ;
#6064 = DIRECTION ( 'NONE',  ( -0.000000000000000000, 0.000000000000000000, 1.000000000000000000 ) ) ;
#6065 = EDGE_LOOP ( 'NONE', ( #5268, #5866, #2777, #7264 ) ) ;
#6066 = CARTESIAN_POINT ( 'NONE',  ( -53.90625231310169596, 12.27365149746590056, 20.10000000000000142 ) ) ;
#6067 = CARTESIAN_POINT ( 'NONE',  ( -10.17723109999023734, -0.6000000000000003109, 13.45832304053373818 ) ) ;
#6068 = DIRECTION ( 'NONE',  ( -1.000000000000000000, 0.000000000000000000, 0.000000000000000000 ) ) ;
#6069 = CARTESIAN_POINT ( 'NONE',  ( -10.70511896022156684, -0.6000000000000000888, 13.10947707157168907 ) ) ;
#6070 = CARTESIAN_POINT ( 'NONE',  ( -67.29999999999999716, 7.997649730810350910, 0.000000000000000000 ) ) ;
#6071 = VECTOR ( 'NONE', #2022, 1000.000000000000000 ) ;
#6072 = EDGE_CURVE ( 'NONE', #5461, #5302, #7522, .T. ) ;
#6073 = CARTESIAN_POINT ( 'NONE',  ( -52.14118880364058128, 10.33083117443845822, 20.10000000000000142 ) ) ;
#6074 = EDGE_LOOP ( 'NONE', ( #2352, #6160, #7576, #463 ) ) ;
#6075 = LINE ( 'NONE', #6922, #5017 ) ;
#6076 = VECTOR ( 'NONE', #5697, 1000.000000000000000 ) ;
#6077 = DIRECTION ( 'NONE',  ( 0.000000000000000000, 0.000000000000000000, -1.000000000000000000 ) ) ;
#6078 = AXIS2_PLACEMENT_3D ( 'NONE', #8841, #2043, #4107 ) ;
#6079 = CARTESIAN_POINT ( 'NONE',  ( -4.346152422706559548, 10.10275681356650068, 0.000000000000000000 ) ) ;
#6080 = DIRECTION ( 'NONE',  ( 0.000000000000000000, 0.000000000000000000, 1.000000000000000000 ) ) ;
#6081 = VECTOR ( 'NONE', #3015, 1000.000000000000000 ) ;
#6082 = CARTESIAN_POINT ( 'NONE',  ( -46.00000000000000000, 7.016154273188029755, -0.9000000000000000222 ) ) ;
#6083 = CARTESIAN_POINT ( 'NONE',  ( -42.71379303610329004, -0.6000000000000000888, 6.989265806664327840 ) ) ;
#6084 = CARTESIAN_POINT ( 'NONE',  ( -23.97811777933110733, -0.5999999999999998668, 11.27971252834454141 ) ) ;
#6085 = ORIENTED_EDGE ( 'NONE', *, *, #7859, .F. ) ;
#6086 = VERTEX_POINT ( 'NONE', #6672 ) ;
#6087 = CARTESIAN_POINT ( 'NONE',  ( 1.199999999999999956, 8.863675134594789284, -0.9000000000000000222 ) ) ;
#6088 = CARTESIAN_POINT ( 'NONE',  ( -26.66712077892548649, -0.9999999999999997780, 12.07566957060192259 ) ) ;
#6089 = CARTESIAN_POINT ( 'NONE',  ( -21.32328373156918389, -0.6000000000000000888, 5.353059882638999234 ) ) ;
#6090 = CARTESIAN_POINT ( 'NONE',  ( -50.12534015124096243, -1.000000000000000000, 11.28126662695895099 ) ) ;
#6091 = ORIENTED_EDGE ( 'NONE', *, *, #2387, .F. ) ;
#6092 = CARTESIAN_POINT ( 'NONE',  ( -49.13371685740839467, 9.402756813566508498, -0.9000000000000000222 ) ) ;
#6093 = ORIENTED_EDGE ( 'NONE', *, *, #5343, .T. ) ;
#6094 = CARTESIAN_POINT ( 'NONE',  ( -12.57361267893760370, -1.000000000000000000, 10.82674409316531516 ) ) ;
#6095 = ORIENTED_EDGE ( 'NONE', *, *, #2756, .T. ) ;
#6096 = AXIS2_PLACEMENT_3D ( 'NONE', #5863, #1793, #8501 ) ;
#6097 = AXIS2_PLACEMENT_3D ( 'NONE', #1985, #2728, #8193 ) ;
#6098 = CARTESIAN_POINT ( 'NONE',  ( -46.00866321883493981, -0.9999999999999995559, 9.643026295202805187 ) ) ;
#6099 = CARTESIAN_POINT ( 'NONE',  ( -67.79999999999999716, 8.863675134594789284, 20.10000000000000142 ) ) ;
#6100 = ADVANCED_FACE ( 'NONE', ( #6802 ), #2683, .T. ) ;
#6101 = VECTOR ( 'NONE', #6060, 1000.000000000000227 ) ;
#6102 = CARTESIAN_POINT ( 'NONE',  ( -15.95486267893760690, -1.000000000000000000, 11.19516514579689570 ) ) ;
#6103 = AXIS2_PLACEMENT_3D ( 'NONE', #4094, #750, #8787 ) ;
#6104 = ORIENTED_EDGE ( 'NONE', *, *, #6654, .F. ) ;
#6105 = LINE ( 'NONE', #1459, #5680 ) ;
#6106 = CARTESIAN_POINT ( 'NONE',  ( -27.20453373156918531, -1.000000000000000000, 9.144178303691631982 ) ) ;
#6107 = ORIENTED_EDGE ( 'NONE', *, *, #3156, .T. ) ;
#6108 = LINE ( 'NONE', #6732, #8815 ) ;
#6109 = ORIENTED_EDGE ( 'NONE', *, *, #4323, .T. ) ;
#6110 = CARTESIAN_POINT ( 'NONE',  ( -68.70788383248145692, 12.73647367098722505, 8.450000000000020606 ) ) ;
#6111 = EDGE_CURVE ( 'NONE', #3865, #1584, #6143, .T. ) ;
#6112 = EDGE_CURVE ( 'NONE', #8370, #8362, #16, .T. ) ;
#6113 = LINE ( 'NONE', #1375, #2063 ) ;
#6114 = DIRECTION ( 'NONE',  ( 0.5000000000000119904, 0.8660254037844318242, 0.000000000000000000 ) ) ;
#6115 = DIRECTION ( 'NONE',  ( -0.000000000000000000, -1.000000000000000000, -0.000000000000000000 ) ) ;
#6116 = DIRECTION ( 'NONE',  ( -1.000000000000000000, 0.000000000000000000, -0.000000000000000000 ) ) ;
#6117 = VERTEX_POINT ( 'NONE', #2105 ) ;
#6118 = DIRECTION ( 'NONE',  ( 0.8660254037844377084, 0.5000000000000015543, 0.000000000000000000 ) ) ;
#6119 = VECTOR ( 'NONE', #2392, 1000.000000000000000 ) ;
#6120 = ORIENTED_EDGE ( 'NONE', *, *, #6725, .F. ) ;
#6121 = LINE ( 'NONE', #4782, #7723 ) ;
#6122 = LINE ( 'NONE', #1, #2723 ) ;
#6123 = EDGE_CURVE ( 'NONE', #3498, #6194, #8712, .T. ) ;
#6124 = CARTESIAN_POINT ( 'NONE',  ( -24.14586178174076991, -1.000000000000000444, 10.21679991709144808 ) ) ;
#6125 = CARTESIAN_POINT ( 'NONE',  ( -31.41065524034170053, 0.000000000000000000, 0.000000000000000000 ) ) ;
#6126 = CARTESIAN_POINT ( 'NONE',  ( -49.09125550325477150, -0.6000000000000003109, 12.86857874154256365 ) ) ;
#6127 = FACE_OUTER_BOUND ( 'NONE', #1755, .T. ) ;
#6128 = CARTESIAN_POINT ( 'NONE',  ( -43.12420507131003689, -0.6000000000000000888, 7.201560398398343388 ) ) ;
#6129 = ORIENTED_EDGE ( 'NONE', *, *, #4905, .T. ) ;
#6130 = VECTOR ( 'NONE', #5161, 1000.000000000000000 ) ;
#6131 = ORIENTED_EDGE ( 'NONE', *, *, #4926, .T. ) ;
#6132 = CARTESIAN_POINT ( 'NONE',  ( -26.88046396607744981, -0.5999999999999996447, 9.378243449184864744 ) ) ;
#6133 = CARTESIAN_POINT ( 'NONE',  ( -41.72690215262179692, -0.6000000000000000888, 6.826744093165315164 ) ) ;
#6134 = CARTESIAN_POINT ( 'NONE',  ( -18.79497014306826230, -0.9999999999999997780, 7.688095032606631740 ) ) ;
#6135 = DIRECTION ( 'NONE',  ( 0.6123724356957876980, -0.3535533905932756182, 0.7071067811865524577 ) ) ;
#6136 = CARTESIAN_POINT ( 'NONE',  ( -41.77459952104285890, -0.6000000000000000888, 13.45832304053373640 ) ) ;
#6137 = ORIENTED_EDGE ( 'NONE', *, *, #6881, .T. ) ;
#6138 = CARTESIAN_POINT ( 'NONE',  ( -11.22575557069733065, -1.000000000000000000, 11.26882162540568544 ) ) ;
#6139 = EDGE_CURVE ( 'NONE', #6685, #3064, #8319, .T. ) ;
#6140 = ORIENTED_EDGE ( 'NONE', *, *, #1005, .T. ) ;
#6141 = FACE_OUTER_BOUND ( 'NONE', #1111, .T. ) ;
#6142 = DIRECTION ( 'NONE',  ( 1.000000000000000000, 0.000000000000000000, 0.000000000000000000 ) ) ;
#6143 = B_SPLINE_CURVE_WITH_KNOTS ( 'NONE', 3,
 ( #5468, #4626, #7346, #2594, #2726, #1227, #5336, #2639, #4716, #5424, #1356, #4078, #687, #8057, #1940, #4672, #3401, #8190, #6136 ),
 .UNSPECIFIED., .F., .F.,
 ( 4, 1, 1, 1, 1, 1, 1, 1, 1, 1, 1, 1, 1, 1, 1, 1, 4 ),
 ( 0.000000000000000000, 0.06878434175668450556, 0.1346363790823616735, 0.1980442694526054204, 0.2597965319868101863, 0.3201390551610857060, 0.3802975232249902748, 0.4404373586336337576, 0.5014907529741103875, 0.5625267542859657688, 0.6226665896946097511, 0.6825257465922078826, 0.7427459553682588256, 0.8038809341750463577, 0.8668144749102153490, 0.9319437150220023502, 1.000000000000000000 ),
 .UNSPECIFIED. ) ;
#6144 = FACE_OUTER_BOUND ( 'NONE', #1764, .T. ) ;
#6145 = VECTOR ( 'NONE', #4046, 1000.000000000000114 ) ;
#6146 = VERTEX_POINT ( 'NONE', #6272 ) ;
#6147 = CARTESIAN_POINT ( 'NONE',  ( 11.87579849446719926, 1.699999999999999956, -0.9000000000000000222 ) ) ;
#6148 = LINE ( 'NONE', #1239, #5586 ) ;
#6149 = ORIENTED_EDGE ( 'NONE', *, *, #1198, .T. ) ;
#6150 = EDGE_CURVE ( 'NONE', #3291, #960, #2567, .T. ) ;
#6151 = LINE ( 'NONE', #4771, #6248 ) ;
#6152 = ORIENTED_EDGE ( 'NONE', *, *, #6590, .T. ) ;
#6153 = LINE ( 'NONE', #5975, #2111 ) ;
#6155 = VECTOR ( 'NONE', #2909, 1000.000000000000000 ) ;
#6154 = AXIS2_PLACEMENT_3D ( 'NONE', #622, #5406, #8131 ) ;
#6156 = CARTESIAN_POINT ( 'NONE',  ( -15.95486267893760690, -0.6000000000000000888, 5.353059882638999234 ) ) ;
#6157 = FACE_OUTER_BOUND ( 'NONE', #887, .T. ) ;
#6158 = CARTESIAN_POINT ( 'NONE',  ( -49.49974226119280019, 10.76878221735089802, 0.000000000000000000 ) ) ;
#6159 = CARTESIAN_POINT ( 'NONE',  ( -50.23534124308987714, -0.6000000000000003109, 11.49799743305849908 ) ) ;
#6160 = ORIENTED_EDGE ( 'NONE', *, *, #7136, .F. ) ;
#6161 = CARTESIAN_POINT ( 'NONE',  ( -11.92804908282615450, 1.700000000000006617, -0.1999999999999987899 ) ) ;
#6162 = ORIENTED_EDGE ( 'NONE', *, *, #6867, .F. ) ;
#6163 = EDGE_CURVE ( 'NONE', #773, #3991, #865, .T. ) ;
#6164 = DIRECTION ( 'NONE',  ( 0.000000000000000000, 0.000000000000000000, 1.000000000000000000 ) ) ;
#6165 = ADVANCED_FACE ( 'NONE', ( #2191 ), #3038, .T. ) ;
#6166 = AXIS2_PLACEMENT_3D ( 'NONE', #4919, #2132, #5496 ) ;
#6167 = DIRECTION ( 'NONE',  ( 0.000000000000000000, -1.000000000000000000, 0.000000000000000000 ) ) ;
#6168 = FACE_OUTER_BOUND ( 'NONE', #1501, .T. ) ;
#6169 = CARTESIAN_POINT ( 'NONE',  ( -50.04130700198207649, -0.5999999999999998668, 10.58454004708197971 ) ) ;
#6170 = CARTESIAN_POINT ( 'NONE',  ( -26.88046396607744981, -0.5999999999999996447, 9.378243449184864744 ) ) ;
#6171 = DIRECTION ( 'NONE',  ( 1.000000000000000000, -4.057096801876103104E-15, 0.000000000000000000 ) ) ;
#6172 = CARTESIAN_POINT ( 'NONE',  ( -69.40070415551733163, 13.13647367099202867, -0.9000000000000000222 ) ) ;
#6173 = ORIENTED_EDGE ( 'NONE', *, *, #4070, .T. ) ;
#6174 = EDGE_CURVE ( 'NONE', #677, #5616, #6943, .T. ) ;
#6175 = EDGE_CURVE ( 'NONE', #2961, #8435, #4429, .T. ) ;
#6176 = ORIENTED_EDGE ( 'NONE', *, *, #3979, .T. ) ;
#6177 = CARTESIAN_POINT ( 'NONE',  ( -41.74747543032606956, -0.6000000000000000888, 5.251406722875739064 ) ) ;
#6178 = CARTESIAN_POINT ( 'NONE',  ( -25.48125891907885077, -0.5999999999999998668, 13.30335631723544410 ) ) ;
#6179 = CARTESIAN_POINT ( 'NONE',  ( -51.29400741577970990, -0.6000000000000000888, 8.089901987902157643 ) ) ;
#6180 = ORIENTED_EDGE ( 'NONE', *, *, #6880, .F. ) ;
#6181 = CARTESIAN_POINT ( 'NONE',  ( -3.599642683697432233, 10.00996317224838172, 20.10000000000000142 ) ) ;
#6182 = DIRECTION ( 'NONE',  ( 0.000000000000000000, 1.000000000000000000, 0.000000000000000000 ) ) ;
#6183 = ORIENTED_EDGE ( 'NONE', *, *, #5558, .F. ) ;
#6184 = CARTESIAN_POINT ( 'NONE',  ( -45.43275971719831574, -0.9999999999999995559, 6.901367954618664591 ) ) ;
#6185 = CARTESIAN_POINT ( 'NONE',  ( -67.29999999999999716, 1.699999999999999956, 6.315186458868660146 ) ) ;
#6186 = VERTEX_POINT ( 'NONE', #1034 ) ;
#6187 = CARTESIAN_POINT ( 'NONE',  ( -10.17723109999023556, -1.000000000000000000, 13.45832304053373818 ) ) ;
#6188 = CARTESIAN_POINT ( 'NONE',  ( -11.22575557069733065, -1.000000000000000000, 11.26882162540568544 ) ) ;
#6189 = CARTESIAN_POINT ( 'NONE',  ( -15.96137299793352504, -1.000000000000000222, 11.44508034414950792 ) ) ;
#6190 = VECTOR ( 'NONE', #440, 1000.000000000000000 ) ;
#6191 = VERTEX_POINT ( 'NONE', #5148 ) ;
#6192 = CARTESIAN_POINT ( 'NONE',  ( -9.199330374936424803, 0.4339745962156045800, 19.40000000000000213 ) ) ;
#6193 = CARTESIAN_POINT ( 'NONE',  ( 5.200000000000000178, -1.000000000000000000, 9.599999999999999645 ) ) ;
#6194 = VERTEX_POINT ( 'NONE', #1707 ) ;
#6195 = DIRECTION ( 'NONE',  ( -1.000000000000000000, 0.000000000000000000, 0.000000000000000000 ) ) ;
#6196 = VERTEX_POINT ( 'NONE', #1401 ) ;
#6197 = DIRECTION ( 'NONE',  ( -0.000000000000000000, -1.000000000000000000, -0.000000000000000000 ) ) ;
#6198 = AXIS2_PLACEMENT_3D ( 'NONE', #3790, #6519, #3120 ) ;
#6199 = AXIS2_PLACEMENT_3D ( 'NONE', #5688, #7196, #5862 ) ;
#6200 = DIRECTION ( 'NONE',  ( 0.000000000000000000, 0.000000000000000000, 1.000000000000000000 ) ) ;
#6201 = CARTESIAN_POINT ( 'NONE',  ( -17.01316975714300739, -0.6000000000000003109, 13.11135946260412233 ) ) ;
#6202 = EDGE_CURVE ( 'NONE', #158, #2017, #7564, .T. ) ;
#6203 = CARTESIAN_POINT ( 'NONE',  ( -24.36375199166174355, -0.9999999999999997780, 12.52353250357850634 ) ) ;
#6204 = CARTESIAN_POINT ( 'NONE',  ( -18.78198193659801163, -0.6000000000000003109, 12.08639197032431767 ) ) ;
#6205 = ORIENTED_EDGE ( 'NONE', *, *, #7646, .T. ) ;
#6206 = VECTOR ( 'NONE', #888, 1000.000000000000000 ) ;
#6207 = CARTESIAN_POINT ( 'NONE',  ( -29.13996058936582401, -0.5999999999999996447, 7.063442957108943432 ) ) ;
#6208 = ORIENTED_EDGE ( 'NONE', *, *, #3428, .T. ) ;
#6209 = DIRECTION ( 'NONE',  ( 0.000000000000000000, 0.000000000000000000, -1.000000000000000000 ) ) ;
#6210 = DIRECTION ( 'NONE',  ( 0.000000000000000000, 0.000000000000000000, -1.000000000000000000 ) ) ;
#6211 = PLANE ( 'NONE',  #8305 ) ;
#6212 = CARTESIAN_POINT ( 'NONE',  ( -33.68117846841128937, -1.000000000000000000, 11.87937567211268330 ) ) ;
#6213 = CARTESIAN_POINT ( 'NONE',  ( -23.97591531051655878, -0.6000000000000000888, 6.826744093165315164 ) ) ;
#6214 = EDGE_CURVE ( 'NONE', #5704, #6630, #62, .T. ) ;
#6215 = VECTOR ( 'NONE', #2584, 1000.000000000000000 ) ;
#6216 = VECTOR ( 'NONE', #2267, 1000.000000000000000 ) ;
#6217 = CARTESIAN_POINT ( 'NONE',  ( -43.06711176712548905, -0.6000000000000003109, 11.49330898057880646 ) ) ;
#6218 = CARTESIAN_POINT ( 'NONE',  ( -9.199330374936424803, 0.4339745962156045800, -0.2000000000000000389 ) ) ;
#6219 = CARTESIAN_POINT ( 'NONE',  ( -24.66145806383820371, -0.6000000000000000888, 12.85012213163347816 ) ) ;
#6220 = ORIENTED_EDGE ( 'NONE', *, *, #4841, .T. ) ;
#6221 = VERTEX_POINT ( 'NONE', #4125 ) ;
#6222 = CIRCLE ( 'NONE', #1225, 0.5999999999999998668 ) ;
#6223 = FACE_OUTER_BOUND ( 'NONE', #6716, .T. ) ;
#6224 = CARTESIAN_POINT ( 'NONE',  ( -25.99608281396794141, -0.9999999999999997780, 13.42347595443742314 ) ) ;
#6225 = CARTESIAN_POINT ( 'NONE',  ( -9.091704784200763001, -0.6000000000000000888, 5.353059882638999234 ) ) ;
#6226 = EDGE_CURVE ( 'NONE', #5136, #6186, #5773, .T. ) ;
#6227 = EDGE_CURVE ( 'NONE', #8517, #1965, #358, .T. ) ;
#6228 = DIRECTION ( 'NONE',  ( -0.000000000000000000, -1.000000000000000000, -0.000000000000000000 ) ) ;
#6229 = DIRECTION ( 'NONE',  ( 1.187404304411920111E-15, 1.000000000000000000, 0.000000000000000000 ) ) ;
#6230 = ORIENTED_EDGE ( 'NONE', *, *, #7300, .F. ) ;
#6231 = DIRECTION ( 'NONE',  ( 0.000000000000000000, 0.000000000000000000, 1.000000000000000000 ) ) ;
#6232 = SURFACE_SIDE_STYLE ('',( #108 ) ) ;
#6233 = EDGE_LOOP ( 'NONE', ( #5176, #3935, #2518, #976 ) ) ;
#6234 = PLANE ( 'NONE',  #4939 ) ;
#6235 = CARTESIAN_POINT ( 'NONE',  ( -12.57361267893760370, -1.000000000000000000, 12.30042830369163198 ) ) ;
#6236 = EDGE_CURVE ( 'NONE', #8449, #2957, #924, .T. ) ;
#6237 = DIRECTION ( 'NONE',  ( 0.000000000000000000, 0.000000000000000000, 1.000000000000000000 ) ) ;
#6238 = ORIENTED_EDGE ( 'NONE', *, *, #6059, .T. ) ;
#6239 = DIRECTION ( 'NONE',  ( 1.000000000000000000, 0.000000000000000000, 0.000000000000000000 ) ) ;
#6240 = DIRECTION ( 'NONE',  ( 0.000000000000000000, 0.000000000000000000, -1.000000000000000000 ) ) ;
#6241 = AXIS2_PLACEMENT_3D ( 'NONE', #777, #2060, #2817 ) ;
#6242 = AXIS2_PLACEMENT_3D ( 'NONE', #921, #8289, #1639 ) ;
#6243 = ORIENTED_EDGE ( 'NONE', *, *, #4374, .F. ) ;
#6244 = DIRECTION ( 'NONE',  ( 0.5000000000000314193, 0.8660254037844205000, 0.000000000000000000 ) ) ;
#6245 = ORIENTED_EDGE ( 'NONE', *, *, #2963, .F. ) ;
#6246 = CARTESIAN_POINT ( 'NONE',  ( -50.04130700198207649, -0.9999999999999997780, 10.58454004708197971 ) ) ;
#6247 = CARTESIAN_POINT ( 'NONE',  ( -16.12480915016182337, -1.000000000000000444, 10.21679991709144808 ) ) ;
#6248 = VECTOR ( 'NONE', #6195, 1000.000000000000000 ) ;
#6249 = CARTESIAN_POINT ( 'NONE',  ( -18.25682941676506488, -0.5999999999999998668, 13.45282866697923296 ) ) ;
#6250 = CARTESIAN_POINT ( 'NONE',  ( -24.24633191873573779, -1.000000000000000000, 12.33517386138926852 ) ) ;
#6251 = LINE ( 'NONE', #4194, #77 ) ;
#6252 = ORIENTED_EDGE ( 'NONE', *, *, #8620, .F. ) ;
#6253 = CARTESIAN_POINT ( 'NONE',  ( -28.10643148137894798, -1.000000000000000000, 8.460146205115751883 ) ) ;
#6254 = ORIENTED_EDGE ( 'NONE', *, *, #7259, .F. ) ;
#6255 = CARTESIAN_POINT ( 'NONE',  ( -52.14118880364058128, 10.33083117443845822, -0.9000000000000000222 ) ) ;
#6256 = FACE_OUTER_BOUND ( 'NONE', #3060, .T. ) ;
#6257 = ADVANCED_FACE ( 'NONE', ( #6896 ), #148, .F. ) ;
#6258 = DIRECTION ( 'NONE',  ( -0.000000000000000000, -1.000000000000000000, -0.000000000000000000 ) ) ;
#6259 = DIRECTION ( 'NONE',  ( 0.8660254037844318242, -0.5000000000000119904, 0.000000000000000000 ) ) ;
#6260 = CARTESIAN_POINT ( 'NONE',  ( -50.03907320525339486, -0.6000000000000000888, 10.73628356684952578 ) ) ;
#6261 = CARTESIAN_POINT ( 'NONE',  ( -25.76538899472708266, -0.6000000000000000888, 11.02411251421794702 ) ) ;
#6262 = CARTESIAN_POINT ( 'NONE',  ( -50.70195831909940409, 10.42365149746539998, -0.9000000000000000222 ) ) ;
#6263 = CARTESIAN_POINT ( 'NONE',  ( -34.92804908282614917, 1.700000000000006617, -0.2000000000000000389 ) ) ;
#6264 = ORIENTED_EDGE ( 'NONE', *, *, #4186, .T. ) ;
#6265 = VECTOR ( 'NONE', #398, 1000.000000000000000 ) ;
#6266 = ADVANCED_FACE ( 'NONE', ( #5559 ), #8275, .T. ) ;
#6267 = CARTESIAN_POINT ( 'NONE',  ( -25.76982395208723275, -0.5999999999999998668, 10.93922927633373021 ) ) ;
#6268 = CARTESIAN_POINT ( 'NONE',  ( -41.21429442403899657, -0.5999999999999998668, 6.856929004042124909 ) ) ;
#6269 = CARTESIAN_POINT ( 'NONE',  ( -72.13371685740840178, 9.402756813566504945, 20.10000000000000142 ) ) ;
#6270 = DIRECTION ( 'NONE',  ( -0.000000000000000000, -1.000000000000000000, -0.000000000000000000 ) ) ;
#6271 = VECTOR ( 'NONE', #605, 1000.000000000000000 ) ;
#6272 = CARTESIAN_POINT ( 'NONE',  ( -24.45070415551619902, 11.31782032302749919, -0.9000000000000000222 ) ) ;
#6273 = B_SPLINE_SURFACE_WITH_KNOTS ( 'NONE', 3, 1, ( 
 ( #8475, #5709 ),
 ( #7889, #1769 ),
 ( #3600, #211 ),
 ( #253, #8521 ),
 ( #341, #2386 ),
 ( #5085, #5663 ),
 ( #7128, #1013 ),
 ( #5129, #1602 ),
 ( #8383, #2254 ),
 ( #1644, #4995 ),
 ( #8429, #4327 ),
 ( #927, #6375 ),
 ( #4371, #8688 ),
 ( #558, #1188 ),
 ( #5966, #7263 ),
 ( #3226, #2556 ),
 ( #1900, #3904 ),
 ( #516, #471 ),
 ( #3270, #1990 ) ),
 .UNSPECIFIED., .F., .F., .F.,
 ( 4, 1, 1, 1, 1, 1, 1, 1, 1, 1, 1, 1, 1, 1, 1, 1, 4 ),
 ( 2, 2 ),
 ( 0.000000000000000000, 0.06309565136562546306, 0.1239514016813179076, 0.1827110115365284115, 0.2402055871725875535, 0.2972171794580890647, 0.3546448570009386181, 0.4128968538364464758, 0.4726649806940408927, 0.5333840565634606623, 0.5943405859397068447, 0.6563888886088051766, 0.7199007911699144557, 0.7853464048423194344, 0.8537890560462549905, 0.9249540786285178617, 1.000000000000000000 ),
 ( 0.000000000000000000, 1.000000000000000000 ),
 .UNSPECIFIED. ) ;
#6274 = ORIENTED_EDGE ( 'NONE', *, *, #1754, .F. ) ;
#6275 = EDGE_CURVE ( 'NONE', #3448, #551, #5602, .T. ) ;
#6276 = CARTESIAN_POINT ( 'NONE',  ( -0.2078838324814594740, 11.87044826720278934, 8.450000000000022382 ) ) ;
#6277 = DIRECTION ( 'NONE',  ( 0.000000000000000000, 0.000000000000000000, -1.000000000000000000 ) ) ;
#6278 = ADVANCED_FACE ( 'NONE', ( #1074 ), #3924, .T. ) ;
#6279 = VERTEX_POINT ( 'NONE', #1255 ) ;
#6280 = CARTESIAN_POINT ( 'NONE',  ( -42.66880369208625723, -0.6000000000000000888, 13.39102087204579838 ) ) ;
#6281 = DIRECTION ( 'NONE',  ( -0.000000000000000000, -1.000000000000000000, -0.000000000000000000 ) ) ;
#6282 = ORIENTED_EDGE ( 'NONE', *, *, #6641, .T. ) ;
#6283 = CARTESIAN_POINT ( 'NONE',  ( -21.30000000000000071, 1.699999999999999956, 0.000000000000000000 ) ) ;
#6284 = CARTESIAN_POINT ( 'NONE',  ( -26.57644703894624527, -1.000000000000000222, 7.865486776446726225 ) ) ;
#6285 = ORIENTED_EDGE ( 'NONE', *, *, #6991, .F. ) ;
#6286 = DIRECTION ( 'NONE',  ( 0.000000000000000000, -1.000000000000000000, 0.000000000000000000 ) ) ;
#6287 = EDGE_CURVE ( 'NONE', #1965, #1823, #4560, .T. ) ;
#6288 = ORIENTED_EDGE ( 'NONE', *, *, #1747, .T. ) ;
#6289 = CARTESIAN_POINT ( 'NONE',  ( -50.12550849063328684, -1.000000000000000000, 10.17829642049988514 ) ) ;
#6290 = DIRECTION ( 'NONE',  ( 0.8660254037844351549, -0.5000000000000061062, 0.000000000000000000 ) ) ;
#6291 = PLANE ( 'NONE',  #8042 ) ;
#6292 =( NAMED_UNIT ( * ) PLANE_ANGLE_UNIT ( ) SI_UNIT ( $, .RADIAN. ) );
#6293 = LINE ( 'NONE', #889, #7071 ) ;
#6294 = VERTEX_POINT ( 'NONE', #2533 ) ;
#6295 = CARTESIAN_POINT ( 'NONE',  ( -28.69292785458635109, -0.6000000000000000888, 11.44608733552980340 ) ) ;
#6296 = ORIENTED_EDGE ( 'NONE', *, *, #5005, .T. ) ;
#6297 = FACE_OUTER_BOUND ( 'NONE', #3221, .T. ) ;
#6298 = VECTOR ( 'NONE', #3538, 1000.000000000000000 ) ;
#6299 = CARTESIAN_POINT ( 'NONE',  ( -46.50000000000000000, 7.882179676972465465, -0.9000000000000000222 ) ) ;
#6300 = DIRECTION ( 'NONE',  ( 0.8660254037844351549, -0.5000000000000061062, 0.000000000000000000 ) ) ;
#6301 = DIRECTION ( 'NONE',  ( -1.000000000000000000, 0.000000000000000000, 0.000000000000000000 ) ) ;
#6302 = DIRECTION ( 'NONE',  ( -0.8660254037844350439, 0.5000000000000061062, 0.000000000000000000 ) ) ;
#6303 = CARTESIAN_POINT ( 'NONE',  ( -43.74098378802475651, -0.9999999999999997780, 10.81037771255542523 ) ) ;
#6304 = AXIS2_PLACEMENT_3D ( 'NONE', #3481, #767, #4024 ) ;
#6305 = DIRECTION ( 'NONE',  ( 0.000000000000000000, 0.000000000000000000, -1.000000000000000000 ) ) ;
#6306 = EDGE_CURVE ( 'NONE', #8162, #5920, #7283, .T. ) ;
#6307 = CARTESIAN_POINT ( 'NONE',  ( 1.699999999999999956, 1.699999999999999956, 6.315186458868629948 ) ) ;
#6308 = EDGE_CURVE ( 'NONE', #5492, #3954, #406, .T. ) ;
#6309 = EDGE_LOOP ( 'NONE', ( #7556, #1307, #4330, #2727, #282, #7665, #3026 ) ) ;
#6310 = CARTESIAN_POINT ( 'NONE',  ( -12.46090230963856804, -0.6000000000000000888, 12.33395831594061320 ) ) ;
#6311 = CARTESIAN_POINT ( 'NONE',  ( -40.25326030008883293, -0.5999999999999998668, 7.120654261685545272 ) ) ;
#6312 = CARTESIAN_POINT ( 'NONE',  ( -20.90223109999023876, -1.000000000000000000, 11.24779672474426206 ) ) ;
#6313 = ADVANCED_FACE ( 'NONE', ( #2449 ), #5860, .T. ) ;
#6314 = PLANE ( 'NONE',  #3920 ) ;
#6315 = VERTEX_POINT ( 'NONE', #3244 ) ;
#6316 = LINE ( 'NONE', #192, #7953 ) ;
#6317 = DIRECTION ( 'NONE',  ( -0.6123724356984070472, 0.3535533905887456863, -0.7071067811865490160 ) ) ;
#6318 = ORIENTED_EDGE ( 'NONE', *, *, #3968, .F. ) ;
#6319 = CARTESIAN_POINT ( 'NONE',  ( -42.22908105327545769, -1.000000000000000000, 13.44905471862204571 ) ) ;
#6320 = CARTESIAN_POINT ( 'NONE',  ( -11.86805380003419153, -0.9999999999999997780, 10.98300126531580290 ) ) ;
#6321 = EDGE_CURVE ( 'NONE', #8162, #7404, #8582, .T. ) ;
#6322 = ORIENTED_EDGE ( 'NONE', *, *, #323, .F. ) ;
#6323 = ORIENTED_EDGE ( 'NONE', *, *, #3051, .F. ) ;
#6324 = CARTESIAN_POINT ( 'NONE',  ( -1.699742261199583160, 13.88647367098246121, -0.9000000000000000222 ) ) ;
#6325 = VERTEX_POINT ( 'NONE', #3794 ) ;
#6326 = CARTESIAN_POINT ( 'NONE',  ( -11.22575557069733065, -0.6000000000000000888, 11.26882162540568544 ) ) ;
#6327 = EDGE_LOOP ( 'NONE', ( #6282, #2262, #8333, #2509 ) ) ;
#6328 = CARTESIAN_POINT ( 'NONE',  ( 1.699999999999999956, 1.699999999999999956, 20.10000000000000142 ) ) ;
#6329 = VECTOR ( 'NONE', #2940, 1000.000000000000000 ) ;
#6330 = CARTESIAN_POINT ( 'NONE',  ( -18.78198193659801163, -1.000000000000000222, 12.08639197032431767 ) ) ;
#6331 = CARTESIAN_POINT ( 'NONE',  ( -27.44606916586927881, -1.000000000000000222, 6.906996973109859717 ) ) ;
#6332 = EDGE_CURVE ( 'NONE', #551, #7547, #3163, .T. ) ;
#6333 = ORIENTED_EDGE ( 'NONE', *, *, #3469, .T. ) ;
#6334 = ADVANCED_FACE ( 'NONE', ( #3124 ), #5943, .T. ) ;
#6335 = CARTESIAN_POINT ( 'NONE',  ( -17.74740613163083935, -1.000000000000000000, 11.10720526602429281 ) ) ;
#6336 = ORIENTED_EDGE ( 'NONE', *, *, #3156, .F. ) ;
#6337 = DIRECTION ( 'NONE',  ( -0.8660254037844351549, 0.5000000000000061062, -0.000000000000000000 ) ) ;
#6338 = DIRECTION ( 'NONE',  ( 2.657184803002740111E-15, 1.000000000000000000, 0.000000000000000000 ) ) ;
#6339 = ORIENTED_EDGE ( 'NONE', *, *, #3350, .T. ) ;
#6340 = PLANE ( 'NONE',  #8009 ) ;
#6341 = VECTOR ( 'NONE', #5369, 1000.000000000000000 ) ;
#6342 = CYLINDRICAL_SURFACE ( 'NONE', #240, 2.000000000000000000 ) ;
#6343 = PLANE ( 'NONE',  #1600 ) ;
#6344 = LINE ( 'NONE', #7102, #797 ) ;
#6345 = CARTESIAN_POINT ( 'NONE',  ( -52.59118880364060544, 9.551408311032400178, 19.19999999999999929 ) ) ;
#6346 = EDGE_CURVE ( 'NONE', #6463, #3793, #4514, .T. ) ;
#6347 = CARTESIAN_POINT ( 'NONE',  ( -41.89598864856261429, -0.5999999999999998668, 11.87218574191993348 ) ) ;
#6348 = B_SPLINE_SURFACE_WITH_KNOTS ( 'NONE', 3, 1, ( 
 ( #2644, #5385 ),
 ( #4720, #1321 ),
 ( #6765, #6098 ),
 ( #8822, #2911 ),
 ( #2197, #1546 ),
 ( #8195, #2825 ),
 ( #1406, #5472 ),
 ( #7662, #5607 ),
 ( #4937, #1499 ),
 ( #6902, #7569 ),
 ( #832, #741 ),
 ( #8240, #4179 ),
 ( #913, #2067 ),
 ( #5564, #5650 ),
 ( #4130, #7616 ),
 ( #6280, #3587 ),
 ( #785, #6319 ),
 ( #154, #2155 ),
 ( #4807, #7528 ) ),
 .UNSPECIFIED., .F., .F., .F.,
 ( 4, 1, 1, 1, 1, 1, 1, 1, 1, 1, 1, 1, 1, 1, 1, 1, 4 ),
 ( 2, 2 ),
 ( 0.000000000000000000, 0.06878434175668450556, 0.1346363790823616735, 0.1980442694526054204, 0.2597965319868101863, 0.3201390551610857060, 0.3802975232249902748, 0.4404373586336337576, 0.5014907529741103875, 0.5625267542859657688, 0.6226665896946097511, 0.6825257465922078826, 0.7427459553682588256, 0.8038809341750463577, 0.8668144749102153490, 0.9319437150220023502, 1.000000000000000000 ),
 ( 0.000000000000000000, 1.000000000000000000 ),
 .UNSPECIFIED. ) ;
#6349 = CARTESIAN_POINT ( 'NONE',  ( -46.13397459621555896, 7.516154273188023538, 0.000000000000000000 ) ) ;
#6350 = CARTESIAN_POINT ( 'NONE',  ( -6.141188803640575067, 10.33083117443845822, -0.9000000000000000222 ) ) ;
#6351 = ORIENTED_EDGE ( 'NONE', *, *, #379, .T. ) ;
#6352 = CARTESIAN_POINT ( 'NONE',  ( -10.70511896022156684, -1.000000000000000000, 13.10947707157168907 ) ) ;
#6353 = PLANE ( 'NONE',  #1207 ) ;
#6354 = AXIS2_PLACEMENT_3D ( 'NONE', #5312, #1870, #8792 ) ;
#6355 = LINE ( 'NONE', #4840, #3373 ) ;
#6356 = B_SPLINE_CURVE_WITH_KNOTS ( 'NONE', 3,
 ( #2873, #5655, #4319, #8287, #4855, #2831, #7037, #5701, #2161, #2201, #2788, #8246, #243, #4900, #7578, #1460, #3550, #7621, #7666 ),
 .UNSPECIFIED., .F., .F.,
 ( 4, 1, 1, 1, 1, 1, 1, 1, 1, 1, 1, 1, 1, 1, 1, 1, 4 ),
 ( 0.000000000000000000, 0.06878434175668450556, 0.1346363790823616735, 0.1980442694526054204, 0.2597965319868101863, 0.3201390551610857060, 0.3802975232249902748, 0.4404373586336337576, 0.5014907529741103875, 0.5625267542859657688, 0.6226665896946097511, 0.6825257465922078826, 0.7427459553682588256, 0.8038809341750463577, 0.8668144749102153490, 0.9319437150220023502, 1.000000000000000000 ),
 .UNSPECIFIED. ) ;
#6357 = CARTESIAN_POINT ( 'NONE',  ( -49.56207509817011925, -0.9999999999999997780, 13.10919978134382013 ) ) ;
#6358 = AXIS2_PLACEMENT_3D ( 'NONE', #2674, #5460, #3437 ) ;
#6359 = ORIENTED_EDGE ( 'NONE', *, *, #880, .T. ) ;
#6360 = DIRECTION ( 'NONE',  ( 0.6123724356957892523, -0.3535533905932765619, 0.7071067811865506814 ) ) ;
#6361 = CARTESIAN_POINT ( 'NONE',  ( 5.200000000000000178, 1.699999999999999956, 9.599999999999999645 ) ) ;
#6362 = VERTEX_POINT ( 'NONE', #7374 ) ;
#6363 = CARTESIAN_POINT ( 'NONE',  ( 2.199999999999999734, 3.500000000000007994, 9.599999999999999645 ) ) ;
#6364 = EDGE_CURVE ( 'NONE', #5574, #6596, #5900, .T. ) ;
#6365 = CARTESIAN_POINT ( 'NONE',  ( -19.42738269620814151, -1.000000000000000222, 6.853208813283835354 ) ) ;
#6366 = ORIENTED_EDGE ( 'NONE', *, *, #5245, .T. ) ;
#6367 = ORIENTED_EDGE ( 'NONE', *, *, #3099, .F. ) ;
#6368 = CARTESIAN_POINT ( 'NONE',  ( -26.81602277464721240, -0.9999999999999997780, 7.688095032606631740 ) ) ;
#6369 = ORIENTED_EDGE ( 'NONE', *, *, #6364, .T. ) ;
#6370 = FACE_OUTER_BOUND ( 'NONE', #4049, .T. ) ;
#6371 = EDGE_LOOP ( 'NONE', ( #6863, #4044, #4723, #6851, #422, #2886 ) ) ;
#6372 = CARTESIAN_POINT ( 'NONE',  ( -50.83525334777657179, -1.000000000000000000, 9.536790187084969617 ) ) ;
#6373 = EDGE_CURVE ( 'NONE', #6498, #6499, #534, .T. ) ;
#6374 = DIRECTION ( 'NONE',  ( -0.4999999999999994449, -0.8660254037844389297, 0.000000000000000000 ) ) ;
#6375 = CARTESIAN_POINT ( 'NONE',  ( -49.46542398819188691, -0.9999999999999997780, 8.503656759020232769 ) ) ;
#6376 = ORIENTED_EDGE ( 'NONE', *, *, #5408, .F. ) ;
#6377 = CARTESIAN_POINT ( 'NONE',  ( -18.52011514373397461, -0.6000000000000003109, 12.05442515963128969 ) ) ;
#6378 = ORIENTED_EDGE ( 'NONE', *, *, #3802, .T. ) ;
#6379 = CARTESIAN_POINT ( 'NONE',  ( -28.69292785458635109, -1.000000000000000000, 11.44608733552980340 ) ) ;
#6380 = FACE_OUTER_BOUND ( 'NONE', #964, .T. ) ;
#6381 = ORIENTED_EDGE ( 'NONE', *, *, #6919, .F. ) ;
#6382 = VECTOR ( 'NONE', #894, 1000.000000000000000 ) ;
#6383 = PLANE ( 'NONE',  #2575 ) ;
#6384 = EDGE_LOOP ( 'NONE', ( #1635, #4095, #4117, #32 ) ) ;
#6385 = CARTESIAN_POINT ( 'NONE',  ( 14.08934475965829769, -1.000000000000000000, -0.9000000000000000222 ) ) ;
#6386 = EDGE_CURVE ( 'NONE', #7114, #3392, #8621, .T. ) ;
#6387 = EDGE_CURVE ( 'NONE', #7404, #524, #3837, .T. ) ;
#6388 = VECTOR ( 'NONE', #6894, 1000.000000000000000 ) ;
#6389 = VECTOR ( 'NONE', #6286, 1000.000000000000000 ) ;
#6390 = CYLINDRICAL_SURFACE ( 'NONE', #5741, 1.000000000000000444 ) ;
#6391 = CARTESIAN_POINT ( 'NONE',  ( -39.80749425788496154, -1.000000000000000000, 11.35305988263899835 ) ) ;
#6392 = CARTESIAN_POINT ( 'NONE',  ( -44.97325647081275690, -0.9999999999999997780, 6.317446428796033686 ) ) ;
#6393 = FACE_OUTER_BOUND ( 'NONE', #2771, .T. ) ;
#6394 = CARTESIAN_POINT ( 'NONE',  ( -33.68117846841128937, -0.6000000000000000888, 5.353059882638998346 ) ) ;
#6395 = DIRECTION ( 'NONE',  ( 0.8660254037844425934, 0.4999999999999933942, 0.000000000000000000 ) ) ;
#6396 = ORIENTED_EDGE ( 'NONE', *, *, #6275, .T. ) ;
#6397 = EDGE_CURVE ( 'NONE', #129, #7404, #3292, .T. ) ;
#6398 = CARTESIAN_POINT ( 'NONE',  ( -1.450704155516179927, 11.31782032302749919, 0.000000000000000000 ) ) ;
#6399 = CARTESIAN_POINT ( 'NONE',  ( -23.97591531051655878, -0.6000000000000000888, 11.19516514579689570 ) ) ;
#6400 = CARTESIAN_POINT ( 'NONE',  ( -42.48634278863162450, -1.000000000000000000, 6.917772663003124656 ) ) ;
#6401 = CARTESIAN_POINT ( 'NONE',  ( 1.699999999999999956, 1.699999999999999956, 12.88481354113140043 ) ) ;
#6402 = CARTESIAN_POINT ( 'NONE',  ( -48.14647820057933103, -1.000000000000000000, 10.89701092248616909 ) ) ;
#6403 = ORIENTED_EDGE ( 'NONE', *, *, #4198, .F. ) ;
#6404 = DIRECTION ( 'NONE',  ( 0.000000000000000000, 0.000000000000000000, -1.000000000000000000 ) ) ;
#6405 = ORIENTED_EDGE ( 'NONE', *, *, #3238, .F. ) ;
#6406 = CARTESIAN_POINT ( 'NONE',  ( -51.13775741577971701, -1.000000000000000000, 13.35305988263900012 ) ) ;
#6407 = LINE ( 'NONE', #6539, #6130 ) ;
#6408 = ORIENTED_EDGE ( 'NONE', *, *, #5485, .F. ) ;
#6409 = EDGE_LOOP ( 'NONE', ( #7456, #6245, #5713, #7885 ) ) ;
#6410 = DIRECTION ( 'NONE',  ( -0.5000000000000135447, -0.8660254037844308250, 0.000000000000000000 ) ) ;
#6411 = ADVANCED_FACE ( 'NONE', ( #5984 ), #6714, .T. ) ;
#6412 = ORIENTED_EDGE ( 'NONE', *, *, #441, .F. ) ;
#6413 = CARTESIAN_POINT ( 'NONE',  ( -27.20453373156918531, -1.000000000000000000, 9.144178303691631982 ) ) ;
#6414 = VERTEX_POINT ( 'NONE', #5542 ) ;
#6415 = AXIS2_PLACEMENT_3D ( 'NONE', #5651, #8367, #8282 ) ;
#6416 = DIRECTION ( 'NONE',  ( -0.000000000000000000, 1.000000000000000000, -0.000000000000000000 ) ) ;
#6417 = CARTESIAN_POINT ( 'NONE',  ( -18.11290715377165483, -1.000000000000000000, 11.88482645585770037 ) ) ;
#6418 = CARTESIAN_POINT ( 'NONE',  ( -28.83581293222264108, -0.6000000000000003109, 12.84130764464735108 ) ) ;
#6419 = ORIENTED_EDGE ( 'NONE', *, *, #4020, .F. ) ;
#6420 = DIRECTION ( 'NONE',  ( 0.8660254037844425934, 0.4999999999999933942, 0.000000000000000000 ) ) ;
#6421 = ORIENTED_EDGE ( 'NONE', *, *, #1137, .T. ) ;
#6422 = EDGE_CURVE ( 'NONE', #5939, #7671, #6075, .T. ) ;
#6423 = DIRECTION ( 'NONE',  ( -0.000000000000000000, 0.000000000000000000, 1.000000000000000000 ) ) ;
#6424 = CARTESIAN_POINT ( 'NONE',  ( -28.69292785458635109, -1.000000000000000000, 11.44608733552980340 ) ) ;
#6425 = ORIENTED_EDGE ( 'NONE', *, *, #5343, .F. ) ;
#6426 = CARTESIAN_POINT ( 'NONE',  ( -26.33895206231465735, -1.000000000000000000, 9.838943678661337344 ) ) ;
#6427 = ORIENTED_EDGE ( 'NONE', *, *, #1122, .F. ) ;
#6428 = CARTESIAN_POINT ( 'NONE',  ( -41.37657462627282001, -1.000000000000000222, 11.87474852973988426 ) ) ;
#6429 = FACE_OUTER_BOUND ( 'NONE', #1014, .T. ) ;
#6430 = VECTOR ( 'NONE', #6796, 1000.000000000000000 ) ;
#6431 = CARTESIAN_POINT ( 'NONE',  ( -70.45070415551620613, 11.31782032302749919, 0.000000000000000000 ) ) ;
#6432 = DIRECTION ( 'NONE',  ( -0.000000000000000000, 0.000000000000000000, 1.000000000000000000 ) ) ;
#6433 = LINE ( 'NONE', #4387, #7476 ) ;
#6434 = CYLINDRICAL_SURFACE ( 'NONE', #735, 2.000000000000000000 ) ;
#6435 = EDGE_CURVE ( 'NONE', #7438, #3750, #6121, .T. ) ;
#6436 = CARTESIAN_POINT ( 'NONE',  ( -25.33680051060991190, -0.6000000000000007550, 8.745503142338012736 ) ) ;
#6438 = VECTOR ( 'NONE', #911, 1000.000000000000000 ) ;
#6437 = VECTOR ( 'NONE', #7477, 1000.000000000000000 ) ;
#6439 = ORIENTED_EDGE ( 'NONE', *, *, #8442, .F. ) ;
#6440 = DIRECTION ( 'NONE',  ( -1.000000000000000000, 0.000000000000000000, 0.000000000000000000 ) ) ;
#6441 = CARTESIAN_POINT ( 'NONE',  ( -9.199330374936424803, 0.4339745962156045800, 19.40000000000000213 ) ) ;
#6442 = CARTESIAN_POINT ( 'NONE',  ( -24.06963778972758661, -1.000000000000000222, 11.91652698281619571 ) ) ;
#6443 = CARTESIAN_POINT ( 'NONE',  ( -21.32328373156918389, -0.6000000000000000888, 5.353059882638999234 ) ) ;
#6445 = VECTOR ( 'NONE', #4340, 1000.000000000000114 ) ;
#6444 = VECTOR ( 'NONE', #4060, 1000.000000000000000 ) ;
#6446 = CARTESIAN_POINT ( 'NONE',  ( -42.15721045327303784, -0.6000000000000003109, 11.84136296305716662 ) ) ;
#6447 = EDGE_CURVE ( 'NONE', #846, #5490, #7505, .T. ) ;
#6448 = EDGE_CURVE ( 'NONE', #5933, #2291, #1297, .T. ) ;
#6449 = CARTESIAN_POINT ( 'NONE',  ( -68.50000000000000000, -0.5000000000000000000, 0.000000000000000000 ) ) ;
#6450 = ADVANCED_FACE ( 'NONE', ( #2751 ), #7593, .T. ) ;
#6451 = ORIENTED_EDGE ( 'NONE', *, *, #906, .T. ) ;
#6452 = CARTESIAN_POINT ( 'NONE',  ( -21.80000000000000071, 8.863675134594789284, -0.9000000000000000222 ) ) ;
#6453 = VECTOR ( 'NONE', #2992, 1000.000000000000000 ) ;
#6454 = LINE ( 'NONE', #3093, #5070 ) ;
#6455 = CARTESIAN_POINT ( 'NONE',  ( -50.44215671951913293, -0.5999999999999998668, 13.31863494924957259 ) ) ;
#6456 = CARTESIAN_POINT ( 'NONE',  ( -24.14586178174076991, -0.6000000000000005329, 10.21679991709144808 ) ) ;
#6457 = EDGE_CURVE ( 'NONE', #5704, #5749, #1023, .T. ) ;
#6458 = ORIENTED_EDGE ( 'NONE', *, *, #5233, .F. ) ;
#6459 = ORIENTED_EDGE ( 'NONE', *, *, #4359, .T. ) ;
#6460 = CARTESIAN_POINT ( 'NONE',  ( -27.38597921037039384, -1.000000000000000222, 7.069950585207321225 ) ) ;
#6461 = ORIENTED_EDGE ( 'NONE', *, *, #172, .T. ) ;
#6462 = LINE ( 'NONE', #2510, #5957 ) ;
#6463 = VERTEX_POINT ( 'NONE', #4018 ) ;
#6464 = CARTESIAN_POINT ( 'NONE',  ( -11.92804908282615450, 1.700000000000006617, -0.2000000000000000389 ) ) ;
#6465 = CARTESIAN_POINT ( 'NONE',  ( -69.20788383248147113, 11.87044826720278934, 7.450000000000003730 ) ) ;
#6466 = ORIENTED_EDGE ( 'NONE', *, *, #7366, .T. ) ;
#6467 = FACE_OUTER_BOUND ( 'NONE', #7396, .T. ) ;
#6468 = ORIENTED_EDGE ( 'NONE', *, *, #1852, .F. ) ;
#6469 = CARTESIAN_POINT ( 'NONE',  ( -10.92804908282616161, 1.432050807568885142, -0.2000000000000000389 ) ) ;
#6470 = B_SPLINE_CURVE_WITH_KNOTS ( 'NONE', 3,
 ( #5056, #7732, #4342, #8313, #4924, #8353, #2943, #3704, #1616, #2360, #2226, #7778, #1573, #6436, #7644, #5771, #7062 ),
 .UNSPECIFIED., .F., .F.,
 ( 4, 1, 1, 1, 1, 1, 1, 1, 1, 1, 1, 1, 1, 1, 4 ),
 ( 0.000000000000000000, 0.07027423074979503859, 0.1375218968061227842, 0.2016456227554903335, 0.2634561117706851197, 0.3237857200459774987, 0.3833129871676841938, 0.4431784845893546598, 0.5025541057359215191, 0.5624446974201235960, 0.6228225426260304287, 0.6841893059895861606, 0.7463950832633993171, 0.8720773565786248405, 0.9999999999999998890 ),
 .UNSPECIFIED. ) ;
#6471 = CARTESIAN_POINT ( 'NONE',  ( -40.01445987057139320, -0.6000000000000000888, 13.22863998288572951 ) ) ;
#6472 = ORIENTED_EDGE ( 'NONE', *, *, #4527, .F. ) ;
#6473 = CARTESIAN_POINT ( 'NONE',  ( -28.29596775121442676, 3.057628406783276187, 0.000000000000000000 ) ) ;
#6474 = VERTEX_POINT ( 'NONE', #2666 ) ;
#6475 = DIRECTION ( 'NONE',  ( -0.000000000000000000, -0.000000000000000000, -1.000000000000000000 ) ) ;
#6476 = AXIS2_PLACEMENT_3D ( 'NONE', #1376, #2794, #169 ) ;
#6477 = CARTESIAN_POINT ( 'NONE',  ( -70.69974226119960292, 13.88647367098246121, 20.10000000000000142 ) ) ;
#6478 = CARTESIAN_POINT ( 'NONE',  ( -8.306252313101618157, 11.58083117443855237, -0.9000000000000000222 ) ) ;
#6479 = CARTESIAN_POINT ( 'NONE',  ( -44.79999999999999716, 8.863675134594789284, 20.10000000000000142 ) ) ;
#6480 = CARTESIAN_POINT ( 'NONE',  ( -41.64021843971669057, -0.9999999999999997780, 6.828280298884699562 ) ) ;
#6481 = VECTOR ( 'NONE', #7823, 1000.000000000000000 ) ;
#6482 = CARTESIAN_POINT ( 'NONE',  ( -40.89292505810868050, -0.6000000000000000888, 11.80821662361342206 ) ) ;
#6483 = VERTEX_POINT ( 'NONE', #761 ) ;
#6484 = CARTESIAN_POINT ( 'NONE',  ( -19.93941726842965068, -0.9999999999999997780, 11.88195087725122612 ) ) ;
#6485 = PLANE ( 'NONE',  #2252 ) ;
#6486 = CARTESIAN_POINT ( 'NONE',  ( -24.01643429819849018, -0.5999999999999998668, 11.68681218735810212 ) ) ;
#6487 = EDGE_CURVE ( 'NONE', #3632, #6086, #2130, .T. ) ;
#6488 = LINE ( 'NONE', #364, #2950 ) ;
#6489 = CARTESIAN_POINT ( 'NONE',  ( -17.74433636314813256, -0.6000000000000000888, 11.02411251421794702 ) ) ;
#6490 = CARTESIAN_POINT ( 'NONE',  ( -50.04130553301551032, -0.6000000000000000888, 10.88474538660017821 ) ) ;
#6491 = VERTEX_POINT ( 'NONE', #87 ) ;
#6492 = LINE ( 'NONE', #3626, #157 ) ;
#6493 = CYLINDRICAL_SURFACE ( 'NONE', #1216, 0.5000000000000004441 ) ;
#6494 = CARTESIAN_POINT ( 'NONE',  ( -48.89079716967073352, -1.000000000000000000, 12.71799628697119111 ) ) ;
#6495 = EDGE_CURVE ( 'NONE', #5572, #5838, #4871, .T. ) ;
#6496 = ADVANCED_FACE ( 'NONE', ( #8172 ), #3519, .T. ) ;
#6497 = CARTESIAN_POINT ( 'NONE',  ( -24.47160671375159424, -0.6000000000000003109, 9.616731248157075029 ) ) ;
#6498 = VERTEX_POINT ( 'NONE', #6742 ) ;
#6499 = VERTEX_POINT ( 'NONE', #1382 ) ;
#6500 = CARTESIAN_POINT ( 'NONE',  ( -16.89779320872035484, -1.000000000000000444, 9.100084778766696303 ) ) ;
#6501 = ORIENTED_EDGE ( 'NONE', *, *, #1199, .F. ) ;
#6502 = CARTESIAN_POINT ( 'NONE',  ( -42.08545478420074915, -1.000000000000000000, 5.247796724744262065 ) ) ;
#6503 = ORIENTED_EDGE ( 'NONE', *, *, #5354, .F. ) ;
#6504 = DIRECTION ( 'NONE',  ( -0.4999999999999839018, -0.8660254037844479225, 0.000000000000000000 ) ) ;
#6505 = ADVANCED_FACE ( 'NONE', ( #4109 ), #6830, .T. ) ;
#6506 = AXIS2_PLACEMENT_3D ( 'NONE', #4368, #5208, #4410 ) ;
#6507 = CARTESIAN_POINT ( 'NONE',  ( 3.299999999999999378, -1.000000000000000000, 9.599999999999999645 ) ) ;
#6508 = EDGE_LOOP ( 'NONE', ( #1095, #4355, #271, #7212, #6396, #1689, #5553, #7161 ) ) ;
#6509 = CARTESIAN_POINT ( 'NONE',  ( -27.44959952104287026, -0.6000000000000000888, 6.826744093165315164 ) ) ;
#6510 = VERTEX_POINT ( 'NONE', #4741 ) ;
#6511 = FACE_OUTER_BOUND ( 'NONE', #2706, .T. ) ;
#6512 = LINE ( 'NONE', #392, #5289 ) ;
#6513 = ORIENTED_EDGE ( 'NONE', *, *, #3458, .T. ) ;
#6514 = DIRECTION ( 'NONE',  ( 0.000000000000000000, 0.000000000000000000, -1.000000000000000000 ) ) ;
#6515 = ORIENTED_EDGE ( 'NONE', *, *, #4802, .T. ) ;
#6516 = DIRECTION ( 'NONE',  ( 0.6123724356957906956, -0.3535533905932773391, 0.7071067811865490160 ) ) ;
#6517 = LINE ( 'NONE', #7901, #6216 ) ;
#6518 = CARTESIAN_POINT ( 'NONE',  ( -44.69887036030659289, -0.5999999999999998668, 6.065230226629397592 ) ) ;
#6519 = DIRECTION ( 'NONE',  ( 0.000000000000000000, 0.000000000000000000, -1.000000000000000000 ) ) ;
#6520 = FACE_OUTER_BOUND ( 'NONE', #3946, .T. ) ;
#6521 = CARTESIAN_POINT ( 'NONE',  ( -39.80749425788496154, -0.6000000000000000888, 11.35305988263899835 ) ) ;
#6522 = ORIENTED_EDGE ( 'NONE', *, *, #494, .T. ) ;
#6523 = DIRECTION ( 'NONE',  ( 0.000000000000000000, 0.000000000000000000, -1.000000000000000000 ) ) ;
#6524 = ADVANCED_FACE ( 'NONE', ( #715 ), #7459, .T. ) ;
#6525 = CIRCLE ( 'NONE', #3807, 1.999999999999975797 ) ;
#6526 =( BOUNDED_CURVE ( )  B_SPLINE_CURVE ( 2, ( #3585, #8236, #6185 ),
 .UNSPECIFIED., .F., .F. ) 
 B_SPLINE_CURVE_WITH_KNOTS ( ( 3, 3 ),
 ( -0.9275848571311670065, -0.1054688684804143683 ),
 .UNSPECIFIED. ) 
 CURVE ( )  GEOMETRIC_REPRESENTATION_ITEM ( )  RATIONAL_B_SPLINE_CURVE ( ( 1.120481927710821779, 1.536660929431979516, 1.120481927710819114 ) ) 
 REPRESENTATION_ITEM ( '' )  );
#6527 = CARTESIAN_POINT ( 'NONE',  ( -20.26127406683331955, -0.9999999999999995559, 8.294386105673760667 ) ) ;
#6528 = LINE ( 'NONE', #3709, #1632 ) ;
#6529 = AXIS2_PLACEMENT_3D ( 'NONE', #1992, #3907, #5969 ) ;
#6530 = CARTESIAN_POINT ( 'NONE',  ( -42.24575434276271579, -1.000000000000000000, 6.865763242361396124 ) ) ;
#6531 = CARTESIAN_POINT ( 'NONE',  ( 11.87579849446719926, 1.699999999999999956, 0.2999999999999999889 ) ) ;
#6532 = VECTOR ( 'NONE', #7182, 1000.000000000000000 ) ;
#6533 = CARTESIAN_POINT ( 'NONE',  ( 19.29804168090037919, 8.691600689896679555, -0.9000000000000000222 ) ) ;
#6534 = EDGE_CURVE ( 'NONE', #7129, #1858, #8843, .T. ) ;
#6535 = VERTEX_POINT ( 'NONE', #8436 ) ;
#6536 = CARTESIAN_POINT ( 'NONE',  ( -10.88117846841128689, -1.000000000000000000, 5.353059882638999234 ) ) ;
#6537 = DIRECTION ( 'NONE',  ( 0.000000000000000000, 0.000000000000000000, 1.000000000000000000 ) ) ;
#6538 = CARTESIAN_POINT ( 'NONE',  ( -51.01708987177048726, -1.000000000000000000, 13.35121044846775895 ) ) ;
#6539 = CARTESIAN_POINT ( 'NONE',  ( -55.39215069796390623, 1.699999999999999956, -0.2000000000000000389 ) ) ;
#6540 = VECTOR ( 'NONE', #3838, 999.9999999999998863 ) ;
#6541 = ORIENTED_EDGE ( 'NONE', *, *, #990, .F. ) ;
#6542 = EDGE_CURVE ( 'NONE', #3114, #237, #5046, .T. ) ;
#6543 = EDGE_CURVE ( 'NONE', #6550, #600, #4334, .T. ) ;
#6544 = CYLINDRICAL_SURFACE ( 'NONE', #729, 1.000000000000000888 ) ;
#6545 = VERTEX_POINT ( 'NONE', #5585 ) ;
#6546 = CARTESIAN_POINT ( 'NONE',  ( -19.40146660559475222, -0.5999999999999998668, 6.987923560826689418 ) ) ;
#6547 = ORIENTED_EDGE ( 'NONE', *, *, #6823, .T. ) ;
#6548 = DIRECTION ( 'NONE',  ( -0.000000000000000000, 0.000000000000000000, 1.000000000000000000 ) ) ;
#6549 = LINE ( 'NONE', #1280, #3756 ) ;
#6550 = VERTEX_POINT ( 'NONE', #7137 ) ;
#6551 = CARTESIAN_POINT ( 'NONE',  ( -24.00000000000000000, 7.016154273188029755, 0.000000000000000000 ) ) ;
#6552 = ORIENTED_EDGE ( 'NONE', *, *, #7451, .T. ) ;
#6553 = ADVANCED_FACE ( 'NONE', ( #6297 ), #3740, .T. ) ;
#6554 = CYLINDRICAL_SURFACE ( 'NONE', #1540, 0.5999999999999998668 ) ;
#6555 = EDGE_CURVE ( 'NONE', #6221, #4893, #8304, .T. ) ;
#6556 = CARTESIAN_POINT ( 'NONE',  ( -41.77459952104285890, -0.6000000000000000888, 13.45832304053373640 ) ) ;
#6557 = VECTOR ( 'NONE', #8020, 1000.000000000000114 ) ;
#6558 = VERTEX_POINT ( 'NONE', #175 ) ;
#6559 = DIRECTION ( 'NONE',  ( 1.000000000000000000, 0.000000000000000000, 0.000000000000000000 ) ) ;
#6560 = VERTEX_POINT ( 'NONE', #6967 ) ;
#6561 = CARTESIAN_POINT ( 'NONE',  ( -29.33746551410068548, -0.6000000000000003109, 6.264985160292822819 ) ) ;
#6562 = CARTESIAN_POINT ( 'NONE',  ( 1.699999999999999956, 7.997649730810350910, 20.10000000000000142 ) ) ;
#6563 = FACE_BOUND ( 'NONE', #4666, .T. ) ;
#6564 = LINE ( 'NONE', #1742, #6481 ) ;
#6565 = CARTESIAN_POINT ( 'NONE',  ( -50.03983235039792277, -0.9999999999999997780, 10.78677080780236253 ) ) ;
#6566 = CARTESIAN_POINT ( 'NONE',  ( -39.87489220272798462, -0.5999999999999998668, 11.39518321019311564 ) ) ;
#6567 = VERTEX_POINT ( 'NONE', #2889 ) ;
#6568 = DIRECTION ( 'NONE',  ( -0.8660254037844390407, 0.4999999999999995004, 0.000000000000000000 ) ) ;
#6569 = CARTESIAN_POINT ( 'NONE',  ( -19.84194055712524118, -0.9999999999999997780, 8.658960788302810130 ) ) ;
#6570 = FACE_OUTER_BOUND ( 'NONE', #1154, .T. ) ;
#6571 = CARTESIAN_POINT ( 'NONE',  ( -43.87487960560562783, -1.000000000000000222, 8.069384518227806780 ) ) ;
#6572 = DIRECTION ( 'NONE',  ( -0.5000000000000457412, -0.8660254037844121733, 0.000000000000000000 ) ) ;
#6573 = VECTOR ( 'NONE', #1862, 1000.000000000000114 ) ;
#6574 = CARTESIAN_POINT ( 'NONE',  ( -69.90070415550901828, 12.27044826720279502, 7.450000000000003730 ) ) ;
#6575 = VERTEX_POINT ( 'NONE', #5673 ) ;
#6576 = LINE ( 'NONE', #3889, #3719 ) ;
#6577 = DIRECTION ( 'NONE',  ( 0.000000000000000000, 0.000000000000000000, 1.000000000000000000 ) ) ;
#6579 = COLOUR_RGB ( '',0.7921568627450980005, 0.8196078431372548767, 0.9333333333333333481 ) ;
#6578 = AXIS2_PLACEMENT_3D ( 'NONE', #8799, #4153, #1473 ) ;
#6580 = LINE ( 'NONE', #1223, #7769 ) ;
#6581 = CARTESIAN_POINT ( 'NONE',  ( -24.14586178174076991, -0.9999999999999995559, 10.21679991709144808 ) ) ;
#6582 = EDGE_CURVE ( 'NONE', #6733, #955, #8482, .T. ) ;
#6583 = ORIENTED_EDGE ( 'NONE', *, *, #3259, .T. ) ;
#6584 = CARTESIAN_POINT ( 'NONE',  ( -27.38597921037039384, -0.6000000000000003109, 7.069950585207321225 ) ) ;
#6585 = ORIENTED_EDGE ( 'NONE', *, *, #8670, .F. ) ;
#6586 = CARTESIAN_POINT ( 'NONE',  ( -19.29539856724919744, -0.6000000000000003109, 7.186074070534640867 ) ) ;
#6587 = ORIENTED_EDGE ( 'NONE', *, *, #3641, .T. ) ;
#6588 = LINE ( 'NONE', #1810, #6081 ) ;
#6589 = DIRECTION ( 'NONE',  ( 0.000000000000000000, 0.000000000000000000, -1.000000000000000000 ) ) ;
#6590 = EDGE_CURVE ( 'NONE', #2854, #6294, #2844, .T. ) ;
#6591 = DIRECTION ( 'NONE',  ( 0.000000000000000000, 0.000000000000000000, 1.000000000000000000 ) ) ;
#6592 = EDGE_LOOP ( 'NONE', ( #702, #5476, #2964, #1320, #5693, #5462, #4318, #5035 ) ) ;
#6593 = ORIENTED_EDGE ( 'NONE', *, *, #4312, .F. ) ;
#6594 = LINE ( 'NONE', #3230, #8810 ) ;
#6595 = DIRECTION ( 'NONE',  ( 0.000000000000000000, 0.000000000000000000, 1.000000000000000000 ) ) ;
#6596 = VERTEX_POINT ( 'NONE', #5628 ) ;
#6597 = DIRECTION ( 'NONE',  ( -0.6123724356984041606, 0.3535533905887440209, -0.7071067811865524577 ) ) ;
#6598 = ORIENTED_EDGE ( 'NONE', *, *, #6227, .T. ) ;
#6599 = CARTESIAN_POINT ( 'NONE',  ( -39.80749425788496154, -0.6000000000000000888, 11.35305988263899835 ) ) ;
#6600 = ADVANCED_FACE ( 'NONE', ( #4291 ), #1021, .F. ) ;
#6601 = ADVANCED_FACE ( 'NONE', ( #1521 ), #6340, .T. ) ;
#6602 = DIRECTION ( 'NONE',  ( -0.8660254037881350841, 0.4999999999935973993, 0.000000000000000000 ) ) ;
#6603 = CARTESIAN_POINT ( 'NONE',  ( -20.88290991014304865, -0.9999999999999997780, 7.523244421182097241 ) ) ;
#6604 = CARTESIAN_POINT ( 'NONE',  ( -26.67775067083179152, -1.000000000000000222, 13.45661921709829656 ) ) ;
#6605 = CARTESIAN_POINT ( 'NONE',  ( -50.03907320525339486, -0.9999999999999997780, 10.73628356684952578 ) ) ;
#6606 = EDGE_LOOP ( 'NONE', ( #8, #971, #3677, #2371 ) ) ;
#6607 = CARTESIAN_POINT ( 'NONE',  ( -44.12328373156917394, -1.000000000000000000, 9.308651987902157643 ) ) ;
#6608 = VERTEX_POINT ( 'NONE', #5093 ) ;
#6609 = CARTESIAN_POINT ( 'NONE',  ( -35.47065215262180971, -0.6000000000000000888, 5.353059882638998346 ) ) ;
#6610 = CARTESIAN_POINT ( 'NONE',  ( -69.20788383248147113, 11.87044826720278934, 11.75000000000000355 ) ) ;
#6611 = FACE_OUTER_BOUND ( 'NONE', #3909, .T. ) ;
#6612 = ADVANCED_FACE ( 'NONE', ( #977 ), #6383, .T. ) ;
#6613 = CARTESIAN_POINT ( 'NONE',  ( 14.58934475965829947, -0.5000000000000000000, -0.9000000000000000222 ) ) ;
#6614 = FACE_OUTER_BOUND ( 'NONE', #3219, .T. ) ;
#6615 = CIRCLE ( 'NONE', #4477, 0.9999999999999592548 ) ;
#6616 = DIRECTION ( 'NONE',  ( -0.4999999999999994449, -0.8660254037844389297, 0.000000000000000000 ) ) ;
#6617 = CARTESIAN_POINT ( 'NONE',  ( -25.73063832117299299, -0.6000000000000003109, 13.37210029883641305 ) ) ;
#6618 = ORIENTED_EDGE ( 'NONE', *, *, #6236, .F. ) ;
#6619 = AXIS2_PLACEMENT_3D ( 'NONE', #5813, #5144, #7862 ) ;
#6620 = DIRECTION ( 'NONE',  ( -0.4999999999999994449, -0.8660254037844389297, 0.000000000000000000 ) ) ;
#6621 = CIRCLE ( 'NONE', #3903, 1.000000000000000888 ) ;
#6622 = CARTESIAN_POINT ( 'NONE',  ( -37.68117846841128227, -0.6000000000000000888, 13.35305988263899835 ) ) ;
#6623 = CARTESIAN_POINT ( 'NONE',  ( -26.31792355599391087, -1.000000000000000000, 11.98748544938994876 ) ) ;
#6624 = FACE_OUTER_BOUND ( 'NONE', #184, .T. ) ;
#6625 = VERTEX_POINT ( 'NONE', #2218 ) ;
#6626 = CARTESIAN_POINT ( 'NONE',  ( -17.07128290164564888, -0.5999999999999996447, 8.944718803265367058 ) ) ;
#6627 = EDGE_LOOP ( 'NONE', ( #3300, #7512, #3896, #2835 ) ) ;
#6628 = CARTESIAN_POINT ( 'NONE',  ( -39.80749425788496154, -1.000000000000000000, 7.353059882638998346 ) ) ;
#6629 = ADVANCED_FACE ( 'NONE', ( #4957 ), #262, .T. ) ;
#6630 = VERTEX_POINT ( 'NONE', #1695 ) ;
#6631 = CARTESIAN_POINT ( 'NONE',  ( -49.46542398819188691, -0.9999999999999997780, 8.503656759020232769 ) ) ;
#6632 = CARTESIAN_POINT ( 'NONE',  ( -52.14433636314813469, -1.000000000000000000, 5.353059882638999234 ) ) ;
#6633 = AXIS2_PLACEMENT_3D ( 'NONE', #7697, #4264, #4436 ) ;
#6634 = VECTOR ( 'NONE', #3831, 1000.000000000000000 ) ;
#6635 = CARTESIAN_POINT ( 'NONE',  ( 18.33105438279289601, 9.480831174438428377, 19.40000000000000213 ) ) ;
#6636 = ORIENTED_EDGE ( 'NONE', *, *, #4480, .F. ) ;
#6637 = ORIENTED_EDGE ( 'NONE', *, *, #5685, .T. ) ;
#6638 = DIRECTION ( 'NONE',  ( -1.000000000000000000, 0.000000000000000000, 0.000000000000000000 ) ) ;
#6639 = CARTESIAN_POINT ( 'NONE',  ( -41.21727455279182806, -0.9999999999999997780, 13.44008155705128438 ) ) ;
#6640 = ORIENTED_EDGE ( 'NONE', *, *, #7635, .T. ) ;
#6641 = EDGE_CURVE ( 'NONE', #3715, #1097, #1653, .T. ) ;
#6642 = B_SPLINE_CURVE_WITH_KNOTS ( 'NONE', 3,
 ( #3950, #1407, #5473, #4131, #515, #8733, #5965, #4084, #4631, #8155, #2028 ),
 .UNSPECIFIED., .F., .F.,
 ( 4, 1, 1, 1, 1, 1, 1, 1, 4 ),
 ( 0.000000000000000000, 0.1430077439239314518, 0.2804410517570049555, 0.4124252536065051711, 0.5392244040641462899, 0.6612359185481836432, 0.7784486032602823125, 0.8911018786123227065, 1.000000000000000000 ),
 .UNSPECIFIED. ) ;
#6643 = DIRECTION ( 'NONE',  ( -0.8660254037844351549, 0.5000000000000061062, -0.000000000000000000 ) ) ;
#6644 = VECTOR ( 'NONE', #4955, 1000.000000000000000 ) ;
#6645 = VERTEX_POINT ( 'NONE', #3607 ) ;
#6646 = LINE ( 'NONE', #7539, #549 ) ;
#6647 = CARTESIAN_POINT ( 'NONE',  ( -41.72690215262179692, -0.6000000000000000888, 6.826744093165315164 ) ) ;
#6648 = DIRECTION ( 'NONE',  ( 0.000000000000000000, 0.000000000000000000, -1.000000000000000000 ) ) ;
#6649 = CARTESIAN_POINT ( 'NONE',  ( -28.66173695649160535, -1.000000000000000222, 12.94884735617693927 ) ) ;
#6650 = CARTESIAN_POINT ( 'NONE',  ( -1.301042606982605321E-15, 7.016154273188029755, 20.10000000000000142 ) ) ;
#6651 = ORIENTED_EDGE ( 'NONE', *, *, #685, .F. ) ;
#6652 = DIRECTION ( 'NONE',  ( 0.000000000000000000, 0.000000000000000000, -1.000000000000000000 ) ) ;
#6653 = ORIENTED_EDGE ( 'NONE', *, *, #2417, .F. ) ;
#6654 = EDGE_CURVE ( 'NONE', #7035, #6196, #708, .T. ) ;
#6655 = CARTESIAN_POINT ( 'NONE',  ( -21.80000000000000071, 8.863675134594789284, 20.10000000000000142 ) ) ;
#6656 = EDGE_CURVE ( 'NONE', #5803, #1097, #3193, .T. ) ;
#6657 = CARTESIAN_POINT ( 'NONE',  ( -18.56600134668305913, -1.000000000000000444, 9.610252367229712434 ) ) ;
#6658 = PLANE ( 'NONE',  #1246 ) ;
#6659 = DIRECTION ( 'NONE',  ( 0.000000000000000000, 0.000000000000000000, -1.000000000000000000 ) ) ;
#6660 = PLANE ( 'NONE',  #4483 ) ;
#6661 = DIRECTION ( 'NONE',  ( 0.000000000000000000, 0.000000000000000000, -1.000000000000000000 ) ) ;
#6662 = CIRCLE ( 'NONE', #6954, 2.000000000000000000 ) ;
#6663 = ORIENTED_EDGE ( 'NONE', *, *, #6447, .T. ) ;
#6664 = EDGE_CURVE ( 'NONE', #3679, #501, #3953, .T. ) ;
#6665 = ORIENTED_EDGE ( 'NONE', *, *, #3258, .F. ) ;
#6666 = CYLINDRICAL_SURFACE ( 'NONE', #4306, 1.000000000000000222 ) ;
#6667 = CARTESIAN_POINT ( 'NONE',  ( -40.48553748581812073, -0.6000000000000000888, 7.029651179024559049 ) ) ;
#6668 = CARTESIAN_POINT ( 'NONE',  ( -25.77426765007915321, -0.9999999999999995559, 11.26444070499204919 ) ) ;
#6669 = CARTESIAN_POINT ( 'NONE',  ( -44.29999999999999716, 8.574999999999999289, 0.000000000000000000 ) ) ;
#6670 = AXIS2_PLACEMENT_3D ( 'NONE', #7226, #1822, #6559 ) ;
#6671 = VERTEX_POINT ( 'NONE', #523 ) ;
#6672 = CARTESIAN_POINT ( 'NONE',  ( -72.49974226119279308, 10.76878221735089269, -0.9000000000000000222 ) ) ;
#6673 = ORIENTED_EDGE ( 'NONE', *, *, #2963, .T. ) ;
#6674 = DIRECTION ( 'NONE',  ( 0.000000000000000000, 0.000000000000000000, -1.000000000000000000 ) ) ;
#6675 = ORIENTED_EDGE ( 'NONE', *, *, #4862, .T. ) ;
#6676 = CARTESIAN_POINT ( 'NONE',  ( -50.03983255688788034, -0.6000000000000000888, 10.68470022970909916 ) ) ;
#6677 = CARTESIAN_POINT ( 'NONE',  ( -47.69974226119958871, 13.88647367098246121, 20.10000000000000142 ) ) ;
#6678 = CARTESIAN_POINT ( 'NONE',  ( -23.50000000000000000, 7.882179676972460136, 20.10000000000000142 ) ) ;
#6679 = ORIENTED_EDGE ( 'NONE', *, *, #8249, .F. ) ;
#6680 = ADVANCED_FACE ( 'NONE', ( #4598 ), #5807, .F. ) ;
#6681 = ORIENTED_EDGE ( 'NONE', *, *, #4068, .F. ) ;
#6682 = CARTESIAN_POINT ( 'NONE',  ( -74.29596775121443386, 3.057628406783276187, 8.450000000000020606 ) ) ;
#6683 = DIRECTION ( 'NONE',  ( 0.000000000000000000, 0.000000000000000000, 1.000000000000000000 ) ) ;
#6684 = VECTOR ( 'NONE', #3566, 1000.000000000000000 ) ;
#6685 = VERTEX_POINT ( 'NONE', #477 ) ;
#6686 = CARTESIAN_POINT ( 'NONE',  ( -0.9007041555090071761, 12.27044826720279502, 7.450000000000003730 ) ) ;
#6687 = ORIENTED_EDGE ( 'NONE', *, *, #1281, .F. ) ;
#6688 = CARTESIAN_POINT ( 'NONE',  ( 5.200000000000000178, 3.500000000000000000, 9.599999999999999645 ) ) ;
#6689 = PLANE ( 'NONE',  #7784 ) ;
#6690 = DIRECTION ( 'NONE',  ( 1.000000000000000000, 0.000000000000000000, 0.000000000000000000 ) ) ;
#6691 = ADVANCED_FACE ( 'NONE', ( #8695, #5931 ), #3781, .T. ) ;
#6692 = CARTESIAN_POINT ( 'NONE',  ( -10.17723109999023734, -0.6000000000000003109, 13.45832304053373818 ) ) ;
#6693 = DIRECTION ( 'NONE',  ( 0.000000000000000000, 0.000000000000000000, -1.000000000000000000 ) ) ;
#6694 = ORIENTED_EDGE ( 'NONE', *, *, #4577, .F. ) ;
#6695 = DIRECTION ( 'NONE',  ( -1.000000000000000000, 2.602085213965210642E-15, 0.000000000000000000 ) ) ;
#6696 = ORIENTED_EDGE ( 'NONE', *, *, #5522, .T. ) ;
#6697 = DIRECTION ( 'NONE',  ( 0.5000000000001171285, 0.8660254037843710950, 0.000000000000000000 ) ) ;
#6698 = DIRECTION ( 'NONE',  ( -1.000000000000000000, 0.000000000000000000, 0.000000000000000000 ) ) ;
#6699 = CARTESIAN_POINT ( 'NONE',  ( -49.13371685740839467, 9.402756813566508498, 0.000000000000000000 ) ) ;
#6700 = CARTESIAN_POINT ( 'NONE',  ( -63.79999999999999716, 1.699999999999999956, 9.599999999999999645 ) ) ;
#6701 = EDGE_CURVE ( 'NONE', #3277, #2339, #1064, .T. ) ;
#6702 = CARTESIAN_POINT ( 'NONE',  ( -43.59996540263728093, -0.6000000000000000888, 11.00752633366102806 ) ) ;
#6703 = PLANE ( 'NONE',  #307 ) ;
#6704 = LINE ( 'NONE', #8627, #8212 ) ;
#6705 = VERTEX_POINT ( 'NONE', #4462 ) ;
#6706 = ORIENTED_EDGE ( 'NONE', *, *, #5793, .F. ) ;
#6707 = CARTESIAN_POINT ( 'NONE',  ( -20.67187522300740454, -0.6000000000000000888, 11.44608733552980340 ) ) ;
#6708 = DIRECTION ( 'NONE',  ( 0.000000000000000000, 0.000000000000000000, -1.000000000000000000 ) ) ;
#6709 = LINE ( 'NONE', #7429, #3054 ) ;
#6710 = CARTESIAN_POINT ( 'NONE',  ( -19.42854688946392017, -1.000000000000000000, 6.826744093165315164 ) ) ;
#6711 = ADVANCED_FACE ( 'NONE', ( #7272 ), #2563, .T. ) ;
#6712 = EDGE_CURVE ( 'NONE', #784, #7841, #7316, .T. ) ;
#6713 = EDGE_CURVE ( 'NONE', #3046, #3152, #5307, .T. ) ;
#6714 = B_SPLINE_SURFACE_WITH_KNOTS ( 'NONE', 3, 1, ( 
 ( #8705, #7868 ),
 ( #491, #3205 ),
 ( #1748, #2578 ),
 ( #5319, #8041 ),
 ( #2045, #42 ),
 ( #2708, #4199 ),
 ( #3426, #3334 ),
 ( #8215, #3384 ),
 ( #5450, #7548 ),
 ( #7417, #3472 ),
 ( #1429, #2087 ) ),
 .UNSPECIFIED., .F., .F., .F.,
 ( 4, 1, 1, 1, 1, 1, 1, 1, 4 ),
 ( 2, 2 ),
 ( 0.000000000000000000, 0.1061423706777562537, 0.2163113850479786160, 0.3318822470816424897, 0.4527507471107638515, 0.5796221109945302041, 0.7133990261055831450, 0.8529446710950195909, 1.000000000000000000 ),
 ( 0.000000000000000000, 1.000000000000000000 ),
 .UNSPECIFIED. ) ;
#6715 = CARTESIAN_POINT ( 'NONE',  ( -26.89640400060024206, -0.9999999999999995559, 12.08870593368865975 ) ) ;
#6716 = EDGE_LOOP ( 'NONE', ( #260, #7447, #3223, #1318 ) ) ;
#6717 = DIRECTION ( 'NONE',  ( 0.000000000000000000, 0.000000000000000000, -1.000000000000000000 ) ) ;
#6719 = VECTOR ( 'NONE', #1672, 1000.000000000000000 ) ;
#6718 = CIRCLE ( 'NONE', #4007, 1.900000000000000577 ) ;
#6720 = ORIENTED_EDGE ( 'NONE', *, *, #1090, .F. ) ;
#6721 = DIRECTION ( 'NONE',  ( 0.000000000000000000, 0.000000000000000000, -1.000000000000000000 ) ) ;
#6722 = ORIENTED_EDGE ( 'NONE', *, *, #3766, .T. ) ;
#6723 = CARTESIAN_POINT ( 'NONE',  ( -51.45025741577971701, -1.000000000000000000, 9.458323040533736403 ) ) ;
#6724 = DIRECTION ( 'NONE',  ( -1.000000000000000000, 0.000000000000000000, 0.000000000000000000 ) ) ;
#6725 = EDGE_CURVE ( 'NONE', #7978, #8786, #5112, .T. ) ;
#6726 = VECTOR ( 'NONE', #1829, 1000.000000000000114 ) ;
#6727 = DIRECTION ( 'NONE',  ( 1.000000000000000000, 0.000000000000000000, 0.000000000000000000 ) ) ;
#6728 = ORIENTED_EDGE ( 'NONE', *, *, #7207, .T. ) ;
#6729 = DIRECTION ( 'NONE',  ( 0.000000000000000000, 1.000000000000000000, 0.000000000000000000 ) ) ;
#6730 = CARTESIAN_POINT ( 'NONE',  ( -3.133716857408393786, 9.402756813566488958, 20.10000000000000142 ) ) ;
#6731 = ORIENTED_EDGE ( 'NONE', *, *, #3955, .T. ) ;
#6732 = CARTESIAN_POINT ( 'NONE',  ( -23.97591531051655878, -0.6000000000000000888, 6.826744093165315164 ) ) ;
#6733 = VERTEX_POINT ( 'NONE', #3869 ) ;
#6734 = LINE ( 'NONE', #6066, #7833 ) ;
#6735 = CARTESIAN_POINT ( 'NONE',  ( -27.44933037493643724, 8.661215932167763754, 0.000000000000000000 ) ) ;
#6736 = LINE ( 'NONE', #4011, #3176 ) ;
#6737 = CARTESIAN_POINT ( 'NONE',  ( -10.43438111984557359, -0.6000000000000000888, 13.27876496025743336 ) ) ;
#6738 = CARTESIAN_POINT ( 'NONE',  ( -50.12534015124096243, -0.6000000000000000888, 11.28126662695895099 ) ) ;
#6739 = ORIENTED_EDGE ( 'NONE', *, *, #5177, .T. ) ;
#6740 = CARTESIAN_POINT ( 'NONE',  ( -18.87004522831552933, -0.6000000000000003109, 13.45325607948604052 ) ) ;
#6741 = ORIENTED_EDGE ( 'NONE', *, *, #2606, .T. ) ;
#6742 = CARTESIAN_POINT ( 'NONE',  ( -11.12420150553280074, 1.699999999999999956, 20.10000000000000142 ) ) ;
#6743 = CARTESIAN_POINT ( 'NONE',  ( -18.85941133449850327, -0.9999999999999995559, 9.378243449184864744 ) ) ;
#6744 = DIRECTION ( 'NONE',  ( 1.697280072648819919E-16, -1.000000000000000000, 0.000000000000000000 ) ) ;
#6745 = CARTESIAN_POINT ( 'NONE',  ( 5.200000000000000178, 1.699999999999999956, 9.599999999999999645 ) ) ;
#6746 = LINE ( 'NONE', #1261, #3478 ) ;
#6747 = CARTESIAN_POINT ( 'NONE',  ( -43.12420507131003689, -0.9999999999999995559, 7.201560398398343388 ) ) ;
#6748 = CARTESIAN_POINT ( 'NONE',  ( -52.14433636314813469, -0.6000000000000000888, 11.98463883000742136 ) ) ;
#6749 = ORIENTED_EDGE ( 'NONE', *, *, #6931, .F. ) ;
#6750 = ORIENTED_EDGE ( 'NONE', *, *, #4596, .T. ) ;
#6751 = EDGE_CURVE ( 'NONE', #1147, #8773, #4548, .T. ) ;
#6752 = FACE_OUTER_BOUND ( 'NONE', #5102, .T. ) ;
#6753 = CARTESIAN_POINT ( 'NONE',  ( -20.90223109999023876, -0.6000000000000000888, 11.24779672474426206 ) ) ;
#6754 = VECTOR ( 'NONE', #8734, 1000.000000000000000 ) ;
#6755 = DIRECTION ( 'NONE',  ( 0.000000000000000000, 0.000000000000000000, -1.000000000000000000 ) ) ;
#6756 = CARTESIAN_POINT ( 'NONE',  ( -50.03907320525339486, -1.000000000000000000, 10.73628356684952578 ) ) ;
#6757 = VERTEX_POINT ( 'NONE', #5850 ) ;
#6758 = VECTOR ( 'NONE', #7278, 1000.000000000000114 ) ;
#6759 = CARTESIAN_POINT ( 'NONE',  ( -25.82820748744522277, -0.6000000000000003109, 11.48517068482052572 ) ) ;
#6760 = ORIENTED_EDGE ( 'NONE', *, *, #5551, .F. ) ;
#6761 = EDGE_CURVE ( 'NONE', #5337, #7356, #684, .T. ) ;
#6762 = CARTESIAN_POINT ( 'NONE',  ( -53.93381004735865503, -0.6000000000000000888, 13.35305988263900012 ) ) ;
#6763 = EDGE_CURVE ( 'NONE', #7052, #2302, #1194, .T. ) ;
#6764 = ORIENTED_EDGE ( 'NONE', *, *, #8812, .T. ) ;
#6765 = CARTESIAN_POINT ( 'NONE',  ( -46.00866321883493981, -0.5999999999999998668, 9.643026295202805187 ) ) ;
#6766 = CARTESIAN_POINT ( 'NONE',  ( -19.00231723032660369, -1.000000000000000222, 7.507929389053945357 ) ) ;
#6767 = DIRECTION ( 'NONE',  ( 1.000000000000000000, 0.000000000000000000, -0.000000000000000000 ) ) ;
#6768 = ORIENTED_EDGE ( 'NONE', *, *, #1301, .T. ) ;
#6769 = DIRECTION ( 'NONE',  ( 0.000000000000000000, 0.000000000000000000, 1.000000000000000000 ) ) ;
#6770 = CARTESIAN_POINT ( 'NONE',  ( -29.33746551410068548, -1.000000000000000222, 6.264985160292822819 ) ) ;
#6771 = ORIENTED_EDGE ( 'NONE', *, *, #1649, .T. ) ;
#6772 = CARTESIAN_POINT ( 'NONE',  ( -40.46158944600422558, -0.6000000000000003109, 13.34051345889227136 ) ) ;
#6773 = EDGE_CURVE ( 'NONE', #501, #2379, #3959, .T. ) ;
#6774 = ORIENTED_EDGE ( 'NONE', *, *, #7695, .F. ) ;
#6775 = DIRECTION ( 'NONE',  ( 0.5000000000000061062, 0.8660254037844351549, 0.000000000000000000 ) ) ;
#6776 = VECTOR ( 'NONE', #8744, 1000.000000000000000 ) ;
#6777 = DIRECTION ( 'NONE',  ( 0.000000000000000000, 0.000000000000000000, 1.000000000000000000 ) ) ;
#6778 = DIRECTION ( 'NONE',  ( -0.000000000000000000, -0.000000000000000000, -1.000000000000000000 ) ) ;
#6779 = CARTESIAN_POINT ( 'NONE',  ( -32.39215069796390623, 1.699999999999999956, 0.000000000000000000 ) ) ;
#6780 = CARTESIAN_POINT ( 'NONE',  ( -50.59110886703109600, -0.6000000000000003109, 11.81131159885338100 ) ) ;
#6781 = ORIENTED_EDGE ( 'NONE', *, *, #5485, .T. ) ;
#6782 = VECTOR ( 'NONE', #1981, 1000.000000000000227 ) ;
#6783 = CARTESIAN_POINT ( 'NONE',  ( -3.969907511530740507, 7.691600689896686660, -0.9000000000000000222 ) ) ;
#6784 = VERTEX_POINT ( 'NONE', #5178 ) ;
#6785 = CARTESIAN_POINT ( 'NONE',  ( -51.29596775121442676, 3.057628406783276187, 0.000000000000000000 ) ) ;
#6786 = CARTESIAN_POINT ( 'NONE',  ( -48.28371685740840036, 10.87500000000000000, -0.9000000000000000222 ) ) ;
#6787 = CARTESIAN_POINT ( 'NONE',  ( -48.14433636314813469, -0.6000000000000000888, 10.79384935632321074 ) ) ;
#6788 = LINE ( 'NONE', #2624, #4678 ) ;
#6789 = VECTOR ( 'NONE', #6416, 1000.000000000000000 ) ;
#6790 = CARTESIAN_POINT ( 'NONE',  ( -50.78249905516356222, -0.6000000000000003109, 13.34761494748980404 ) ) ;
#6791 = LINE ( 'NONE', #3390, #5735 ) ;
#6792 = CARTESIAN_POINT ( 'NONE',  ( -42.24575434276271579, -0.6000000000000000888, 6.865763242361396124 ) ) ;
#6793 = EDGE_CURVE ( 'NONE', #4445, #8517, #2811, .T. ) ;
#6794 = EDGE_LOOP ( 'NONE', ( #2238, #8391, #5345, #588, #1975, #1033, #4188, #8596, #1048, #3020 ) ) ;
#6795 = ORIENTED_EDGE ( 'NONE', *, *, #6072, .F. ) ;
#6796 = DIRECTION ( 'NONE',  ( 0.000000000000000000, 0.000000000000000000, 1.000000000000000000 ) ) ;
#6797 = CARTESIAN_POINT ( 'NONE',  ( -25.03422238872195749, -1.000000000000000222, 13.11135946260412233 ) ) ;
#6798 = CARTESIAN_POINT ( 'NONE',  ( 1.199999999999999956, 8.863675134594789284, 0.000000000000000000 ) ) ;
#6799 = EDGE_CURVE ( 'NONE', #3905, #6625, #7391, .T. ) ;
#6800 = CARTESIAN_POINT ( 'NONE',  ( -50.05803912775664344, -0.9999999999999997780, 11.02677716447722389 ) ) ;
#6801 = VECTOR ( 'NONE', #8393, 1000.000000000000000 ) ;
#6802 = FACE_OUTER_BOUND ( 'NONE', #4234, .T. ) ;
#6803 = VERTEX_POINT ( 'NONE', #3153 ) ;
#6804 = CARTESIAN_POINT ( 'NONE',  ( -46.01504013221320122, -1.000000000000000000, 9.038215902441333327 ) ) ;
#6805 = CARTESIAN_POINT ( 'NONE',  ( -45.29999999999999716, 7.997649730810350910, 0.000000000000000000 ) ) ;
#6806 = ORIENTED_EDGE ( 'NONE', *, *, #6773, .T. ) ;
#6807 = VECTOR ( 'NONE', #5642, 999.9999999999998863 ) ;
#6808 = VECTOR ( 'NONE', #2865, 1000.000000000000000 ) ;
#6809 = CARTESIAN_POINT ( 'NONE',  ( -49.72671330931588329, -1.000000000000000000, 8.375417232841403603 ) ) ;
#6810 = DIRECTION ( 'NONE',  ( 0.000000000000000000, 0.000000000000000000, 1.000000000000000000 ) ) ;
#6811 = DIRECTION ( 'NONE',  ( 2.657184803002740111E-15, 1.000000000000000000, 0.000000000000000000 ) ) ;
#6812 = ADVANCED_FACE ( 'NONE', ( #5889 ), #5531, .F. ) ;
#6813 = EDGE_CURVE ( 'NONE', #4108, #5909, #8203, .T. ) ;
#6814 = ORIENTED_EDGE ( 'NONE', *, *, #812, .T. ) ;
#6815 = LINE ( 'NONE', #6147, #7948 ) ;
#6816 = DIRECTION ( 'NONE',  ( -1.000000000000000000, 0.000000000000000000, 0.000000000000000000 ) ) ;
#6817 = ORIENTED_EDGE ( 'NONE', *, *, #1772, .F. ) ;
#6818 = CARTESIAN_POINT ( 'NONE',  ( -41.49206640066801555, -0.6000000000000000888, 13.45575012086127131 ) ) ;
#6819 = VERTEX_POINT ( 'NONE', #564 ) ;
#6820 = CARTESIAN_POINT ( 'NONE',  ( -28.10643148137894798, -0.6000000000000000888, 8.460146205115751883 ) ) ;
#6821 = CARTESIAN_POINT ( 'NONE',  ( -35.47065215262180971, -0.6000000000000000888, 11.87937567211268330 ) ) ;
#6822 = DIRECTION ( 'NONE',  ( 0.4999999999999995004, 0.8660254037844390407, 0.000000000000000000 ) ) ;
#6823 = EDGE_CURVE ( 'NONE', #1858, #5755, #2077, .T. ) ;
#6824 = LINE ( 'NONE', #7004, #8763 ) ;
#6825 = CARTESIAN_POINT ( 'NONE',  ( -17.74433636314813256, -1.000000000000000000, 11.02411251421794702 ) ) ;
#6826 = VERTEX_POINT ( 'NONE', #5437 ) ;
#6827 = CARTESIAN_POINT ( 'NONE',  ( -20.36623073235534065, -0.6000000000000000888, 13.08467914565414070 ) ) ;
#6828 = VECTOR ( 'NONE', #7894, 1000.000000000000227 ) ;
#6829 = ORIENTED_EDGE ( 'NONE', *, *, #915, .T. ) ;
#6830 = PLANE ( 'NONE',  #6154 ) ;
#6831 = CARTESIAN_POINT ( 'NONE',  ( -27.20707892690716534, -0.6000000000000000888, 13.42068050419670477 ) ) ;
#6832 = CARTESIAN_POINT ( 'NONE',  ( -41.97084405509040295, -1.000000000000000000, 5.249020895727466218 ) ) ;
#6833 = DIRECTION ( 'NONE',  ( 0.000000000000000000, 0.000000000000000000, 1.000000000000000000 ) ) ;
#6834 = CARTESIAN_POINT ( 'NONE',  ( -48.43114265483784919, -0.6000000000000003109, 12.14431982003273269 ) ) ;
#6835 = APPLICATION_CONTEXT ( 'automotive_design' ) ;
#6836 = CARTESIAN_POINT ( 'NONE',  ( -23.90070415550900762, 12.27044826720279502, 7.650000000000013678 ) ) ;
#6837 = CARTESIAN_POINT ( 'NONE',  ( -24.24633191873573779, -0.6000000000000000888, 12.33517386138926852 ) ) ;
#6838 = ORIENTED_EDGE ( 'NONE', *, *, #3816, .F. ) ;
#6839 = VECTOR ( 'NONE', #7344, 1000.000000000000114 ) ;
#6840 = ORIENTED_EDGE ( 'NONE', *, *, #5435, .T. ) ;
#6841 = DIRECTION ( 'NONE',  ( 0.000000000000000000, 0.000000000000000000, -1.000000000000000000 ) ) ;
#6842 = CARTESIAN_POINT ( 'NONE',  ( -15.95486267893760690, -0.6000000000000000888, 11.19516514579689570 ) ) ;
#6843 = PRODUCT_RELATED_PRODUCT_CATEGORY ( 'part', '', ( #4002 ) ) ;
#6844 = LINE ( 'NONE', #8272, #6388 ) ;
#6845 = ORIENTED_EDGE ( 'NONE', *, *, #4469, .T. ) ;
#6846 = DIRECTION ( 'NONE',  ( -0.8660254037844171693, 0.5000000000000371925, -0.000000000000000000 ) ) ;
#6847 = CARTESIAN_POINT ( 'NONE',  ( -67.29999999999999716, 1.699999999999999956, 20.10000000000000142 ) ) ;
#6848 = EDGE_LOOP ( 'NONE', ( #2915, #3010, #7796, #2799 ) ) ;
#6849 = DIRECTION ( 'NONE',  ( 0.5000000000000135447, 0.8660254037844308250, 0.000000000000000000 ) ) ;
#6850 = CARTESIAN_POINT ( 'NONE',  ( -37.68117846841128227, -0.6000000000000000888, 11.87937567211268330 ) ) ;
#6851 = ORIENTED_EDGE ( 'NONE', *, *, #442, .F. ) ;
#6852 = CARTESIAN_POINT ( 'NONE',  ( -18.92361267893760868, -0.6000000000000000888, 12.08990198790215764 ) ) ;
#6853 = EDGE_CURVE ( 'NONE', #7934, #6463, #6151, .T. ) ;
#6854 = AXIS2_PLACEMENT_3D ( 'NONE', #7295, #5281, #458 ) ;
#6855 = VECTOR ( 'NONE', #7550, 1000.000000000000000 ) ;
#6856 = CARTESIAN_POINT ( 'NONE',  ( -19.40146660559475222, -0.5999999999999998668, 6.987923560826689418 ) ) ;
#6857 = CARTESIAN_POINT ( 'NONE',  ( -17.22755121016717794, -0.5999999999999998668, 13.21655031022526217 ) ) ;
#6859 = VECTOR ( 'NONE', #3171, 1000.000000000000000 ) ;
#6858 = VECTOR ( 'NONE', #2362, 1000.000000000000000 ) ;
#6860 = ORIENTED_EDGE ( 'NONE', *, *, #7822, .T. ) ;
#6861 = DIRECTION ( 'NONE',  ( 0.000000000000000000, 0.000000000000000000, 1.000000000000000000 ) ) ;
#6862 = CARTESIAN_POINT ( 'NONE',  ( -29.02613163945733632, -1.000000000000000000, 7.298196685397028816 ) ) ;
#6863 = ORIENTED_EDGE ( 'NONE', *, *, #2473, .F. ) ;
#6864 = CARTESIAN_POINT ( 'NONE',  ( 1.699999999999999956, 1.699999999999999956, 0.000000000000000000 ) ) ;
#6865 = ORIENTED_EDGE ( 'NONE', *, *, #8461, .T. ) ;
#6866 = DIRECTION ( 'NONE',  ( 0.000000000000000000, 0.000000000000000000, 1.000000000000000000 ) ) ;
#6867 = EDGE_CURVE ( 'NONE', #1584, #3138, #8244, .T. ) ;
#6869 = VECTOR ( 'NONE', #3791, 1000.000000000000114 ) ;
#6868 = AXIS2_PLACEMENT_3D ( 'NONE', #1832, #1789, #7194 ) ;
#6870 = DIRECTION ( 'NONE',  ( 1.000000000000000000, 0.000000000000000000, 0.000000000000000000 ) ) ;
#6871 = PLANE ( 'NONE',  #7758 ) ;
#6872 = DIRECTION ( 'NONE',  ( 0.000000000000000000, 0.000000000000000000, -1.000000000000000000 ) ) ;
#6873 = CARTESIAN_POINT ( 'NONE',  ( -50.97339704878729805, -0.6000000000000000888, 11.94249659581809908 ) ) ;
#6874 = ORIENTED_EDGE ( 'NONE', *, *, #7966, .F. ) ;
#6875 = CARTESIAN_POINT ( 'NONE',  ( -29.29613218913495842, -0.9999999999999997780, 6.546269095387323489 ) ) ;
#6876 = ORIENTED_EDGE ( 'NONE', *, *, #6397, .T. ) ;
#6877 = DIRECTION ( 'NONE',  ( -1.000000000000000000, 2.602085213965208275E-15, 0.000000000000000000 ) ) ;
#6878 = AXIS2_PLACEMENT_3D ( 'NONE', #3268, #4808, #6142 ) ;
#6879 = CARTESIAN_POINT ( 'NONE',  ( -19.93941726842965068, -0.9999999999999997780, 11.88195087725122612 ) ) ;
#6880 = EDGE_CURVE ( 'NONE', #607, #8068, #6108, .T. ) ;
#6881 = EDGE_CURVE ( 'NONE', #1160, #2119, #4004, .T. ) ;
#6882 = CARTESIAN_POINT ( 'NONE',  ( -26.56966531051655522, -1.000000000000000000, 13.45832304053373818 ) ) ;
#6883 = CARTESIAN_POINT ( 'NONE',  ( -24.47160671375159424, -1.000000000000000222, 9.616731248157075029 ) ) ;
#6884 = CARTESIAN_POINT ( 'NONE',  ( -7.906252313101699514, 12.27365149746590056, 20.10000000000000142 ) ) ;
#6885 = CARTESIAN_POINT ( 'NONE',  ( -42.85927597967986458, -0.6000000000000003109, 11.61153284887352477 ) ) ;
#6886 = CARTESIAN_POINT ( 'NONE',  ( -45.29999999999999716, 7.997649730810350910, -0.9000000000000000222 ) ) ;
#6887 = CARTESIAN_POINT ( 'NONE',  ( -44.11867523863845975, -0.6000000000000000888, 9.036362874762010833 ) ) ;
#6888 = ORIENTED_EDGE ( 'NONE', *, *, #8472, .F. ) ;
#6889 = ORIENTED_EDGE ( 'NONE', *, *, #331, .T. ) ;
#6890 = ADVANCED_FACE ( 'NONE', ( #3322 ), #2790, .T. ) ;
#6891 = PLANE ( 'NONE',  #3712 ) ;
#6892 = CARTESIAN_POINT ( 'NONE',  ( -40.48553748581812073, -0.6000000000000000888, 7.029651179024559049 ) ) ;
#6893 = B_SPLINE_CURVE_WITH_KNOTS ( 'NONE', 3,
 ( #8523, #3022, #5213, #4543, #3990, #596, #2637, #2390, #5378, #5131, #7850 ),
 .UNSPECIFIED., .F., .F.,
 ( 4, 1, 1, 1, 1, 1, 1, 1, 4 ),
 ( 0.000000000000000000, 0.1681741227021177898, 0.3187847659050448978, 0.4553617444871737030, 0.5787698975723892802, 0.6918086740834054060, 0.7954484750435915075, 0.8967266546925837245, 1.000000000000000000 ),
 .UNSPECIFIED. ) ;
#6894 = DIRECTION ( 'NONE',  ( 1.305246903556487908E-15, -1.000000000000000000, 0.000000000000000000 ) ) ;
#6895 = CARTESIAN_POINT ( 'NONE',  ( -57.12420150553280251, 1.699999999999999956, -0.9000000000000000222 ) ) ;
#6896 = FACE_OUTER_BOUND ( 'NONE', #2284, .T. ) ;
#6897 = ORIENTED_EDGE ( 'NONE', *, *, #8622, .T. ) ;
#6898 = FACE_OUTER_BOUND ( 'NONE', #1562, .T. ) ;
#6899 = AXIS2_PLACEMENT_3D ( 'NONE', #6465, #2429, #3687 ) ;
#6900 = DIRECTION ( 'NONE',  ( -0.4999999999999994449, -0.8660254037844389297, 0.000000000000000000 ) ) ;
#6901 = ORIENTED_EDGE ( 'NONE', *, *, #1634, .F. ) ;
#6902 = CARTESIAN_POINT ( 'NONE',  ( -44.84368077843728884, -0.5999999999999998668, 12.27726238021945804 ) ) ;
#6903 = DIRECTION ( 'NONE',  ( -1.000000000000000000, 0.000000000000000000, 0.000000000000000000 ) ) ;
#6904 = CARTESIAN_POINT ( 'NONE',  ( 1.199999999999999734, 8.863675134594789284, 20.10000000000000142 ) ) ;
#6905 = VECTOR ( 'NONE', #1202, 1000.000000000000000 ) ;
#6906 = ORIENTED_EDGE ( 'NONE', *, *, #1137, .F. ) ;
#6907 = LINE ( 'NONE', #6951, #679 ) ;
#6908 = CARTESIAN_POINT ( 'NONE',  ( 11.87579849446719926, 1.700000000000004396, -0.2000000000000000389 ) ) ;
#6909 = EDGE_CURVE ( 'NONE', #5383, #5803, #2120, .T. ) ;
#6910 = ORIENTED_EDGE ( 'NONE', *, *, #1017, .T. ) ;
#6911 = DIRECTION ( 'NONE',  ( 0.8660254037844384856, -0.5000000000000003331, 0.000000000000000000 ) ) ;
#6912 = ORIENTED_EDGE ( 'NONE', *, *, #3795, .T. ) ;
#6913 = CYLINDRICAL_SURFACE ( 'NONE', #3355, 1.899999999999999023 ) ;
#6914 = AXIS2_PLACEMENT_3D ( 'NONE', #8145, #1177, #547 ) ;
#6915 = CARTESIAN_POINT ( 'NONE',  ( -15.99205414764425370, -1.000000000000000222, 10.67843027939516887 ) ) ;
#6916 = CARTESIAN_POINT ( 'NONE',  ( -25.28371685740840391, 10.87500000000000000, 0.000000000000000000 ) ) ;
#6917 = CARTESIAN_POINT ( 'NONE',  ( -25.82820748744522277, -0.6000000000000003109, 11.48517068482052572 ) ) ;
#6918 = ORIENTED_EDGE ( 'NONE', *, *, #7100, .F. ) ;
#6919 = EDGE_CURVE ( 'NONE', #5344, #8354, #3530, .T. ) ;
#6920 = CARTESIAN_POINT ( 'NONE',  ( -28.28232669841226254, -0.6000000000000000888, 8.294386105673760667 ) ) ;
#6921 = EDGE_LOOP ( 'NONE', ( #3539, #2748, #3405, #70 ) ) ;
#6922 = CARTESIAN_POINT ( 'NONE',  ( -1.699742261199583160, 13.88647367098246121, -0.9000000000000000222 ) ) ;
#6923 = DIRECTION ( 'NONE',  ( -1.000000000000000000, 0.000000000000000000, 0.000000000000000000 ) ) ;
#6924 = CARTESIAN_POINT ( 'NONE',  ( -28.83581293222264108, -1.000000000000000222, 12.84130764464735108 ) ) ;
#6925 = CARTESIAN_POINT ( 'NONE',  ( -41.42030278313789182, -0.9999999999999997780, 5.271098781560102253 ) ) ;
#6926 = CARTESIAN_POINT ( 'NONE',  ( -50.38928273665847968, -0.6000000000000003109, 9.774996174458285836 ) ) ;
#6927 = AXIS2_PLACEMENT_3D ( 'NONE', #4165, #5549, #7603 ) ;
#6928 = CIRCLE ( 'NONE', #5501, 2.000000000000005329 ) ;
#6929 = CARTESIAN_POINT ( 'NONE',  ( -26.33895206231465735, -1.000000000000000000, 9.838943678661337344 ) ) ;
#6930 = CARTESIAN_POINT ( 'NONE',  ( -6.141188803640575067, 10.33083117443845822, -0.9000000000000000222 ) ) ;
#6931 = EDGE_CURVE ( 'NONE', #7978, #2507, #8831, .T. ) ;
#6932 = EDGE_CURVE ( 'NONE', #1195, #7605, #1953, .T. ) ;
#6933 = CARTESIAN_POINT ( 'NONE',  ( -41.77459952104285890, -1.000000000000000000, 13.45832304053373640 ) ) ;
#6934 = ORIENTED_EDGE ( 'NONE', *, *, #943, .F. ) ;
#6935 = VECTOR ( 'NONE', #2286, 1000.000000000000000 ) ;
#6936 = VERTEX_POINT ( 'NONE', #4857 ) ;
#6937 = VECTOR ( 'NONE', #8170, 1000.000000000000000 ) ;
#6938 = CARTESIAN_POINT ( 'NONE',  ( -34.12420150553280251, 1.699999999999999956, 18.89999999999999858 ) ) ;
#6939 = CARTESIAN_POINT ( 'NONE',  ( -41.62657320525338633, -0.6000000000000000888, 11.87937567211268330 ) ) ;
#6940 = DIRECTION ( 'NONE',  ( -0.000000000000000000, -0.000000000000000000, -1.000000000000000000 ) ) ;
#6941 = EDGE_CURVE ( 'NONE', #1097, #5670, #7405, .T. ) ;
#6942 = CYLINDRICAL_SURFACE ( 'NONE', #362, 0.5000000000000004441 ) ;
#6943 = LINE ( 'NONE', #780, #6858 ) ;
#6944 = ORIENTED_EDGE ( 'NONE', *, *, #3249, .F. ) ;
#6945 = CARTESIAN_POINT ( 'NONE',  ( -17.90057297828612803, -0.6000000000000000888, 8.324842580625603006 ) ) ;
#6946 = LINE ( 'NONE', #2240, #7724 ) ;
#6947 = ORIENTED_EDGE ( 'NONE', *, *, #7735, .F. ) ;
#6948 = CARTESIAN_POINT ( 'NONE',  ( 14.58934475965829947, -1.000000000000000000, -0.9000000000000000222 ) ) ;
#6949 = LINE ( 'NONE', #3546, #7557 ) ;
#6950 = ORIENTED_EDGE ( 'NONE', *, *, #2237, .T. ) ;
#6951 = CARTESIAN_POINT ( 'NONE',  ( 11.87579849446719926, 1.699999999999999956, 18.89999999999999858 ) ) ;
#6952 = CARTESIAN_POINT ( 'NONE',  ( -27.02336986190555734, -1.000000000000000222, 7.507929389053945357 ) ) ;
#6953 = CIRCLE ( 'NONE', #3096, 1.000000000000000888 ) ;
#6954 = AXIS2_PLACEMENT_3D ( 'NONE', #868, #1496, #8414 ) ;
#6955 = VERTEX_POINT ( 'NONE', #7537 ) ;
#6956 = LINE ( 'NONE', #839, #6389 ) ;
#6957 = ORIENTED_EDGE ( 'NONE', *, *, #7965, .T. ) ;
#6958 = CARTESIAN_POINT ( 'NONE',  ( 13.80066962506357520, 0.4339745962156045800, -0.2000000000000000389 ) ) ;
#6959 = DIRECTION ( 'NONE',  ( 0.000000000000000000, 0.000000000000000000, -1.000000000000000000 ) ) ;
#6960 = AXIS2_PLACEMENT_3D ( 'NONE', #5349, #8074, #3460 ) ;
#6961 = CARTESIAN_POINT ( 'NONE',  ( -16.22527928715679124, -0.6000000000000000888, 12.33517386138926852 ) ) ;
#6962 = CARTESIAN_POINT ( 'NONE',  ( -9.392150697963900896, 1.699999999999999956, 19.40000000000000213 ) ) ;
#6963 = CARTESIAN_POINT ( 'NONE',  ( -18.64606814734653994, -0.5999999999999998668, 12.07566957060192259 ) ) ;
#6964 = ORIENTED_EDGE ( 'NONE', *, *, #4975, .T. ) ;
#6965 = CARTESIAN_POINT ( 'NONE',  ( -27.86299318870419484, -0.6000000000000003109, 8.658960788302810130 ) ) ;
#6966 = EDGE_LOOP ( 'NONE', ( #2929, #1628, #7317, #6741 ) ) ;
#6967 = CARTESIAN_POINT ( 'NONE',  ( -68.70788383248145692, 12.73647367098722505, 11.75000000000000355 ) ) ;
#6968 = LINE ( 'NONE', #8344, #6684 ) ;
#6969 = B_SPLINE_CURVE_WITH_KNOTS ( 'NONE', 3,
 ( #5014, #7737, #8584, #2453, #7109, #5191, #1620, #992, #949, #3664, #274 ),
 .UNSPECIFIED., .F., .F.,
 ( 4, 1, 1, 1, 1, 1, 1, 1, 4 ),
 ( 0.000000000000000000, 0.1242180585141686722, 0.2472068381769285117, 0.3696516862116497881, 0.4928776809722381080, 0.6164737459698425015, 0.7421957864292834106, 0.8693919454153733462, 1.000000000000000000 ),
 .UNSPECIFIED. ) ;
#6970 = FACE_OUTER_BOUND ( 'NONE', #2820, .T. ) ;
#6971 = ADVANCED_FACE ( 'NONE', ( #1286 ), #2652, .T. ) ;
#6972 = CARTESIAN_POINT ( 'NONE',  ( -24.60906586822473230, -1.000000000000000222, 9.436308346986304940 ) ) ;
#6973 = CARTESIAN_POINT ( 'NONE',  ( -51.12232004220960846, -0.6000000000000003109, 9.476215877936796872 ) ) ;
#6974 = CARTESIAN_POINT ( 'NONE',  ( -27.20453373156918531, -0.6000000000000000888, 9.144178303691631982 ) ) ;
#6975 = DIRECTION ( 'NONE',  ( 1.000000000000000000, 0.000000000000000000, -0.000000000000000000 ) ) ;
#6976 = CARTESIAN_POINT ( 'NONE',  ( -34.12420150553280251, 1.700000000000004396, 19.40000000000000213 ) ) ;
#6977 = EDGE_LOOP ( 'NONE', ( #2562, #7741, #5121, #8481, #1731, #4038, #1592, #2193 ) ) ;
#6978 = CARTESIAN_POINT ( 'NONE',  ( -25.76538899472708266, -0.6000000000000000888, 11.02411251421794702 ) ) ;
#6979 = CARTESIAN_POINT ( 'NONE',  ( -26.27788204834400787, -0.5999999999999998668, 13.45282866697923296 ) ) ;
#6980 = EDGE_CURVE ( 'NONE', #4827, #8798, #1995, .T. ) ;
#6981 = DIRECTION ( 'NONE',  ( 0.8660254037844389297, -0.4999999999999994449, 0.000000000000000000 ) ) ;
#6982 = CARTESIAN_POINT ( 'NONE',  ( -46.00000000000000711, 7.016154273188029755, 20.10000000000000142 ) ) ;
#6983 = VECTOR ( 'NONE', #3850, 1000.000000000000000 ) ;
#6984 = CARTESIAN_POINT ( 'NONE',  ( -67.29999999999999716, 8.574999999999999289, 0.000000000000000000 ) ) ;
#6985 = B_SPLINE_SURFACE_WITH_KNOTS ( 'NONE', 3, 1, ( 
 ( #213, #845 ),
 ( #2211, #5666 ),
 ( #1559, #5538 ),
 ( #6917, #4952 ),
 ( #7677, #5712 ),
 ( #4997, #7589 ),
 ( #4375, #2125 ),
 ( #3515, #5580 ),
 ( #7717, #128 ),
 ( #2840, #8300 ),
 ( #4910, #7005 ),
 ( #1604, #3306 ),
 ( #431, #6046 ),
 ( #5802, #6715 ),
 ( #1730, #5756 ) ),
 .UNSPECIFIED., .F., .F., .F.,
 ( 4, 1, 1, 1, 1, 1, 1, 1, 1, 1, 1, 1, 4 ),
 ( 2, 2 ),
 ( 0.000000000000000000, 0.1367039883603697048, 0.2586833526536852501, 0.3709414131933319592, 0.4785760303022709161, 0.5331492739294553251, 0.5900053033407540726, 0.6481585953923468812, 0.7104150693803554795, 0.7756764888071543407, 0.8461861521810664089, 0.9204958455208714918, 1.000000000000000000 ),
 ( 0.000000000000000000, 1.000000000000000000 ),
 .UNSPECIFIED. ) ;
#6986 = ORIENTED_EDGE ( 'NONE', *, *, #1341, .T. ) ;
#6987 = CARTESIAN_POINT ( 'NONE',  ( -16.22049641171686929, -0.5999999999999998668, 10.00757015016720253 ) ) ;
#6988 = ORIENTED_EDGE ( 'NONE', *, *, #236, .T. ) ;
#6989 = CARTESIAN_POINT ( 'NONE',  ( 1.700000000000001066, 3.000000000000434319, 8.214837663378942167 ) ) ;
#6990 = EDGE_CURVE ( 'NONE', #8143, #1251, #4727, .T. ) ;
#6991 = EDGE_CURVE ( 'NONE', #5755, #5116, #1545, .T. ) ;
#6992 = CARTESIAN_POINT ( 'NONE',  ( 14.69374768689838184, 11.58083117443855237, 20.10000000000000142 ) ) ;
#6993 = EDGE_LOOP ( 'NONE', ( #3105, #1548, #7131, #3627 ) ) ;
#6994 = ORIENTED_EDGE ( 'NONE', *, *, #771, .T. ) ;
#6995 = CARTESIAN_POINT ( 'NONE',  ( -39.80749425788496154, -0.6000000000000000888, 7.353059882638998346 ) ) ;
#6996 = VERTEX_POINT ( 'NONE', #965 ) ;
#6997 = LINE ( 'NONE', #5573, #8239 ) ;
#6998 = ORIENTED_EDGE ( 'NONE', *, *, #7924, .T. ) ;
#6999 = CARTESIAN_POINT ( 'NONE',  ( -1.000000000000000000, 7.016154273188029755, -0.9000000000000000222 ) ) ;
#7000 = EDGE_CURVE ( 'NONE', #1147, #6560, #7710, .T. ) ;
#7001 = CARTESIAN_POINT ( 'NONE',  ( -18.19950594900136309, -1.000000000000000222, 11.94093354282247610 ) ) ;
#7002 = CARTESIAN_POINT ( 'NONE',  ( -15.95486267893760690, -0.6000000000000000888, 11.19516514579689570 ) ) ;
#7003 = ORIENTED_EDGE ( 'NONE', *, *, #5128, .F. ) ;
#7004 = CARTESIAN_POINT ( 'NONE',  ( -57.12420150553280251, 1.699999999999999956, 20.10000000000000142 ) ) ;
#7005 = CARTESIAN_POINT ( 'NONE',  ( -26.54116777531292470, -1.000000000000000222, 12.05442515963128969 ) ) ;
#7006 = ORIENTED_EDGE ( 'NONE', *, *, #7805, .F. ) ;
#7007 = CARTESIAN_POINT ( 'NONE',  ( -28.45209318390248399, -0.6000000000000007550, 8.118792711873181744 ) ) ;
#7008 = ORIENTED_EDGE ( 'NONE', *, *, #682, .T. ) ;
#7009 = DIRECTION ( 'NONE',  ( 0.8660254037844351549, -0.5000000000000061062, 0.000000000000000000 ) ) ;
#7011 = VECTOR ( 'NONE', #4667, 1000.000000000000114 ) ;
#7010 = VECTOR ( 'NONE', #5269, 1000.000000000000227 ) ;
#7012 = CARTESIAN_POINT ( 'NONE',  ( -27.03034128547062664, -0.6000000000000000888, 12.08736108273493315 ) ) ;
#7013 = DIRECTION ( 'NONE',  ( 0.000000000000000000, 0.000000000000000000, 1.000000000000000000 ) ) ;
#7014 = DIRECTION ( 'NONE',  ( -0.8660254037844390407, 0.4999999999999995004, 0.000000000000000000 ) ) ;
#7015 = LINE ( 'NONE', #224, #6329 ) ;
#7016 = LINE ( 'NONE', #8311, #1490 ) ;
#7017 = CARTESIAN_POINT ( 'NONE',  ( -29.14118880364057773, 10.33083117443845822, -0.9000000000000000222 ) ) ;
#7018 = CARTESIAN_POINT ( 'NONE',  ( -42.40482642443307526, -1.000000000000000222, 11.78656447492751624 ) ) ;
#7019 = ADVANCED_FACE ( 'NONE', ( #6370 ), #2876, .T. ) ;
#7020 = ORIENTED_EDGE ( 'NONE', *, *, #6980, .T. ) ;
#7021 = EDGE_CURVE ( 'NONE', #6474, #7164, #5659, .T. ) ;
#7022 = CARTESIAN_POINT ( 'NONE',  ( 11.07195091717384372, 1.700000000000006617, -0.1999999999999987899 ) ) ;
#7023 = CARTESIAN_POINT ( 'NONE',  ( -39.80749425788496154, -0.6000000000000000888, 11.35305988263899835 ) ) ;
#7024 = DIRECTION ( 'NONE',  ( 0.000000000000000000, 0.000000000000000000, -1.000000000000000000 ) ) ;
#7025 = CARTESIAN_POINT ( 'NONE',  ( -42.23419091815009807, -0.6000000000000000888, 5.250616105068262485 ) ) ;
#7026 = EDGE_CURVE ( 'NONE', #4126, #3146, #5081, .T. ) ;
#7027 = ORIENTED_EDGE ( 'NONE', *, *, #2497, .F. ) ;
#7028 = CARTESIAN_POINT ( 'NONE',  ( -55.19933037493642303, 0.4339745962156045800, 19.40000000000000213 ) ) ;
#7029 = CARTESIAN_POINT ( 'NONE',  ( -48.84974226118900020, 11.89461524227730216, 20.10000000000000142 ) ) ;
#7030 = VERTEX_POINT ( 'NONE', #8469 ) ;
#7031 = DIRECTION ( 'NONE',  ( 0.000000000000000000, -0.000000000000000000, -1.000000000000000000 ) ) ;
#7032 = CARTESIAN_POINT ( 'NONE',  ( -63.79999999999999716, 1.699999999999999956, 9.599999999999999645 ) ) ;
#7033 = ORIENTED_EDGE ( 'NONE', *, *, #2586, .F. ) ;
#7034 = EDGE_CURVE ( 'NONE', #1093, #1066, #8767, .T. ) ;
#7035 = VERTEX_POINT ( 'NONE', #6413 ) ;
#7036 = EDGE_CURVE ( 'NONE', #1584, #5254, #5750, .T. ) ;
#7037 = CARTESIAN_POINT ( 'NONE',  ( -45.56338495460222759, -0.9999999999999997780, 11.28483772057675338 ) ) ;
#7038 = ORIENTED_EDGE ( 'NONE', *, *, #3980, .F. ) ;
#7039 = DIRECTION ( 'NONE',  ( 0.000000000000000000, 0.000000000000000000, 1.000000000000000000 ) ) ;
#7040 = VERTEX_POINT ( 'NONE', #3637 ) ;
#7041 = CARTESIAN_POINT ( 'NONE',  ( -63.79999999999999716, 1.699999999999999956, 9.599999999999999645 ) ) ;
#7042 = AXIS2_PLACEMENT_3D ( 'NONE', #92, #137, #6302 ) ;
#7043 = CARTESIAN_POINT ( 'NONE',  ( -18.87535136902129196, -0.9999999999999995559, 12.08870593368865975 ) ) ;
#7044 = CARTESIAN_POINT ( 'NONE',  ( -27.38597921037039384, -1.000000000000000222, 7.069950585207321225 ) ) ;
#7045 = ORIENTED_EDGE ( 'NONE', *, *, #1772, .T. ) ;
#7046 = CARTESIAN_POINT ( 'NONE',  ( -18.00871222819220918, -1.000000000000000000, 11.80173094658537281 ) ) ;
#7047 = EDGE_CURVE ( 'NONE', #4036, #6510, #2163, .T. ) ;
#7048 = ORIENTED_EDGE ( 'NONE', *, *, #980, .F. ) ;
#7049 = CARTESIAN_POINT ( 'NONE',  ( -53.93381004735865503, -0.6000000000000000888, 13.35305988263900012 ) ) ;
#7050 = EDGE_CURVE ( 'NONE', #2438, #3662, #6997, .T. ) ;
#7051 = CARTESIAN_POINT ( 'NONE',  ( -28.76528383655373844, -0.6000000000000003109, 7.734030817966677240 ) ) ;
#7052 = VERTEX_POINT ( 'NONE', #4902 ) ;
#7053 = DIRECTION ( 'NONE',  ( -0.8660254037844389297, 0.4999999999999994449, -0.000000000000000000 ) ) ;
#7054 = VECTOR ( 'NONE', #6616, 1000.000000000000227 ) ;
#7055 = CARTESIAN_POINT ( 'NONE',  ( -28.45158834688514204, -0.5999999999999998668, 11.61724464217577157 ) ) ;
#7056 = DIRECTION ( 'NONE',  ( 0.6123724356957944703, -0.3535533905932793375, -0.7071067811865449082 ) ) ;
#7057 = LINE ( 'NONE', #2310, #1510 ) ;
#7058 = CARTESIAN_POINT ( 'NONE',  ( -57.92804908282615628, -0.2999999999999934386, 19.40000000000000213 ) ) ;
#7059 = CARTESIAN_POINT ( 'NONE',  ( -48.14647820057933103, -0.6000000000000000888, 10.89701092248616909 ) ) ;
#7060 = EDGE_CURVE ( 'NONE', #2888, #846, #2249, .T. ) ;
#7061 = LINE ( 'NONE', #4388, #5299 ) ;
#7062 = CARTESIAN_POINT ( 'NONE',  ( -26.05486267893761010, -0.6000000000000000888, 8.232994093165316940 ) ) ;
#7063 = ORIENTED_EDGE ( 'NONE', *, *, #4422, .F. ) ;
#7064 = FACE_OUTER_BOUND ( 'NONE', #3229, .T. ) ;
#7065 = CARTESIAN_POINT ( 'NONE',  ( -31.36538899472707342, -0.6000000000000000888, 13.35305988263899835 ) ) ;
#7066 = VECTOR ( 'NONE', #3464, 1000.000000000000000 ) ;
#7067 = CARTESIAN_POINT ( 'NONE',  ( -26.96990751153072452, 7.691600689896693765, -0.9000000000000000222 ) ) ;
#7068 = CARTESIAN_POINT ( 'NONE',  ( -16.64040543225925006, -0.6000000000000000888, 12.85012213163347816 ) ) ;
#7069 = ADVANCED_FACE ( 'NONE', ( #1596 ), #4322, .F. ) ;
#7070 = CARTESIAN_POINT ( 'NONE',  ( -44.07138866487922968, -0.5999999999999998668, 5.660167049123484340 ) ) ;
#7071 = VECTOR ( 'NONE', #7089, 1000.000000000000000 ) ;
#7072 = ORIENTED_EDGE ( 'NONE', *, *, #4469, .F. ) ;
#7073 = CYLINDRICAL_SURFACE ( 'NONE', #3282, 1.999999999999998224 ) ;
#7074 = ORIENTED_EDGE ( 'NONE', *, *, #3621, .T. ) ;
#7075 = FACE_OUTER_BOUND ( 'NONE', #2718, .T. ) ;
#7076 = CARTESIAN_POINT ( 'NONE',  ( -22.70788383248144982, 12.73647367098722505, 8.450000000000022382 ) ) ;
#7077 = EDGE_CURVE ( 'NONE', #3498, #5781, #4366, .T. ) ;
#7078 = ORIENTED_EDGE ( 'NONE', *, *, #8846, .T. ) ;
#7079 = ORIENTED_EDGE ( 'NONE', *, *, #906, .F. ) ;
#7080 = PLANE ( 'NONE',  #7714 ) ;
#7081 = ORIENTED_EDGE ( 'NONE', *, *, #5305, .F. ) ;
#7082 = DIRECTION ( 'NONE',  ( -0.8660254037844171693, 0.5000000000000371925, -0.000000000000000000 ) ) ;
#7083 = VERTEX_POINT ( 'NONE', #1552 ) ;
#7084 = PLANE ( 'NONE',  #6506 ) ;
#7085 = EDGE_CURVE ( 'NONE', #8716, #7438, #6956, .T. ) ;
#7086 = CARTESIAN_POINT ( 'NONE',  ( -17.07128290164564888, -0.9999999999999995559, 8.944718803265367058 ) ) ;
#7087 = CARTESIAN_POINT ( 'NONE',  ( -26.05486267893761010, -1.000000000000000000, 8.232994093165316940 ) ) ;
#7088 = EDGE_LOOP ( 'NONE', ( #2044, #2099, #8432, #5155 ) ) ;
#7089 = DIRECTION ( 'NONE',  ( -0.000000000000000000, -1.000000000000000000, -0.000000000000000000 ) ) ;
#7090 = EDGE_LOOP ( 'NONE', ( #6333, #6651, #6367, #5449 ) ) ;
#7091 = LINE ( 'NONE', #301, #2968 ) ;
#7092 = FACE_OUTER_BOUND ( 'NONE', #5851, .T. ) ;
#7093 = ORIENTED_EDGE ( 'NONE', *, *, #5609, .F. ) ;
#7094 = VECTOR ( 'NONE', #808, 1000.000000000000114 ) ;
#7095 = CARTESIAN_POINT ( 'NONE',  ( -52.59118880364060544, 9.551408311032400178, 18.89999999999999858 ) ) ;
#7096 = ORIENTED_EDGE ( 'NONE', *, *, #9, .T. ) ;
#7097 = CARTESIAN_POINT ( 'NONE',  ( -6.141188803640575067, 10.33083117443845822, -0.9000000000000000222 ) ) ;
#7098 = AXIS2_PLACEMENT_3D ( 'NONE', #3771, #1851, #4583 ) ;
#7099 = CARTESIAN_POINT ( 'NONE',  ( -20.90223109999023876, -0.6000000000000000888, 12.78727040895478950 ) ) ;
#7100 = EDGE_CURVE ( 'NONE', #2957, #2315, #5614, .T. ) ;
#7101 = ADVANCED_FACE ( 'NONE', ( #4947 ), #7670, .T. ) ;
#7102 = CARTESIAN_POINT ( 'NONE',  ( -24.45070415551619902, 11.31782032302749919, 0.000000000000000000 ) ) ;
#7103 = FACE_BOUND ( 'NONE', #1682, .T. ) ;
#7104 = CARTESIAN_POINT ( 'NONE',  ( 18.85066962506356347, 9.180831174438425890, 19.40000000000000213 ) ) ;
#7105 = LINE ( 'NONE', #6930, #1738 ) ;
#7106 = CARTESIAN_POINT ( 'NONE',  ( 18.03105438279289885, 8.961215932167762688, -0.2000000000000000389 ) ) ;
#7107 = VERTEX_POINT ( 'NONE', #1140 ) ;
#7108 = CARTESIAN_POINT ( 'NONE',  ( -21.21264995406865594, -0.6000000000000003109, 6.813307792856671874 ) ) ;
#7109 = CARTESIAN_POINT ( 'NONE',  ( -20.08399133045925922, -1.000000000000000222, 13.20100050124290902 ) ) ;
#7110 = CARTESIAN_POINT ( 'NONE',  ( -43.12420507131003689, -1.000000000000000000, 7.201560398398343388 ) ) ;
#7111 = CARTESIAN_POINT ( 'NONE',  ( -18.11290715377165483, -0.6000000000000000888, 11.88482645585770037 ) ) ;
#7112 = CARTESIAN_POINT ( 'NONE',  ( -50.70768768190120568, -0.6000000000000000888, 11.86556699362417788 ) ) ;
#7113 = AXIS2_PLACEMENT_3D ( 'NONE', #33, #1244, #3235 ) ;
#7114 = VERTEX_POINT ( 'NONE', #1096 ) ;
#7115 = DIRECTION ( 'NONE',  ( 0.000000000000000000, 0.000000000000000000, -1.000000000000000000 ) ) ;
#7116 = CARTESIAN_POINT ( 'NONE',  ( -27.70195831909939699, 10.42365149746539998, 0.000000000000000000 ) ) ;
#7117 = DIRECTION ( 'NONE',  ( 0.000000000000000000, 0.000000000000000000, -1.000000000000000000 ) ) ;
#7118 = LINE ( 'NONE', #7076, #6983 ) ;
#7119 = VERTEX_POINT ( 'NONE', #3856 ) ;
#7120 = EDGE_LOOP ( 'NONE', ( #1226, #7310, #3870, #6015 ) ) ;
#7121 = FACE_OUTER_BOUND ( 'NONE', #8420, .T. ) ;
#7122 = ORIENTED_EDGE ( 'NONE', *, *, #5245, .F. ) ;
#7123 = EDGE_CURVE ( 'NONE', #456, #5337, #3897, .T. ) ;
#7124 = CARTESIAN_POINT ( 'NONE',  ( -44.07138866487922968, -0.9999999999999997780, 5.660167049123484340 ) ) ;
#7125 = ORIENTED_EDGE ( 'NONE', *, *, #3734, .T. ) ;
#7126 = CARTESIAN_POINT ( 'NONE',  ( -71.28371685740839325, 10.87500000000000000, 0.000000000000000000 ) ) ;
#7127 = B_SPLINE_SURFACE_WITH_KNOTS ( 'NONE', 3, 1, ( 
 ( #202, #72 ),
 ( #4987, #790 ),
 ( #5528, #2917 ),
 ( #7708, #6284 ),
 ( #1594, #6368 ),
 ( #3506, #6952 ),
 ( #162, #2421 ),
 ( #5748, #8637 ),
 ( #6584, #6460 ),
 ( #7970, #377 ),
 ( #1806, #5791 ),
 ( #421, #1094 ),
 ( #4405, #3101 ) ),
 .UNSPECIFIED., .F., .F., .F.,
 ( 4, 1, 1, 1, 1, 1, 1, 1, 1, 1, 4 ),
 ( 2, 2 ),
 ( 0.000000000000000000, 0.1603753861776184564, 0.3167880320051173482, 0.4639547215212923015, 0.5998108780809138230, 0.7215978882881363132, 0.8288275933772883963, 0.8766716099927726047, 0.9208419748405914929, 0.9610528601879236854, 1.000000000000000000 ),
 ( 0.000000000000000000, 1.000000000000000000 ),
 .UNSPECIFIED. ) ;
#7128 = CARTESIAN_POINT ( 'NONE',  ( -48.47609151920299553, -0.6000000000000003109, 9.460296903298571536 ) ) ;
#7129 = VERTEX_POINT ( 'NONE', #7258 ) ;
#7130 = CARTESIAN_POINT ( 'NONE',  ( -17.46020628749990422, -0.9999999999999997780, 13.30335631723544410 ) ) ;
#7131 = ORIENTED_EDGE ( 'NONE', *, *, #3604, .T. ) ;
#7132 = DIRECTION ( 'NONE',  ( 1.000000000000000000, 0.000000000000000000, 0.000000000000000000 ) ) ;
#7133 = DIRECTION ( 'NONE',  ( -0.4999999999999994449, -0.8660254037844389297, 0.000000000000000000 ) ) ;
#7134 = EDGE_CURVE ( 'NONE', #6819, #7806, #5794, .T. ) ;
#7135 = ORIENTED_EDGE ( 'NONE', *, *, #7207, .F. ) ;
#7136 = EDGE_CURVE ( 'NONE', #8110, #4827, #7383, .T. ) ;
#7137 = CARTESIAN_POINT ( 'NONE',  ( -11.12420150553280074, 1.700000000000004396, 19.40000000000000213 ) ) ;
#7138 = ORIENTED_EDGE ( 'NONE', *, *, #1487, .F. ) ;
#7139 = CARTESIAN_POINT ( 'NONE',  ( -29.34200952483045199, -0.5999999999999998668, 6.071964961956900275 ) ) ;
#7140 = CIRCLE ( 'NONE', #5721, 1.000000000000000888 ) ;
#7141 = PLANE ( 'NONE',  #363 ) ;
#7142 = FACE_BOUND ( 'NONE', #5567, .T. ) ;
#7143 = PLANE ( 'NONE',  #2470 ) ;
#7144 = DIRECTION ( 'NONE',  ( -0.5000000000000115463, -0.8660254037844319353, 0.000000000000000000 ) ) ;
#7145 = LINE ( 'NONE', #1705, #4072 ) ;
#7147 =( GEOMETRIC_REPRESENTATION_CONTEXT ( 3 ) GLOBAL_UNCERTAINTY_ASSIGNED_CONTEXT ( ( #5987 ) ) GLOBAL_UNIT_ASSIGNED_CONTEXT ( ( #20, #3404, #1404 ) ) REPRESENTATION_CONTEXT ( 'NONE', 'WORKASPACE' ) );
#7146 = VECTOR ( 'NONE', #609, 1000.000000000000000 ) ;
#7148 = VERTEX_POINT ( 'NONE', #4493 ) ;
#7149 = EDGE_CURVE ( 'NONE', #4956, #2854, #8454, .T. ) ;
#7150 = CARTESIAN_POINT ( 'NONE',  ( -2.633716857408380019, 10.26878221735089980, -0.9000000000000000222 ) ) ;
#7151 =( BOUNDED_CURVE ( )  B_SPLINE_CURVE ( 2, ( #4281, #4949, #3556 ),
 .UNSPECIFIED., .F., .F. ) 
 B_SPLINE_CURVE_WITH_KNOTS ( ( 3, 3 ),
 ( -0.9275848571311779978, -0.5165268628059597189 ),
 .UNSPECIFIED. ) 
 CURVE ( )  GEOMETRIC_REPRESENTATION_ITEM ( )  RATIONAL_B_SPLINE_CURVE ( ( 1.120481927710841985, 1.328571428571355240, 1.328571428571434954 ) ) 
 REPRESENTATION_ITEM ( '' )  );
#7152 = CARTESIAN_POINT ( 'NONE',  ( -11.28445080182806137, -1.000000000000000222, 12.79218496127833227 ) ) ;
#7153 = CARTESIAN_POINT ( 'NONE',  ( -47.00000000000000000, 7.016154273188029755, 20.10000000000000142 ) ) ;
#7154 = PLANE ( 'NONE',  #5242 ) ;
#7156 = AXIS2_PLACEMENT_3D ( 'NONE', #6394, #2986, #6975 ) ;
#7155 = VECTOR ( 'NONE', #7767, 1000.000000000000227 ) ;
#7157 = CARTESIAN_POINT ( 'NONE',  ( -44.29999999999999716, 7.997649730810350910, -0.9000000000000000222 ) ) ;
#7158 = CARTESIAN_POINT ( 'NONE',  ( -50.05803912775664344, -0.5999999999999998668, 11.02677716447722389 ) ) ;
#7159 = EDGE_CURVE ( 'NONE', #3679, #2307, #6462, .T. ) ;
#7160 = EDGE_CURVE ( 'NONE', #7934, #1189, #5249, .T. ) ;
#7161 = ORIENTED_EDGE ( 'NONE', *, *, #7000, .F. ) ;
#7162 = DIRECTION ( 'NONE',  ( 0.000000000000000000, 0.000000000000000000, -1.000000000000000000 ) ) ;
#7163 = AXIS2_PLACEMENT_3D ( 'NONE', #8218, #3567, #2047 ) ;
#7164 = VERTEX_POINT ( 'NONE', #1007 ) ;
#7165 = LINE ( 'NONE', #1674, #1082 ) ;
#7166 = DIRECTION ( 'NONE',  ( 0.8660254037843713171, -0.5000000000001165734, 0.000000000000000000 ) ) ;
#7167 = ORIENTED_EDGE ( 'NONE', *, *, #5976, .T. ) ;
#7168 = ORIENTED_EDGE ( 'NONE', *, *, #4526, .T. ) ;
#7169 = LINE ( 'NONE', #8467, #4730 ) ;
#7170 = ORIENTED_EDGE ( 'NONE', *, *, #7597, .F. ) ;
#7171 = FACE_OUTER_BOUND ( 'NONE', #5746, .T. ) ;
#7172 = ORIENTED_EDGE ( 'NONE', *, *, #50, .F. ) ;
#7173 = CARTESIAN_POINT ( 'NONE',  ( -4.668945617207101328, 9.480831174438426601, -0.2000000000000000389 ) ) ;
#7174 = CARTESIAN_POINT ( 'NONE',  ( 18.33105438279289601, 9.480831174438428377, -0.2000000000000000389 ) ) ;
#7175 = ORIENTED_EDGE ( 'NONE', *, *, #5645, .F. ) ;
#7176 = EDGE_CURVE ( 'NONE', #6567, #4242, #5167, .T. ) ;
#7177 = PLANE ( 'NONE',  #2774 ) ;
#7178 = ORIENTED_EDGE ( 'NONE', *, *, #7321, .T. ) ;
#7179 = DIRECTION ( 'NONE',  ( -0.5000000000000135447, -0.8660254037844308250, 0.000000000000000000 ) ) ;
#7180 = CARTESIAN_POINT ( 'NONE',  ( -29.34433636314813398, -0.6000000000000000888, 5.353059882638999234 ) ) ;
#7181 = ORIENTED_EDGE ( 'NONE', *, *, #2834, .F. ) ;
#7182 = DIRECTION ( 'NONE',  ( 0.000000000000000000, 0.000000000000000000, 1.000000000000000000 ) ) ;
#7183 = ORIENTED_EDGE ( 'NONE', *, *, #6555, .T. ) ;
#7184 = DIRECTION ( 'NONE',  ( -0.000000000000000000, -1.000000000000000000, -0.000000000000000000 ) ) ;
#7185 = AXIS2_PLACEMENT_3D ( 'NONE', #4541, #7354, #1235 ) ;
#7186 = DIRECTION ( 'NONE',  ( 1.000000000000000000, 0.000000000000000000, 0.000000000000000000 ) ) ;
#7187 = DIRECTION ( 'NONE',  ( 1.090037151450160023E-15, 1.000000000000000000, 0.000000000000000000 ) ) ;
#7188 = EDGE_CURVE ( 'NONE', #2763, #3307, #4960, .T. ) ;
#7189 = CARTESIAN_POINT ( 'NONE',  ( -50.66894561720710044, 9.480831174438426601, -0.2000000000000000389 ) ) ;
#7190 = PLANE ( 'NONE',  #167 ) ;
#7191 = CIRCLE ( 'NONE', #2187, 4.799999999999998934 ) ;
#7192 = PLANE ( 'NONE',  #8788 ) ;
#7193 = ORIENTED_EDGE ( 'NONE', *, *, #2870, .T. ) ;
#7194 = DIRECTION ( 'NONE',  ( 0.000000000000000000, 0.000000000000000000, -1.000000000000000000 ) ) ;
#7195 = CARTESIAN_POINT ( 'NONE',  ( -21.00507900787838977, -0.6000000000000000888, 7.298196685397028816 ) ) ;
#7196 = DIRECTION ( 'NONE',  ( 0.000000000000000000, 0.000000000000000000, -1.000000000000000000 ) ) ;
#7197 = CARTESIAN_POINT ( 'NONE',  ( -43.30922636425738403, -0.9999999999999997780, 7.338705006720899426 ) ) ;
#7198 = ADVANCED_FACE ( 'NONE', ( #7171 ), #8518, .T. ) ;
#7199 = EDGE_CURVE ( 'NONE', #3793, #4005, #8558, .T. ) ;
#7200 = CARTESIAN_POINT ( 'NONE',  ( -18.87535136902129196, -0.5999999999999996447, 12.08870593368865975 ) ) ;
#7201 = CARTESIAN_POINT ( 'NONE',  ( -45.76129807924282744, -0.5999999999999998668, 7.576105151623785616 ) ) ;
#7202 = ORIENTED_EDGE ( 'NONE', *, *, #4273, .F. ) ;
#7203 = LINE ( 'NONE', #5068, #7866 ) ;
#7204 = ORIENTED_EDGE ( 'NONE', *, *, #7695, .T. ) ;
#7205 = CARTESIAN_POINT ( 'NONE',  ( -25.76538899472708266, -0.6000000000000000888, 11.02411251421794702 ) ) ;
#7206 = CARTESIAN_POINT ( 'NONE',  ( -21.30000000000000071, 1.699999999999999956, 0.000000000000000000 ) ) ;
#7207 = EDGE_CURVE ( 'NONE', #5530, #6191, #4407, .T. ) ;
#7208 = CIRCLE ( 'NONE', #4360, 0.6000000000000033085 ) ;
#7209 = VERTEX_POINT ( 'NONE', #3059 ) ;
#7210 = ORIENTED_EDGE ( 'NONE', *, *, #5917, .T. ) ;
#7211 = FACE_OUTER_BOUND ( 'NONE', #4365, .T. ) ;
#7212 = ORIENTED_EDGE ( 'NONE', *, *, #604, .T. ) ;
#7213 = CARTESIAN_POINT ( 'NONE',  ( -44.39805221204633767, -1.000000000000000222, 5.844934768171488493 ) ) ;
#7214 = ORIENTED_EDGE ( 'NONE', *, *, #519, .T. ) ;
#7215 = VECTOR ( 'NONE', #5160, 1000.000000000000000 ) ;
#7216 = CARTESIAN_POINT ( 'NONE',  ( 11.07195091717383839, -0.2999999999999934386, 19.40000000000000213 ) ) ;
#7217 = VECTOR ( 'NONE', #6652, 1000.000000000000000 ) ;
#7218 = VECTOR ( 'NONE', #6504, 1000.000000000000000 ) ;
#7219 = PLANE ( 'NONE',  #7185 ) ;
#7220 = ORIENTED_EDGE ( 'NONE', *, *, #49, .F. ) ;
#7221 = CARTESIAN_POINT ( 'NONE',  ( -17.01316975714300739, -1.000000000000000222, 13.11135946260412233 ) ) ;
#7222 = VERTEX_POINT ( 'NONE', #5877 ) ;
#7223 = LINE ( 'NONE', #4377, #7687 ) ;
#7224 = CARTESIAN_POINT ( 'NONE',  ( -4.968945617207101151, 8.961215932167760911, -0.2000000000000000389 ) ) ;
#7225 = ORIENTED_EDGE ( 'NONE', *, *, #867, .F. ) ;
#7226 = CARTESIAN_POINT ( 'NONE',  ( -1.000000000000000000, 7.016154273188029755, 20.10000000000000142 ) ) ;
#7227 = ORIENTED_EDGE ( 'NONE', *, *, #7085, .T. ) ;
#7228 = CARTESIAN_POINT ( 'NONE',  ( -40.66132259256465886, -0.5999999999999996447, 11.75108166421085265 ) ) ;
#7229 = EDGE_CURVE ( 'NONE', #3028, #4376, #4202, .T. ) ;
#7230 = DIRECTION ( 'NONE',  ( -1.000000000000000000, 0.000000000000000000, -0.000000000000000000 ) ) ;
#7231 = CARTESIAN_POINT ( 'NONE',  ( -44.07138866487922968, -0.9999999999999997780, 5.660167049123484340 ) ) ;
#7232 = CYLINDRICAL_SURFACE ( 'NONE', #5483, 1.000000000000002887 ) ;
#7233 = CARTESIAN_POINT ( 'NONE',  ( -28.92328373156918886, -0.6000000000000000888, 11.24779672474426206 ) ) ;
#7234 = DIRECTION ( 'NONE',  ( -0.8660254037844351549, 0.5000000000000061062, -0.000000000000000000 ) ) ;
#7235 = ORIENTED_EDGE ( 'NONE', *, *, #4644, .T. ) ;
#7236 = DIRECTION ( 'NONE',  ( -1.000000000000000000, 0.000000000000000000, 0.000000000000000000 ) ) ;
#7237 = VECTOR ( 'NONE', #5689, 1000.000000000000114 ) ;
#7238 = AXIS2_PLACEMENT_3D ( 'NONE', #6125, #2538, #5275 ) ;
#7239 = ADVANCED_FACE ( 'NONE', ( #2596 ), #1403, .T. ) ;
#7240 = CARTESIAN_POINT ( 'NONE',  ( -20.59162981766475298, -0.5999999999999996447, 7.931292166661541465 ) ) ;
#7241 = DIRECTION ( 'NONE',  ( 0.000000000000000000, -1.000000000000000000, 0.000000000000000000 ) ) ;
#7242 = AXIS2_PLACEMENT_3D ( 'NONE', #4854, #2830, #2200 ) ;
#7243 = CARTESIAN_POINT ( 'NONE',  ( -42.92517620067590656, -1.000000000000000222, 7.086278856927139991 ) ) ;
#7244 = DIRECTION ( 'NONE',  ( -0.000000000000000000, -0.000000000000000000, 1.000000000000000000 ) ) ;
#7245 = AXIS2_PLACEMENT_3D ( 'NONE', #74, #6064, #7580 ) ;
#7246 = LINE ( 'NONE', #5865, #7353 ) ;
#7247 = ORIENTED_EDGE ( 'NONE', *, *, #3428, .F. ) ;
#7248 = EDGE_CURVE ( 'NONE', #7, #4676, #4803, .T. ) ;
#7249 = CARTESIAN_POINT ( 'NONE',  ( -20.43053571530618839, -0.5999999999999998668, 11.61724464217577157 ) ) ;
#7250 = CARTESIAN_POINT ( 'NONE',  ( -41.21429442403899657, -0.9999999999999997780, 6.856929004042124909 ) ) ;
#7251 = CARTESIAN_POINT ( 'NONE',  ( -50.78249905516356222, -0.6000000000000003109, 13.34761494748980404 ) ) ;
#7252 = LINE ( 'NONE', #1675, #4709 ) ;
#7253 = CIRCLE ( 'NONE', #3828, 1.900000000000002354 ) ;
#7254 = ORIENTED_EDGE ( 'NONE', *, *, #1634, .T. ) ;
#7255 = CARTESIAN_POINT ( 'NONE',  ( -16.32720768385619436, -0.6000000000000003109, 9.806611711463459002 ) ) ;
#7256 = ORIENTED_EDGE ( 'NONE', *, *, #749, .F. ) ;
#7257 = ADVANCED_FACE ( 'NONE', ( #2778 ), #7627, .T. ) ;
#7258 = CARTESIAN_POINT ( 'NONE',  ( 14.69374768689838184, 11.58083117443855237, -0.9000000000000000222 ) ) ;
#7259 = EDGE_CURVE ( 'NONE', #5383, #3715, #1360, .T. ) ;
#7260 = ORIENTED_EDGE ( 'NONE', *, *, #1825, .F. ) ;
#7261 = DIRECTION ( 'NONE',  ( 0.000000000000000000, 0.000000000000000000, 1.000000000000000000 ) ) ;
#7262 = DIRECTION ( 'NONE',  ( 0.000000000000000000, 0.000000000000000000, 1.000000000000000000 ) ) ;
#7263 = CARTESIAN_POINT ( 'NONE',  ( -50.30242278419683544, -1.000000000000000222, 8.189542965374609906 ) ) ;
#7264 = ORIENTED_EDGE ( 'NONE', *, *, #2476, .F. ) ;
#7265 = CARTESIAN_POINT ( 'NONE',  ( -18.25682941676506488, -0.9999999999999997780, 13.45282866697923296 ) ) ;
#7266 = ORIENTED_EDGE ( 'NONE', *, *, #5151, .F. ) ;
#7267 = CARTESIAN_POINT ( 'NONE',  ( -70.69974226119960292, 13.88647367098246121, -0.9000000000000000222 ) ) ;
#7268 = CARTESIAN_POINT ( 'NONE',  ( -26.94466531051655522, -1.000000000000000000, 12.08990198790215764 ) ) ;
#7269 = VECTOR ( 'NONE', #8360, 1000.000000000000000 ) ;
#7270 = ADVANCED_FACE ( 'NONE', ( #3994 ), #6007, .T. ) ;
#7271 = ORIENTED_EDGE ( 'NONE', *, *, #4077, .F. ) ;
#7272 = FACE_OUTER_BOUND ( 'NONE', #1638, .T. ) ;
#7273 = ADVANCED_FACE ( 'NONE', ( #8108 ), #737, .T. ) ;
#7274 = ORIENTED_EDGE ( 'NONE', *, *, #5872, .T. ) ;
#7275 = CARTESIAN_POINT ( 'NONE',  ( -52.14433636314813469, -0.6000000000000000888, 8.089901987902157643 ) ) ;
#7276 = DIRECTION ( 'NONE',  ( 0.000000000000000000, 0.000000000000000000, -1.000000000000000000 ) ) ;
#7277 = CARTESIAN_POINT ( 'NONE',  ( -45.70788383248145692, 12.73647367098722505, 11.75000000000000355 ) ) ;
#7278 = DIRECTION ( 'NONE',  ( -0.4999999999999993894, -0.8660254037844389297, -0.000000000000000000 ) ) ;
#7279 = DIRECTION ( 'NONE',  ( -1.000000000000000000, 2.657184803002740111E-15, 0.000000000000000000 ) ) ;
#7280 = ORIENTED_EDGE ( 'NONE', *, *, #1230, .F. ) ;
#7281 = CARTESIAN_POINT ( 'NONE',  ( -43.43886991376404438, -1.000000000000000222, 11.18832221864732546 ) ) ;
#7282 = ORIENTED_EDGE ( 'NONE', *, *, #3842, .F. ) ;
#7283 = LINE ( 'NONE', #7328, #7010 ) ;
#7284 = CARTESIAN_POINT ( 'NONE',  ( -20.74423120497478479, -0.6000000000000003109, 7.734030817966677240 ) ) ;
#7285 = CARTESIAN_POINT ( 'NONE',  ( -17.75755555508920125, -0.9999999999999997780, 10.77110268277012217 ) ) ;
#7286 = PLANE ( 'NONE',  #1958 ) ;
#7287 = DIRECTION ( 'NONE',  ( -0.5000000000000370814, -0.8660254037844171693, 0.000000000000000000 ) ) ;
#7288 = CARTESIAN_POINT ( 'NONE',  ( -41.62657320525338633, -0.6000000000000000888, 11.87937567211268330 ) ) ;
#7290 = AXIS2_PLACEMENT_3D ( 'NONE', #8458, #3672, #414 ) ;
#7289 = VECTOR ( 'NONE', #2075, 1000.000000000000227 ) ;
#7291 = CARTESIAN_POINT ( 'NONE',  ( -26.27788204834400787, -0.5999999999999998668, 13.45282866697923296 ) ) ;
#7292 = ADVANCED_FACE ( 'NONE', ( #2065 ), #7524, .F. ) ;
#7293 = VERTEX_POINT ( 'NONE', #2025 ) ;
#7294 = FACE_OUTER_BOUND ( 'NONE', #5757, .T. ) ;
#7295 = CARTESIAN_POINT ( 'NONE',  ( -51.70195831909960305, 8.691600689896679555, -0.9000000000000000222 ) ) ;
#7297 = CIRCLE ( 'NONE', #4155, 0.9999999999999835687 ) ;
#7296 = VECTOR ( 'NONE', #1121, 1000.000000000000000 ) ;
#7298 = CARTESIAN_POINT ( 'NONE',  ( -1.699742261199585824, 13.88647367098246121, 20.10000000000000142 ) ) ;
#7299 = CARTESIAN_POINT ( 'NONE',  ( -0.4007041555173184166, 13.13647367099202867, -0.9000000000000000222 ) ) ;
#7300 = EDGE_CURVE ( 'NONE', #3504, #4956, #460, .T. ) ;
#7301 = VERTEX_POINT ( 'NONE', #2107 ) ;
#7302 = CYLINDRICAL_SURFACE ( 'NONE', #3143, 1.000000000000000444 ) ;
#7303 = EDGE_LOOP ( 'NONE', ( #3725, #7867, #2603, #1184 ) ) ;
#7304 = CARTESIAN_POINT ( 'NONE',  ( -18.03381004735866000, -0.6000000000000000888, 8.232994093165316940 ) ) ;
#7305 = ORIENTED_EDGE ( 'NONE', *, *, #7136, .T. ) ;
#7306 = CARTESIAN_POINT ( 'NONE',  ( -50.23630896984103344, -0.6000000000000000888, 9.957686940767136008 ) ) ;
#7307 = DIRECTION ( 'NONE',  ( 0.6123724356957934711, -0.3535533905932787824, -0.7071067811865460184 ) ) ;
#7308 = CARTESIAN_POINT ( 'NONE',  ( -17.70958568959404289, -0.6000000000000003109, 13.37210029883641305 ) ) ;
#7309 = ADVANCED_FACE ( 'NONE', ( #6898 ), #8363, .T. ) ;
#7310 = ORIENTED_EDGE ( 'NONE', *, *, #6664, .F. ) ;
#7311 = ORIENTED_EDGE ( 'NONE', *, *, #620, .T. ) ;
#7312 = CARTESIAN_POINT ( 'NONE',  ( -69.20788383248147113, 11.87044826720278934, 11.75000000000000355 ) ) ;
#7313 = CARTESIAN_POINT ( 'NONE',  ( -39.87569882523044384, -0.5999999999999998668, 13.17752586909018575 ) ) ;
#7314 = VERTEX_POINT ( 'NONE', #4934 ) ;
#7315 = B_SPLINE_CURVE_WITH_KNOTS ( 'NONE', 3,
 ( #2952, #2999, #6490, #7158, #1041, #8546, #1670, #4930, #5738, #8456, #2322, #277, #7112, #5065, #3089, #366, #8361, #7788, #7655 ),
 .UNSPECIFIED., .F., .F.,
 ( 4, 1, 1, 1, 1, 1, 1, 1, 1, 1, 1, 1, 1, 1, 1, 1, 4 ),
 ( 0.000000000000000000, 0.07011018934377258316, 0.1360544989338614286, 0.1983480566089767527, 0.2576012821021735344, 0.3142107889745636151, 0.3698590787118303247, 0.4236358988019955918, 0.4774935660739978993, 0.5328072520127974387, 0.5894986829611488233, 0.6491325227268548437, 0.7112815638153063835, 0.7763089820840697319, 0.8465555686826917725, 0.9207541570716761825, 1.000000000000000000 ),
 .UNSPECIFIED. ) ;
#7316 = LINE ( 'NONE', #2395, #6532 ) ;
#7317 = ORIENTED_EDGE ( 'NONE', *, *, #7431, .T. ) ;
#7318 = CARTESIAN_POINT ( 'NONE',  ( -41.37657462627282001, -0.6000000000000003109, 11.87474852973988426 ) ) ;
#7319 = CARTESIAN_POINT ( 'NONE',  ( 16.85881119635939385, 10.33083117443840315, 19.40000000000000213 ) ) ;
#7320 = CARTESIAN_POINT ( 'NONE',  ( -12.57361267893760370, -1.000000000000000000, 10.82674409316531516 ) ) ;
#7321 = EDGE_CURVE ( 'NONE', #6362, #4597, #783, .T. ) ;
#7322 = EDGE_CURVE ( 'NONE', #1440, #513, #6662, .T. ) ;
#7323 = CARTESIAN_POINT ( 'NONE',  ( -23.00000000000000000, 1.699999999999969980, 0.000000000000000000 ) ) ;
#7324 = LINE ( 'NONE', #3240, #4882 ) ;
#7325 = EDGE_LOOP ( 'NONE', ( #1678, #6419, #1760, #2511 ) ) ;
#7326 = DIRECTION ( 'NONE',  ( 0.000000000000000000, 0.000000000000000000, -1.000000000000000000 ) ) ;
#7327 = ORIENTED_EDGE ( 'NONE', *, *, #2441, .T. ) ;
#7328 = CARTESIAN_POINT ( 'NONE',  ( -30.90625231310169951, 12.27365149746590056, -0.9000000000000000222 ) ) ;
#7329 = VECTOR ( 'NONE', #5342, 1000.000000000000114 ) ;
#7330 = CARTESIAN_POINT ( 'NONE',  ( -20.08537884979999788, -0.6000000000000000888, 8.460146205115751883 ) ) ;
#7331 = LINE ( 'NONE', #7955, #8015 ) ;
#7332 = PLANE ( 'NONE',  #4247 ) ;
#7333 = CYLINDRICAL_SURFACE ( 'NONE', #8525, 1.899999999999999689 ) ;
#7334 = VECTOR ( 'NONE', #6727, 1000.000000000000000 ) ;
#7335 = CARTESIAN_POINT ( 'NONE',  ( -44.08524283061587568, -0.6000000000000000888, 9.866566445964696896 ) ) ;
#7336 = CARTESIAN_POINT ( 'NONE',  ( -46.00921863632870412, -0.6000000000000000888, 8.754145376654680177 ) ) ;
#7337 = ORIENTED_EDGE ( 'NONE', *, *, #8669, .T. ) ;
#7338 = VECTOR ( 'NONE', #3389, 1000.000000000000000 ) ;
#7339 = DIRECTION ( 'NONE',  ( 0.8660254037844425934, 0.4999999999999933942, 0.000000000000000000 ) ) ;
#7340 = CIRCLE ( 'NONE', #7997, 1.999999999999977573 ) ;
#7341 = CARTESIAN_POINT ( 'NONE',  ( -39.87489220272798462, -0.9999999999999997780, 11.39518321019311564 ) ) ;
#7342 = EDGE_CURVE ( 'NONE', #1393, #8531, #3540, .T. ) ;
#7343 = CARTESIAN_POINT ( 'NONE',  ( -26.94466531051655522, -1.000000000000000000, 12.08990198790215764 ) ) ;
#7344 = DIRECTION ( 'NONE',  ( 0.6123724356957895854, -0.3535533905932767285, 0.7071067811865502373 ) ) ;
#7345 = EDGE_LOOP ( 'NONE', ( #2971, #5255, #2620, #7678 ) ) ;
#7346 = CARTESIAN_POINT ( 'NONE',  ( -46.00866321883493981, -0.5999999999999998668, 9.643026295202805187 ) ) ;
#7347 = VERTEX_POINT ( 'NONE', #4175 ) ;
#7348 = CARTESIAN_POINT ( 'NONE',  ( -12.49554056684074865, -0.5999999999999998668, 10.83758725961048519 ) ) ;
#7349 = ORIENTED_EDGE ( 'NONE', *, *, #8461, .F. ) ;
#7350 = CARTESIAN_POINT ( 'NONE',  ( -50.05806442613877749, -0.5999999999999998668, 10.43924417806116622 ) ) ;
#7351 = EDGE_CURVE ( 'NONE', #6414, #5670, #1451, .T. ) ;
#7352 = CARTESIAN_POINT ( 'NONE',  ( -39.80749425788496154, -0.6000000000000000888, 13.15240198790215764 ) ) ;
#7353 = VECTOR ( 'NONE', #8004, 1000.000000000000227 ) ;
#7354 = DIRECTION ( 'NONE',  ( 0.4999999999999995004, 0.8660254037844390407, 0.000000000000000000 ) ) ;
#7355 = ORIENTED_EDGE ( 'NONE', *, *, #419, .F. ) ;
#7356 = VERTEX_POINT ( 'NONE', #4223 ) ;
#7357 = DIRECTION ( 'NONE',  ( 0.8660254037844290487, -0.5000000000000164313, 0.000000000000000000 ) ) ;
#7358 = CARTESIAN_POINT ( 'NONE',  ( -28.10643148137894798, -1.000000000000000000, 8.460146205115751883 ) ) ;
#7359 = AXIS2_PLACEMENT_3D ( 'NONE', #2340, #8641, #5083 ) ;
#7360 = B_SPLINE_SURFACE_WITH_KNOTS ( 'NONE', 3, 1, ( 
 ( #2749, #4826 ),
 ( #8797, #5403 ),
 ( #2003, #1427 ),
 ( #4058, #6875 ),
 ( #758, #3470 ),
 ( #6207, #2842 ),
 ( #5715, #8480 ),
 ( #4332, #302 ),
 ( #7051, #2976 ),
 ( #805, #1519 ),
 ( #7007, #5583 ),
 ( #6920, #7765 ),
 ( #3517, #6253 ),
 ( #6965, #891 ),
 ( #7633, #4243 ),
 ( #5626, #8302 ),
 ( #7591, #3025 ) ),
 .UNSPECIFIED., .F., .F., .F.,
 ( 4, 1, 1, 1, 1, 1, 1, 1, 1, 1, 1, 1, 1, 1, 4 ),
 ( 2, 2 ),
 ( 0.000000000000000000, 0.07412229567643563444, 0.1447511433472375986, 0.2128995532171854832, 0.2795387512765260540, 0.3446792376755450915, 0.4085710932211196744, 0.4715545728681682647, 0.5337593806582542344, 0.5956040207298691769, 0.6567025720409435108, 0.7169517840709500600, 0.7768403709702321747, 0.8924459826010791019, 1.000000000000000000 ),
 ( 0.000000000000000000, 1.000000000000000000 ),
 .UNSPECIFIED. ) ;
#7361 = ORIENTED_EDGE ( 'NONE', *, *, #2037, .T. ) ;
#7362 = CARTESIAN_POINT ( 'NONE',  ( -69.71885728790071823, 13.32015946761395320, 7.282628406741832983 ) ) ;
#7363 = CIRCLE ( 'NONE', #4229, 2.000000000000000000 ) ;
#7364 = ORIENTED_EDGE ( 'NONE', *, *, #6373, .T. ) ;
#7365 = PLANE ( 'NONE',  #7113 ) ;
#7366 = EDGE_CURVE ( 'NONE', #4988, #2610, #3584, .T. ) ;
#7367 = CARTESIAN_POINT ( 'NONE',  ( -21.27507955755600833, -0.5999999999999998668, 6.546269095387323489 ) ) ;
#7368 = CARTESIAN_POINT ( 'NONE',  ( -39.80749425788496154, -1.000000000000000000, 5.678717777375840825 ) ) ;
#7369 = CARTESIAN_POINT ( 'NONE',  ( -2.283716857408399914, 10.87500000000000000, 0.000000000000000000 ) ) ;
#7370 = CARTESIAN_POINT ( 'NONE',  ( -51.28274143121372219, -0.9999999999999995559, 11.98203698031615083 ) ) ;
#7371 = EDGE_LOOP ( 'NONE', ( #7183, #6149, #8555, #3069 ) ) ;
#7372 = DIRECTION ( 'NONE',  ( -1.000000000000000000, -2.891205793294679017E-15, 0.000000000000000000 ) ) ;
#7373 = ORIENTED_EDGE ( 'NONE', *, *, #159, .T. ) ;
#7374 = CARTESIAN_POINT ( 'NONE',  ( -15.95486267893760690, -1.000000000000000000, 6.826744093165315164 ) ) ;
#7375 = EDGE_CURVE ( 'NONE', #5670, #3262, #7566, .T. ) ;
#7376 = CARTESIAN_POINT ( 'NONE',  ( -34.92804908282615628, -0.2999999999999934386, -0.1999999999999987899 ) ) ;
#7377 = DIRECTION ( 'NONE',  ( -0.5000000000000112133, -0.8660254037844322683, 0.000000000000000000 ) ) ;
#7378 = FACE_OUTER_BOUND ( 'NONE', #8809, .T. ) ;
#7379 = DIRECTION ( 'NONE',  ( -0.000000000000000000, -0.000000000000000000, -1.000000000000000000 ) ) ;
#7380 = CARTESIAN_POINT ( 'NONE',  ( -43.76145867775951359, -0.6000000000000000888, 7.864472865219164888 ) ) ;
#7381 = DIRECTION ( 'NONE',  ( 0.000000000000000000, 0.000000000000000000, 1.000000000000000000 ) ) ;
#7382 = VECTOR ( 'NONE', #145, 1000.000000000000114 ) ;
#7383 = CIRCLE ( 'NONE', #4821, 1.000000000000000888 ) ;
#7384 = VERTEX_POINT ( 'NONE', #107 ) ;
#7385 = ORIENTED_EDGE ( 'NONE', *, *, #1312, .T. ) ;
#7386 = CARTESIAN_POINT ( 'NONE',  ( -2.283716857408399914, 10.87500000000000000, 20.10000000000000142 ) ) ;
#7387 = EDGE_CURVE ( 'NONE', #3954, #1195, #828, .T. ) ;
#7388 = DIRECTION ( 'NONE',  ( -0.000000000000000000, -0.000000000000000000, -1.000000000000000000 ) ) ;
#7389 = CARTESIAN_POINT ( 'NONE',  ( -26.80303456817695817, -1.000000000000000222, 12.08639197032431767 ) ) ;
#7390 = FACE_OUTER_BOUND ( 'NONE', #725, .T. ) ;
#7391 = CIRCLE ( 'NONE', #4682, 1.900000000000002354 ) ;
#7392 = ORIENTED_EDGE ( 'NONE', *, *, #4301, .T. ) ;
#7393 = CARTESIAN_POINT ( 'NONE',  ( -17.63643228431167742, -0.5999999999999998668, 8.506930969293595268 ) ) ;
#7394 = ORIENTED_EDGE ( 'NONE', *, *, #2922, .T. ) ;
#7395 = CARTESIAN_POINT ( 'NONE',  ( -46.01802057367443410, -1.000000000000000000, 9.183651987902157643 ) ) ;
#7396 = EDGE_LOOP ( 'NONE', ( #4166, #2430, #5972, #263 ) ) ;
#7397 = CARTESIAN_POINT ( 'NONE',  ( -50.70778676851144695, -1.000000000000000000, 9.580683613408742971 ) ) ;
#7398 = CARTESIAN_POINT ( 'NONE',  ( -55.19933037493642303, 0.4339745962156045800, 19.40000000000000213 ) ) ;
#7399 = CARTESIAN_POINT ( 'NONE',  ( -44.29999999999999716, 7.997649730810350910, 20.10000000000000142 ) ) ;
#7400 = VERTEX_POINT ( 'NONE', #4894 ) ;
#7401 = DIRECTION ( 'NONE',  ( -1.000000000000000000, 0.000000000000000000, -0.000000000000000000 ) ) ;
#7402 = CARTESIAN_POINT ( 'NONE',  ( -29.34200952483045199, -0.9999999999999997780, 6.071964961956900275 ) ) ;
#7403 = AXIS2_PLACEMENT_3D ( 'NONE', #5852, #3074, #3195 ) ;
#7404 = VERTEX_POINT ( 'NONE', #7612 ) ;
#7405 = LINE ( 'NONE', #6686, #3385 ) ;
#7406 = ORIENTED_EDGE ( 'NONE', *, *, #8526, .F. ) ;
#7407 = LINE ( 'NONE', #4006, #5552 ) ;
#7408 = LINE ( 'NONE', #482, #641 ) ;
#7409 = CARTESIAN_POINT ( 'NONE',  ( -19.18348109999023876, -1.000000000000000000, 9.144178303691631982 ) ) ;
#7410 = CARTESIAN_POINT ( 'NONE',  ( -26.56966531051655522, -1.000000000000000000, 13.45832304053373818 ) ) ;
#7411 = VECTOR ( 'NONE', #7529, 1000.000000000000227 ) ;
#7412 = CARTESIAN_POINT ( 'NONE',  ( -50.39046881405645451, -0.9999999999999997780, 11.67434962313249613 ) ) ;
#7413 = ORIENTED_EDGE ( 'NONE', *, *, #2882, .F. ) ;
#7414 = EDGE_CURVE ( 'NONE', #7671, #5653, #6316, .T. ) ;
#7415 = CARTESIAN_POINT ( 'NONE',  ( -51.45025741577971701, -0.6000000000000000888, 11.98463883000742136 ) ) ;
#7416 = ORIENTED_EDGE ( 'NONE', *, *, #7705, .T. ) ;
#7417 = CARTESIAN_POINT ( 'NONE',  ( -41.97084405509040295, -0.6000000000000000888, 5.249020895727466218 ) ) ;
#7418 = DIRECTION ( 'NONE',  ( 0.000000000000000000, 0.000000000000000000, -1.000000000000000000 ) ) ;
#7419 = CARTESIAN_POINT ( 'NONE',  ( -72.13371685740840178, 9.402756813566503169, 20.10000000000000142 ) ) ;
#7420 = FACE_OUTER_BOUND ( 'NONE', #4953, .T. ) ;
#7421 = LINE ( 'NONE', #582, #7338 ) ;
#7422 = CARTESIAN_POINT ( 'NONE',  ( -53.42915978271929589, 1.700000000000059908, -0.9000000000000000222 ) ) ;
#7423 = EDGE_CURVE ( 'NONE', #8067, #4853, #4310, .T. ) ;
#7424 = EDGE_CURVE ( 'NONE', #2764, #6733, #234, .T. ) ;
#7425 = CARTESIAN_POINT ( 'NONE',  ( -44.08515415459702069, -0.6000000000000003109, 8.773793037346317547 ) ) ;
#7426 = ORIENTED_EDGE ( 'NONE', *, *, #694, .F. ) ;
#7427 = EDGE_LOOP ( 'NONE', ( #8704, #4608, #2932, #7072 ) ) ;
#7428 = DIRECTION ( 'NONE',  ( -1.000000000000000000, 0.000000000000000000, -0.000000000000000000 ) ) ;
#7429 = CARTESIAN_POINT ( 'NONE',  ( -0.2078838324814590577, 11.87044826720278934, 7.450000000000003730 ) ) ;
#7430 = CARTESIAN_POINT ( 'NONE',  ( -29.34433636314813398, -0.6000000000000000888, 5.353059882638999234 ) ) ;
#7431 = EDGE_CURVE ( 'NONE', #2017, #4185, #2671, .T. ) ;
#7432 = ADVANCED_FACE ( 'NONE', ( #3885 ), #4565, .T. ) ;
#7433 = CARTESIAN_POINT ( 'NONE',  ( -50.70768768190120568, -1.000000000000000000, 11.86556699362417788 ) ) ;
#7434 = ORIENTED_EDGE ( 'NONE', *, *, #4422, .T. ) ;
#7435 = CARTESIAN_POINT ( 'NONE',  ( -26.22055858058030609, -0.6000000000000003109, 11.94093354282247610 ) ) ;
#7437 = AXIS2_PLACEMENT_3D ( 'NONE', #1175, #1888, #6620 ) ;
#7436 = VECTOR ( 'NONE', #733, 1000.000000000000114 ) ;
#7438 = VERTEX_POINT ( 'NONE', #4703 ) ;
#7439 = CARTESIAN_POINT ( 'NONE',  ( -15.95486267893760690, -0.6000000000000000888, 11.19516514579689570 ) ) ;
#7440 = ORIENTED_EDGE ( 'NONE', *, *, #6881, .F. ) ;
#7441 = CARTESIAN_POINT ( 'NONE',  ( -50.17380673311689065, -0.6000000000000005329, 10.06211892732051894 ) ) ;
#7442 = CARTESIAN_POINT ( 'NONE',  ( -18.55539440736729517, -0.6000000000000003109, 7.865486776446726225 ) ) ;
#7443 = DIRECTION ( 'NONE',  ( -2.657184803002740111E-15, -1.000000000000000000, 0.000000000000000000 ) ) ;
#7444 = ORIENTED_EDGE ( 'NONE', *, *, #6555, .F. ) ;
#7445 = CARTESIAN_POINT ( 'NONE',  ( -23.97591531051655878, -0.6000000000000000888, 6.826744093165315164 ) ) ;
#7446 = CARTESIAN_POINT ( 'NONE',  ( -27.56330191276554231, -1.000000000000000000, 8.888138994193104381 ) ) ;
#7447 = ORIENTED_EDGE ( 'NONE', *, *, #5685, .F. ) ;
#7448 = DIRECTION ( 'NONE',  ( 0.000000000000000000, 0.000000000000000000, -1.000000000000000000 ) ) ;
#7449 = ORIENTED_EDGE ( 'NONE', *, *, #7375, .F. ) ;
#7450 = CARTESIAN_POINT ( 'NONE',  ( -48.19419208603800797, -0.6000000000000000888, 10.22060968601950925 ) ) ;
#7451 = EDGE_CURVE ( 'NONE', #8068, #1640, #8045, .T. ) ;
#7452 = CARTESIAN_POINT ( 'NONE',  ( -5.701958319099609263, 8.691600689896679555, -0.9000000000000000222 ) ) ;
#7453 = CARTESIAN_POINT ( 'NONE',  ( -10.17723109999023556, -0.6000000000000000888, 13.45832304053373818 ) ) ;
#7454 = DIRECTION ( 'NONE',  ( 2.657184803002740111E-15, 1.000000000000000000, 0.000000000000000000 ) ) ;
#7455 = PLANE ( 'NONE',  #1220 ) ;
#7456 = ORIENTED_EDGE ( 'NONE', *, *, #1017, .F. ) ;
#7457 = LINE ( 'NONE', #2085, #3502 ) ;
#7458 = VERTEX_POINT ( 'NONE', #3388 ) ;
#7459 = PLANE ( 'NONE',  #3434 ) ;
#7460 = CARTESIAN_POINT ( 'NONE',  ( -26.89109785989447943, -0.6000000000000003109, 13.45325607948604052 ) ) ;
#7461 = EDGE_CURVE ( 'NONE', #6630, #7969, #1247, .T. ) ;
#7462 = CARTESIAN_POINT ( 'NONE',  ( -26.13371685740840178, 9.402756813566506722, 20.10000000000000142 ) ) ;
#7463 = PLANE ( 'NONE',  #676 ) ;
#7464 = LINE ( 'NONE', #5990, #6341 ) ;
#7465 = DIRECTION ( 'NONE',  ( -0.8660254037844389297, 0.4999999999999994449, -0.000000000000000000 ) ) ;
#7466 = DIRECTION ( 'NONE',  ( -1.000000000000000000, 0.000000000000000000, 0.000000000000000000 ) ) ;
#7467 = VERTEX_POINT ( 'NONE', #1300 ) ;
#7468 = ORIENTED_EDGE ( 'NONE', *, *, #7646, .F. ) ;
#7469 = DIRECTION ( 'NONE',  ( -1.000000000000000000, 0.000000000000000000, 0.000000000000000000 ) ) ;
#7470 = CARTESIAN_POINT ( 'NONE',  ( -26.54116777531292470, -1.000000000000000222, 12.05442515963128969 ) ) ;
#7471 = ADVANCED_FACE ( 'NONE', ( #6614 ), #1882, .F. ) ;
#7472 = VECTOR ( 'NONE', #1408, 1000.000000000000000 ) ;
#7473 = ADVANCED_FACE ( 'NONE', ( #7420 ), #7333, .F. ) ;
#7474 = CARTESIAN_POINT ( 'NONE',  ( -51.45025741577971701, -1.000000000000000000, 9.458323040533736403 ) ) ;
#7475 = CARTESIAN_POINT ( 'NONE',  ( -50.17476567760736117, -1.000000000000000000, 11.39464388014898866 ) ) ;
#7476 = VECTOR ( 'NONE', #3078, 1000.000000000000000 ) ;
#7477 = DIRECTION ( 'NONE',  ( 1.187404304411920111E-15, 1.000000000000000000, 0.000000000000000000 ) ) ;
#7478 = EDGE_LOOP ( 'NONE', ( #6120, #1874 ) ) ;
#7479 = DIRECTION ( 'NONE',  ( 0.000000000000000000, 0.000000000000000000, -1.000000000000000000 ) ) ;
#7480 = CYLINDRICAL_SURFACE ( 'NONE', #4731, 2.000000000000001776 ) ;
#7481 = ORIENTED_EDGE ( 'NONE', *, *, #6010, .F. ) ;
#7482 = CARTESIAN_POINT ( 'NONE',  ( -48.80035978499709159, -1.000000000000000222, 9.025731659529938611 ) ) ;
#7483 = ADVANCED_FACE ( 'NONE', ( #4744 ), #7463, .T. ) ;
#7484 = EDGE_CURVE ( 'NONE', #5572, #7222, #6788, .T. ) ;
#7485 = CARTESIAN_POINT ( 'NONE',  ( -19.18602629532821169, -0.6000000000000000888, 13.42068050419670477 ) ) ;
#7486 = CARTESIAN_POINT ( 'NONE',  ( -16.12656316330597406, -0.9999999999999997780, 12.13312336911525335 ) ) ;
#7487 = B_SPLINE_CURVE_WITH_KNOTS ( 'NONE', 3,
 ( #7629, #799, #6249, #35, #5536, #4822, #7541, #6201, #80, #3513, #1512, #4239, #6961, #8338, #2209, #7676, #4951, #1557, #7002 ),
 .UNSPECIFIED., .F., .F.,
 ( 4, 1, 1, 1, 1, 1, 1, 1, 1, 1, 1, 1, 1, 1, 1, 1, 4 ),
 ( 0.000000000000000000, 0.07613619422941891868, 0.1488248202887804961, 0.2181368005180020775, 0.2843944313180614691, 0.3480732160077175119, 0.4093288163255653922, 0.4682102510086970648, 0.5257174298963283032, 0.5825163633480937575, 0.6390314107546767319, 0.6954483444328789510, 0.7533025338527684633, 0.8121384240391916753, 0.8725331507925628838, 0.9348301940760049833, 1.000000000000000000 ),
 .UNSPECIFIED. ) ;
#7488 = ORIENTED_EDGE ( 'NONE', *, *, #3407, .T. ) ;
#7489 = CARTESIAN_POINT ( 'NONE',  ( -25.63371685740840178, 10.26878221735089980, 0.000000000000000000 ) ) ;
#7490 = CARTESIAN_POINT ( 'NONE',  ( -27.32121158753087897, -1.000000000000000000, 9.060909721805188610 ) ) ;
#7491 = EDGE_LOOP ( 'NONE', ( #736, #174, #4911, #602 ) ) ;
#7492 = CARTESIAN_POINT ( 'NONE',  ( -39.87569882523044384, -0.5999999999999998668, 13.17752586909018575 ) ) ;
#7493 = VERTEX_POINT ( 'NONE', #5455 ) ;
#7494 = CARTESIAN_POINT ( 'NONE',  ( -50.61665455375469236, -0.5999999999999998668, 8.131076500000441243 ) ) ;
#7495 = AXIS2_PLACEMENT_3D ( 'NONE', #5181, #896, #3656 ) ;
#7496 = DIRECTION ( 'NONE',  ( 1.000000000000000000, 0.000000000000000000, 0.000000000000000000 ) ) ;
#7497 = CARTESIAN_POINT ( 'NONE',  ( 18.29804168090061722, 10.42365149746543729, 20.10000000000000142 ) ) ;
#7498 = CARTESIAN_POINT ( 'NONE',  ( -25.48125891907885077, -0.9999999999999997780, 13.30335631723544410 ) ) ;
#7499 = CARTESIAN_POINT ( 'NONE',  ( -47.00000000000000000, 7.016154273188029755, 0.000000000000000000 ) ) ;
#7500 = ORIENTED_EDGE ( 'NONE', *, *, #1351, .F. ) ;
#7501 = AXIS2_PLACEMENT_3D ( 'NONE', #8188, #14, #4033 ) ;
#7502 = CARTESIAN_POINT ( 'NONE',  ( -21.80000000000000071, 8.863675134594789284, 20.10000000000000142 ) ) ;
#7503 = ADVANCED_FACE ( 'NONE', ( #7378 ), #626, .T. ) ;
#7504 = ORIENTED_EDGE ( 'NONE', *, *, #2593, .F. ) ;
#7505 = LINE ( 'NONE', #4828, #1162 ) ;
#7506 = DIRECTION ( 'NONE',  ( -0.000000000000000000, -1.000000000000000000, -0.000000000000000000 ) ) ;
#7507 = CARTESIAN_POINT ( 'NONE',  ( -24.34826031543514091, -1.000000000000000222, 9.806611711463459002 ) ) ;
#7508 = CARTESIAN_POINT ( 'NONE',  ( -32.19933037493642303, 0.4339745962156045800, 19.40000000000000213 ) ) ;
#7509 = DIRECTION ( 'NONE',  ( 0.000000000000000000, 0.000000000000000000, -1.000000000000000000 ) ) ;
#7510 = DIRECTION ( 'NONE',  ( -1.000000000000000000, 0.000000000000000000, 0.000000000000000000 ) ) ;
#7511 = CARTESIAN_POINT ( 'NONE',  ( -41.81638377648481963, -0.6000000000000000888, 6.828223267909236505 ) ) ;
#7512 = ORIENTED_EDGE ( 'NONE', *, *, #3591, .F. ) ;
#7513 = EDGE_CURVE ( 'NONE', #2379, #2307, #5676, .T. ) ;
#7514 = ORIENTED_EDGE ( 'NONE', *, *, #3927, .T. ) ;
#7515 = FACE_OUTER_BOUND ( 'NONE', #947, .T. ) ;
#7516 = CARTESIAN_POINT ( 'NONE',  ( -9.091704784200763001, -0.6000000000000000888, 13.45832304053373818 ) ) ;
#7517 = CARTESIAN_POINT ( 'NONE',  ( -70.00000000000000000, 7.016154273188029755, 20.10000000000000142 ) ) ;
#7518 = VERTEX_POINT ( 'NONE', #5947 ) ;
#7519 = DIRECTION ( 'NONE',  ( 0.000000000000000000, 0.000000000000000000, 1.000000000000000000 ) ) ;
#7520 = EDGE_CURVE ( 'NONE', #8151, #6955, #5411, .T. ) ;
#7521 = VECTOR ( 'NONE', #7533, 1000.000000000000000 ) ;
#7522 = LINE ( 'NONE', #510, #874 ) ;
#7523 = EDGE_LOOP ( 'NONE', ( #6665, #8192, #3082, #4707 ) ) ;
#7524 = CYLINDRICAL_SURFACE ( 'NONE', #1676, 0.5999999999999998668 ) ;
#7525 = ORIENTED_EDGE ( 'NONE', *, *, #1850, .F. ) ;
#7526 = VECTOR ( 'NONE', #1037, 1000.000000000000000 ) ;
#7527 = VECTOR ( 'NONE', #7886, 1000.000000000000000 ) ;
#7528 = CARTESIAN_POINT ( 'NONE',  ( -41.77459952104285890, -0.9999999999999997780, 13.45832304053373640 ) ) ;
#7529 = DIRECTION ( 'NONE',  ( 0.8660254037881350841, -0.4999999999935975104, 0.000000000000000000 ) ) ;
#7530 = LINE ( 'NONE', #4134, #4051 ) ;
#7531 = ORIENTED_EDGE ( 'NONE', *, *, #3734, .F. ) ;
#7532 = EDGE_CURVE ( 'NONE', #5086, #5702, #3932, .T. ) ;
#7533 = DIRECTION ( 'NONE',  ( -0.000000000000000000, -0.000000000000000000, -1.000000000000000000 ) ) ;
#7534 = EDGE_CURVE ( 'NONE', #1485, #7030, #6034, .T. ) ;
#7535 = CARTESIAN_POINT ( 'NONE',  ( -69.13397459621556607, 7.516154273188022650, -0.9000000000000000222 ) ) ;
#7536 = ORIENTED_EDGE ( 'NONE', *, *, #1323, .F. ) ;
#7537 = CARTESIAN_POINT ( 'NONE',  ( -2.283716857408399914, 10.87500000000000000, 20.10000000000000142 ) ) ;
#7538 = EDGE_LOOP ( 'NONE', ( #7711, #3829, #4895, #6058 ) ) ;
#7539 = CARTESIAN_POINT ( 'NONE',  ( -69.13397459621556607, 7.516154273188023538, 0.000000000000000000 ) ) ;
#7540 = LINE ( 'NONE', #4191, #1163 ) ;
#7541 = CARTESIAN_POINT ( 'NONE',  ( -17.22755121016717794, -0.5999999999999998668, 13.21655031022526217 ) ) ;
#7542 = CARTESIAN_POINT ( 'NONE',  ( -25.73063832117299299, -1.000000000000000222, 13.37210029883641305 ) ) ;
#7543 = CARTESIAN_POINT ( 'NONE',  ( -50.48389711804703950, -0.6000000000000005329, 11.74922394191066033 ) ) ;
#7544 = ORIENTED_EDGE ( 'NONE', *, *, #2320, .F. ) ;
#7545 = EDGE_CURVE ( 'NONE', #7347, #6474, #8710, .T. ) ;
#7546 = DIRECTION ( 'NONE',  ( 0.000000000000000000, -1.000000000000000000, 0.000000000000000000 ) ) ;
#7547 = VERTEX_POINT ( 'NONE', #4661 ) ;
#7548 = CARTESIAN_POINT ( 'NONE',  ( -41.74747543032606956, -1.000000000000000000, 5.251406722875739064 ) ) ;
#7549 = CARTESIAN_POINT ( 'NONE',  ( -19.18099276673383358, -1.000000000000000222, 12.08226882825182358 ) ) ;
#7550 = DIRECTION ( 'NONE',  ( 1.000000000000000000, -2.685272703399976948E-15, 0.000000000000000000 ) ) ;
#7551 = CARTESIAN_POINT ( 'NONE',  ( -23.97591531051655878, -1.000000000000000000, 11.19516514579689570 ) ) ;
#7552 = CARTESIAN_POINT ( 'NONE',  ( -50.05806442613877749, -0.5999999999999998668, 10.43924417806116622 ) ) ;
#7553 = CARTESIAN_POINT ( 'NONE',  ( -27.14933037493643653, 9.180831174438425890, 19.40000000000000213 ) ) ;
#7554 = CARTESIAN_POINT ( 'NONE',  ( -44.11867523863845975, -0.9999999999999995559, 9.036362874762010833 ) ) ;
#7555 = PLANE ( 'NONE',  #6358 ) ;
#7556 = ORIENTED_EDGE ( 'NONE', *, *, #7176, .F. ) ;
#7557 = VECTOR ( 'NONE', #6281, 1000.000000000000000 ) ;
#7558 = ORIENTED_EDGE ( 'NONE', *, *, #5196, .F. ) ;
#7559 = CARTESIAN_POINT ( 'NONE',  ( -26.05486267893761010, -1.000000000000000000, 8.232994093165316940 ) ) ;
#7560 = CARTESIAN_POINT ( 'NONE',  ( -26.56966531051655522, -0.6000000000000000888, 13.45832304053373818 ) ) ;
#7561 = LINE ( 'NONE', #2904, #6807 ) ;
#7562 = EDGE_CURVE ( 'NONE', #7164, #6535, #3976, .T. ) ;
#7563 = LINE ( 'NONE', #5557, #3640 ) ;
#7564 = LINE ( 'NONE', #2862, #3718 ) ;
#7565 = ORIENTED_EDGE ( 'NONE', *, *, #2802, .F. ) ;
#7566 = LINE ( 'NONE', #6276, #8664 ) ;
#7567 = LINE ( 'NONE', #1497, #1727 ) ;
#7568 = VERTEX_POINT ( 'NONE', #8802 ) ;
#7569 = CARTESIAN_POINT ( 'NONE',  ( -44.84368077843728884, -0.9999999999999995559, 12.27726238021945804 ) ) ;
#7570 = AXIS2_PLACEMENT_3D ( 'NONE', #4474, #8357, #3085 ) ;
#7571 = CARTESIAN_POINT ( 'NONE',  ( -10.43438111984557359, -1.000000000000000000, 13.27876496025743336 ) ) ;
#7572 = ADVANCED_FACE ( 'NONE', ( #8136 ), #7685, .T. ) ;
#7573 = CARTESIAN_POINT ( 'NONE',  ( -16.34269936008279700, -0.9999999999999997780, 12.52353250357850634 ) ) ;
#7575 = CIRCLE ( 'NONE', #2428, 0.9999999999999940048 ) ;
#7574 = VECTOR ( 'NONE', #6182, 1000.000000000000000 ) ;
#7576 = ORIENTED_EDGE ( 'NONE', *, *, #2618, .T. ) ;
#7577 = DIRECTION ( 'NONE',  ( 0.8660254037844389297, -0.4999999999999994449, 0.000000000000000000 ) ) ;
#7578 = CARTESIAN_POINT ( 'NONE',  ( -43.08671972706192577, -1.000000000000000000, 13.30041332112531727 ) ) ;
#7579 = ORIENTED_EDGE ( 'NONE', *, *, #7924, .F. ) ;
#7580 = DIRECTION ( 'NONE',  ( 1.000000000000000000, 0.000000000000000000, 0.000000000000000000 ) ) ;
#7581 = EDGE_LOOP ( 'NONE', ( #1574, #4034, #4642, #8040 ) ) ;
#7582 = LINE ( 'NONE', #8425, #8359 ) ;
#7584 = AXIS2_PLACEMENT_3D ( 'NONE', #3747, #8538, #7863 ) ;
#7583 = AXIS2_PLACEMENT_3D ( 'NONE', #7095, #304, #7815 ) ;
#7585 = EDGE_CURVE ( 'NONE', #7458, #8151, #5906, .T. ) ;
#7586 = CARTESIAN_POINT ( 'NONE',  ( -68.50000000000000000, -0.5000000000000000000, 20.10000000000000142 ) ) ;
#7587 = CARTESIAN_POINT ( 'NONE',  ( -55.39215069796390623, 1.699999999999999956, 0.000000000000000000 ) ) ;
#7588 = CARTESIAN_POINT ( 'NONE',  ( -73.34615242270660929, 10.10275681356650068, 0.000000000000000000 ) ) ;
#7589 = CARTESIAN_POINT ( 'NONE',  ( -26.02976485977115573, -1.000000000000000000, 11.80173094658537281 ) ) ;
#7590 = VERTEX_POINT ( 'NONE', #4160 ) ;
#7591 = CARTESIAN_POINT ( 'NONE',  ( -27.20453373156918531, -0.6000000000000000888, 9.144178303691631982 ) ) ;
#7592 = ORIENTED_EDGE ( 'NONE', *, *, #6664, .T. ) ;
#7593 = PLANE ( 'NONE',  #6578 ) ;
#7594 = AXIS2_PLACEMENT_3D ( 'NONE', #8451, #7782, #1667 ) ;
#7595 = CARTESIAN_POINT ( 'NONE',  ( -27.45777383080737266, -0.5999999999999998668, 12.04114164335061332 ) ) ;
#7596 = CARTESIAN_POINT ( 'NONE',  ( -28.38728336393429430, -1.000000000000000000, 13.08467914565414070 ) ) ;
#7597 = EDGE_CURVE ( 'NONE', #989, #607, #2849, .T. ) ;
#7598 = CARTESIAN_POINT ( 'NONE',  ( -24.07035355085521999, -0.9999999999999995559, 10.44040175843616503 ) ) ;
#7599 = EDGE_CURVE ( 'NONE', #1251, #3601, #855, .T. ) ;
#7600 = CARTESIAN_POINT ( 'NONE',  ( -50.97283565831656205, -0.5999999999999998668, 9.499306930357157341 ) ) ;
#7601 = CARTESIAN_POINT ( 'NONE',  ( -25.96725584724683245, -1.000000000000000222, 10.29171977115982983 ) ) ;
#7602 = DIRECTION ( 'NONE',  ( -1.000000000000000000, 0.000000000000000000, 0.000000000000000000 ) ) ;
#7603 = DIRECTION ( 'NONE',  ( -1.000000000000000000, 0.000000000000000000, 0.000000000000000000 ) ) ;
#7604 = ORIENTED_EDGE ( 'NONE', *, *, #3396, .T. ) ;
#7605 = VERTEX_POINT ( 'NONE', #6884 ) ;
#7606 = CARTESIAN_POINT ( 'NONE',  ( -40.27924333944917379, -0.6000000000000000888, 5.485127420077968274 ) ) ;
#7607 = CARTESIAN_POINT ( 'NONE',  ( -24.50259725330308669, -0.6000000000000000888, 12.69506190363836140 ) ) ;
#7608 = CARTESIAN_POINT ( 'NONE',  ( -42.08545478420074915, -1.000000000000000000, 5.247796724744262065 ) ) ;
#7609 = LINE ( 'NONE', #3491, #1654 ) ;
#7610 = DIRECTION ( 'NONE',  ( -0.8660254037844479225, 0.4999999999999839573, 0.000000000000000000 ) ) ;
#7611 = VERTEX_POINT ( 'NONE', #719 ) ;
#7612 = CARTESIAN_POINT ( 'NONE',  ( -30.90625231310169951, 12.27365149746590056, 20.10000000000000142 ) ) ;
#7613 = VECTOR ( 'NONE', #4635, 1000.000000000000000 ) ;
#7614 = CARTESIAN_POINT ( 'NONE',  ( -29.59118880364060189, 9.551408311032400178, -0.1999999999999987899 ) ) ;
#7615 = VERTEX_POINT ( 'NONE', #4112 ) ;
#7616 = CARTESIAN_POINT ( 'NONE',  ( -43.08671972706192577, -0.9999999999999997780, 13.30041332112531727 ) ) ;
#7617 = CARTESIAN_POINT ( 'NONE',  ( -19.36492657879145085, -1.000000000000000222, 7.069950585207321225 ) ) ;
#7618 = AXIS2_PLACEMENT_3D ( 'NONE', #1838, #4566, #3886 ) ;
#7619 = ORIENTED_EDGE ( 'NONE', *, *, #4569, .T. ) ;
#7620 = DIRECTION ( 'NONE',  ( 0.000000000000000000, 0.000000000000000000, -1.000000000000000000 ) ) ;
#7621 = CARTESIAN_POINT ( 'NONE',  ( -41.92829683008832831, -1.000000000000000000, 13.45518866424742832 ) ) ;
#7622 = ORIENTED_EDGE ( 'NONE', *, *, #5892, .T. ) ;
#7623 = EDGE_CURVE ( 'NONE', #6510, #4108, #15, .T. ) ;
#7624 = CARTESIAN_POINT ( 'NONE',  ( -3.133716857408380019, 9.402756813566508498, 0.000000000000000000 ) ) ;
#7625 = ORIENTED_EDGE ( 'NONE', *, *, #6542, .T. ) ;
#7626 = FACE_OUTER_BOUND ( 'NONE', #4847, .T. ) ;
#7627 = B_SPLINE_SURFACE_WITH_KNOTS ( 'NONE', 3, 1, ( 
 ( #8059, #554 ),
 ( #4037, #8152 ),
 ( #4718, #8017 ),
 ( #1275, #6138 ),
 ( #1896, #3311 ),
 ( #3449, #3945 ),
 ( #1942, #8774 ),
 ( #689, #2642 ),
 ( #8820, #601 ),
 ( #7348, #4628 ),
 ( #19, #6094 ) ),
 .UNSPECIFIED., .F., .F., .F.,
 ( 4, 1, 1, 1, 1, 1, 1, 1, 4 ),
 ( 2, 2 ),
 ( 0.000000000000000000, 0.1083962553920863464, 0.2259146191399896142, 0.3496996317765466711, 0.4771744143460154297, 0.6080809989294981843, 0.7406940616520673037, 0.8721438294176548922, 1.000000000000000000 ),
 ( 0.000000000000000000, 1.000000000000000000 ),
 .UNSPECIFIED. ) ;
#7628 = CARTESIAN_POINT ( 'NONE',  ( -53.93381004735865503, -0.6000000000000000888, 5.353059882638999234 ) ) ;
#7629 = CARTESIAN_POINT ( 'NONE',  ( -18.54861267893760512, -0.6000000000000000888, 13.45832304053373818 ) ) ;
#7630 = CARTESIAN_POINT ( 'NONE',  ( -23.97811777933110733, -0.9999999999999997780, 11.27971252834454141 ) ) ;
#7631 = LINE ( 'NONE', #3602, #2071 ) ;
#7632 = EDGE_LOOP ( 'NONE', ( #6412, #8683 ) ) ;
#7633 = CARTESIAN_POINT ( 'NONE',  ( -27.56330191276554231, -0.6000000000000000888, 8.888138994193104381 ) ) ;
#7634 = ORIENTED_EDGE ( 'NONE', *, *, #1410, .F. ) ;
#7635 = EDGE_CURVE ( 'NONE', #2813, #5939, #1385, .T. ) ;
#7636 = DIRECTION ( 'NONE',  ( 1.000000000000000000, 0.000000000000000000, 0.000000000000000000 ) ) ;
#7637 = CARTESIAN_POINT ( 'NONE',  ( 13.60784930203610088, 1.699999999999999956, 19.40000000000000213 ) ) ;
#7638 = CARTESIAN_POINT ( 'NONE',  ( -26.89109785989447943, -1.000000000000000222, 13.45325607948604052 ) ) ;
#7639 = CARTESIAN_POINT ( 'NONE',  ( -2.283716857408399914, 10.87500000000000000, 0.000000000000000000 ) ) ;
#7640 = CARTESIAN_POINT ( 'NONE',  ( -28.92328373156918886, -0.6000000000000000888, 11.24779672474426206 ) ) ;
#7641 = AXIS2_PLACEMENT_3D ( 'NONE', #6551, #3735, #6420 ) ;
#7642 = CARTESIAN_POINT ( 'NONE',  ( -42.63979359775149902, -0.9999999999999997780, 11.71192797724520318 ) ) ;
#7643 = CARTESIAN_POINT ( 'NONE',  ( -23.40070415551731742, 13.13647367099202867, -0.9000000000000000222 ) ) ;
#7644 = CARTESIAN_POINT ( 'NONE',  ( -25.65748491589063462, -0.5999999999999998668, 8.506930969293595268 ) ) ;
#7645 = VERTEX_POINT ( 'NONE', #4296 ) ;
#7646 = EDGE_CURVE ( 'NONE', #607, #6575, #4921, .T. ) ;
#7647 = ADVANCED_FACE ( 'NONE', ( #46 ), #1480, .F. ) ;
#7648 = EDGE_CURVE ( 'NONE', #6733, #1665, #8309, .T. ) ;
#7649 = AXIS2_PLACEMENT_3D ( 'NONE', #1802, #7879, #238 ) ;
#7650 = VECTOR ( 'NONE', #5594, 1000.000000000000000 ) ;
#7651 = DIRECTION ( 'NONE',  ( -0.8660254037844384856, 0.5000000000000003331, 0.000000000000000000 ) ) ;
#7652 = LINE ( 'NONE', #4796, #489 ) ;
#7653 = VECTOR ( 'NONE', #1554, 1000.000000000000227 ) ;
#7654 = CARTESIAN_POINT ( 'NONE',  ( -29.14118880364057773, 10.33083117443845822, -0.9000000000000000222 ) ) ;
#7655 = CARTESIAN_POINT ( 'NONE',  ( -51.45025741577971701, -0.6000000000000000888, 11.98463883000742136 ) ) ;
#7656 = EDGE_CURVE ( 'NONE', #4936, #7493, #3569, .T. ) ;
#7657 = DIRECTION ( 'NONE',  ( 1.000000000000000000, 0.000000000000000000, 0.000000000000000000 ) ) ;
#7658 = ORIENTED_EDGE ( 'NONE', *, *, #1795, .F. ) ;
#7659 = CARTESIAN_POINT ( 'NONE',  ( -31.36538899472707342, -0.6000000000000000888, 11.87937567211268330 ) ) ;
#7660 = DIRECTION ( 'NONE',  ( -1.000000000000000000, 0.000000000000000000, 0.000000000000000000 ) ) ;
#7661 = ORIENTED_EDGE ( 'NONE', *, *, #3052, .T. ) ;
#7662 = CARTESIAN_POINT ( 'NONE',  ( -45.36200032166362206, -0.6000000000000000888, 11.64029926446091423 ) ) ;
#7663 = CARTESIAN_POINT ( 'NONE',  ( -48.14433636314813469, -0.6000000000000000888, 10.79384935632321074 ) ) ;
#7664 = VERTEX_POINT ( 'NONE', #4252 ) ;
#7665 = ORIENTED_EDGE ( 'NONE', *, *, #7322, .T. ) ;
#7666 = CARTESIAN_POINT ( 'NONE',  ( -41.77459952104285890, -1.000000000000000000, 13.45832304053373640 ) ) ;
#7667 = VECTOR ( 'NONE', #8348, 1000.000000000000000 ) ;
#7668 = VECTOR ( 'NONE', #5034, 1000.000000000000000 ) ;
#7669 = VERTEX_POINT ( 'NONE', #179 ) ;
#7670 = PLANE ( 'NONE',  #4100 ) ;
#7671 = VERTEX_POINT ( 'NONE', #2894 ) ;
#7672 = DIRECTION ( 'NONE',  ( -0.000000000000000000, -0.000000000000000000, 1.000000000000000000 ) ) ;
#7673 = VECTOR ( 'NONE', #6017, 1000.000000000000000 ) ;
#7674 = CARTESIAN_POINT ( 'NONE',  ( -17.74740613163083935, -1.000000000000000000, 11.10720526602429281 ) ) ;
#7675 = VECTOR ( 'NONE', #701, 1000.000000000000000 ) ;
#7676 = CARTESIAN_POINT ( 'NONE',  ( -15.99538166661954364, -0.5999999999999998668, 11.68681218735810212 ) ) ;
#7677 = CARTESIAN_POINT ( 'NONE',  ( -25.92171027634526226, -0.6000000000000000888, 11.67231097751628432 ) ) ;
#7678 = ORIENTED_EDGE ( 'NONE', *, *, #1047, .T. ) ;
#7679 = CARTESIAN_POINT ( 'NONE',  ( -27.20204539831278723, -1.000000000000000222, 12.08226882825182358 ) ) ;
#7680 = ORIENTED_EDGE ( 'NONE', *, *, #5066, .T. ) ;
#7681 = CARTESIAN_POINT ( 'NONE',  ( -0.9007041555090071761, 12.27044826720279502, 11.75000000000000355 ) ) ;
#7682 = CARTESIAN_POINT ( 'NONE',  ( -27.20204539831278723, -0.6000000000000003109, 12.08226882825182358 ) ) ;
#7683 = CARTESIAN_POINT ( 'NONE',  ( -68.29999999999999716, 7.997649730810350910, 0.000000000000000000 ) ) ;
#7684 = CARTESIAN_POINT ( 'NONE',  ( -71.28371685740839325, 10.87500000000000000, 0.000000000000000000 ) ) ;
#7685 = PLANE ( 'NONE',  #8612 ) ;
#7686 = EDGE_CURVE ( 'NONE', #2602, #413, #5633, .T. ) ;
#7687 = VECTOR ( 'NONE', #6729, 1000.000000000000000 ) ;
#7688 = CARTESIAN_POINT ( 'NONE',  ( -26.13161009584714378, -0.6000000000000000888, 10.06486393383465661 ) ) ;
#7689 = CARTESIAN_POINT ( 'NONE',  ( -5.701958319099609263, 8.691600689896679555, 0.000000000000000000 ) ) ;
#7690 = DIRECTION ( 'NONE',  ( 1.697280072648819919E-16, -1.000000000000000000, 0.000000000000000000 ) ) ;
#7691 = ORIENTED_EDGE ( 'NONE', *, *, #8388, .T. ) ;
#7692 = FACE_OUTER_BOUND ( 'NONE', #4446, .T. ) ;
#7693 = CARTESIAN_POINT ( 'NONE',  ( -25.99608281396794141, -0.5999999999999998668, 13.42347595443742314 ) ) ;
#7694 = FACE_OUTER_BOUND ( 'NONE', #8604, .T. ) ;
#7695 = EDGE_CURVE ( 'NONE', #1941, #835, #7015, .T. ) ;
#7696 = ADVANCED_FACE ( 'NONE', ( #5679 ), #353, .T. ) ;
#7697 = CARTESIAN_POINT ( 'NONE',  ( -22.30000000000000071, 7.997649730810350910, -0.9000000000000000222 ) ) ;
#7698 = CIRCLE ( 'NONE', #3700, 0.9999999999999592548 ) ;
#7699 = ORIENTED_EDGE ( 'NONE', *, *, #4142, .T. ) ;
#7700 = DIRECTION ( 'NONE',  ( -0.5000000000000059952, -0.8660254037844351549, -1.340157741654475838E-16 ) ) ;
#7701 = CARTESIAN_POINT ( 'NONE',  ( -2.633716857408380019, 10.26878221735089980, 20.10000000000000142 ) ) ;
#7702 = ORIENTED_EDGE ( 'NONE', *, *, #4122, .F. ) ;
#7703 = FACE_OUTER_BOUND ( 'NONE', #2056, .T. ) ;
#7704 = CARTESIAN_POINT ( 'NONE',  ( -21.32328373156918389, -1.000000000000000000, 5.973125672112684192 ) ) ;
#7705 = EDGE_CURVE ( 'NONE', #6463, #6685, #3701, .T. ) ;
#7706 = VERTEX_POINT ( 'NONE', #5007 ) ;
#7707 = ORIENTED_EDGE ( 'NONE', *, *, #8573, .T. ) ;
#7708 = CARTESIAN_POINT ( 'NONE',  ( -26.57644703894624527, -0.6000000000000003109, 7.865486776446726225 ) ) ;
#7709 = VERTEX_POINT ( 'NONE', #311 ) ;
#7710 = LINE ( 'NONE', #8423, #5819 ) ;
#7711 = ORIENTED_EDGE ( 'NONE', *, *, #4967, .F. ) ;
#7712 = CARTESIAN_POINT ( 'NONE',  ( -51.12232004220960846, -1.000000000000000222, 9.476215877936796872 ) ) ;
#7713 = LINE ( 'NONE', #252, #4008 ) ;
#7714 = AXIS2_PLACEMENT_3D ( 'NONE', #5612, #3678, #4233 ) ;
#7715 = CARTESIAN_POINT ( 'NONE',  ( -27.44959952104287026, -1.000000000000000000, 6.826744093165315164 ) ) ;
#7716 = VERTEX_POINT ( 'NONE', #6478 ) ;
#7717 = CARTESIAN_POINT ( 'NONE',  ( -26.31792355599391087, -0.6000000000000000888, 11.98748544938994876 ) ) ;
#7718 = ORIENTED_EDGE ( 'NONE', *, *, #3260, .F. ) ;
#7719 = PLANE ( 'NONE',  #5692 ) ;
#7720 = DIRECTION ( 'NONE',  ( -0.000000000000000000, 0.000000000000000000, 1.000000000000000000 ) ) ;
#7721 = ORIENTED_EDGE ( 'NONE', *, *, #665, .F. ) ;
#7722 = CARTESIAN_POINT ( 'NONE',  ( -6.591188803640600113, 9.551408311032400178, 19.40000000000000213 ) ) ;
#7724 = VECTOR ( 'NONE', #1361, 1000.000000000000000 ) ;
#7723 = VECTOR ( 'NONE', #5493, 1000.000000000000000 ) ;
#7725 = DIRECTION ( 'NONE',  ( 0.5000000000000061062, 0.8660254037844351549, 0.000000000000000000 ) ) ;
#7726 = ADVANCED_FACE ( 'NONE', ( #2984, #7142, #7103, #1782, #3076, #4338, #2356, #1660, #6563 ), #3119, .T. ) ;
#7727 = DIRECTION ( 'NONE',  ( -0.5000000000000059952, -0.8660254037844351549, 0.000000000000000000 ) ) ;
#7728 = DIRECTION ( 'NONE',  ( 0.000000000000000000, 0.000000000000000000, 1.000000000000000000 ) ) ;
#7729 = CARTESIAN_POINT ( 'NONE',  ( -44.07138866487922968, -0.5999999999999998668, 5.660167049123484340 ) ) ;
#7730 = CARTESIAN_POINT ( 'NONE',  ( -26.88046396607744981, -0.9999999999999995559, 9.378243449184864744 ) ) ;
#7731 = DIRECTION ( 'NONE',  ( 0.000000000000000000, 0.000000000000000000, -1.000000000000000000 ) ) ;
#7732 = CARTESIAN_POINT ( 'NONE',  ( -23.97840707406922789, -0.5999999999999998668, 11.10628253234542484 ) ) ;
#7733 = VECTOR ( 'NONE', #7262, 1000.000000000000000 ) ;
#7734 = ORIENTED_EDGE ( 'NONE', *, *, #3593, .T. ) ;
#7735 = EDGE_CURVE ( 'NONE', #7052, #3705, #3658, .T. ) ;
#7736 = CARTESIAN_POINT ( 'NONE',  ( -49.13371685740840178, 9.402756813566504945, 20.10000000000000142 ) ) ;
#7737 = CARTESIAN_POINT ( 'NONE',  ( -20.81476030064369453, -1.000000000000000222, 12.84130764464735108 ) ) ;
#7738 = CARTESIAN_POINT ( 'NONE',  ( -43.62983154631513827, -1.000000000000000000, 7.672808207291770266 ) ) ;
#7739 = CARTESIAN_POINT ( 'NONE',  ( -68.29999999999999716, 7.997649730810350910, 0.000000000000000000 ) ) ;
#7740 = CARTESIAN_POINT ( 'NONE',  ( -43.34631020348072639, -0.5999999999999996447, 5.391338035496752390 ) ) ;
#7741 = ORIENTED_EDGE ( 'NONE', *, *, #5511, .T. ) ;
#7742 = EDGE_CURVE ( 'NONE', #2119, #2888, #5193, .T. ) ;
#7743 = DIRECTION ( 'NONE',  ( 0.000000000000000000, 0.000000000000000000, -1.000000000000000000 ) ) ;
#7744 = EDGE_CURVE ( 'NONE', #1066, #1831, #1741, .T. ) ;
#7745 = EDGE_LOOP ( 'NONE', ( #2791, #2035, #8565, #7908 ) ) ;
#7746 = DIRECTION ( 'NONE',  ( 1.000000000000000000, 0.000000000000000000, 0.000000000000000000 ) ) ;
#7747 = CARTESIAN_POINT ( 'NONE',  ( -11.59217996156652752, -0.9999999999999997780, 12.64982990453783351 ) ) ;
#7748 = UNCERTAINTY_MEASURE_WITH_UNIT (LENGTH_MEASURE( 1.000000000000000082E-05 ), #8298, 'distance_accuracy_value', 'NONE');
#7749 = VERTEX_POINT ( 'NONE', #5098 ) ;
#7750 = ORIENTED_EDGE ( 'NONE', *, *, #7375, .T. ) ;
#7751 = FACE_OUTER_BOUND ( 'NONE', #3645, .T. ) ;
#7752 = ORIENTED_EDGE ( 'NONE', *, *, #2203, .T. ) ;
#7753 = ADVANCED_FACE ( 'NONE', ( #8396 ), #1571, .T. ) ;
#7754 = DIRECTION ( 'NONE',  ( 1.661107839146919784E-14, 1.000000000000000000, -2.416528521298855017E-14 ) ) ;
#7755 = EDGE_CURVE ( 'NONE', #5699, #6414, #483, .T. ) ;
#7756 = EDGE_LOOP ( 'NONE', ( #2138, #1716, #2587, #6901 ) ) ;
#7757 = CARTESIAN_POINT ( 'NONE',  ( -67.79999999999999716, 8.863675134594789284, -0.9000000000000000222 ) ) ;
#7758 = AXIS2_PLACEMENT_3D ( 'NONE', #2124, #125, #4861 ) ;
#7759 = CARTESIAN_POINT ( 'NONE',  ( -18.92361267893760868, -1.000000000000000000, 12.08990198790215764 ) ) ;
#7760 = LINE ( 'NONE', #3732, #3043 ) ;
#7761 = ORIENTED_EDGE ( 'NONE', *, *, #7461, .F. ) ;
#7762 = CARTESIAN_POINT ( 'NONE',  ( -17.80715485586626912, -0.6000000000000003109, 11.48517068482052572 ) ) ;
#7763 = VERTEX_POINT ( 'NONE', #4603 ) ;
#7764 = CARTESIAN_POINT ( 'NONE',  ( -29.14118880364057773, 10.33083117443845822, -0.1999999999999990119 ) ) ;
#7765 = CARTESIAN_POINT ( 'NONE',  ( -28.28232669841226254, -1.000000000000000000, 8.294386105673760667 ) ) ;
#7766 = ORIENTED_EDGE ( 'NONE', *, *, #749, .T. ) ;
#7767 = DIRECTION ( 'NONE',  ( 0.4999999999999994449, 0.8660254037844389297, 0.000000000000000000 ) ) ;
#7768 = VECTOR ( 'NONE', #6115, 1000.000000000000000 ) ;
#7769 = VECTOR ( 'NONE', #2679, 1000.000000000000114 ) ;
#7770 = ORIENTED_EDGE ( 'NONE', *, *, #1039, .T. ) ;
#7771 = DIRECTION ( 'NONE',  ( 0.8660254037844351549, -0.5000000000000061062, 0.000000000000000000 ) ) ;
#7772 = DIRECTION ( 'NONE',  ( 0.8660254037844387076, 0.5000000000000002220, 0.000000000000000000 ) ) ;
#7773 = DIRECTION ( 'NONE',  ( 0.000000000000000000, 0.000000000000000000, 1.000000000000000000 ) ) ;
#7774 = CARTESIAN_POINT ( 'NONE',  ( -44.39805221204633767, -1.000000000000000222, 5.844934768171488493 ) ) ;
#7775 = DIRECTION ( 'NONE',  ( 0.000000000000000000, -0.000000000000000000, 1.000000000000000000 ) ) ;
#7776 = B_SPLINE_SURFACE_WITH_KNOTS ( 'NONE', 3, 1, ( 
 ( #6599, #8534 ),
 ( #5180, #1780 ),
 ( #1155, #3117 ),
 ( #5139, #1824 ),
 ( #7857, #8571 ),
 ( #7228, #1867 ),
 ( #1112, #4600 ),
 ( #5934, #3830 ),
 ( #7318, #6428 ),
 ( #308, #5221 ),
 ( #1739, #5095 ) ),
 .UNSPECIFIED., .F., .F., .F.,
 ( 4, 1, 1, 1, 1, 1, 1, 1, 4 ),
 ( 2, 2 ),
 ( 0.000000000000000000, 0.1240619065503237028, 0.2461978098196474229, 0.3686184090576940520, 0.4912543376052815880, 0.6156259974629464393, 0.7407467228505933976, 0.8689485965214808205, 1.000000000000000000 ),
 ( 0.000000000000000000, 1.000000000000000000 ),
 .UNSPECIFIED. ) ;
#7777 = DIRECTION ( 'NONE',  ( -0.8660254037844171693, 0.5000000000000371925, -0.000000000000000000 ) ) ;
#7778 = CARTESIAN_POINT ( 'NONE',  ( -24.91884584029930849, -0.6000000000000005329, 9.100084778766696303 ) ) ;
#7779 = VERTEX_POINT ( 'NONE', #7320 ) ;
#7780 =( BOUNDED_CURVE ( )  B_SPLINE_CURVE ( 2, ( #196, #6989, #2868 ),
 .UNSPECIFIED., .F., .F. ) 
 B_SPLINE_CURVE_WITH_KNOTS ( ( 3, 3 ),
 ( -0.5165268628059597189, -0.1054688684804283572 ),
 .UNSPECIFIED. ) 
 CURVE ( )  GEOMETRIC_REPRESENTATION_ITEM ( )  RATIONAL_B_SPLINE_CURVE ( ( 1.328571428571434732, 1.328571428571514446, 1.120481927710843983 ) ) 
 REPRESENTATION_ITEM ( '' )  );
#7781 = FACE_OUTER_BOUND ( 'NONE', #5138, .T. ) ;
#7782 = DIRECTION ( 'NONE',  ( 0.000000000000000000, -0.000000000000000000, -1.000000000000000000 ) ) ;
#7783 = VECTOR ( 'NONE', #778, 1000.000000000000114 ) ;
#7784 = AXIS2_PLACEMENT_3D ( 'NONE', #3283, #3873, #7230 ) ;
#7785 = CARTESIAN_POINT ( 'NONE',  ( -67.29999999999999716, 1.699999999999999956, 0.000000000000000000 ) ) ;
#7786 = CARTESIAN_POINT ( 'NONE',  ( -41.71765922671350779, -0.6000000000000000888, 11.87694484584753241 ) ) ;
#7787 = EDGE_CURVE ( 'NONE', #7493, #3414, #3916, .T. ) ;
#7788 = CARTESIAN_POINT ( 'NONE',  ( -51.39320756509756905, -0.6000000000000000888, 11.98375273464900381 ) ) ;
#7789 = CIRCLE ( 'NONE', #6078, 1.999999999999939382 ) ;
#7790 = ORIENTED_EDGE ( 'NONE', *, *, #7424, .F. ) ;
#7791 = DIRECTION ( 'NONE',  ( 0.000000000000000000, 0.000000000000000000, 1.000000000000000000 ) ) ;
#7792 = ORIENTED_EDGE ( 'NONE', *, *, #5609, .T. ) ;
#7793 = CARTESIAN_POINT ( 'NONE',  ( -49.56207509817011925, -0.5999999999999998668, 13.10919978134382013 ) ) ;
#7794 = CARTESIAN_POINT ( 'NONE',  ( -24.01310677922320025, -0.9999999999999993339, 10.67843027939516887 ) ) ;
#7795 = EDGE_CURVE ( 'NONE', #8685, #2523, #8124, .T. ) ;
#7796 = ORIENTED_EDGE ( 'NONE', *, *, #1313, .F. ) ;
#7797 = EDGE_LOOP ( 'NONE', ( #7434, #3331, #8649, #4547 ) ) ;
#7798 = CARTESIAN_POINT ( 'NONE',  ( -16.32720768385619436, -1.000000000000000222, 9.806611711463459002 ) ) ;
#7799 = EDGE_LOOP ( 'NONE', ( #3402, #6091, #1762, #8037 ) ) ;
#7800 = CARTESIAN_POINT ( 'NONE',  ( -11.42631204318075255, -0.6000000000000000888, 11.16190439220950203 ) ) ;
#7801 = ORIENTED_EDGE ( 'NONE', *, *, #90, .T. ) ;
#7802 = LINE ( 'NONE', #1641, #802 ) ;
#7803 = CARTESIAN_POINT ( 'NONE',  ( 15.09374768689830049, 12.27365149746590056, 0.000000000000000000 ) ) ;
#7804 = CARTESIAN_POINT ( 'NONE',  ( -27.42251923717369877, -0.9999999999999997780, 6.987923560826689418 ) ) ;
#7805 = EDGE_CURVE ( 'NONE', #1393, #2129, #4766, .T. ) ;
#7806 = VERTEX_POINT ( 'NONE', #7368 ) ;
#7807 = EDGE_CURVE ( 'NONE', #8782, #4270, #6615, .T. ) ;
#7808 = CARTESIAN_POINT ( 'NONE',  ( -27.44843532778709871, -0.6000000000000003109, 6.853208813283835354 ) ) ;
#7809 = VECTOR ( 'NONE', #3975, 1000.000000000000000 ) ;
#7810 = VECTOR ( 'NONE', #3553, 1000.000000000000000 ) ;
#7811 = VERTEX_POINT ( 'NONE', #3237 ) ;
#7812 = PLANE ( 'NONE',  #4549 ) ;
#7813 = LINE ( 'NONE', #7853, #6573 ) ;
#7814 = ORIENTED_EDGE ( 'NONE', *, *, #5090, .T. ) ;
#7815 = DIRECTION ( 'NONE',  ( -0.4999999999999994449, -0.8660254037844389297, 0.000000000000000000 ) ) ;
#7816 = EDGE_LOOP ( 'NONE', ( #5968, #2388, #6095, #6466 ) ) ;
#7817 = LINE ( 'NONE', #3155, #5837 ) ;
#7818 = AXIS2_PLACEMENT_3D ( 'NONE', #5973, #1864, #8650 ) ;
#7819 = LINE ( 'NONE', #2938, #4170 ) ;
#7820 = FACE_OUTER_BOUND ( 'NONE', #3279, .T. ) ;
#7821 = CARTESIAN_POINT ( 'NONE',  ( -43.34631020348072639, -0.9999999999999995559, 5.391338035496752390 ) ) ;
#7822 = EDGE_CURVE ( 'NONE', #67, #4521, #6736, .T. ) ;
#7823 = DIRECTION ( 'NONE',  ( -0.000000000000000000, -1.000000000000000000, -0.000000000000000000 ) ) ;
#7824 = CARTESIAN_POINT ( 'NONE',  ( -15.95486267893760690, -1.000000000000000000, 5.353059882638999234 ) ) ;
#7825 = LINE ( 'NONE', #2273, #2923 ) ;
#7826 = ORIENTED_EDGE ( 'NONE', *, *, #1090, .T. ) ;
#7827 = CARTESIAN_POINT ( 'NONE',  ( -19.00928865389167655, -1.000000000000000000, 12.08736108273493315 ) ) ;
#7828 = CARTESIAN_POINT ( 'NONE',  ( -55.19933037493642303, 0.4339745962156045800, -0.2000000000000000389 ) ) ;
#7829 = CARTESIAN_POINT ( 'NONE',  ( -23.00000000000000000, 1.699999999999969980, 20.10000000000000142 ) ) ;
#7830 = CARTESIAN_POINT ( 'NONE',  ( -21.32328373156918389, -1.000000000000000000, 5.353059882638999234 ) ) ;
#7831 = CARTESIAN_POINT ( 'NONE',  ( -18.29687092441495722, -0.6000000000000000888, 11.98748544938994876 ) ) ;
#7832 = CARTESIAN_POINT ( 'NONE',  ( -48.32622201197334988, -1.000000000000000000, 11.91248130506258462 ) ) ;
#7833 = VECTOR ( 'NONE', #4729, 1000.000000000000227 ) ;
#7834 = ORIENTED_EDGE ( 'NONE', *, *, #3745, .F. ) ;
#7835 = LINE ( 'NONE', #1715, #5729 ) ;
#7836 = FACE_OUTER_BOUND ( 'NONE', #5197, .T. ) ;
#7837 = FACE_OUTER_BOUND ( 'NONE', #6384, .T. ) ;
#7838 = EDGE_CURVE ( 'NONE', #2024, #3554, #3197, .T. ) ;
#7839 = CARTESIAN_POINT ( 'NONE',  ( -26.05486267893761010, -0.9999999999999991118, 8.232994093165316940 ) ) ;
#7840 = ORIENTED_EDGE ( 'NONE', *, *, #4479, .T. ) ;
#7841 = VERTEX_POINT ( 'NONE', #7277 ) ;
#7842 = CARTESIAN_POINT ( 'NONE',  ( -16.58801323664577509, -1.000000000000000222, 9.436308346986304940 ) ) ;
#7843 = ORIENTED_EDGE ( 'NONE', *, *, #2048, .T. ) ;
#7844 = CARTESIAN_POINT ( 'NONE',  ( -43.34631020348072639, -0.9999999999999995559, 5.391338035496752390 ) ) ;
#7845 = ORIENTED_EDGE ( 'NONE', *, *, #1409, .F. ) ;
#7846 = DIRECTION ( 'NONE',  ( 0.000000000000000000, 0.000000000000000000, -1.000000000000000000 ) ) ;
#7847 = ADVANCED_FACE ( 'NONE', ( #5978 ), #8034, .T. ) ;
#7848 = CARTESIAN_POINT ( 'NONE',  ( -27.81364335808200039, -0.6000000000000003109, 13.29364821499873983 ) ) ;
#7849 = VERTEX_POINT ( 'NONE', #2570 ) ;
#7850 = CARTESIAN_POINT ( 'NONE',  ( -17.74433636314813256, -0.6000000000000000888, 11.02411251421794702 ) ) ;
#7851 = ORIENTED_EDGE ( 'NONE', *, *, #4158, .T. ) ;
#7852 = FACE_OUTER_BOUND ( 'NONE', #1505, .T. ) ;
#7853 = CARTESIAN_POINT ( 'NONE',  ( -24.45070415551619902, 11.31782032302749919, -0.9000000000000000222 ) ) ;
#7854 = ORIENTED_EDGE ( 'NONE', *, *, #4968, .F. ) ;
#7855 = CARTESIAN_POINT ( 'NONE',  ( -21.32328373156918389, -0.6000000000000000888, 5.353059882638999234 ) ) ;
#7856 = ORIENTED_EDGE ( 'NONE', *, *, #2037, .F. ) ;
#7857 = CARTESIAN_POINT ( 'NONE',  ( -40.43653507868788211, -0.6000000000000007550, 11.67655469427027626 ) ) ;
#7858 = EDGE_CURVE ( 'NONE', #501, #4584, #1626, .T. ) ;
#7859 = EDGE_CURVE ( 'NONE', #1092, #7052, #6025, .T. ) ;
#7860 = CARTESIAN_POINT ( 'NONE',  ( -29.59118880364060189, 9.551408311032400178, 18.89999999999999858 ) ) ;
#7861 = CARTESIAN_POINT ( 'NONE',  ( -42.08545478420074915, -0.6000000000000000888, 5.247796724744262065 ) ) ;
#7862 = DIRECTION ( 'NONE',  ( -1.000000000000000000, 0.000000000000000000, 0.000000000000000000 ) ) ;
#7863 = DIRECTION ( 'NONE',  ( -0.8660254037844350439, 0.5000000000000061062, 0.000000000000000000 ) ) ;
#7864 = CARTESIAN_POINT ( 'NONE',  ( -48.23012701892219667, 11.76782032302750025, 0.000000000000000000 ) ) ;
#7866 = VECTOR ( 'NONE', #5740, 1000.000000000000000 ) ;
#7865 = VECTOR ( 'NONE', #878, 1000.000000000000000 ) ;
#7867 = ORIENTED_EDGE ( 'NONE', *, *, #5901, .F. ) ;
#7868 = CARTESIAN_POINT ( 'NONE',  ( -39.80749425788496154, -1.000000000000000000, 5.678717777375840825 ) ) ;
#7869 = EDGE_CURVE ( 'NONE', #2610, #8157, #4614, .T. ) ;
#7870 = DIRECTION ( 'NONE',  ( -0.8660254037844389297, 0.4999999999999994449, -0.000000000000000000 ) ) ;
#7871 = CARTESIAN_POINT ( 'NONE',  ( -24.01643429819849018, -0.9999999999999997780, 11.68681218735810212 ) ) ;
#7872 = CARTESIAN_POINT ( 'NONE',  ( -65.69999999999998863, 1.700000000000002176, 9.599999999999999645 ) ) ;
#7873 = VECTOR ( 'NONE', #5769, 1000.000000000000000 ) ;
#7874 = CARTESIAN_POINT ( 'NONE',  ( -18.64606814734653994, -0.5999999999999998668, 12.07566957060192259 ) ) ;
#7875 = LINE ( 'NONE', #5195, #6215 ) ;
#7876 = ORIENTED_EDGE ( 'NONE', *, *, #771, .F. ) ;
#7877 = CARTESIAN_POINT ( 'NONE',  ( -67.29999999999999716, 7.997649730810350910, 20.10000000000000142 ) ) ;
#7878 = LINE ( 'NONE', #7116, #5494 ) ;
#7879 = DIRECTION ( 'NONE',  ( 1.000000000000000000, 0.000000000000000000, 0.000000000000000000 ) ) ;
#7880 = CARTESIAN_POINT ( 'NONE',  ( -23.97840707406922789, -0.5999999999999998668, 11.10628253234542484 ) ) ;
#7881 = ADVANCED_FACE ( 'NONE', ( #1290 ), #843, .F. ) ;
#7882 = ORIENTED_EDGE ( 'NONE', *, *, #2707, .F. ) ;
#7883 = ORIENTED_EDGE ( 'NONE', *, *, #381, .F. ) ;
#7884 = DIRECTION ( 'NONE',  ( 3.304235192336776005E-16, -0.000000000000000000, -1.000000000000000000 ) ) ;
#7885 = ORIENTED_EDGE ( 'NONE', *, *, #6175, .F. ) ;
#7886 = DIRECTION ( 'NONE',  ( -1.000000000000000000, 0.000000000000000000, 0.000000000000000000 ) ) ;
#7887 = ORIENTED_EDGE ( 'NONE', *, *, #1901, .F. ) ;
#7888 = LINE ( 'NONE', #967, #7218 ) ;
#7889 = CARTESIAN_POINT ( 'NONE',  ( -48.14656698535185342, -0.6000000000000000888, 10.69554701818006492 ) ) ;
#7890 = ORIENTED_EDGE ( 'NONE', *, *, #2320, .T. ) ;
#7891 = CARTESIAN_POINT ( 'NONE',  ( -15.99538166661954364, -0.9999999999999997780, 11.68681218735810212 ) ) ;
#7892 = EDGE_LOOP ( 'NONE', ( #2910, #4502, #7500, #2419 ) ) ;
#7893 = ADVANCED_FACE ( 'NONE', ( #754 ), #8252, .T. ) ;
#7894 = DIRECTION ( 'NONE',  ( -0.5000000000000061062, -0.8660254037844351549, -0.000000000000000000 ) ) ;
#7895 = DIRECTION ( 'NONE',  ( 0.000000000000000000, 0.000000000000000000, 1.000000000000000000 ) ) ;
#7896 = ORIENTED_EDGE ( 'NONE', *, *, #8267, .T. ) ;
#7897 = CARTESIAN_POINT ( 'NONE',  ( -50.96894561720709760, 8.961215932167760911, -0.2000000000000000389 ) ) ;
#7898 = ORIENTED_EDGE ( 'NONE', *, *, #208, .F. ) ;
#7899 = LINE ( 'NONE', #8652, #1271 ) ;
#7900 = CIRCLE ( 'NONE', #193, 1.999999999999988676 ) ;
#7901 = CARTESIAN_POINT ( 'NONE',  ( -53.42915978271929589, 1.700000000000059908, 20.10000000000000142 ) ) ;
#7902 = CARTESIAN_POINT ( 'NONE',  ( -43.72138747476321896, -1.000000000000000444, 5.508348244037241770 ) ) ;
#7903 = DIRECTION ( 'NONE',  ( 2.657184803002740111E-15, 1.000000000000000000, 0.000000000000000000 ) ) ;
#7904 = CARTESIAN_POINT ( 'NONE',  ( -34.12420150553280251, 1.699999999999999956, -0.9000000000000000222 ) ) ;
#7905 = ADVANCED_FACE ( 'NONE', ( #2168 ), #4145, .T. ) ;
#7906 = VECTOR ( 'NONE', #1435, 1000.000000000000114 ) ;
#7907 = CARTESIAN_POINT ( 'NONE',  ( -69.20788383248147113, 11.87044826720278934, 11.75000000000000355 ) ) ;
#7908 = ORIENTED_EDGE ( 'NONE', *, *, #6364, .F. ) ;
#7909 = DIRECTION ( 'NONE',  ( 0.000000000000000000, 0.000000000000000000, 1.000000000000000000 ) ) ;
#7910 = CARTESIAN_POINT ( 'NONE',  ( -20.08537884979999788, -0.9999999999999995559, 8.460146205115751883 ) ) ;
#7911 = CARTESIAN_POINT ( 'NONE',  ( -32.39215069796390623, 1.699999999999999956, 19.40000000000000213 ) ) ;
#7912 = CARTESIAN_POINT ( 'NONE',  ( -44.03847919318975102, -0.9999999999999995559, 8.524052417442701923 ) ) ;
#7913 = CARTESIAN_POINT ( 'NONE',  ( -18.92361267893760868, -0.6000000000000000888, 12.08990198790215764 ) ) ;
#7914 = ADVANCED_FACE ( 'NONE', ( #6157 ), #6871, .F. ) ;
#7915 = ADVANCED_FACE ( 'NONE', ( #5487 ), #3465, .T. ) ;
#7916 = FACE_OUTER_BOUND ( 'NONE', #3154, .T. ) ;
#7917 = ORIENTED_EDGE ( 'NONE', *, *, #6495, .T. ) ;
#7918 = CARTESIAN_POINT ( 'NONE',  ( -34.12420150553280251, 1.699999999999999956, 20.10000000000000142 ) ) ;
#7919 = VECTOR ( 'NONE', #2879, 1000.000000000000000 ) ;
#7920 = CARTESIAN_POINT ( 'NONE',  ( -41.64021843971669057, -0.9999999999999997780, 6.828280298884699562 ) ) ;
#7921 = LINE ( 'NONE', #3674, #6076 ) ;
#7922 = CARTESIAN_POINT ( 'NONE',  ( -23.97591531051655878, -0.9999999999999991118, 11.19516514579689570 ) ) ;
#7923 = VECTOR ( 'NONE', #1031, 1000.000000000000000 ) ;
#7924 = EDGE_CURVE ( 'NONE', #3688, #7035, #4192, .T. ) ;
#7925 = VERTEX_POINT ( 'NONE', #8836 ) ;
#7926 = CARTESIAN_POINT ( 'NONE',  ( -15.95735444249028134, -0.9999999999999997780, 11.10628253234542484 ) ) ;
#7927 = ORIENTED_EDGE ( 'NONE', *, *, #2802, .T. ) ;
#7928 = CARTESIAN_POINT ( 'NONE',  ( -33.68117846841128937, -0.6000000000000000888, 5.353059882638998346 ) ) ;
#7929 = ORIENTED_EDGE ( 'NONE', *, *, #2998, .F. ) ;
#7930 = CARTESIAN_POINT ( 'NONE',  ( -25.76538899472708266, -0.6000000000000000888, 11.02411251421794702 ) ) ;
#7931 = EDGE_CURVE ( 'NONE', #8023, #67, #1420, .T. ) ;
#7932 = VECTOR ( 'NONE', #6866, 1000.000000000000000 ) ;
#7933 = CARTESIAN_POINT ( 'NONE',  ( -17.97503018238898775, -0.5999999999999998668, 13.42347595443742314 ) ) ;
#7934 = VERTEX_POINT ( 'NONE', #5443 ) ;
#7935 = CARTESIAN_POINT ( 'NONE',  ( -18.44986104781947489, -1.000000000000000000, 13.45646351525994611 ) ) ;
#7936 = EDGE_LOOP ( 'NONE', ( #4998, #2812, #866, #4056 ) ) ;
#7937 = DIRECTION ( 'NONE',  ( 0.000000000000000000, 0.000000000000000000, -1.000000000000000000 ) ) ;
#7938 = CARTESIAN_POINT ( 'NONE',  ( -40.46158944600422558, -0.6000000000000003109, 13.34051345889227136 ) ) ;
#7939 = ORIENTED_EDGE ( 'NONE', *, *, #6287, .F. ) ;
#7940 = DIRECTION ( 'NONE',  ( 0.000000000000000000, -1.000000000000000000, 0.000000000000000000 ) ) ;
#7941 = VERTEX_POINT ( 'NONE', #7497 ) ;
#7942 = DIRECTION ( 'NONE',  ( 0.000000000000000000, 0.000000000000000000, -1.000000000000000000 ) ) ;
#7943 = ADVANCED_FACE ( 'NONE', ( #3559 ), #6291, .F. ) ;
#7944 = CARTESIAN_POINT ( 'NONE',  ( -2.633716857408380019, 10.26878221735089980, 0.000000000000000000 ) ) ;
#7945 = CARTESIAN_POINT ( 'NONE',  ( -45.95858228662212497, -0.6000000000000003109, 8.339240040982016211 ) ) ;
#7946 = CARTESIAN_POINT ( 'NONE',  ( -44.08524283061587568, -1.000000000000000000, 9.866566445964696896 ) ) ;
#7947 = CARTESIAN_POINT ( 'NONE',  ( -40.02562919381769291, -0.9999999999999997780, 7.226649450201747094 ) ) ;
#7948 = VECTOR ( 'NONE', #2736, 1000.000000000000114 ) ;
#7949 = CARTESIAN_POINT ( 'NONE',  ( -40.00864177073067651, -0.6000000000000003109, 11.47877592027236737 ) ) ;
#7950 = ORIENTED_EDGE ( 'NONE', *, *, #4527, .T. ) ;
#7951 = CARTESIAN_POINT ( 'NONE',  ( -30.90625231310169951, 12.27365149746590056, 20.10000000000000142 ) ) ;
#7952 = VECTOR ( 'NONE', #2580, 999.9999999999998863 ) ;
#7953 = VECTOR ( 'NONE', #1582, 1000.000000000000227 ) ;
#7954 = CARTESIAN_POINT ( 'NONE',  ( -20.88290991014304865, -0.9999999999999993339, 7.523244421182097241 ) ) ;
#7955 = CARTESIAN_POINT ( 'NONE',  ( -69.00000000000000000, 7.016154273188029755, 20.10000000000000142 ) ) ;
#7956 = EDGE_CURVE ( 'NONE', #1189, #6685, #4284, .T. ) ;
#7957 = AXIS2_PLACEMENT_3D ( 'NONE', #746, #1502, #651 ) ;
#7958 = DIRECTION ( 'NONE',  ( 0.000000000000000000, 0.000000000000000000, 1.000000000000000000 ) ) ;
#7959 = LINE ( 'NONE', #1796, #340 ) ;
#7960 = CARTESIAN_POINT ( 'NONE',  ( -53.42915978271929589, 1.700000000000059908, 0.000000000000000000 ) ) ;
#7961 = ORIENTED_EDGE ( 'NONE', *, *, #8628, .T. ) ;
#7962 = CARTESIAN_POINT ( 'NONE',  ( -19.68963973913272980, -1.000000000000000222, 11.97530667582238273 ) ) ;
#7963 = CARTESIAN_POINT ( 'NONE',  ( -41.21429442403899657, -0.5999999999999998668, 6.856929004042124909 ) ) ;
#7964 = CARTESIAN_POINT ( 'NONE',  ( -48.15064929207026978, -0.6000000000000003109, 11.09791147849600890 ) ) ;
#7965 = EDGE_CURVE ( 'NONE', #5339, #5306, #5622, .T. ) ;
#7966 = EDGE_CURVE ( 'NONE', #3952, #3504, #7487, .T. ) ;
#7967 = CARTESIAN_POINT ( 'NONE',  ( -24.24154904329582294, -0.9999999999999988898, 10.00757015016720253 ) ) ;
#7968 = VECTOR ( 'NONE', #4972, 1000.000000000000114 ) ;
#7969 = VERTEX_POINT ( 'NONE', #3375 ) ;
#7970 = CARTESIAN_POINT ( 'NONE',  ( -27.42251923717369877, -0.5999999999999998668, 6.987923560826689418 ) ) ;
#7971 = ORIENTED_EDGE ( 'NONE', *, *, #5224, .T. ) ;
#7972 = DIRECTION ( 'NONE',  ( 0.000000000000000000, 0.000000000000000000, 1.000000000000000000 ) ) ;
#7973 = VERTEX_POINT ( 'NONE', #2342 ) ;
#7974 = CARTESIAN_POINT ( 'NONE',  ( -50.30675498623022435, -0.6000000000000003109, 9.861314836190921085 ) ) ;
#7975 = ADVANCED_FACE ( 'NONE', ( #2925 ), #3063, .F. ) ;
#7976 = DIRECTION ( 'NONE',  ( -0.4999999999999993894, -0.8660254037844389297, 0.000000000000000000 ) ) ;
#7977 = CARTESIAN_POINT ( 'NONE',  ( -18.44986104781947489, -0.6000000000000000888, 13.45646351525994611 ) ) ;
#7978 = VERTEX_POINT ( 'NONE', #6507 ) ;
#7979 = ORIENTED_EDGE ( 'NONE', *, *, #8335, .T. ) ;
#7980 = LINE ( 'NONE', #7312, #6101 ) ;
#7981 = LINE ( 'NONE', #2393, #8150 ) ;
#7982 = VECTOR ( 'NONE', #4304, 1000.000000000000000 ) ;
#7983 = ORIENTED_EDGE ( 'NONE', *, *, #8226, .T. ) ;
#7984 = DIRECTION ( 'NONE',  ( -1.000000000000000000, 0.000000000000000000, 0.000000000000000000 ) ) ;
#7985 = EDGE_LOOP ( 'NONE', ( #5186, #5248, #291, #4428 ) ) ;
#7986 = CARTESIAN_POINT ( 'NONE',  ( -0.9007041555090071761, 12.27044826720279502, 11.75000000000000355 ) ) ;
#7987 = LINE ( 'NONE', #6647, #1787 ) ;
#7988 = CARTESIAN_POINT ( 'NONE',  ( -20.59162981766475298, -0.9999999999999995559, 7.931292166661541465 ) ) ;
#7989 = CARTESIAN_POINT ( 'NONE',  ( -24.88371685740840178, 11.56782032302750096, -0.9000000000000000222 ) ) ;
#7990 = CARTESIAN_POINT ( 'NONE',  ( -46.50000000000000000, 7.882179676972460136, 0.000000000000000000 ) ) ;
#7991 = ORIENTED_EDGE ( 'NONE', *, *, #1422, .T. ) ;
#7992 = CARTESIAN_POINT ( 'NONE',  ( -43.59996540263728093, -1.000000000000000000, 11.00752633366102806 ) ) ;
#7993 = ORIENTED_EDGE ( 'NONE', *, *, #2895, .F. ) ;
#7994 = DIRECTION ( 'NONE',  ( -0.5000000000000131006, -0.8660254037844311581, 0.000000000000000000 ) ) ;
#7995 = EDGE_CURVE ( 'NONE', #7493, #3264, #2890, .T. ) ;
#7996 = VECTOR ( 'NONE', #2946, 1000.000000000000000 ) ;
#7997 = AXIS2_PLACEMENT_3D ( 'NONE', #8543, #230, #2409 ) ;
#7998 = CARTESIAN_POINT ( 'NONE',  ( -20.88290991014304865, -0.5999999999999998668, 7.523244421182097241 ) ) ;
#7999 = LINE ( 'NONE', #1298, #316 ) ;
#8000 = CARTESIAN_POINT ( 'NONE',  ( -1.450704155516179927, 11.31782032302749919, 20.10000000000000142 ) ) ;
#8001 = CARTESIAN_POINT ( 'NONE',  ( -1.000000000000000000, 7.016154273188029755, -0.9000000000000000222 ) ) ;
#8002 = CARTESIAN_POINT ( 'NONE',  ( -48.15064929207026978, -0.6000000000000003109, 11.09791147849600890 ) ) ;
#8003 = VECTOR ( 'NONE', #738, 1000.000000000000000 ) ;
#8004 = DIRECTION ( 'NONE',  ( -0.5000000000000135447, -0.8660254037844308250, 0.000000000000000000 ) ) ;
#8005 = EDGE_CURVE ( 'NONE', #233, #1058, #2566, .T. ) ;
#8006 = ORIENTED_EDGE ( 'NONE', *, *, #3090, .T. ) ;
#8007 = CARTESIAN_POINT ( 'NONE',  ( -24.00000000000000000, 7.016154273188029755, 20.10000000000000142 ) ) ;
#8008 = CARTESIAN_POINT ( 'NONE',  ( -40.21923710052491430, -0.9999999999999995559, 11.58615879277497029 ) ) ;
#8009 = AXIS2_PLACEMENT_3D ( 'NONE', #3565, #5717, #2349 ) ;
#8010 = DIRECTION ( 'NONE',  ( -0.8660254037843710950, 0.5000000000001171285, 0.000000000000000000 ) ) ;
#8011 = CARTESIAN_POINT ( 'NONE',  ( -19.40146660559475222, -0.9999999999999997780, 6.987923560826689418 ) ) ;
#8012 = ORIENTED_EDGE ( 'NONE', *, *, #7534, .F. ) ;
#8013 = EDGE_CURVE ( 'NONE', #1486, #5012, #7760, .T. ) ;
#8014 = CARTESIAN_POINT ( 'NONE',  ( -2.885376123502870061E-16, 1.699999999999910028, 0.000000000000000000 ) ) ;
#8015 = VECTOR ( 'NONE', #7241, 1000.000000000000000 ) ;
#8016 = EDGE_LOOP ( 'NONE', ( #1084, #6230, #6874, #6653, #203, #3253, #700, #8599, #871, #8180, #2154, #5795, #1363 ) ) ;
#8017 = CARTESIAN_POINT ( 'NONE',  ( -11.04073061204801576, -1.000000000000000000, 11.38028172094788637 ) ) ;
#8018 = EDGE_LOOP ( 'NONE', ( #2564, #4314, #2786, #1647 ) ) ;
#8019 = CARTESIAN_POINT ( 'NONE',  ( -51.45025741577971701, -0.6000000000000000888, 9.458323040533736403 ) ) ;
#8020 = DIRECTION ( 'NONE',  ( 8.659560562354030599E-17, -0.7071067811866210695, 0.7071067811864739650 ) ) ;
#8021 = CARTESIAN_POINT ( 'NONE',  ( -9.199330374936424803, 0.4339745962156045800, 19.40000000000000213 ) ) ;
#8022 = ORIENTED_EDGE ( 'NONE', *, *, #7656, .F. ) ;
#8023 = VERTEX_POINT ( 'NONE', #7174 ) ;
#8024 = EDGE_CURVE ( 'NONE', #5974, #8153, #5840, .T. ) ;
#8025 = LINE ( 'NONE', #561, #251 ) ;
#8026 = ADVANCED_FACE ( 'NONE', ( #296 ), #6273, .T. ) ;
#8027 = CARTESIAN_POINT ( 'NONE',  ( -28.28232669841226254, -1.000000000000000000, 8.294386105673760667 ) ) ;
#8028 = EDGE_CURVE ( 'NONE', #8023, #5318, #5300, .T. ) ;
#8029 = ORIENTED_EDGE ( 'NONE', *, *, #8678, .T. ) ;
#8030 = CARTESIAN_POINT ( 'NONE',  ( -7.087414293662227749, 4.091920550304282145, 0.000000000000000000 ) ) ;
#8031 = ORIENTED_EDGE ( 'NONE', *, *, #7705, .F. ) ;
#8032 = CARTESIAN_POINT ( 'NONE',  ( 5.588083918686936435, 9.678845264289613226, 0.000000000000000000 ) ) ;
#8033 = CARTESIAN_POINT ( 'NONE',  ( -19.18348109999023876, -0.6000000000000000888, 9.144178303691631982 ) ) ;
#8034 = PLANE ( 'NONE',  #1049 ) ;
#8035 = CARTESIAN_POINT ( 'NONE',  ( -10.17723109999023734, -0.6000000000000003109, 13.45832304053373818 ) ) ;
#8036 = CARTESIAN_POINT ( 'NONE',  ( -51.39320756509756905, -0.9999999999999997780, 11.98375273464900381 ) ) ;
#8037 = ORIENTED_EDGE ( 'NONE', *, *, #3041, .F. ) ;
#8038 = EDGE_CURVE ( 'NONE', #4242, #303, #8066, .T. ) ;
#8039 = CARTESIAN_POINT ( 'NONE',  ( -40.21923710052491430, -0.5999999999999996447, 11.58615879277497029 ) ) ;
#8040 = ORIENTED_EDGE ( 'NONE', *, *, #4783, .T. ) ;
#8041 = CARTESIAN_POINT ( 'NONE',  ( -40.27924333944917379, -1.000000000000000000, 5.485127420077968274 ) ) ;
#8042 = AXIS2_PLACEMENT_3D ( 'NONE', #4776, #6822, #2880 ) ;
#8043 = CARTESIAN_POINT ( 'NONE',  ( -69.50000000000000000, 7.882179676972460136, 0.000000000000000000 ) ) ;
#8044 = LINE ( 'NONE', #537, #5675 ) ;
#8045 = LINE ( 'NONE', #5367, #4248 ) ;
#8046 = CIRCLE ( 'NONE', #6619, 0.9999999999999592548 ) ;
#8047 = CARTESIAN_POINT ( 'NONE',  ( -31.36538899472707342, -1.000000000000000000, 11.87937567211268330 ) ) ;
#8048 = DIRECTION ( 'NONE',  ( -0.4999999999999995004, -0.8660254037844390407, 0.000000000000000000 ) ) ;
#8049 = VERTEX_POINT ( 'NONE', #3862 ) ;
#8050 = ORIENTED_EDGE ( 'NONE', *, *, #8369, .F. ) ;
#8051 = LINE ( 'NONE', #1267, #6859 ) ;
#8052 = VECTOR ( 'NONE', #3217, 1000.000000000000000 ) ;
#8053 = CARTESIAN_POINT ( 'NONE',  ( -26.49974226119280019, 10.76878221735089802, 20.10000000000000142 ) ) ;
#8054 = LINE ( 'NONE', #6753, #8052 ) ;
#8055 = CARTESIAN_POINT ( 'NONE',  ( -51.45025741577971701, -0.6000000000000000888, 9.458323040533736403 ) ) ;
#8056 = ORIENTED_EDGE ( 'NONE', *, *, #834, .F. ) ;
#8057 = CARTESIAN_POINT ( 'NONE',  ( -43.48254497094686144, -0.6000000000000000888, 13.16974093533125867 ) ) ;
#8058 = ORIENTED_EDGE ( 'NONE', *, *, #4945, .F. ) ;
#8059 = CARTESIAN_POINT ( 'NONE',  ( -10.88117846841128689, -0.6000000000000000888, 11.51095461948110632 ) ) ;
#8060 = ORIENTED_EDGE ( 'NONE', *, *, #5880, .T. ) ;
#8061 = CARTESIAN_POINT ( 'NONE',  ( -49.22454289166093133, -1.000000000000000444, 8.658752940516352581 ) ) ;
#8062 = CARTESIAN_POINT ( 'NONE',  ( -18.12342450645337522, -1.000000000000000000, 8.171393628204475235 ) ) ;
#8063 = ADVANCED_FACE ( 'NONE', ( #426 ), #7219, .F. ) ;
#8064 = VECTOR ( 'NONE', #722, 1000.000000000000000 ) ;
#8065 = AXIS2_PLACEMENT_3D ( 'NONE', #5766, #3118, #4337 ) ;
#8066 = LINE ( 'NONE', #8021, #7613 ) ;
#8067 = VERTEX_POINT ( 'NONE', #2600 ) ;
#8068 = VERTEX_POINT ( 'NONE', #3186 ) ;
#8069 = CARTESIAN_POINT ( 'NONE',  ( -45.70788383248145692, 12.73647367098722505, 11.75000000000000355 ) ) ;
#8070 = CARTESIAN_POINT ( 'NONE',  ( -25.63371685740840178, 10.26878221735089980, -0.9000000000000000222 ) ) ;
#8071 = VECTOR ( 'NONE', #4525, 1000.000000000000000 ) ;
#8072 = B_SPLINE_SURFACE_WITH_KNOTS ( 'NONE', 3, 1, ( 
 ( #2761, #4164 ),
 ( #5503, #8222 ),
 ( #2809, #7554 ),
 ( #1436, #2716 ),
 ( #8265, #4663 ),
 ( #5, #2012 ),
 ( #8758, #585 ),
 ( #7380, #1262 ),
 ( #3978, #3297 ),
 ( #6036, #2626 ),
 ( #1304, #5370 ),
 ( #1973, #6747 ),
 ( #629, #3340 ),
 ( #6083, #8138 ),
 ( #8804, #2673 ),
 ( #5413, #4747 ),
 ( #2851, #5726 ),
 ( #3703, #814 ),
 ( #140, #5054 ) ),
 .UNSPECIFIED., .F., .F., .F.,
 ( 4, 1, 1, 1, 1, 1, 1, 1, 1, 1, 1, 1, 1, 1, 1, 1, 4 ),
 ( 2, 2 ),
 ( 0.000000000000000000, 0.07094212724151663374, 0.1385183754078435081, 0.2034866694828015299, 0.2662222996845571288, 0.3269588489744603699, 0.3866394414588377737, 0.4461047956815061277, 0.5056554414061104064, 0.5650743576238653754, 0.6239028953530532107, 0.6825297753665022782, 0.7418331882361111074, 0.8025565414187313396, 0.8656318977335614173, 0.9311665147480487903, 0.9999999999999998890 ),
 ( 0.000000000000000000, 1.000000000000000000 ),
 .UNSPECIFIED. ) ;
#8073 = ORIENTED_EDGE ( 'NONE', *, *, #5796, .F. ) ;
#8074 = DIRECTION ( 'NONE',  ( -2.657184803002740111E-15, -1.000000000000000000, 0.000000000000000000 ) ) ;
#8075 = AXIS2_PLACEMENT_3D ( 'NONE', #5000, #7720, #2304 ) ;
#8076 = ORIENTED_EDGE ( 'NONE', *, *, #6725, .T. ) ;
#8077 = CARTESIAN_POINT ( 'NONE',  ( -39.80749425788496154, -0.6000000000000000888, 7.353059882638998346 ) ) ;
#8078 = VECTOR ( 'NONE', #7261, 1000.000000000000000 ) ;
#8079 = EDGE_CURVE ( 'NONE', #5792, #7645, #6549, .T. ) ;
#8080 = EDGE_CURVE ( 'NONE', #4597, #3152, #5924, .T. ) ;
#8081 = DIRECTION ( 'NONE',  ( -0.8660254037844479225, 0.4999999999999839573, 0.000000000000000000 ) ) ;
#8082 = CARTESIAN_POINT ( 'NONE',  ( -19.54224928118659577, -1.000000000000000000, 8.888138994193104381 ) ) ;
#8083 = CARTESIAN_POINT ( 'NONE',  ( -28.92328373156918886, -1.000000000000000000, 12.78727040895478950 ) ) ;
#8084 = DIRECTION ( 'NONE',  ( 0.000000000000000000, 0.000000000000000000, -1.000000000000000000 ) ) ;
#8085 = ORIENTED_EDGE ( 'NONE', *, *, #3784, .T. ) ;
#8086 = CARTESIAN_POINT ( 'NONE',  ( -63.79999999999999716, 3.500000000000400124, 9.599999999999999645 ) ) ;
#8087 = ORIENTED_EDGE ( 'NONE', *, *, #7060, .T. ) ;
#8088 = DIRECTION ( 'NONE',  ( -1.000000000000000000, 2.657184803002740111E-15, 0.000000000000000000 ) ) ;
#8089 = LINE ( 'NONE', #8043, #3017 ) ;
#8090 = EDGE_CURVE ( 'NONE', #6545, #3277, #4681, .T. ) ;
#8091 = LINE ( 'NONE', #8667, #388 ) ;
#8092 = DIRECTION ( 'NONE',  ( 0.000000000000000000, 0.000000000000000000, -1.000000000000000000 ) ) ;
#8093 = DIRECTION ( 'NONE',  ( -1.000000000000000000, 0.000000000000000000, 0.000000000000000000 ) ) ;
#8094 = FACE_OUTER_BOUND ( 'NONE', #2292, .T. ) ;
#8095 = DIRECTION ( 'NONE',  ( 1.000000000000000000, 0.000000000000000000, -0.000000000000000000 ) ) ;
#8096 = AXIS2_PLACEMENT_3D ( 'NONE', #5366, #8754, #4743 ) ;
#8097 = AXIS2_PLACEMENT_3D ( 'NONE', #6762, #6674, #3265 ) ;
#8098 = ORIENTED_EDGE ( 'NONE', *, *, #2697, .F. ) ;
#8099 = VERTEX_POINT ( 'NONE', #6678 ) ;
#8100 = CARTESIAN_POINT ( 'NONE',  ( -39.88036713501679031, -0.6000000000000003109, 7.310829637072004950 ) ) ;
#8101 = PLANE ( 'NONE',  #3185 ) ;
#8102 = DIRECTION ( 'NONE',  ( 0.000000000000000000, 0.000000000000000000, 1.000000000000000000 ) ) ;
#8103 = AXIS2_PLACEMENT_3D ( 'NONE', #5395, #8120, #1415 ) ;
#8104 = LINE ( 'NONE', #4456, #6782 ) ;
#8105 = VERTEX_POINT ( 'NONE', #1947 ) ;
#8106 = CARTESIAN_POINT ( 'NONE',  ( -26.42457249622139059, -0.6000000000000000888, 12.02454957350305520 ) ) ;
#8107 = ORIENTED_EDGE ( 'NONE', *, *, #6010, .T. ) ;
#8108 = FACE_OUTER_BOUND ( 'NONE', #3606, .T. ) ;
#8109 = EDGE_CURVE ( 'NONE', #835, #5086, #5389, .T. ) ;
#8110 = VERTEX_POINT ( 'NONE', #7399 ) ;
#8111 = CARTESIAN_POINT ( 'NONE',  ( -49.00056448051102365, -0.9999999999999995559, 8.831632689562095351 ) ) ;
#8112 = LINE ( 'NONE', #1899, #2408 ) ;
#8113 = AXIS2_PLACEMENT_3D ( 'NONE', #5668, #5174, #4416 ) ;
#8114 = CARTESIAN_POINT ( 'NONE',  ( -46.00000000000000000, 7.016154273188029755, 0.000000000000000000 ) ) ;
#8115 = ORIENTED_EDGE ( 'NONE', *, *, #3192, .F. ) ;
#8116 = CARTESIAN_POINT ( 'NONE',  ( -6.141188803640606153, 10.33083117443839960, 19.40000000000000213 ) ) ;
#8117 = CARTESIAN_POINT ( 'NONE',  ( -24.69974226119958516, 13.88647367098246121, 20.10000000000000142 ) ) ;
#8118 = ORIENTED_EDGE ( 'NONE', *, *, #6495, .F. ) ;
#8119 = EDGE_CURVE ( 'NONE', #6086, #8568, #4589, .T. ) ;
#8120 = DIRECTION ( 'NONE',  ( 0.000000000000000000, 0.000000000000000000, -1.000000000000000000 ) ) ;
#8121 = ORIENTED_EDGE ( 'NONE', *, *, #7545, .T. ) ;
#8122 = CARTESIAN_POINT ( 'NONE',  ( -56.92804908282615628, 1.432050807568885142, -0.2000000000000000389 ) ) ;
#8123 = CARTESIAN_POINT ( 'NONE',  ( -19.84194055712524118, -0.6000000000000003109, 8.658960788302810130 ) ) ;
#8124 = LINE ( 'NONE', #7453, #2046 ) ;
#8125 = LINE ( 'NONE', #8746, #2051 ) ;
#8126 = AXIS2_PLACEMENT_3D ( 'NONE', #4217, #863, #4261 ) ;
#8127 = CARTESIAN_POINT ( 'NONE',  ( -20.90223109999023876, -0.6000000000000000888, 11.24779672474426206 ) ) ;
#8128 = FACE_OUTER_BOUND ( 'NONE', #618, .T. ) ;
#8129 = EDGE_LOOP ( 'NONE', ( #5168, #3825, #3911, #788, #4844, #8087, #4758 ) ) ;
#8130 = EDGE_CURVE ( 'NONE', #4445, #3777, #8643, .T. ) ;
#8131 = DIRECTION ( 'NONE',  ( 0.8660254037844322683, -0.5000000000000112133, 0.000000000000000000 ) ) ;
#8132 = EDGE_CURVE ( 'NONE', #4985, #8435, #3998, .T. ) ;
#8133 = LINE ( 'NONE', #4061, #6023 ) ;
#8134 = B_SPLINE_CURVE_WITH_KNOTS ( 'NONE', 3,
 ( #3666, #1126, #2454, #4518, #7912, #5063, #6571, #3798, #7738, #4476, #7197, #7110, #7243, #5152, #6400, #6530, #1711, #1079, #8586 ),
 .UNSPECIFIED., .F., .F.,
 ( 4, 1, 1, 1, 1, 1, 1, 1, 1, 1, 1, 1, 1, 1, 1, 1, 4 ),
 ( 0.000000000000000000, 0.07094212724151663374, 0.1385183754078435081, 0.2034866694828015299, 0.2662222996845571288, 0.3269588489744603699, 0.3866394414588377737, 0.4461047956815061277, 0.5056554414061104064, 0.5650743576238653754, 0.6239028953530532107, 0.6825297753665022782, 0.7418331882361111074, 0.8025565414187313396, 0.8656318977335614173, 0.9311665147480487903, 0.9999999999999998890 ),
 .UNSPECIFIED. ) ;
#8135 = DIRECTION ( 'NONE',  ( -0.000000000000000000, -0.000000000000000000, -1.000000000000000000 ) ) ;
#8136 = FACE_OUTER_BOUND ( 'NONE', #2530, .T. ) ;
#8137 = FACE_OUTER_BOUND ( 'NONE', #4059, .T. ) ;
#8138 = CARTESIAN_POINT ( 'NONE',  ( -42.71379303610329004, -0.9999999999999995559, 6.989265806664327840 ) ) ;
#8139 = CARTESIAN_POINT ( 'NONE',  ( -43.30922636425738403, -0.5999999999999998668, 7.338705006720899426 ) ) ;
#8140 = ORIENTED_EDGE ( 'NONE', *, *, #4273, .T. ) ;
#8141 = EDGE_CURVE ( 'NONE', #7148, #1195, #7900, .T. ) ;
#8142 = ADVANCED_FACE ( 'NONE', ( #2514 ), #1418, .T. ) ;
#8143 = VERTEX_POINT ( 'NONE', #6401 ) ;
#8144 = LINE ( 'NONE', #1352, #1008 ) ;
#8145 = CARTESIAN_POINT ( 'NONE',  ( 14.08934475965829058, -0.5000000000000000000, 20.10000000000000142 ) ) ;
#8146 = DIRECTION ( 'NONE',  ( -0.000000000000000000, -1.000000000000000000, -0.000000000000000000 ) ) ;
#8147 = CARTESIAN_POINT ( 'NONE',  ( -50.48389711804703950, -1.000000000000000444, 11.74922394191066033 ) ) ;
#8148 = ORIENTED_EDGE ( 'NONE', *, *, #1301, .F. ) ;
#8149 = CARTESIAN_POINT ( 'NONE',  ( -18.03381004735866000, -0.6000000000000000888, 8.232994093165316940 ) ) ;
#8150 = VECTOR ( 'NONE', #5887, 1000.000000000000114 ) ;
#8151 = VERTEX_POINT ( 'NONE', #6904 ) ;
#8152 = CARTESIAN_POINT ( 'NONE',  ( -10.93291132015955469, -1.000000000000000000, 11.46858551347443900 ) ) ;
#8153 = VERTEX_POINT ( 'NONE', #4809 ) ;
#8154 = CARTESIAN_POINT ( 'NONE',  ( -50.94946010435885597, -1.000000000000000222, 8.096113592212564214 ) ) ;
#8155 = CARTESIAN_POINT ( 'NONE',  ( -39.87569882523044384, -0.9999999999999997780, 13.17752586909018575 ) ) ;
#8156 = CARTESIAN_POINT ( 'NONE',  ( -16.64040543225925006, -1.000000000000000000, 12.85012213163347816 ) ) ;
#8157 = VERTEX_POINT ( 'NONE', #4851 ) ;
#8158 = LINE ( 'NONE', #698, #2953 ) ;
#8159 = CARTESIAN_POINT ( 'NONE',  ( 1.700000000000000178, 7.997649730810350910, -0.9000000000000000222 ) ) ;
#8160 = ORIENTED_EDGE ( 'NONE', *, *, #8005, .F. ) ;
#8161 = CARTESIAN_POINT ( 'NONE',  ( -56.92804908282615628, 1.432050807568885364, 19.40000000000000213 ) ) ;
#8162 = VERTEX_POINT ( 'NONE', #5566 ) ;
#8163 = CARTESIAN_POINT ( 'NONE',  ( -28.28232669841226254, -0.6000000000000000888, 8.294386105673760667 ) ) ;
#8164 = CARTESIAN_POINT ( 'NONE',  ( -28.70195831909959949, 8.691600689896679555, 20.10000000000000142 ) ) ;
#8165 = CARTESIAN_POINT ( 'NONE',  ( 18.85066962506356347, 9.180831174438425890, -0.2000000000000000389 ) ) ;
#8166 = ADVANCED_FACE ( 'NONE', ( #6144 ), #4722, .T. ) ;
#8167 = DIRECTION ( 'NONE',  ( 1.187404304411920111E-15, 1.000000000000000000, 0.000000000000000000 ) ) ;
#8168 = CARTESIAN_POINT ( 'NONE',  ( -51.28274143121372219, -0.5999999999999998668, 11.98203698031615083 ) ) ;
#8169 = ORIENTED_EDGE ( 'NONE', *, *, #2995, .F. ) ;
#8170 = DIRECTION ( 'NONE',  ( 0.000000000000000000, -0.000000000000000000, -1.000000000000000000 ) ) ;
#8171 = ORIENTED_EDGE ( 'NONE', *, *, #8356, .T. ) ;
#8172 = FACE_OUTER_BOUND ( 'NONE', #8403, .T. ) ;
#8173 = CARTESIAN_POINT ( 'NONE',  ( -69.00000000000000000, -0.5000000000000000000, -0.9000000000000000222 ) ) ;
#8174 = CARTESIAN_POINT ( 'NONE',  ( -23.97840707406922789, -0.9999999999999997780, 11.10628253234542484 ) ) ;
#8175 = DIRECTION ( 'NONE',  ( 0.000000000000000000, 0.000000000000000000, -1.000000000000000000 ) ) ;
#8176 = EDGE_CURVE ( 'NONE', #4014, #1438, #5430, .T. ) ;
#8177 = CARTESIAN_POINT ( 'NONE',  ( -48.89079716967073352, -0.6000000000000000888, 12.71799628697119111 ) ) ;
#8178 = DIRECTION ( 'NONE',  ( 0.000000000000000000, 0.000000000000000000, 1.000000000000000000 ) ) ;
#8179 = PLANE ( 'NONE',  #647 ) ;
#8180 = ORIENTED_EDGE ( 'NONE', *, *, #2756, .F. ) ;
#8181 = ORIENTED_EDGE ( 'NONE', *, *, #2881, .T. ) ;
#8182 = CARTESIAN_POINT ( 'NONE',  ( -40.03608539922219478, -0.5999999999999998668, 5.574170410639514017 ) ) ;
#8183 = CARTESIAN_POINT ( 'NONE',  ( -24.24633191873573779, -0.6000000000000000888, 12.33517386138926852 ) ) ;
#8184 = VECTOR ( 'NONE', #3328, 1000.000000000000114 ) ;
#8185 = LINE ( 'NONE', #6225, #8806 ) ;
#8186 = EDGE_CURVE ( 'NONE', #3064, #2196, #8407, .T. ) ;
#8187 = ADVANCED_FACE ( 'NONE', ( #787 ), #2280, .T. ) ;
#8188 = CARTESIAN_POINT ( 'NONE',  ( 11.07195091717383839, -0.2999999999999934386, 19.40000000000000213 ) ) ;
#8189 = VECTOR ( 'NONE', #3933, 1000.000000000000000 ) ;
#8190 = CARTESIAN_POINT ( 'NONE',  ( -41.92829683008832831, -0.6000000000000000888, 13.45518866424742832 ) ) ;
#8191 = CIRCLE ( 'NONE', #4348, 1.000000000000000888 ) ;
#8192 = ORIENTED_EDGE ( 'NONE', *, *, #1454, .T. ) ;
#8193 = DIRECTION ( 'NONE',  ( 0.5000000000000061062, 0.8660254037844351549, 0.000000000000000000 ) ) ;
#8194 = ORIENTED_EDGE ( 'NONE', *, *, #7545, .F. ) ;
#8195 = CARTESIAN_POINT ( 'NONE',  ( -45.73206539917264024, -0.6000000000000000888, 10.90882525594158814 ) ) ;
#8196 = FACE_OUTER_BOUND ( 'NONE', #1671, .T. ) ;
#8197 = EDGE_CURVE ( 'NONE', #740, #960, #115, .T. ) ;
#8198 = CARTESIAN_POINT ( 'NONE',  ( -17.01316975714300739, -0.6000000000000003109, 13.11135946260412233 ) ) ;
#8199 = ORIENTED_EDGE ( 'NONE', *, *, #8561, .T. ) ;
#8200 = CARTESIAN_POINT ( 'NONE',  ( -57.12420150553280251, 1.700000000000004396, 19.40000000000000213 ) ) ;
#8201 = CARTESIAN_POINT ( 'NONE',  ( -29.23370258564760604, -1.000000000000000222, 6.813307792856671874 ) ) ;
#8202 = ORIENTED_EDGE ( 'NONE', *, *, #3633, .T. ) ;
#8203 = LINE ( 'NONE', #1462, #7675 ) ;
#8204 = EDGE_LOOP ( 'NONE', ( #3356, #1338, #559, #7702 ) ) ;
#8205 = DIRECTION ( 'NONE',  ( -0.8660254037881350841, 0.4999999999935973993, 0.000000000000000000 ) ) ;
#8206 = AXIS2_PLACEMENT_3D ( 'NONE', #7639, #5498, #2049 ) ;
#8207 = DIRECTION ( 'NONE',  ( -1.000000000000000000, 0.000000000000000000, 0.000000000000000000 ) ) ;
#8208 = DIRECTION ( 'NONE',  ( 0.4999999999999994449, 0.8660254037844389297, 0.000000000000000000 ) ) ;
#8209 = CARTESIAN_POINT ( 'NONE',  ( -24.66145806383820371, -1.000000000000000000, 12.85012213163347816 ) ) ;
#8210 = CARTESIAN_POINT ( 'NONE',  ( -50.97339704878729805, -0.9999999999999997780, 11.94249659581809908 ) ) ;
#8211 = ORIENTED_EDGE ( 'NONE', *, *, #8781, .T. ) ;
#8212 = VECTOR ( 'NONE', #586, 1000.000000000000000 ) ;
#8213 = CARTESIAN_POINT ( 'NONE',  ( -20.64068432491265170, -0.6000000000000003109, 12.94884735617693927 ) ) ;
#8214 = ORIENTED_EDGE ( 'NONE', *, *, #3851, .T. ) ;
#8215 = CARTESIAN_POINT ( 'NONE',  ( -41.42030278313789182, -0.5999999999999998668, 5.271098781560102253 ) ) ;
#8216 = DIRECTION ( 'NONE',  ( -1.000000000000000000, 2.657184803002740111E-15, 0.000000000000000000 ) ) ;
#8217 = ADVANCED_FACE ( 'NONE', ( #648 ), #4350, .T. ) ;
#8218 = CARTESIAN_POINT ( 'NONE',  ( -25.63371685740840178, 10.26878221735089980, 0.000000000000000000 ) ) ;
#8219 = DIRECTION ( 'NONE',  ( 0.000000000000000000, 0.000000000000000000, 1.000000000000000000 ) ) ;
#8220 = CARTESIAN_POINT ( 'NONE',  ( -50.48498912895652779, -0.6000000000000000888, 9.700936334354896218 ) ) ;
#8221 = CARTESIAN_POINT ( 'NONE',  ( -42.15721045327303784, -0.6000000000000003109, 11.84136296305716662 ) ) ;
#8222 = CARTESIAN_POINT ( 'NONE',  ( -44.12172288220737926, -0.9999999999999997780, 9.216430453691458524 ) ) ;
#8223 = CARTESIAN_POINT ( 'NONE',  ( -44.03847919318975102, -0.5999999999999996447, 8.524052417442701923 ) ) ;
#8224 = ORIENTED_EDGE ( 'NONE', *, *, #8717, .F. ) ;
#8225 = VERTEX_POINT ( 'NONE', #8455 ) ;
#8226 = EDGE_CURVE ( 'NONE', #7969, #6608, #7191, .T. ) ;
#8227 = CARTESIAN_POINT ( 'NONE',  ( -26.58705397826201278, -0.6000000000000005329, 9.610252367229712434 ) ) ;
#8228 = CARTESIAN_POINT ( 'NONE',  ( -24.14761579488492060, -0.5999999999999998668, 12.13312336911525335 ) ) ;
#8229 = CARTESIAN_POINT ( 'NONE',  ( -39.80749425788496154, -0.6000000000000000888, 7.353059882638998346 ) ) ;
#8230 = CARTESIAN_POINT ( 'NONE',  ( -53.42915978271929589, 1.700000000000059908, -0.9000000000000000222 ) ) ;
#8231 = CIRCLE ( 'NONE', #3371, 2.000000000000005329 ) ;
#8232 = CARTESIAN_POINT ( 'NONE',  ( -46.00000000000000000, 1.700000000000029932, -0.9000000000000000222 ) ) ;
#8233 = EDGE_LOOP ( 'NONE', ( #3616, #1549, #794, #7033, #3471, #3333, #5506, #2345 ) ) ;
#8234 = EDGE_CURVE ( 'NONE', #6575, #1640, #7530, .T. ) ;
#8235 = CARTESIAN_POINT ( 'NONE',  ( -17.63643228431167742, -0.5999999999999998668, 8.506930969293595268 ) ) ;
#8236 = CARTESIAN_POINT ( 'NONE',  ( -67.29999999999998295, 3.947916666667156793, 9.600000000000003197 ) ) ;
#8237 = EDGE_CURVE ( 'NONE', #8157, #7384, #3748, .T. ) ;
#8238 = ORIENTED_EDGE ( 'NONE', *, *, #7036, .T. ) ;
#8239 = VECTOR ( 'NONE', #7082, 1000.000000000000000 ) ;
#8240 = CARTESIAN_POINT ( 'NONE',  ( -44.20817929496355703, -0.6000000000000003109, 12.79601454261411142 ) ) ;
#8241 = CARTESIAN_POINT ( 'NONE',  ( -12.57361267893760370, -1.000000000000000000, 10.82674409316531516 ) ) ;
#8242 = CARTESIAN_POINT ( 'NONE',  ( -15.95706514775215723, -0.5999999999999998668, 11.27971252834454141 ) ) ;
#8243 = ORIENTED_EDGE ( 'NONE', *, *, #5691, .T. ) ;
#8244 = B_SPLINE_CURVE_WITH_KNOTS ( 'NONE', 3,
 ( #4048, #3278, #6818, #8248, #2609, #6020, #6772, #2698, #656, #7492, #4688 ),
 .UNSPECIFIED., .F., .F.,
 ( 4, 1, 1, 1, 1, 1, 1, 1, 4 ),
 ( 0.000000000000000000, 0.1430077439239314518, 0.2804410517570049555, 0.4124252536065051711, 0.5392244040641462899, 0.6612359185481836432, 0.7784486032602823125, 0.8911018786123227065, 1.000000000000000000 ),
 .UNSPECIFIED. ) ;
#8245 = CARTESIAN_POINT ( 'NONE',  ( -45.70788383248145692, 12.73647367098722505, 8.450000000000022382 ) ) ;
#8246 = CARTESIAN_POINT ( 'NONE',  ( -44.20817929496355703, -1.000000000000000222, 12.79601454261411142 ) ) ;
#8247 = ORIENTED_EDGE ( 'NONE', *, *, #1904, .T. ) ;
#8248 = CARTESIAN_POINT ( 'NONE',  ( -41.21727455279182806, -0.5999999999999998668, 13.44008155705128438 ) ) ;
#8249 = EDGE_CURVE ( 'NONE', #5933, #7518, #2321, .T. ) ;
#8250 = ORIENTED_EDGE ( 'NONE', *, *, #8005, .T. ) ;
#8251 = CARTESIAN_POINT ( 'NONE',  ( -15.96223065453130552, -0.9999999999999997780, 10.93234529440608505 ) ) ;
#8252 = PLANE ( 'NONE',  #5619 ) ;
#8253 = DIRECTION ( 'NONE',  ( 1.000000000000000000, 0.000000000000000000, 0.000000000000000000 ) ) ;
#8254 = AXIS2_PLACEMENT_3D ( 'NONE', #4050, #8833, #1997 ) ;
#8255 = CARTESIAN_POINT ( 'NONE',  ( -18.64606814734653994, -0.9999999999999997780, 12.07566957060192259 ) ) ;
#8256 = ORIENTED_EDGE ( 'NONE', *, *, #1254, .T. ) ;
#8257 = CARTESIAN_POINT ( 'NONE',  ( -9.091704784200763001, -1.000000000000000000, 13.45832304053373818 ) ) ;
#8258 = EDGE_LOOP ( 'NONE', ( #7027, #6006, #467, #8638 ) ) ;
#8259 = CARTESIAN_POINT ( 'NONE',  ( -72.49974226119279308, 10.76878221735089802, 0.000000000000000000 ) ) ;
#8260 = FACE_OUTER_BOUND ( 'NONE', #5207, .T. ) ;
#8261 = CARTESIAN_POINT ( 'NONE',  ( -28.38728336393429430, -0.6000000000000000888, 13.08467914565414070 ) ) ;
#8262 = CARTESIAN_POINT ( 'NONE',  ( 17.29804168090040051, 8.691600689896679555, -0.9000000000000000222 ) ) ;
#8263 = CARTESIAN_POINT ( 'NONE',  ( 0.6999999999999999556, 7.997649730810350910, 20.10000000000000142 ) ) ;
#8264 = DIRECTION ( 'NONE',  ( 0.5000000000000131006, 0.8660254037844311581, 0.000000000000000000 ) ) ;
#8265 = CARTESIAN_POINT ( 'NONE',  ( -44.03847919318975102, -0.5999999999999996447, 8.524052417442701923 ) ) ;
#8266 = CARTESIAN_POINT ( 'NONE',  ( -24.36375199166174355, -0.5999999999999998668, 12.52353250357850634 ) ) ;
#8267 = EDGE_CURVE ( 'NONE', #67, #5933, #454, .T. ) ;
#8268 = ORIENTED_EDGE ( 'NONE', *, *, #6853, .F. ) ;
#8269 = ORIENTED_EDGE ( 'NONE', *, *, #3192, .T. ) ;
#8270 = DIRECTION ( 'NONE',  ( -0.8660254037844172803, 0.5000000000000371925, 0.000000000000000000 ) ) ;
#8271 = CARTESIAN_POINT ( 'NONE',  ( -31.36538899472707342, -0.6000000000000000888, 11.87937567211268330 ) ) ;
#8272 = CARTESIAN_POINT ( 'NONE',  ( -46.00000000000000711, 7.016154273188029755, 20.10000000000000142 ) ) ;
#8273 = EDGE_CURVE ( 'NONE', #5885, #3140, #4347, .T. ) ;
#8274 = FACE_OUTER_BOUND ( 'NONE', #5471, .T. ) ;
#8275 = PLANE ( 'NONE',  #8579 ) ;
#8276 = VERTEX_POINT ( 'NONE', #1669 ) ;
#8277 = DIRECTION ( 'NONE',  ( 0.000000000000000000, 0.000000000000000000, 1.000000000000000000 ) ) ;
#8278 = CARTESIAN_POINT ( 'NONE',  ( -9.199330374936424803, 0.4339745962156045800, 19.40000000000000213 ) ) ;
#8279 = VERTEX_POINT ( 'NONE', #7157 ) ;
#8280 = CARTESIAN_POINT ( 'NONE',  ( -20.90223109999023876, -0.6000000000000000888, 11.24779672474426206 ) ) ;
#8281 = VECTOR ( 'NONE', #7388, 1000.000000000000000 ) ;
#8282 = DIRECTION ( 'NONE',  ( -1.000000000000000000, 2.739037067331801215E-15, 0.000000000000000000 ) ) ;
#8283 = EDGE_CURVE ( 'NONE', #4956, #642, #5153, .T. ) ;
#8284 = CIRCLE ( 'NONE', #4305, 1.000000000000000888 ) ;
#8285 = ORIENTED_EDGE ( 'NONE', *, *, #2881, .F. ) ;
#8286 = CARTESIAN_POINT ( 'NONE',  ( 14.58934475965829236, -0.5000000000000000000, 20.10000000000000142 ) ) ;
#8287 = CARTESIAN_POINT ( 'NONE',  ( -45.95108718553326810, -1.000000000000000444, 10.08724050026382812 ) ) ;
#8288 = ORIENTED_EDGE ( 'NONE', *, *, #1833, .T. ) ;
#8289 = DIRECTION ( 'NONE',  ( 0.000000000000000000, 0.000000000000000000, -1.000000000000000000 ) ) ;
#8290 = ORIENTED_EDGE ( 'NONE', *, *, #8237, .F. ) ;
#8291 = LINE ( 'NONE', #884, #8791 ) ;
#8293 = AXIS2_PLACEMENT_3D ( 'NONE', #4114, #4834, #4066 ) ;
#8292 = VECTOR ( 'NONE', #7994, 1000.000000000000227 ) ;
#8294 = CARTESIAN_POINT ( 'NONE',  ( -74.29596775121443386, 3.057628406783276187, 0.000000000000000000 ) ) ;
#8295 = CARTESIAN_POINT ( 'NONE',  ( -0.2078838324814590577, 11.87044826720278934, 11.75000000000000355 ) ) ;
#8296 = EDGE_CURVE ( 'NONE', #2151, #3573, #1171, .T. ) ;
#8297 = EDGE_CURVE ( 'NONE', #5372, #6063, #2458, .T. ) ;
#8298 =( LENGTH_UNIT ( ) NAMED_UNIT ( * ) SI_UNIT ( .MILLI., .METRE. ) );
#8299 = EDGE_CURVE ( 'NONE', #8681, #7040, #3758, .T. ) ;
#8300 = CARTESIAN_POINT ( 'NONE',  ( -26.42457249622139059, -1.000000000000000000, 12.02454957350305520 ) ) ;
#8301 = ORIENTED_EDGE ( 'NONE', *, *, #4253, .T. ) ;
#8302 = CARTESIAN_POINT ( 'NONE',  ( -27.32121158753087897, -1.000000000000000000, 9.060909721805188610 ) ) ;
#8303 = ORIENTED_EDGE ( 'NONE', *, *, #2069, .F. ) ;
#8304 = LINE ( 'NONE', #5761, #4587 ) ;
#8305 = AXIS2_PLACEMENT_3D ( 'NONE', #2006, #89, #2089 ) ;
#8306 = CARTESIAN_POINT ( 'NONE',  ( -31.30625231310161993, 11.58083117443855237, -0.9000000000000000222 ) ) ;
#8307 = CARTESIAN_POINT ( 'NONE',  ( -26.67775067083179152, -0.6000000000000003109, 13.45661921709829656 ) ) ;
#8308 = DIRECTION ( 'NONE',  ( -1.000000000000000000, 2.657184803002740111E-15, 0.000000000000000000 ) ) ;
#8309 = LINE ( 'NONE', #7508, #5331 ) ;
#8310 = EDGE_CURVE ( 'NONE', #3601, #7458, #8327, .T. ) ;
#8311 = CARTESIAN_POINT ( 'NONE',  ( -46.90070415550901117, 12.27044826720279502, 11.75000000000000355 ) ) ;
#8312 = FACE_OUTER_BOUND ( 'NONE', #4104, .T. ) ;
#8313 = CARTESIAN_POINT ( 'NONE',  ( -24.01310677922320025, -0.6000000000000003109, 10.67843027939516887 ) ) ;
#8314 = ORIENTED_EDGE ( 'NONE', *, *, #6941, .T. ) ;
#8315 = CARTESIAN_POINT ( 'NONE',  ( -27.09261432773257283, -0.5999999999999998668, 9.225014081453197790 ) ) ;
#8316 = CARTESIAN_POINT ( 'NONE',  ( -25.73063832117299299, -0.6000000000000003109, 13.37210029883641305 ) ) ;
#8317 = DIRECTION ( 'NONE',  ( 0.4999999999999610312, 0.8660254037844612451, 0.000000000000000000 ) ) ;
#8318 = LINE ( 'NONE', #104, #5644 ) ;
#8319 = LINE ( 'NONE', #105, #5431 ) ;
#8320 = ORIENTED_EDGE ( 'NONE', *, *, #2367, .F. ) ;
#8321 = CARTESIAN_POINT ( 'NONE',  ( -16.12480915016182337, -0.6000000000000005329, 10.21679991709144808 ) ) ;
#8322 = VECTOR ( 'NONE', #2223, 1000.000000000000000 ) ;
#8323 = CYLINDRICAL_SURFACE ( 'NONE', #1591, 0.9999999999999978906 ) ;
#8324 = ORIENTED_EDGE ( 'NONE', *, *, #1089, .F. ) ;
#8325 = CARTESIAN_POINT ( 'NONE',  ( -20.82431068482872050, -0.6000000000000000888, 11.31487071008127288 ) ) ;
#8326 = CARTESIAN_POINT ( 'NONE',  ( -12.10201275953803624, -1.000000000000000222, 10.91553657044405412 ) ) ;
#8327 = CIRCLE ( 'NONE', #3184, 1.000000000000000000 ) ;
#8328 = ORIENTED_EDGE ( 'NONE', *, *, #1618, .T. ) ;
#8329 = DIRECTION ( 'NONE',  ( 0.000000000000000000, 0.000000000000000000, -1.000000000000000000 ) ) ;
#8330 = LINE ( 'NONE', #2118, #2709 ) ;
#8331 = ORIENTED_EDGE ( 'NONE', *, *, #2697, .T. ) ;
#8332 = CARTESIAN_POINT ( 'NONE',  ( -11.86805380003419153, -0.5999999999999998668, 10.98300126531580290 ) ) ;
#8333 = ORIENTED_EDGE ( 'NONE', *, *, #6909, .F. ) ;
#8334 = CARTESIAN_POINT ( 'NONE',  ( -50.08547231253844245, -1.000000000000000222, 10.30359116983397350 ) ) ;
#8335 = EDGE_CURVE ( 'NONE', #6186, #1943, #7959, .T. ) ;
#8336 = B_SPLINE_SURFACE_WITH_KNOTS ( 'NONE', 3, 1, ( 
 ( #8708, #4657 ),
 ( #3165, #1791 ),
 ( #5904, #6743 ),
 ( #5985, #6657 ),
 ( #2579, #8624 ),
 ( #6032, #8800 ),
 ( #1258, #624 ),
 ( #4019, #4563 ),
 ( #3973, #7285 ),
 ( #4701, #1167 ),
 ( #1880, #4611 ) ),
 .UNSPECIFIED., .F., .F., .F.,
 ( 4, 1, 1, 1, 1, 1, 1, 1, 4 ),
 ( 2, 2 ),
 ( 0.000000000000000000, 0.1681741227021177898, 0.3187847659050448978, 0.4553617444871737030, 0.5787698975723892802, 0.6918086740834054060, 0.7954484750435915075, 0.8967266546925837245, 1.000000000000000000 ),
 ( 0.000000000000000000, 1.000000000000000000 ),
 .UNSPECIFIED. ) ;
#8337 = CARTESIAN_POINT ( 'NONE',  ( -16.73870718050138251, -0.9999999999999997780, 9.266060483287299476 ) ) ;
#8338 = CARTESIAN_POINT ( 'NONE',  ( -16.12656316330597406, -0.5999999999999998668, 12.13312336911525335 ) ) ;
#8339 = DIRECTION ( 'NONE',  ( -0.000000000000000000, -0.000000000000000000, -1.000000000000000000 ) ) ;
#8340 = ORIENTED_EDGE ( 'NONE', *, *, #5015, .T. ) ;
#8341 = CARTESIAN_POINT ( 'NONE',  ( -28.84536331640767415, -1.000000000000000000, 11.31487071008127288 ) ) ;
#8342 = ORIENTED_EDGE ( 'NONE', *, *, #5292, .F. ) ;
#8343 = CARTESIAN_POINT ( 'NONE',  ( -32.19933037493642303, 0.4339745962156045800, 19.40000000000000213 ) ) ;
#8344 = CARTESIAN_POINT ( 'NONE',  ( -20.90223109999023876, -0.6000000000000000888, 11.24779672474426206 ) ) ;
#8345 = EDGE_CURVE ( 'NONE', #1330, #2379, #3326, .T. ) ;
#8346 = EDGE_CURVE ( 'NONE', #1853, #3590, #2773, .T. ) ;
#8347 = CARTESIAN_POINT ( 'NONE',  ( -23.00000000000000000, 1.699999999999969980, -0.9000000000000000222 ) ) ;
#8348 = DIRECTION ( 'NONE',  ( 0.000000000000000000, 0.000000000000000000, -1.000000000000000000 ) ) ;
#8349 = CARTESIAN_POINT ( 'NONE',  ( -23.00000000000000000, 7.016154273188029755, 0.000000000000000000 ) ) ;
#8350 = VECTOR ( 'NONE', #7466, 1000.000000000000000 ) ;
#8351 = CARTESIAN_POINT ( 'NONE',  ( -41.71765922671350779, -0.6000000000000000888, 11.87694484584753241 ) ) ;
#8352 = CARTESIAN_POINT ( 'NONE',  ( -50.44933037493643013, 8.661215932167761977, -0.2000000000000000389 ) ) ;
#8353 = CARTESIAN_POINT ( 'NONE',  ( -24.14586178174076991, -0.6000000000000005329, 10.21679991709144808 ) ) ;
#8354 = VERTEX_POINT ( 'NONE', #8757 ) ;
#8355 = AXIS2_PLACEMENT_3D ( 'NONE', #5257, #6595, #1819 ) ;
#8356 = EDGE_CURVE ( 'NONE', #5309, #5772, #7464, .T. ) ;
#8357 = DIRECTION ( 'NONE',  ( -0.4999999999999995004, -0.8660254037844390407, 0.000000000000000000 ) ) ;
#8358 = CARTESIAN_POINT ( 'NONE',  ( -25.48125891907885077, -0.9999999999999997780, 13.30335631723544410 ) ) ;
#8359 = VECTOR ( 'NONE', #2297, 1000.000000000000000 ) ;
#8360 = DIRECTION ( 'NONE',  ( -2.088395045690340194E-16, 1.000000000000000000, 0.000000000000000000 ) ) ;
#8361 = CARTESIAN_POINT ( 'NONE',  ( -51.28274143121372219, -0.5999999999999998668, 11.98203698031615083 ) ) ;
#8362 = VERTEX_POINT ( 'NONE', #1926 ) ;
#8363 = PLANE ( 'NONE',  #5535 ) ;
#8364 = DIRECTION ( 'NONE',  ( 0.000000000000000000, 0.000000000000000000, -1.000000000000000000 ) ) ;
#8365 = ORIENTED_EDGE ( 'NONE', *, *, #8730, .F. ) ;
#8366 = CARTESIAN_POINT ( 'NONE',  ( -19.93941726842965068, -0.5999999999999998668, 11.88195087725122612 ) ) ;
#8367 = DIRECTION ( 'NONE',  ( -2.657184803002740111E-15, -1.000000000000000000, 0.000000000000000000 ) ) ;
#8368 = VECTOR ( 'NONE', #88, 1000.000000000000000 ) ;
#8369 = EDGE_CURVE ( 'NONE', #2339, #4898, #628, .T. ) ;
#8370 = VERTEX_POINT ( 'NONE', #4113 ) ;
#8371 = ORIENTED_EDGE ( 'NONE', *, *, #8273, .F. ) ;
#8372 = DIRECTION ( 'NONE',  ( -0.000000000000000000, -1.000000000000000000, -0.000000000000000000 ) ) ;
#8373 = EDGE_CURVE ( 'NONE', #5790, #740, #539, .T. ) ;
#8374 = VECTOR ( 'NONE', #4433, 1000.000000000000000 ) ;
#8375 = ORIENTED_EDGE ( 'NONE', *, *, #4177, .T. ) ;
#8376 = CARTESIAN_POINT ( 'NONE',  ( -10.88117846841128689, -0.6000000000000000888, 11.51095461948110632 ) ) ;
#8377 = B_SPLINE_CURVE_WITH_KNOTS ( 'NONE', 3,
 ( #5393, #7402, #6770, #5304, #8201, #2561, #6862, #562, #3275, #1284, #1413, #8027, #7358, #4725, #7446, #7490, #6106 ),
 .UNSPECIFIED., .F., .F.,
 ( 4, 1, 1, 1, 1, 1, 1, 1, 1, 1, 1, 1, 1, 1, 4 ),
 ( 0.000000000000000000, 0.07412229567643563444, 0.1447511433472375986, 0.2128995532171854832, 0.2795387512765260540, 0.3446792376755450915, 0.4085710932211196744, 0.4715545728681682647, 0.5337593806582542344, 0.5956040207298691769, 0.6567025720409435108, 0.7169517840709500600, 0.7768403709702321747, 0.8924459826010791019, 1.000000000000000000 ),
 .UNSPECIFIED. ) ;
#8378 = ORIENTED_EDGE ( 'NONE', *, *, #4133, .F. ) ;
#8379 = CARTESIAN_POINT ( 'NONE',  ( -21.30000000000000071, 7.997649730810350910, 0.000000000000000000 ) ) ;
#8380 = VECTOR ( 'NONE', #3365, 1000.000000000000000 ) ;
#8381 = CARTESIAN_POINT ( 'NONE',  ( -16.45055408217264414, -1.000000000000000222, 9.616731248157075029 ) ) ;
#8382 = AXIS2_PLACEMENT_3D ( 'NONE', #5259, #1736, #7984 ) ;
#8383 = CARTESIAN_POINT ( 'NONE',  ( -48.80035978499709159, -0.6000000000000003109, 9.025731659529938611 ) ) ;
#8384 = EDGE_LOOP ( 'NONE', ( #317, #5581, #1498, #3136 ) ) ;
#8385 = APPLICATION_PROTOCOL_DEFINITION ( 'draft international standard', 'automotive_design', 1998, #3339 ) ;
#8386 = CARTESIAN_POINT ( 'NONE',  ( -17.80715485586626912, -1.000000000000000222, 11.48517068482052572 ) ) ;
#8387 = ORIENTED_EDGE ( 'NONE', *, *, #8237, .T. ) ;
#8388 = EDGE_CURVE ( 'NONE', #6474, #4629, #1215, .T. ) ;
#8389 = PLANE ( 'NONE',  #2677 ) ;
#8390 = PLANE ( 'NONE',  #8075 ) ;
#8391 = ORIENTED_EDGE ( 'NONE', *, *, #7134, .T. ) ;
#8392 = CARTESIAN_POINT ( 'NONE',  ( -54.41065524034169698, 0.000000000000000000, 0.000000000000000000 ) ) ;
#8393 = DIRECTION ( 'NONE',  ( -0.000000000000000000, -1.000000000000000000, -0.000000000000000000 ) ) ;
#8394 = DIRECTION ( 'NONE',  ( -0.5000000000000059952, -0.8660254037844351549, 0.000000000000000000 ) ) ;
#8395 = LINE ( 'NONE', #8443, #4221 ) ;
#8396 = FACE_OUTER_BOUND ( 'NONE', #153, .T. ) ;
#8397 = VECTOR ( 'NONE', #450, 1000.000000000000000 ) ;
#8398 = CARTESIAN_POINT ( 'NONE',  ( -25.84930467508481300, -0.6000000000000003109, 10.52583176461639347 ) ) ;
#8399 = LINE ( 'NONE', #6349, #4588 ) ;
#8400 = ADVANCED_FACE ( 'NONE', ( #1972 ), #2583, .T. ) ;
#8401 = EDGE_CURVE ( 'NONE', #7664, #7518, #7421, .T. ) ;
#8402 = PLANE ( 'NONE',  #5799 ) ;
#8403 = EDGE_LOOP ( 'NONE', ( #6910, #4367, #1928, #7172 ) ) ;
#8404 = CARTESIAN_POINT ( 'NONE',  ( -21.32328373156918389, -0.6000000000000000888, 5.973125672112684192 ) ) ;
#8405 = CARTESIAN_POINT ( 'NONE',  ( -52.14118880364058128, 10.33083117443845822, -0.1999999999999990119 ) ) ;
#8406 = DIRECTION ( 'NONE',  ( 0.000000000000000000, 0.000000000000000000, 1.000000000000000000 ) ) ;
#8407 = LINE ( 'NONE', #4181, #7472 ) ;
#8408 = ADVANCED_FACE ( 'NONE', ( #8137 ), #6660, .T. ) ;
#8409 = EDGE_CURVE ( 'NONE', #920, #3461, #4065, .T. ) ;
#8410 = LINE ( 'NONE', #2235, #8778 ) ;
#8411 = AXIS2_PLACEMENT_3D ( 'NONE', #636, #3892, #2634 ) ;
#8412 = EDGE_CURVE ( 'NONE', #3562, #3461, #6746, .T. ) ;
#8413 = EDGE_LOOP ( 'NONE', ( #8619, #326, #7247, #4116 ) ) ;
#8414 = DIRECTION ( 'NONE',  ( -1.000000000000000000, 0.000000000000000000, 0.000000000000000000 ) ) ;
#8415 = DIRECTION ( 'NONE',  ( -0.000000000000000000, -1.000000000000000000, -0.000000000000000000 ) ) ;
#8416 = CARTESIAN_POINT ( 'NONE',  ( -22.30000000000000071, 7.997649730810350910, 0.000000000000000000 ) ) ;
#8417 = CARTESIAN_POINT ( 'NONE',  ( -27.44933037493643369, 8.661215932167761977, 19.40000000000000213 ) ) ;
#8418 = CARTESIAN_POINT ( 'NONE',  ( -9.091704784200763001, -0.6000000000000000888, 13.45832304053373818 ) ) ;
#8419 = ORIENTED_EDGE ( 'NONE', *, *, #5511, .F. ) ;
#8420 = EDGE_LOOP ( 'NONE', ( #691, #1190, #5835, #4138 ) ) ;
#8421 = CARTESIAN_POINT ( 'NONE',  ( -53.93381004735865503, -1.000000000000000000, 5.353059882638999234 ) ) ;
#8422 = ORIENTED_EDGE ( 'NONE', *, *, #6048, .F. ) ;
#8423 = CARTESIAN_POINT ( 'NONE',  ( -68.70788383248145692, 12.73647367098722505, 7.450000000000003730 ) ) ;
#8424 = VERTEX_POINT ( 'NONE', #3338 ) ;
#8425 = CARTESIAN_POINT ( 'NONE',  ( 8.199999999999999289, 3.499999999999991562, 9.599999999999999645 ) ) ;
#8426 = FACE_OUTER_BOUND ( 'NONE', #3321, .T. ) ;
#8428 = VECTOR ( 'NONE', #5115, 1000.000000000000000 ) ;
#8427 = VECTOR ( 'NONE', #3992, 999.9999999999998863 ) ;
#8429 = CARTESIAN_POINT ( 'NONE',  ( -49.22454289166093133, -0.6000000000000005329, 8.658752940516352581 ) ) ;
#8430 = ORIENTED_EDGE ( 'NONE', *, *, #8706, .T. ) ;
#8431 = CARTESIAN_POINT ( 'NONE',  ( -17.90065764476630861, -0.6000000000000000888, 11.67231097751628432 ) ) ;
#8432 = ORIENTED_EDGE ( 'NONE', *, *, #8679, .T. ) ;
#8433 = DIRECTION ( 'NONE',  ( 1.697280072648819919E-16, -1.000000000000000000, 0.000000000000000000 ) ) ;
#8434 = DIRECTION ( 'NONE',  ( -1.000000000000000000, 2.657184803002740111E-15, 0.000000000000000000 ) ) ;
#8435 = VERTEX_POINT ( 'NONE', #6082 ) ;
#8436 = CARTESIAN_POINT ( 'NONE',  ( 12.07195091717383839, 1.432050807568885142, 19.40000000000000213 ) ) ;
#8437 = ORIENTED_EDGE ( 'NONE', *, *, #2646, .T. ) ;
#8439 = VECTOR ( 'NONE', #4510, 1000.000000000000000 ) ;
#8438 = AXIS2_PLACEMENT_3D ( 'NONE', #6473, #7009, #2174 ) ;
#8440 = CARTESIAN_POINT ( 'NONE',  ( 5.200000000000000178, 3.500000000000000000, 9.599999999999999645 ) ) ;
#8441 = CARTESIAN_POINT ( 'NONE',  ( -0.1339745962155590442, 7.516154273188022650, -0.9000000000000000222 ) ) ;
#8442 = EDGE_CURVE ( 'NONE', #6315, #2532, #3644, .T. ) ;
#8443 = CARTESIAN_POINT ( 'NONE',  ( -23.71885728790067915, 13.32015946761394609, 7.282628406741866733 ) ) ;
#8444 = CARTESIAN_POINT ( 'NONE',  ( -45.43275971719831574, -0.5999999999999996447, 6.901367954618664591 ) ) ;
#8445 = CARTESIAN_POINT ( 'NONE',  ( -44.11616055922389990, -1.000000000000000000, 9.592298449347469003 ) ) ;
#8446 = CARTESIAN_POINT ( 'NONE',  ( -23.90070415550900762, 12.27044826720279502, 11.75000000000000355 ) ) ;
#8447 = CARTESIAN_POINT ( 'NONE',  ( -23.00000000000000000, 7.593504542377649713, 0.000000000000000000 ) ) ;
#8448 = AXIS2_PLACEMENT_3D ( 'NONE', #5630, #4294, #7976 ) ;
#8449 = VERTEX_POINT ( 'NONE', #2896 ) ;
#8450 = CARTESIAN_POINT ( 'NONE',  ( -21.32095689325149834, -0.9999999999999993339, 6.071964961956900275 ) ) ;
#8451 = CARTESIAN_POINT ( 'NONE',  ( -27.96894561720710115, 8.961215932167762688, 19.40000000000000213 ) ) ;
#8452 = EDGE_CURVE ( 'NONE', #8362, #3146, #4922, .T. ) ;
#8453 = CARTESIAN_POINT ( 'NONE',  ( -69.13397459621556607, 7.516154273188021762, 20.10000000000000142 ) ) ;
#8454 = B_SPLINE_CURVE_WITH_KNOTS ( 'NONE', 3,
 ( #7304, #423, #4450, #3815, #5293, #3222, #5124, #6586, #5962, #6546, #466, #3179, #5919 ),
 .UNSPECIFIED., .F., .F.,
 ( 4, 1, 1, 1, 1, 1, 1, 1, 1, 1, 4 ),
 ( 0.000000000000000000, 0.1603753861776184564, 0.3167880320051173482, 0.4639547215212923015, 0.5998108780809138230, 0.7215978882881363132, 0.8288275933772883963, 0.8766716099927726047, 0.9208419748405914929, 0.9610528601879236854, 1.000000000000000000 ),
 .UNSPECIFIED. ) ;
#8455 = CARTESIAN_POINT ( 'NONE',  ( -41.72690215262179692, -0.6000000000000000888, 6.826744093165315164 ) ) ;
#8456 = CARTESIAN_POINT ( 'NONE',  ( -50.39046881405645451, -0.6000000000000000888, 11.67434962313249613 ) ) ;
#8457 = ORIENTED_EDGE ( 'NONE', *, *, #2884, .F. ) ;
#8458 = CARTESIAN_POINT ( 'NONE',  ( 0.000000000000000000, -0.6000000000000000888, 0.000000000000000000 ) ) ;
#8459 = CARTESIAN_POINT ( 'NONE',  ( 14.08934475965829769, -0.5000000000000000000, 4.655450879182868081E-15 ) ) ;
#8460 = CARTESIAN_POINT ( 'NONE',  ( -49.83204199356378439, -1.000000000000000222, 13.19928929557445763 ) ) ;
#8461 = EDGE_CURVE ( 'NONE', #770, #2391, #7016, .T. ) ;
#8462 = ADVANCED_FACE ( 'NONE', ( #2224 ), #5363, .T. ) ;
#8463 = CARTESIAN_POINT ( 'NONE',  ( -24.91884584029930849, -0.9999999999999995559, 9.100084778766696303 ) ) ;
#8464 = B_SPLINE_CURVE_WITH_KNOTS ( 'NONE', 3,
 ( #2020, #683, #3399, #4670, #6134, #12, #8677, #2724, #4622, #8011, #1891, #1224, #6710 ),
 .UNSPECIFIED., .F., .F.,
 ( 4, 1, 1, 1, 1, 1, 1, 1, 1, 1, 4 ),
 ( 0.000000000000000000, 0.1603753861776184564, 0.3167880320051173482, 0.4639547215212923015, 0.5998108780809138230, 0.7215978882881363132, 0.8288275933772883963, 0.8766716099927726047, 0.9208419748405914929, 0.9610528601879236854, 1.000000000000000000 ),
 .UNSPECIFIED. ) ;
#8465 = ORIENTED_EDGE ( 'NONE', *, *, #1825, .T. ) ;
#8466 = ORIENTED_EDGE ( 'NONE', *, *, #4592, .F. ) ;
#8467 = CARTESIAN_POINT ( 'NONE',  ( -57.92804908282614917, 1.700000000000006617, -0.1999999999999987899 ) ) ;
#8468 = ORIENTED_EDGE ( 'NONE', *, *, #567, .T. ) ;
#8469 = CARTESIAN_POINT ( 'NONE',  ( -6.141188803640575067, 10.33083117443845822, -0.1999999999999990119 ) ) ;
#8470 = ORIENTED_EDGE ( 'NONE', *, *, #3755, .F. ) ;
#8471 = CARTESIAN_POINT ( 'NONE',  ( 18.29804168090059591, 10.42365149746539998, 0.000000000000000000 ) ) ;
#8472 = EDGE_CURVE ( 'NONE', #378, #5306, #4880, .T. ) ;
#8473 = VECTOR ( 'NONE', #2746, 1000.000000000000000 ) ;
#8474 = DIRECTION ( 'NONE',  ( -0.5000000000000370814, -0.8660254037844171693, 0.000000000000000000 ) ) ;
#8475 = CARTESIAN_POINT ( 'NONE',  ( -48.14433636314813469, -0.6000000000000000888, 10.79384935632321074 ) ) ;
#8476 = ORIENTED_EDGE ( 'NONE', *, *, #2473, .T. ) ;
#8477 = CARTESIAN_POINT ( 'NONE',  ( -26.81602277464721240, -0.5999999999999998668, 7.688095032606631740 ) ) ;
#8478 = ORIENTED_EDGE ( 'NONE', *, *, #8846, .F. ) ;
#8479 = DIRECTION ( 'NONE',  ( -0.5000000000000093259, -0.8660254037844333785, 0.000000000000000000 ) ) ;
#8480 = CARTESIAN_POINT ( 'NONE',  ( -29.02613163945733632, -1.000000000000000000, 7.298196685397028816 ) ) ;
#8481 = ORIENTED_EDGE ( 'NONE', *, *, #4211, .T. ) ;
#8482 = LINE ( 'NONE', #8343, #5734 ) ;
#8483 = CIRCLE ( 'NONE', #4633, 0.9999999999999592548 ) ;
#8484 = VECTOR ( 'NONE', #2633, 1000.000000000000000 ) ;
#8485 = ORIENTED_EDGE ( 'NONE', *, *, #3630, .F. ) ;
#8486 = CARTESIAN_POINT ( 'NONE',  ( -46.13397459621555896, 7.516154273188022650, -0.9000000000000000222 ) ) ;
#8487 = CARTESIAN_POINT ( 'NONE',  ( -20.08399133045925922, -0.6000000000000003109, 13.20100050124290902 ) ) ;
#8488 = CARTESIAN_POINT ( 'NONE',  ( -34.12420150553280251, 1.699999999999999956, -0.9000000000000000222 ) ) ;
#8489 = CARTESIAN_POINT ( 'NONE',  ( -45.22048479344236682, -1.000000000000000000, 6.596036675707888541 ) ) ;
#8490 = DIRECTION ( 'NONE',  ( 0.5000000000000061062, 0.8660254037844351549, 0.000000000000000000 ) ) ;
#8491 = B_SPLINE_SURFACE_WITH_KNOTS ( 'NONE', 3, 1, ( 
 ( #8630, #8764 ),
 ( #4156, #1131 ),
 ( #2502, #7549 ),
 ( #2459, #3215 ),
 ( #5199, #7962 ),
 ( #1430, #6879 ),
 ( #1219, #762 ),
 ( #7249, #1842 ),
 ( #6707, #2630 ),
 ( #8674, #4571 ),
 ( #589, #3474 ) ),
 .UNSPECIFIED., .F., .F., .F.,
 ( 4, 1, 1, 1, 1, 1, 1, 1, 4 ),
 ( 2, 2 ),
 ( 0.000000000000000000, 0.1167874600497640775, 0.2340549638295243984, 0.3522908915644918926, 0.4727005074978259946, 0.5970991727026729867, 0.7258348733785957574, 0.8598550479402812252, 1.000000000000000000 ),
 ( 0.000000000000000000, 1.000000000000000000 ),
 .UNSPECIFIED. ) ;
#8492 = CARTESIAN_POINT ( 'NONE',  ( 13.60784930203610088, 1.699999999999999956, 0.000000000000000000 ) ) ;
#8493 = CARTESIAN_POINT ( 'NONE',  ( -29.14118880364057773, 10.33083117443845822, -0.9000000000000000222 ) ) ;
#8494 = ORIENTED_EDGE ( 'NONE', *, *, #1854, .F. ) ;
#8495 = CARTESIAN_POINT ( 'NONE',  ( -1.450704155516179927, 11.31782032302749919, -0.9000000000000000222 ) ) ;
#8496 = EDGE_CURVE ( 'NONE', #935, #8162, #4339, .T. ) ;
#8497 = LINE ( 'NONE', #5731, #7968 ) ;
#8498 = CARTESIAN_POINT ( 'NONE',  ( -5.295967751214427643, 3.057628406783276187, 8.450000000000020606 ) ) ;
#8499 = AXIS2_PLACEMENT_3D ( 'NONE', #412, #8048, #1173 ) ;
#8500 = VECTOR ( 'NONE', #7186, 1000.000000000000000 ) ;
#8501 = DIRECTION ( 'NONE',  ( 0.000000000000000000, 9.124869017117147742E-15, -1.000000000000000000 ) ) ;
#8502 = CARTESIAN_POINT ( 'NONE',  ( -42.85927597967986458, -0.6000000000000003109, 11.61153284887352477 ) ) ;
#8503 = CARTESIAN_POINT ( 'NONE',  ( -48.43114265483784919, -1.000000000000000222, 12.14431982003273269 ) ) ;
#8504 = AXIS2_PLACEMENT_3D ( 'NONE', #5743, #7117, #3720 ) ;
#8505 = ADVANCED_FACE ( 'NONE', ( #5634 ), #207, .T. ) ;
#8506 = AXIS2_PLACEMENT_3D ( 'NONE', #1337, #2664, #6118 ) ;
#8507 = ORIENTED_EDGE ( 'NONE', *, *, #396, .T. ) ;
#8508 = LINE ( 'NONE', #2326, #6438 ) ;
#8509 = ORIENTED_EDGE ( 'NONE', *, *, #189, .F. ) ;
#8510 = CARTESIAN_POINT ( 'NONE',  ( -49.31502264304105410, -0.6000000000000003109, 12.99878189308876664 ) ) ;
#8511 = CARTESIAN_POINT ( 'NONE',  ( -25.92162560986507458, -0.6000000000000000888, 8.324842580625603006 ) ) ;
#8512 = ORIENTED_EDGE ( 'NONE', *, *, #665, .T. ) ;
#8513 = EDGE_CURVE ( 'NONE', #5899, #3028, #6564, .T. ) ;
#8514 = ORIENTED_EDGE ( 'NONE', *, *, #5325, .F. ) ;
#8515 = ADVANCED_FACE ( 'NONE', ( #6393 ), #7232, .T. ) ;
#8516 = CARTESIAN_POINT ( 'NONE',  ( -16.12480915016182337, -1.000000000000000444, 10.21679991709144808 ) ) ;
#8517 = VERTEX_POINT ( 'NONE', #7189 ) ;
#8518 = PLANE ( 'NONE',  #1104 ) ;
#8519 = ORIENTED_EDGE ( 'NONE', *, *, #7451, .F. ) ;
#8520 = CARTESIAN_POINT ( 'NONE',  ( -1.110223024625159893E-15, 7.016154273188029755, -0.9000000000000000222 ) ) ;
#8521 = CARTESIAN_POINT ( 'NONE',  ( -48.19419208603800797, -1.000000000000000000, 10.22060968601950925 ) ) ;
#8522 = ORIENTED_EDGE ( 'NONE', *, *, #2814, .T. ) ;
#8523 = CARTESIAN_POINT ( 'NONE',  ( -19.18348109999023876, -0.6000000000000000888, 9.144178303691631982 ) ) ;
#8524 = AXIS2_PLACEMENT_3D ( 'NONE', #321, #8406, #1751 ) ;
#8525 = AXIS2_PLACEMENT_3D ( 'NONE', #6745, #8668, #2008 ) ;
#8526 = EDGE_CURVE ( 'NONE', #4544, #7973, #8615, .T. ) ;
#8527 = ORIENTED_EDGE ( 'NONE', *, *, #717, .F. ) ;
#8528 = LINE ( 'NONE', #1606, #6828 ) ;
#8529 = EDGE_CURVE ( 'NONE', #3562, #517, #2402, .T. ) ;
#8530 = CARTESIAN_POINT ( 'NONE',  ( -39.80749425788496154, -1.000000000000000000, 13.15240198790215764 ) ) ;
#8531 = VERTEX_POINT ( 'NONE', #8576 ) ;
#8532 = CARTESIAN_POINT ( 'NONE',  ( -25.76538899472708266, -1.000000000000000000, 11.02411251421794702 ) ) ;
#8533 = ORIENTED_EDGE ( 'NONE', *, *, #4143, .F. ) ;
#8534 = CARTESIAN_POINT ( 'NONE',  ( -39.80749425788496154, -1.000000000000000000, 11.35305988263899835 ) ) ;
#8535 = CARTESIAN_POINT ( 'NONE',  ( -3.133716857408380019, 9.402756813566508498, -0.9000000000000000222 ) ) ;
#8536 = CARTESIAN_POINT ( 'NONE',  ( -44.97325647081275690, -0.5999999999999998668, 6.317446428796033686 ) ) ;
#8537 = CARTESIAN_POINT ( 'NONE',  ( -32.19933037493642303, 0.4339745962156045800, -0.2000000000000000389 ) ) ;
#8538 = DIRECTION ( 'NONE',  ( 0.5000000000000062172, 0.8660254037844351549, -0.000000000000000000 ) ) ;
#8539 = DIRECTION ( 'NONE',  ( 0.5000000000000061062, 0.8660254037844351549, 0.000000000000000000 ) ) ;
#8540 = EDGE_LOOP ( 'NONE', ( #7814, #1370, #1379, #4129 ) ) ;
#8541 = CARTESIAN_POINT ( 'NONE',  ( -20.82431068482872050, -1.000000000000000000, 11.31487071008127288 ) ) ;
#8542 = CARTESIAN_POINT ( 'NONE',  ( -10.98894645499383671, -0.5999999999999998668, 12.94742002647784496 ) ) ;
#8543 = CARTESIAN_POINT ( 'NONE',  ( -28.70195831909959949, 8.691600689896679555, -0.9000000000000000222 ) ) ;
#8544 = FACE_OUTER_BOUND ( 'NONE', #1507, .T. ) ;
#8545 = CARTESIAN_POINT ( 'NONE',  ( -17.75755555508920125, -0.9999999999999997780, 10.77110268277012217 ) ) ;
#8546 = CARTESIAN_POINT ( 'NONE',  ( -50.12534015124096243, -0.6000000000000000888, 11.28126662695895099 ) ) ;
#8547 = VECTOR ( 'NONE', #7184, 1000.000000000000000 ) ;
#8548 = ORIENTED_EDGE ( 'NONE', *, *, #943, .T. ) ;
#8549 = CARTESIAN_POINT ( 'NONE',  ( -46.13397459621556607, 7.516154273188019985, 20.10000000000000142 ) ) ;
#8550 = DIRECTION ( 'NONE',  ( -1.000000000000000000, 4.057096801876103104E-15, 0.000000000000000000 ) ) ;
#8551 = LINE ( 'NONE', #7205, #6935 ) ;
#8552 = DIRECTION ( 'NONE',  ( 0.000000000000000000, 0.000000000000000000, -1.000000000000000000 ) ) ;
#8553 = ADVANCED_FACE ( 'NONE', ( #1070 ), #7143, .T. ) ;
#8554 = ORIENTED_EDGE ( 'NONE', *, *, #6582, .T. ) ;
#8555 = ORIENTED_EDGE ( 'NONE', *, *, #6712, .T. ) ;
#8556 = FACE_OUTER_BOUND ( 'NONE', #241, .T. ) ;
#8557 = VERTEX_POINT ( 'NONE', #1828 ) ;
#8558 = LINE ( 'NONE', #1683, #7527 ) ;
#8559 = ORIENTED_EDGE ( 'NONE', *, *, #6793, .T. ) ;
#8560 = CARTESIAN_POINT ( 'NONE',  ( -48.15094904247921903, -1.000000000000000000, 10.50243208335221112 ) ) ;
#8561 = EDGE_CURVE ( 'NONE', #6325, #2764, #4555, .T. ) ;
#8562 = CARTESIAN_POINT ( 'NONE',  ( -27.44843532778709871, -1.000000000000000222, 6.853208813283835354 ) ) ;
#8563 = VERTEX_POINT ( 'NONE', #6479 ) ;
#8564 = CARTESIAN_POINT ( 'NONE',  ( -26.32149175861992063, -0.5999999999999998668, 8.049714793748339758 ) ) ;
#8565 = ORIENTED_EDGE ( 'NONE', *, *, #3524, .T. ) ;
#8566 = CARTESIAN_POINT ( 'NONE',  ( -74.98878807424199522, 3.457628406783288533, 7.649999999999994138 ) ) ;
#8567 = CARTESIAN_POINT ( 'NONE',  ( -6.591188803640600113, 9.551408311032400178, -0.1999999999999987899 ) ) ;
#8568 = VERTEX_POINT ( 'NONE', #5053 ) ;
#8569 = CARTESIAN_POINT ( 'NONE',  ( -0.1339745962155580727, 7.516154273188023538, 0.000000000000000000 ) ) ;
#8570 = ORIENTED_EDGE ( 'NONE', *, *, #3099, .T. ) ;
#8571 = CARTESIAN_POINT ( 'NONE',  ( -40.43653507868788211, -1.000000000000000666, 11.67655469427027626 ) ) ;
#8572 = EDGE_CURVE ( 'NONE', #6803, #7590, #4915, .T. ) ;
#8573 = EDGE_CURVE ( 'NONE', #3262, #5699, #5725, .T. ) ;
#8574 = FACE_OUTER_BOUND ( 'NONE', #8233, .T. ) ;
#8575 = CARTESIAN_POINT ( 'NONE',  ( -42.94746805471123707, -0.6000000000000003109, 5.308809546622576647 ) ) ;
#8576 = CARTESIAN_POINT ( 'NONE',  ( -67.79999999999999716, 8.863675134594789284, 20.10000000000000142 ) ) ;
#8577 = DIRECTION ( 'NONE',  ( 1.000000000000000000, 0.000000000000000000, 0.000000000000000000 ) ) ;
#8578 = CARTESIAN_POINT ( 'NONE',  ( -41.62657320525338633, -0.6000000000000000888, 11.87937567211268330 ) ) ;
#8580 = VECTOR ( 'NONE', #4994, 999.9999999999998863 ) ;
#8579 = AXIS2_PLACEMENT_3D ( 'NONE', #4892, #7610, #1493 ) ;
#8581 = ORIENTED_EDGE ( 'NONE', *, *, #2525, .T. ) ;
#8582 = LINE ( 'NONE', #4609, #17 ) ;
#8583 = CARTESIAN_POINT ( 'NONE',  ( -19.18348109999023876, -0.6000000000000000888, 9.144178303691631982 ) ) ;
#8584 = CARTESIAN_POINT ( 'NONE',  ( -20.64068432491265170, -1.000000000000000222, 12.94884735617693927 ) ) ;
#8585 = ADVANCED_FACE ( 'NONE', ( #2312 ), #1784, .T. ) ;
#8586 = CARTESIAN_POINT ( 'NONE',  ( -41.72690215262179692, -1.000000000000000000, 6.826744093165315164 ) ) ;
#8587 = CARTESIAN_POINT ( 'NONE',  ( 0.6999999999999999556, 7.997649730810350910, 20.10000000000000142 ) ) ;
#8588 = LINE ( 'NONE', #1081, #3492 ) ;
#8589 = ORIENTED_EDGE ( 'NONE', *, *, #2874, .F. ) ;
#8590 = PLANE ( 'NONE',  #3427 ) ;
#8591 = DIRECTION ( 'NONE',  ( -0.000000000000000000, -1.000000000000000000, -0.000000000000000000 ) ) ;
#8592 = DIRECTION ( 'NONE',  ( -0.000000000000000000, -1.000000000000000000, -0.000000000000000000 ) ) ;
#8593 = DIRECTION ( 'NONE',  ( 1.090037151450160023E-15, 1.000000000000000000, 0.000000000000000000 ) ) ;
#8594 = ORIENTED_EDGE ( 'NONE', *, *, #379, .F. ) ;
#8595 = DIRECTION ( 'NONE',  ( 0.000000000000000000, 0.000000000000000000, -1.000000000000000000 ) ) ;
#8596 = ORIENTED_EDGE ( 'NONE', *, *, #123, .T. ) ;
#8597 = DIRECTION ( 'NONE',  ( 0.8660254037844384856, -0.5000000000000003331, 0.000000000000000000 ) ) ;
#8598 = EDGE_CURVE ( 'NONE', #5318, #3573, #1662, .T. ) ;
#8599 = ORIENTED_EDGE ( 'NONE', *, *, #4841, .F. ) ;
#8600 = CARTESIAN_POINT ( 'NONE',  ( -8.306252313101706974, 11.58083117443840315, 0.000000000000000000 ) ) ;
#8601 = CARTESIAN_POINT ( 'NONE',  ( -18.54861267893760512, -0.6000000000000000888, 13.45832304053373818 ) ) ;
#8602 = ORIENTED_EDGE ( 'NONE', *, *, #2257, .F. ) ;
#8603 = DIRECTION ( 'NONE',  ( 0.000000000000000000, -0.000000000000000000, 1.000000000000000000 ) ) ;
#8604 = EDGE_LOOP ( 'NONE', ( #3727, #4258, #5031, #7790 ) ) ;
#8605 = CARTESIAN_POINT ( 'NONE',  ( -18.03381004735866000, -1.000000000000000000, 8.232994093165316940 ) ) ;
#8606 = DIRECTION ( 'NONE',  ( -0.5000000000000115463, -0.8660254037844319353, 0.000000000000000000 ) ) ;
#8607 = ORIENTED_EDGE ( 'NONE', *, *, #2770, .T. ) ;
#8608 = EDGE_CURVE ( 'NONE', #6221, #2391, #6433, .T. ) ;
#8609 = CARTESIAN_POINT ( 'NONE',  ( -25.77860818666815490, -0.9999999999999997780, 10.77110268277012217 ) ) ;
#8610 = ORIENTED_EDGE ( 'NONE', *, *, #3135, .F. ) ;
#8611 = CARTESIAN_POINT ( 'NONE',  ( -28.90396254172198809, -0.5999999999999998668, 7.523244421182097241 ) ) ;
#8612 = AXIS2_PLACEMENT_3D ( 'NONE', #6345, #1569, #897 ) ;
#8613 = CARTESIAN_POINT ( 'NONE',  ( 14.58934475965829236, 0.000000000000000000, 20.10000000000000142 ) ) ;
#8614 = CARTESIAN_POINT ( 'NONE',  ( -21.31641288252173538, -1.000000000000000222, 6.264985160292822819 ) ) ;
#8615 = LINE ( 'NONE', #443, #1768 ) ;
#8616 = CARTESIAN_POINT ( 'NONE',  ( -50.05803912775664344, -0.9999999999999995559, 11.02677716447722389 ) ) ;
#8617 = VECTOR ( 'NONE', #2000, 1000.000000000000000 ) ;
#8618 = CARTESIAN_POINT ( 'NONE',  ( -47.45070415551619902, 11.31782032302749919, 0.000000000000000000 ) ) ;
#8619 = ORIENTED_EDGE ( 'NONE', *, *, #2821, .F. ) ;
#8620 = EDGE_CURVE ( 'NONE', #6558, #7114, #8046, .T. ) ;
#8621 = LINE ( 'NONE', #2491, #7296 ) ;
#8622 = EDGE_CURVE ( 'NONE', #249, #8557, #2757, .T. ) ;
#8623 = CARTESIAN_POINT ( 'NONE',  ( -19.54224928118659577, -0.9999999999999995559, 8.888138994193104381 ) ) ;
#8624 = CARTESIAN_POINT ( 'NONE',  ( -18.31789943073571081, -1.000000000000000000, 9.838943678661337344 ) ) ;
#8625 = DIRECTION ( 'NONE',  ( 0.000000000000000000, 0.000000000000000000, 1.000000000000000000 ) ) ;
#8626 = CARTESIAN_POINT ( 'NONE',  ( 16.40881119635939811, 9.551408311032400178, -0.1999999999999987899 ) ) ;
#8627 = CARTESIAN_POINT ( 'NONE',  ( -68.70788383248145692, 12.73647367098722150, 8.450000000000020606 ) ) ;
#8628 = EDGE_CURVE ( 'NONE', #1943, #6955, #5856, .T. ) ;
#8629 = ORIENTED_EDGE ( 'NONE', *, *, #3041, .T. ) ;
#8630 = CARTESIAN_POINT ( 'NONE',  ( -18.92361267893760868, -0.6000000000000000888, 12.08990198790215764 ) ) ;
#8631 = AXIS2_PLACEMENT_3D ( 'NONE', #4907, #1511, #5486 ) ;
#8632 = FACE_OUTER_BOUND ( 'NONE', #6065, .T. ) ;
#8633 = CARTESIAN_POINT ( 'NONE',  ( -12.57361267893760370, -1.000000000000000000, 12.30042830369163198 ) ) ;
#8634 = CARTESIAN_POINT ( 'NONE',  ( -51.45025741577971701, -1.000000000000000000, 11.98463883000742136 ) ) ;
#8635 = AXIS2_PLACEMENT_3D ( 'NONE', #7106, #270, #946 ) ;
#8636 = ORIENTED_EDGE ( 'NONE', *, *, #7787, .T. ) ;
#8637 = CARTESIAN_POINT ( 'NONE',  ( -27.31645119882815109, -1.000000000000000222, 7.186074070534640867 ) ) ;
#8638 = ORIENTED_EDGE ( 'NONE', *, *, #4133, .T. ) ;
#8639 = DIRECTION ( 'NONE',  ( 0.000000000000000000, 0.000000000000000000, -1.000000000000000000 ) ) ;
#8640 = ORIENTED_EDGE ( 'NONE', *, *, #1313, .T. ) ;
#8641 = DIRECTION ( 'NONE',  ( 0.000000000000000000, 0.000000000000000000, -1.000000000000000000 ) ) ;
#8642 = FACE_OUTER_BOUND ( 'NONE', #8413, .T. ) ;
#8643 = LINE ( 'NONE', #3316, #7329 ) ;
#8644 = ORIENTED_EDGE ( 'NONE', *, *, #6048, .T. ) ;
#8645 = EDGE_CURVE ( 'NONE', #1831, #1766, #1916, .T. ) ;
#8646 = EDGE_LOOP ( 'NONE', ( #6618, #6720, #38, #1847 ) ) ;
#8647 = DIRECTION ( 'NONE',  ( 0.000000000000000000, 0.000000000000000000, -1.000000000000000000 ) ) ;
#8648 = CARTESIAN_POINT ( 'NONE',  ( -40.23282527874630432, -0.5999999999999998668, 13.28778901120029943 ) ) ;
#8649 = ORIENTED_EDGE ( 'NONE', *, *, #2745, .F. ) ;
#8650 = DIRECTION ( 'NONE',  ( -1.000000000000000000, 2.657184803002740111E-15, 0.000000000000000000 ) ) ;
#8651 = ORIENTED_EDGE ( 'NONE', *, *, #6174, .T. ) ;
#8652 = CARTESIAN_POINT ( 'NONE',  ( -46.00000000000000000, 1.700000000000029932, 0.000000000000000000 ) ) ;
#8653 = DIRECTION ( 'NONE',  ( -0.4999999999999839573, -0.8660254037844479225, 0.000000000000000000 ) ) ;
#8654 = CARTESIAN_POINT ( 'NONE',  ( -46.01802057367443410, -1.000000000000000000, 9.183651987902157643 ) ) ;
#8655 = ADVANCED_FACE ( 'NONE', ( #2571 ), #4648, .T. ) ;
#8656 = CARTESIAN_POINT ( 'NONE',  ( -11.59217996156652752, -0.5999999999999998668, 12.64982990453783351 ) ) ;
#8657 = CARTESIAN_POINT ( 'NONE',  ( -30.42915978271929944, 1.699999999999999956, -0.9000000000000000222 ) ) ;
#8658 = ORIENTED_EDGE ( 'NONE', *, *, #4293, .T. ) ;
#8659 = AXIS2_PLACEMENT_3D ( 'NONE', #264, #3697, #6923 ) ;
#8660 = CARTESIAN_POINT ( 'NONE',  ( -43.06711176712548905, -1.000000000000000222, 11.49330898057880646 ) ) ;
#8661 = ORIENTED_EDGE ( 'NONE', *, *, #5416, .T. ) ;
#8662 = DIRECTION ( 'NONE',  ( -0.4999999999999994449, -0.8660254037844389297, 0.000000000000000000 ) ) ;
#8663 = AXIS2_PLACEMENT_3D ( 'NONE', #2670, #3931, #2007 ) ;
#8664 = VECTOR ( 'NONE', #6360, 1000.000000000000114 ) ;
#8665 = CARTESIAN_POINT ( 'NONE',  ( -23.00000000000000000, 7.016154273188029755, -0.9000000000000000222 ) ) ;
#8666 = CYLINDRICAL_SURFACE ( 'NONE', #25, 1.999999999999998224 ) ;
#8667 = CARTESIAN_POINT ( 'NONE',  ( -33.68117846841128937, -0.6000000000000000888, 11.87937567211268330 ) ) ;
#8668 = DIRECTION ( 'NONE',  ( 1.187404304411920111E-15, 1.000000000000000000, 0.000000000000000000 ) ) ;
#8669 = EDGE_CURVE ( 'NONE', #1831, #8685, #4086, .T. ) ;
#8670 = EDGE_CURVE ( 'NONE', #5749, #5704, #4200, .T. ) ;
#8671 = CARTESIAN_POINT ( 'NONE',  ( -48.32622201197334988, -0.6000000000000000888, 11.91248130506258462 ) ) ;
#8672 = CARTESIAN_POINT ( 'NONE',  ( 16.85881119635942227, 10.33083117443845822, -0.9000000000000000222 ) ) ;
#8673 = ORIENTED_EDGE ( 'NONE', *, *, #2874, .T. ) ;
#8674 = CARTESIAN_POINT ( 'NONE',  ( -20.82431068482872050, -0.6000000000000000888, 11.31487071008127288 ) ) ;
#8675 = CARTESIAN_POINT ( 'NONE',  ( -41.62657320525338633, -1.000000000000000000, 11.87937567211268330 ) ) ;
#8676 = CARTESIAN_POINT ( 'NONE',  ( -2.969907511530800015, 9.423651497465280968, 0.000000000000000000 ) ) ;
#8677 = CARTESIAN_POINT ( 'NONE',  ( -19.17887231106379531, -0.9999999999999997780, 7.334199025909230230 ) ) ;
#8678 = EDGE_CURVE ( 'NONE', #8276, #4550, #5444, .T. ) ;
#8679 = EDGE_CURVE ( 'NONE', #5492, #7605, #616, .T. ) ;
#8680 = EDGE_CURVE ( 'NONE', #8786, #7400, #3285, .T. ) ;
#8681 = VERTEX_POINT ( 'NONE', #7989 ) ;
#8682 = CARTESIAN_POINT ( 'NONE',  ( -17.90057297828612803, -0.6000000000000000888, 8.324842580625603006 ) ) ;
#8683 = ORIENTED_EDGE ( 'NONE', *, *, #6799, .F. ) ;
#8684 = DIRECTION ( 'NONE',  ( 0.000000000000000000, -0.000000000000000000, -1.000000000000000000 ) ) ;
#8685 = VERTEX_POINT ( 'NONE', #8035 ) ;
#8686 = CARTESIAN_POINT ( 'NONE',  ( -51.12232004220960846, -1.000000000000000222, 9.476215877936796872 ) ) ;
#8687 = LINE ( 'NONE', #6099, #4562 ) ;
#8688 = CARTESIAN_POINT ( 'NONE',  ( -49.72671330931588329, -1.000000000000000000, 8.375417232841403603 ) ) ;
#8689 = EDGE_LOOP ( 'NONE', ( #4277, #6376, #4792, #1895 ) ) ;
#8690 = EDGE_LOOP ( 'NONE', ( #7138, #1949, #5220, #6173 ) ) ;
#8691 = LINE ( 'NONE', #1191, #7673 ) ;
#8692 = CARTESIAN_POINT ( 'NONE',  ( -7.906252313101699514, 12.27365149746590056, 20.10000000000000142 ) ) ;
#8693 = VECTOR ( 'NONE', #7166, 1000.000000000000000 ) ;
#8694 = ORIENTED_EDGE ( 'NONE', *, *, #4030, .T. ) ;
#8695 = FACE_BOUND ( 'NONE', #3923, .T. ) ;
#8696 = ORIENTED_EDGE ( 'NONE', *, *, #2853, .T. ) ;
#8697 = FACE_OUTER_BOUND ( 'NONE', #5021, .T. ) ;
#8698 = DIRECTION ( 'NONE',  ( 0.5000000000000280886, 0.8660254037844224984, 0.000000000000000000 ) ) ;
#8699 = DIRECTION ( 'NONE',  ( -0.8660254037843710950, 0.5000000000001171285, 0.000000000000000000 ) ) ;
#8700 = DIRECTION ( 'NONE',  ( 0.000000000000000000, -0.000000000000000000, -1.000000000000000000 ) ) ;
#8701 = CARTESIAN_POINT ( 'NONE',  ( -51.45025741577971701, -0.6000000000000000888, 11.98463883000742136 ) ) ;
#8702 = VERTEX_POINT ( 'NONE', #1872 ) ;
#8703 = LINE ( 'NONE', #2488, #7217 ) ;
#8704 = ORIENTED_EDGE ( 'NONE', *, *, #4142, .F. ) ;
#8705 = CARTESIAN_POINT ( 'NONE',  ( -39.80749425788496154, -0.6000000000000000888, 5.678717777375840825 ) ) ;
#8706 = EDGE_CURVE ( 'NONE', #7779, #1766, #8794, .T. ) ;
#8707 = AXIS2_PLACEMENT_3D ( 'NONE', #54, #6841, #4838 ) ;
#8708 = CARTESIAN_POINT ( 'NONE',  ( -19.18348109999023876, -0.6000000000000000888, 9.144178303691631982 ) ) ;
#8709 = CARTESIAN_POINT ( 'NONE',  ( -52.14118880364058128, 10.33083117443845822, -0.9000000000000000222 ) ) ;
#8710 = LINE ( 'NONE', #5322, #2659 ) ;
#8711 = CARTESIAN_POINT ( 'NONE',  ( -43.25989412863530958, -0.5999999999999998668, 11.35045327651616098 ) ) ;
#8713 = CIRCLE ( 'NONE', #4874, 0.9999999999999592548 ) ;
#8712 = CIRCLE ( 'NONE', #4580, 0.9999999999999670264 ) ;
#8714 = DIRECTION ( 'NONE',  ( -0.4999999999999998335, -0.8660254037844387076, 0.000000000000000000 ) ) ;
#8715 = VERTEX_POINT ( 'NONE', #6026 ) ;
#8716 = VERTEX_POINT ( 'NONE', #4735 ) ;
#8717 = EDGE_CURVE ( 'NONE', #1941, #7973, #662, .T. ) ;
#8718 = LINE ( 'NONE', #7386, #5290 ) ;
#8719 = CARTESIAN_POINT ( 'NONE',  ( -40.25326030008883293, -0.5999999999999998668, 7.120654261685545272 ) ) ;
#8721 = VECTOR ( 'NONE', #6305, 1000.000000000000000 ) ;
#8720 = VECTOR ( 'NONE', #6643, 1000.000000000000000 ) ;
#8722 = CARTESIAN_POINT ( 'NONE',  ( -48.32622201197334988, -0.6000000000000000888, 11.91248130506258462 ) ) ;
#8723 = DIRECTION ( 'NONE',  ( 0.5000000000000003331, 0.8660254037844384856, 0.000000000000000000 ) ) ;
#8724 = ORIENTED_EDGE ( 'NONE', *, *, #1047, .F. ) ;
#8725 = CARTESIAN_POINT ( 'NONE',  ( -61.89999999999999858, 1.699999999999997735, 9.599999999999999645 ) ) ;
#8726 = AXIS2_PLACEMENT_3D ( 'NONE', #1210, #6077, #2668 ) ;
#8727 = ORIENTED_EDGE ( 'NONE', *, *, #2389, .T. ) ;
#8728 = EDGE_CURVE ( 'NONE', #7941, #5481, #8125, .T. ) ;
#8729 = CARTESIAN_POINT ( 'NONE',  ( -15.95735444249028134, -0.5999999999999998668, 11.10628253234542484 ) ) ;
#8730 = EDGE_CURVE ( 'NONE', #3414, #1918, #152, .T. ) ;
#8731 = EDGE_LOOP ( 'NONE', ( #7801, #5762, #5228, #7311 ) ) ;
#8732 = CARTESIAN_POINT ( 'NONE',  ( -50.03907320525339486, -0.6000000000000000888, 10.73628356684952578 ) ) ;
#8733 = CARTESIAN_POINT ( 'NONE',  ( -40.70171990933618389, -1.000000000000000000, 13.38556068087545547 ) ) ;
#8734 = DIRECTION ( 'NONE',  ( 0.4999999999999827360, 0.8660254037844485886, 0.000000000000000000 ) ) ;
#8735 = ORIENTED_EDGE ( 'NONE', *, *, #8529, .T. ) ;
#8736 = ORIENTED_EDGE ( 'NONE', *, *, #5294, .F. ) ;
#8737 = CARTESIAN_POINT ( 'NONE',  ( -69.00000000000000000, 7.593504542377649713, 0.000000000000000000 ) ) ;
#8738 = PLANE ( 'NONE',  #5728 ) ;
#8739 = EDGE_LOOP ( 'NONE', ( #3919, #3552, #3995, #5077 ) ) ;
#8740 = DIRECTION ( 'NONE',  ( 0.8660254037843715391, -0.5000000000001161293, 0.000000000000000000 ) ) ;
#8741 = EDGE_CURVE ( 'NONE', #7083, #5327, #4693, .T. ) ;
#8742 = ORIENTED_EDGE ( 'NONE', *, *, #3363, .T. ) ;
#8743 = CARTESIAN_POINT ( 'NONE',  ( -51.29400741577970990, -0.6000000000000000888, 8.089901987902157643 ) ) ;
#8744 = DIRECTION ( 'NONE',  ( -0.000000000000000000, -1.000000000000000000, -0.000000000000000000 ) ) ;
#8745 = DIRECTION ( 'NONE',  ( 0.000000000000000000, 0.000000000000000000, -1.000000000000000000 ) ) ;
#8746 = CARTESIAN_POINT ( 'NONE',  ( 18.29804168090061012, 10.42365149746542485, 20.10000000000000142 ) ) ;
#8747 = LINE ( 'NONE', #8839, #3290 ) ;
#8748 = ORIENTED_EDGE ( 'NONE', *, *, #1359, .F. ) ;
#8749 = CARTESIAN_POINT ( 'NONE',  ( -18.54861267893760512, -0.6000000000000000888, 13.45832304053373818 ) ) ;
#8750 = ORIENTED_EDGE ( 'NONE', *, *, #3707, .F. ) ;
#8751 = CARTESIAN_POINT ( 'NONE',  ( 16.40881119635939811, 9.551408311032400178, 19.19999999999999929 ) ) ;
#8752 = AXIS2_PLACEMENT_3D ( 'NONE', #8263, #6833, #2091 ) ;
#8753 = CARTESIAN_POINT ( 'NONE',  ( -22.70788383248144982, 12.73647367098722505, 11.75000000000000355 ) ) ;
#8754 = DIRECTION ( 'NONE',  ( 0.000000000000000000, 0.000000000000000000, 1.000000000000000000 ) ) ;
#8755 = CARTESIAN_POINT ( 'NONE',  ( -26.96990751153069965, 7.691600689896679555, 0.000000000000000000 ) ) ;
#8756 = VECTOR ( 'NONE', #3527, 1000.000000000000000 ) ;
#8757 = CARTESIAN_POINT ( 'NONE',  ( 9.999999999999991118, 1.699999999999987077, 9.599999999999999645 ) ) ;
#8758 = CARTESIAN_POINT ( 'NONE',  ( -43.87487960560562783, -0.6000000000000003109, 8.069384518227806780 ) ) ;
#8759 = PLANE ( 'NONE',  #4504 ) ;
#8760 = EDGE_CURVE ( 'NONE', #1918, #4791, #43, .T. ) ;
#8761 = ORIENTED_EDGE ( 'NONE', *, *, #1314, .T. ) ;
#8762 = ORIENTED_EDGE ( 'NONE', *, *, #7461, .T. ) ;
#8763 = VECTOR ( 'NONE', #755, 1000.000000000000000 ) ;
#8764 = CARTESIAN_POINT ( 'NONE',  ( -18.92361267893760868, -1.000000000000000000, 12.08990198790215764 ) ) ;
#8765 = LINE ( 'NONE', #5374, #4575 ) ;
#8766 = CARTESIAN_POINT ( 'NONE',  ( -48.18486957734256038, -0.5999999999999998668, 11.38936656015555648 ) ) ;
#8767 = B_SPLINE_CURVE_WITH_KNOTS ( 'NONE', 3,
 ( #8376, #4989, #3508, #6326, #7800, #120, #8332, #2833, #2919, #4235, #204 ),
 .UNSPECIFIED., .F., .F.,
 ( 4, 1, 1, 1, 1, 1, 1, 1, 4 ),
 ( 0.000000000000000000, 0.1083962553920863464, 0.2259146191399896142, 0.3496996317765466711, 0.4771744143460154297, 0.6080809989294981843, 0.7406940616520673037, 0.8721438294176548922, 1.000000000000000000 ),
 .UNSPECIFIED. ) ;
#8768 = LINE ( 'NONE', #1578, #7269 ) ;
#8769 = EDGE_CURVE ( 'NONE', #997, #7749, #8483, .T. ) ;
#8770 = CARTESIAN_POINT ( 'NONE',  ( -16.64040543225925006, -1.000000000000000000, 12.85012213163347816 ) ) ;
#8771 = EDGE_LOOP ( 'NONE', ( #2918, #5842, #205, #3822 ) ) ;
#8772 = DIRECTION ( 'NONE',  ( 0.000000000000000000, 0.000000000000000000, 1.000000000000000000 ) ) ;
#8773 = VERTEX_POINT ( 'NONE', #1468 ) ;
#8774 = CARTESIAN_POINT ( 'NONE',  ( -11.86805380003419153, -0.9999999999999997780, 10.98300126531580290 ) ) ;
#8775 = EDGE_LOOP ( 'NONE', ( #86, #840, #6425, #7882 ) ) ;
#8776 = CARTESIAN_POINT ( 'NONE',  ( -51.28271763719222776, -1.000000000000000222, 9.460828223542765869 ) ) ;
#8777 = LINE ( 'NONE', #2555, #6271 ) ;
#8778 = VECTOR ( 'NONE', #5020, 1000.000000000000000 ) ;
#8779 = DIRECTION ( 'NONE',  ( 0.5000000000000004441, 0.8660254037844383745, 0.000000000000000000 ) ) ;
#8780 = EDGE_CURVE ( 'NONE', #1428, #7114, #5537, .T. ) ;
#8781 = EDGE_CURVE ( 'NONE', #7467, #1393, #4148, .T. ) ;
#8782 = VERTEX_POINT ( 'NONE', #1513 ) ;
#8783 = LINE ( 'NONE', #1149, #5388 ) ;
#8784 = DIRECTION ( 'NONE',  ( -1.000000000000000000, 0.000000000000000000, 0.000000000000000000 ) ) ;
#8785 = AXIS2_PLACEMENT_3D ( 'NONE', #1586, #7031, #2243 ) ;
#8786 = VERTEX_POINT ( 'NONE', #4193 ) ;
#8787 = DIRECTION ( 'NONE',  ( -0.4999999999999839573, -0.8660254037844479225, 0.000000000000000000 ) ) ;
#8788 = AXIS2_PLACEMENT_3D ( 'NONE', #5317, #3201, #1786 ) ;
#8789 = ORIENTED_EDGE ( 'NONE', *, *, #8496, .F. ) ;
#8790 = CARTESIAN_POINT ( 'NONE',  ( -28.45209318390248399, -0.6000000000000007550, 8.118792711873181744 ) ) ;
#8791 = VECTOR ( 'NONE', #4904, 1000.000000000000000 ) ;
#8792 = DIRECTION ( 'NONE',  ( -1.000000000000000000, 2.739037067331802004E-15, 0.000000000000000000 ) ) ;
#8793 = CARTESIAN_POINT ( 'NONE',  ( -45.95858228662212497, -1.000000000000000222, 8.339240040982016211 ) ) ;
#8794 = LINE ( 'NONE', #2040, #61 ) ;
#8795 = CARTESIAN_POINT ( 'NONE',  ( -50.30681192521286960, -0.5999999999999998668, 11.59175853261824507 ) ) ;
#8796 = ORIENTED_EDGE ( 'NONE', *, *, #6701, .T. ) ;
#8797 = CARTESIAN_POINT ( 'NONE',  ( -29.34200952483045199, -0.5999999999999998668, 6.071964961956900275 ) ) ;
#8798 = VERTEX_POINT ( 'NONE', #2927 ) ;
#8799 = CARTESIAN_POINT ( 'NONE',  ( -71.23012701892220377, 11.76782032302750025, 0.000000000000000000 ) ) ;
#8800 = CARTESIAN_POINT ( 'NONE',  ( -18.11055746426819368, -1.000000000000000000, 10.06486393383465661 ) ) ;
#8801 = DIRECTION ( 'NONE',  ( 0.8660254037844313801, -0.5000000000000125455, 0.000000000000000000 ) ) ;
#8802 = CARTESIAN_POINT ( 'NONE',  ( -46.50000000000000000, 7.882179676972460136, 20.10000000000000142 ) ) ;
#8803 = CARTESIAN_POINT ( 'NONE',  ( -51.01708987177048726, -0.6000000000000000888, 13.35121044846775895 ) ) ;
#8804 = CARTESIAN_POINT ( 'NONE',  ( -42.48634278863162450, -0.6000000000000000888, 6.917772663003124656 ) ) ;
#8805 = CARTESIAN_POINT ( 'NONE',  ( -25.24860384174612093, -0.5999999999999998668, 13.21655031022526217 ) ) ;
#8806 = VECTOR ( 'NONE', #3536, 1000.000000000000000 ) ;
#8807 = VECTOR ( 'NONE', #1053, 1000.000000000000000 ) ;
#8808 = ORIENTED_EDGE ( 'NONE', *, *, #2002, .T. ) ;
#8809 = EDGE_LOOP ( 'NONE', ( #2086, #6501, #1866, #3810 ) ) ;
#8810 = VECTOR ( 'NONE', #5303, 1000.000000000000227 ) ;
#8811 = DIRECTION ( 'NONE',  ( -0.000000000000000000, -0.000000000000000000, 1.000000000000000000 ) ) ;
#8812 = EDGE_CURVE ( 'NONE', #3634, #7148, #776, .T. ) ;
#8813 = CARTESIAN_POINT ( 'NONE',  ( -26.02976485977115573, -1.000000000000000000, 11.80173094658537281 ) ) ;
#8814 = LINE ( 'NONE', #2680, #5848 ) ;
#8815 = VECTOR ( 'NONE', #3368, 1000.000000000000000 ) ;
#8816 = CARTESIAN_POINT ( 'NONE',  ( -50.97339704878729805, -1.000000000000000000, 11.94249659581809908 ) ) ;
#8817 = ORIENTED_EDGE ( 'NONE', *, *, #3989, .F. ) ;
#8818 = CARTESIAN_POINT ( 'NONE',  ( -26.89640400060024206, -0.5999999999999996447, 12.08870593368865975 ) ) ;
#8819 = ORIENTED_EDGE ( 'NONE', *, *, #882, .T. ) ;
#8820 = CARTESIAN_POINT ( 'NONE',  ( -12.33720200411145562, -0.5999999999999998668, 10.85957835661363369 ) ) ;
#8821 = ORIENTED_EDGE ( 'NONE', *, *, #4862, .F. ) ;
#8822 = CARTESIAN_POINT ( 'NONE',  ( -45.95108718553326810, -0.6000000000000005329, 10.08724050026382812 ) ) ;
#8823 = EDGE_CURVE ( 'NONE', #5490, #773, #6824, .T. ) ;
#8824 = CARTESIAN_POINT ( 'NONE',  ( -19.79259072650305029, -0.6000000000000003109, 13.29364821499873983 ) ) ;
#8825 = AXIS2_PLACEMENT_3D ( 'NONE', #5886, #3274, #3319 ) ;
#8826 = DIRECTION ( 'NONE',  ( -1.000000000000000000, 2.665330340693532391E-15, 0.000000000000000000 ) ) ;
#8827 = ORIENTED_EDGE ( 'NONE', *, *, #8373, .T. ) ;
#8828 = DIRECTION ( 'NONE',  ( -0.9659258262890682012, -0.2588190451025211836, 0.000000000000000000 ) ) ;
#8829 = DIRECTION ( 'NONE',  ( 0.000000000000000000, 0.000000000000000000, -1.000000000000000000 ) ) ;
#8830 = EDGE_LOOP ( 'NONE', ( #1130, #4403, #5992, #4813 ) ) ;
#8831 = LINE ( 'NONE', #2034, #4534 ) ;
#8832 = ORIENTED_EDGE ( 'NONE', *, *, #8197, .T. ) ;
#8833 = DIRECTION ( 'NONE',  ( 0.000000000000000000, 0.000000000000000000, 1.000000000000000000 ) ) ;
#8834 = EDGE_CURVE ( 'NONE', #2078, #6550, #4102, .T. ) ;
#8835 = CARTESIAN_POINT ( 'NONE',  ( -0.4999999999999890643, 7.882179676972460136, 20.10000000000000142 ) ) ;
#8836 = CARTESIAN_POINT ( 'NONE',  ( -18.54861267893760512, -1.000000000000000000, 13.45832304053373818 ) ) ;
#8837 = DIRECTION ( 'NONE',  ( -1.000000000000000000, 2.602085213965208275E-15, 0.000000000000000000 ) ) ;
#8838 = VECTOR ( 'NONE', #3134, 1000.000000000000000 ) ;
#8839 = CARTESIAN_POINT ( 'NONE',  ( -23.20788383248145692, 11.87044826720278934, 7.450000000000003730 ) ) ;
#8840 = ORIENTED_EDGE ( 'NONE', *, *, #957, .T. ) ;
#8841 = CARTESIAN_POINT ( 'NONE',  ( -51.70195831909960305, 8.691600689896679555, 20.10000000000000142 ) ) ;
#8842 = ORIENTED_EDGE ( 'NONE', *, *, #5843, .F. ) ;
#8843 = LINE ( 'NONE', #5002, #3860 ) ;
#8844 = EDGE_CURVE ( 'NONE', #7040, #3993, #5488, .T. ) ;
#8845 = ADVANCED_FACE ( 'NONE', ( #3466 ), #3560, .T. ) ;
#8846 = EDGE_CURVE ( 'NONE', #745, #3634, #5623, .T. ) ;
ENDSEC;
END-ISO-10303-21;
